{"type":"FeatureCollection","features":[{"type":"Feature","id":"A4OOjOp6OZM","geometry":{"type":"Polygon","coordinates":[[[-6.366,23.1811],[-7.466,20.6921],[-7.8799,19.7533],[-11.0031,19.7536],[-11.4077,19.464],[-11.444,19.2339],[-11.5938,19.2974],[-11.6701,19.3295],[-11.8645,19.189],[-12.3464,18.8969],[-12.6694,18.5573],[-13.2062,19.0003],[-13.3324,19.0003],[-14.2625,19.0013],[-14.2173,19.4315],[-13.9736,19.6498],[-13.981,19.6706],[-14.0221,19.7859],[-14.114,20.7118],[-14.1156,20.927],[-13.7525,21.1522],[-13.6757,21.1999],[-13.6677,21.3334],[-13.0005,21.3381],[-13.029,21.5797],[-13.0165,21.5731],[-12.3829,21.3537],[-11.6211,21.5145],[-10.7622,21.5812],[-6.4939,24.3303],[-6.494,24.3308],[-6.4934,24.3312],[-6.366,23.1811]]]},"properties":{"code":"07","name":"Adrar","level":"2","parent":"WPviLRHrXcD","parentGraph":"WPviLRHrXcD","groups":[]}},{"type":"Feature","id":"VYekujdVpzL","geometry":{"type":"Polygon","coordinates":[[[-9.5011,17.4566],[-9.1176,17.2773],[-8.5983,17.3514],[-8.2893,17.0234],[-8.749,16.5327],[-8.8943,16.3925],[-9.0898,16.3278],[-9.1593,16.3055],[-9.3274,16.2805],[-9.4297,16.2708],[-9.5005,16.2653],[-9.6404,16.2485],[-9.7514,16.2463],[-9.8284,16.2425],[-9.9424,16.1765],[-9.944,16.3579],[-9.9464,16.395],[-9.9688,16.4725],[-9.9679,16.4911],[-10.1013,16.4251],[-10.1006,16.4442],[-10.0979,16.5489],[-9.9534,16.5675],[-10.0003,16.8867],[-9.957,17.0005],[-9.9192,17.0866],[-9.724,17.5584],[-9.5011,17.4566]]]},"properties":{"code":"021","name":"Aioun","level":"3","parent":"MgjFG58aYkF","parentGraph":"WPviLRHrXcD/MgjFG58aYkF","groups":[]}},{"type":"Feature","id":"MYCz0QBD6fl","geometry":{"type":"Polygon","coordinates":[[[-14.114,20.7118],[-14.0221,19.7859],[-13.981,19.6706],[-13.9736,19.6498],[-14.2173,19.4315],[-14.2625,19.0013],[-15.2202,19.0003],[-15.4136,19.0001],[-15.6133,18.6932],[-15.8737,18.4568],[-15.9222,18.4559],[-15.9234,18.4558],[-16.0583,18.4532],[-16.0598,18.4588],[-16.0625,18.4664],[-16.0673,18.4813],[-16.0695,18.4899],[-16.0753,18.5085],[-16.0865,18.5343],[-16.093,18.5608],[-16.0982,18.5707],[-16.1189,18.6103],[-16.1215,18.6142],[-16.1256,18.6188],[-16.1289,18.6247],[-16.1331,18.632],[-16.135,18.6413],[-16.1359,18.6496],[-16.1357,18.6532],[-16.138,18.6602],[-16.1401,18.6667],[-16.1398,18.6716],[-16.1399,18.6764],[-16.1424,18.6824],[-16.1425,18.6871],[-16.1431,18.6976],[-16.1453,18.7092],[-16.1464,18.7121],[-16.1485,18.718],[-16.1505,18.7233],[-16.1525,18.7268],[-16.154,18.7329],[-16.1548,18.7387],[-16.1555,18.7486],[-16.1563,18.7519],[-16.1594,18.756],[-16.1659,18.7628],[-16.165,18.7707],[-16.1666,18.777],[-16.1692,18.7836],[-16.1691,18.7957],[-16.1688,18.8016],[-16.17,18.8116],[-16.17,18.8219],[-16.1704,18.8241],[-16.173,18.8394],[-16.1758,18.855],[-16.1792,18.868],[-16.1821,18.8813],[-16.1816,18.8887],[-16.182,18.8939],[-16.1851,18.9027],[-16.1884,18.9151],[-16.2001,18.9434],[-16.2065,18.958],[-16.2114,18.9669],[-16.2169,18.976],[-16.221,18.982],[-16.2243,18.9869],[-16.2306,18.9951],[-16.2344,19.0025],[-16.2354,19.0093],[-16.2378,19.0163],[-16.2406,19.0237],[-16.2451,19.0338],[-16.2486,19.0389],[-16.2503,19.0463],[-16.2535,19.0529],[-15.8256,19.0002],[-15.6154,19.7104],[-15.5754,20.0002],[-15.5746,20.0064],[-15.4862,20.647],[-15.1079,20.3114],[-14.1156,20.927],[-14.114,20.7118]]]},"properties":{"code":"121","name":"Akjoujt (Moughataa)","level":"3","parent":"nyIzFW3dRaU","parentGraph":"WPviLRHrXcD/nyIzFW3dRaU","groups":[]}},{"type":"Feature","id":"U4VVnHwRFKr","geometry":{"type":"Polygon","coordinates":[[[-12.9153,16.6691],[-12.9189,16.6642],[-12.9209,16.658],[-12.9235,16.6516],[-12.9256,16.6481],[-12.9282,16.6405],[-12.9312,16.6364],[-12.9349,16.6316],[-12.9392,16.6262],[-12.9432,16.6207],[-12.9462,16.6164],[-12.9491,16.6132],[-12.9534,16.6096],[-12.9574,16.6073],[-12.9634,16.6059],[-13.1175,16.5755],[-13.1555,16.5415],[-13.1648,16.4507],[-13.1857,16.4507],[-13.1858,16.4197],[-13.2215,16.4045],[-13.5834,16.3064],[-13.6259,16.2925],[-13.7121,16.366],[-13.7506,16.4653],[-13.7512,16.6654],[-13.9804,16.6647],[-13.9682,16.6435],[-14.1761,16.7145],[-14.2165,16.7275],[-14.3174,16.7528],[-14.4129,16.7771],[-14.5378,16.805],[-14.7535,16.8076],[-14.7346,16.8158],[-14.3205,17.0884],[-14.2798,17.1515],[-13.9595,17.6044],[-13.7341,17.8016],[-13.4482,17.4987],[-13.2734,17.3308],[-12.9784,17.0672],[-12.8194,16.924],[-12.8183,16.9134],[-12.8186,16.9032],[-12.818,16.8957],[-12.8172,16.8863],[-12.817,16.8809],[-12.8197,16.8753],[-12.8241,16.868],[-12.8238,16.8624],[-12.8264,16.8545],[-12.8275,16.85],[-12.8286,16.8454],[-12.8282,16.8412],[-12.8292,16.8366],[-12.83,16.8322],[-12.8303,16.8264],[-12.8309,16.8207],[-12.8347,16.8126],[-12.8379,16.8082],[-12.8406,16.8005],[-12.8431,16.7929],[-12.8447,16.7865],[-12.8477,16.7799],[-12.8497,16.776],[-12.8531,16.7707],[-12.8571,16.7647],[-12.8626,16.7598],[-12.8674,16.7544],[-12.8707,16.7502],[-12.8741,16.7455],[-12.8788,16.7405],[-12.8829,16.7354],[-12.8888,16.7284],[-12.8918,16.723],[-12.8953,16.719],[-12.8996,16.7147],[-12.9031,16.7115],[-12.9063,16.7063],[-12.9082,16.7018],[-12.9088,16.698],[-12.9095,16.694],[-12.9094,16.6876],[-12.909,16.6833],[-12.9103,16.6783],[-12.9128,16.6741],[-12.9153,16.6691]]]},"properties":{"code":"051","name":"Aleg (Moughataa)","level":"3","parent":"IaKTA3Vi4w6","parentGraph":"WPviLRHrXcD/IaKTA3Vi4w6","groups":[]}},{"type":"Feature","id":"J3bznt7LTyC","geometry":{"type":"Polygon","coordinates":[[[-6.2565,15.6607],[-6.2577,15.5005],[-7.1483,15.5006],[-7.6597,15.5006],[-7.659,15.6413],[-7.7623,15.7323],[-7.8297,15.7919],[-7.38,16.0321],[-7.2659,16.093],[-7.2828,16.1005],[-7.182,16.1505],[-7.1499,16.1009],[-7.1254,16.0977],[-6.8692,16.049],[-6.8045,16.0443],[-6.2557,16.0007],[-6.2565,15.6607]]]},"properties":{"code":"011","name":"Amourj (Moughataa)","level":"3","parent":"h7D2Q040y1I","parentGraph":"WPviLRHrXcD/h7D2Q040y1I","groups":[]}},{"type":"Feature","id":"gOlngRxflNF","geometry":{"type":"Polygon","coordinates":[[[-12.784,20.5189],[-12.8021,20.5119],[-12.8152,20.5064],[-12.8232,20.5002],[-12.8353,20.4867],[-12.8464,20.4709],[-12.8509,20.462],[-12.8492,20.4488],[-12.8503,20.4329],[-12.8461,20.4166],[-12.8392,20.3964],[-12.8335,20.3818],[-12.8285,20.3627],[-12.8235,20.3456],[-12.8154,20.3289],[-12.8124,20.3114],[-12.8123,20.2944],[-12.8163,20.2802],[-12.8233,20.2672],[-12.8237,20.2475],[-12.8236,20.2318],[-12.8215,20.2146],[-12.8157,20.198],[-12.8018,20.1832],[-12.7937,20.1707],[-12.7906,20.1618],[-12.7848,20.1512],[-12.7766,20.1383],[-12.7781,20.1226],[-12.7804,20.1068],[-12.7807,20.0929],[-12.7832,20.0797],[-12.7875,20.065],[-12.7912,20.052],[-12.7987,20.0335],[-12.8022,20.0225],[-12.8317,19.9872],[-12.7977,19.9642],[-12.7867,19.9513],[-12.6035,19.7831],[-12.5864,19.7674],[-12.2484,19.4603],[-12.0585,19.4283],[-11.8645,19.189],[-12.3464,18.8969],[-12.6694,18.5573],[-13.2062,19.0003],[-13.3324,19.0003],[-14.2625,19.0013],[-14.2173,19.4315],[-13.9736,19.6498],[-13.981,19.6706],[-13.9747,19.674],[-13.8157,19.7499],[-13.8009,19.7544],[-13.7839,19.755],[-13.7798,19.7636],[-13.7661,19.7706],[-13.6697,19.8075],[-13.6564,19.8107],[-13.6438,19.8124],[-13.6262,19.8171],[-13.6152,19.818],[-13.6058,19.8175],[-13.5921,19.8155],[-13.5797,19.8183],[-13.5682,19.823],[-13.5471,19.829],[-13.5324,19.8363],[-13.5237,19.8455],[-13.5155,19.8488],[-13.5048,19.8565],[-13.4949,19.8657],[-13.4827,19.8744],[-13.4714,19.8797],[-13.4585,19.8906],[-13.4507,19.8984],[-13.4506,19.913],[-13.4389,19.9214],[-13.4276,19.931],[-13.415,19.9409],[-13.3947,19.9546],[-13.3885,19.958],[-13.3839,19.952],[-13.3754,19.9556],[-13.358,19.9749],[-13.3869,20.0361],[-13.312,20.1178],[-13.3028,20.1301],[-13.2947,20.1457],[-13.28,20.1578],[-13.2674,20.1701],[-13.2631,20.183],[-13.2465,20.1922],[-13.236,20.1999],[-13.2198,20.2166],[-13.207,20.2304],[-13.1954,20.2474],[-13.1843,20.265],[-13.171,20.2841],[-13.1618,20.2935],[-13.1465,20.3029],[-13.1327,20.3154],[-13.1239,20.3259],[-13.1117,20.3338],[-13.1053,20.3382],[-13.1043,20.3439],[-13.0998,20.3557],[-13.094,20.3663],[-13.083,20.3709],[-13.074,20.3774],[-13.0721,20.3852],[-13.0736,20.394],[-13.0701,20.4015],[-13.0618,20.4026],[-13.0571,20.4041],[-13.0536,20.4143],[-13.0478,20.4237],[-13.043,20.4216],[-13.0388,20.4143],[-13.0284,20.4102],[-13.0253,20.4149],[-13.0303,20.4251],[-13.0299,20.4332],[-13.0191,20.4365],[-13.008,20.4416],[-12.9978,20.4417],[-12.9868,20.4475],[-12.9803,20.4526],[-12.9646,20.4462],[-12.9558,20.445],[-12.9607,20.4569],[-12.9585,20.4636],[-12.9492,20.4621],[-12.9444,20.4571],[-12.9383,20.4578],[-12.94,20.4669],[-12.9341,20.4715],[-12.9227,20.47],[-12.9117,20.4675],[-12.9091,20.4611],[-12.9051,20.4563],[-12.8987,20.4571],[-12.8964,20.4647],[-12.8905,20.4751],[-12.8846,20.4699],[-12.8759,20.4698],[-12.8666,20.4804],[-12.8633,20.4791],[-12.8601,20.4891],[-12.8531,20.4962],[-12.8495,20.502],[-12.852,20.5044],[-12.8625,20.5061],[-12.8719,20.5066],[-12.8723,20.5154],[-12.8685,20.5216],[-12.8633,20.5285],[-12.8574,20.535],[-12.8516,20.5319],[-12.8485,20.5268],[-12.8467,20.5233],[-12.8431,20.5159],[-12.8376,20.5182],[-12.8318,20.5177],[-12.8256,20.5182],[-12.8196,20.5261],[-12.8241,20.5321],[-12.8228,20.5398],[-12.8278,20.5439],[-12.8268,20.5532],[-12.8204,20.5614],[-12.8153,20.5682],[-12.8073,20.5766],[-12.795,20.5859],[-12.7858,20.5989],[-12.7779,20.6085],[-12.77,20.618],[-12.7622,20.6232],[-12.757,20.6269],[-12.7516,20.6263],[-12.7465,20.6226],[-12.741,20.6147],[-12.7409,20.604],[-12.744,20.5951],[-12.7455,20.591],[-12.7474,20.5752],[-12.7549,20.5551],[-12.7605,20.543],[-12.768,20.5297],[-12.7751,20.5216],[-12.784,20.5189]]]},"properties":{"code":"071","name":"Aoujeft (Moughataa)","level":"3","parent":"A4OOjOp6OZM","parentGraph":"WPviLRHrXcD/A4OOjOp6OZM","groups":[]}},{"type":"Feature","id":"NkSY7HCUHpc","geometry":{"type":"Polygon","coordinates":[[[-15.9542,18.0334],[-15.956,18.03],[-15.9602,18.0301],[-15.9602,18.0301],[-15.9602,18.0301],[-15.9645,18.0292],[-15.9647,18.0306],[-15.9731,18.0319],[-15.9726,18.0345],[-15.9723,18.0369],[-15.9724,18.0391],[-15.9733,18.0432],[-15.9744,18.0477],[-15.9754,18.0517],[-15.9756,18.0534],[-15.9754,18.0557],[-15.975,18.0569],[-15.9739,18.0594],[-15.972,18.0636],[-15.97,18.0683],[-15.9652,18.0791],[-15.9358,18.071],[-15.9358,18.071],[-15.9358,18.071],[-15.936,18.0704],[-15.9362,18.0698],[-15.9366,18.0683],[-15.9368,18.0677],[-15.9371,18.0668],[-15.9373,18.0662],[-15.9378,18.0647],[-15.9385,18.0623],[-15.9387,18.0622],[-15.9392,18.0609],[-15.9448,18.0505],[-15.9453,18.0495],[-15.9463,18.0477],[-15.9466,18.0471],[-15.9501,18.0409],[-15.9502,18.0403],[-15.9542,18.0334]]]},"properties":{"code":"158","name":"Arafat (Moughataa)","level":"3","parent":"S3N5qYBbks9","parentGraph":"WPviLRHrXcD/S3N5qYBbks9","groups":[]}},{"type":"Feature","id":"QJsZVxlFDVn","geometry":{"type":"Polygon","coordinates":[[[-10.9707,18.3115],[-11.0076,18.1298],[-11.0761,17.7604],[-11.0839,17.7236],[-11.0849,17.7117],[-11.0874,17.6987],[-11.0903,17.6889],[-11.0907,17.6834],[-11.0929,17.6795],[-11.0939,17.674],[-11.0908,17.6647],[-11.0888,17.6612],[-11.0854,17.6573],[-11.0819,17.6512],[-11.0793,17.6447],[-11.0748,17.6374],[-11.0725,17.6318],[-11.0704,17.6263],[-11.0695,17.6225],[-11.0687,17.6176],[-11.0672,17.6128],[-11.0666,17.6065],[-11.0675,17.6007],[-11.068,17.5965],[-11.0681,17.5919],[-11.0675,17.5833],[-11.0694,17.5768],[-11.0691,17.5697],[-11.0682,17.5634],[-11.067,17.5588],[-11.0632,17.5501],[-11.0595,17.5414],[-11.0579,17.5352],[-11.0568,17.5323],[-11.0541,17.5281],[-11.0508,17.5233],[-11.048,17.5161],[-11.0461,17.511],[-11.0441,17.5058],[-11.0403,17.5],[-11.0352,17.4911],[-11.0342,17.4828],[-11.032,17.4765],[-11.0299,17.4716],[-11.0263,17.4661],[-11.0237,17.4616],[-11.0202,17.4547],[-11.0167,17.4483],[-11.0144,17.4436],[-11.0117,17.4374],[-11.0104,17.4329],[-11.0095,17.427],[-11.0084,17.4227],[-11.0068,17.4198],[-11.0016,17.4149],[-10.9983,17.4115],[-10.9947,17.4074],[-10.9928,17.4051],[-10.9898,17.4008],[-10.9882,17.3979],[-10.9852,17.3933],[-10.983,17.3894],[-10.9813,17.3852],[-10.9811,17.3804],[-10.9808,17.3742],[-10.9808,17.3706],[-10.981,17.3652],[-10.9819,17.3589],[-10.9818,17.3547],[-10.9823,17.3498],[-10.9828,17.3468],[-10.9855,17.342],[-10.9874,17.3374],[-10.9887,17.3315],[-10.9896,17.3258],[-10.9899,17.3225],[-10.9897,17.318],[-10.9874,17.3124],[-10.9818,17.3031],[-10.9786,17.2951],[-10.9769,17.2899],[-10.9792,17.2815],[-10.9806,17.2772],[-10.983,17.2707],[-10.9849,17.2647],[-10.9867,17.2606],[-10.9897,17.2531],[-10.9918,17.2496],[-10.9933,17.2427],[-10.995,17.2347],[-10.996,17.2289],[-10.9998,17.2212],[-11.0025,17.2104],[-11.0044,17.1969],[-11.0095,17.1784],[-11.0136,17.1655],[-11.0117,17.1553],[-11.0116,17.1505],[-11.0089,17.1456],[-11.0041,17.1401],[-10.9994,17.1375],[-10.9906,17.1335],[-10.9852,17.1283],[-10.9803,17.1208],[-10.9803,17.1132],[-10.9803,17.1043],[-10.9809,17.0953],[-10.9804,17.088],[-10.9816,17.0749],[-10.982,17.0677],[-10.9846,17.0573],[-10.9858,17.0496],[-10.9883,17.0403],[-10.9893,17.0319],[-10.9903,17.0265],[-10.9917,17.0189],[-10.9937,17.0115],[-10.9955,17.0036],[-10.9957,16.9921],[-10.9955,16.9838],[-10.9935,16.975],[-10.9936,16.9694],[-10.9951,16.9628],[-10.9946,16.9539],[-10.9933,16.943],[-10.9926,16.9346],[-10.991,16.9277],[-10.9889,16.9204],[-10.985,16.9137],[-10.986,16.9069],[-10.9888,16.9017],[-10.9907,16.8939],[-10.9897,16.8884],[-10.987,16.8823],[-10.9835,16.8735],[-10.9838,16.8649],[-10.9871,16.8587],[-10.9882,16.8471],[-10.9873,16.8403],[-10.9859,16.8327],[-10.9815,16.8267],[-10.9817,16.8227],[-10.9735,16.8171],[-10.9727,16.8112],[-10.9733,16.8068],[-10.9668,16.8001],[-10.958,16.7962],[-10.9493,16.7904],[-10.9451,16.7845],[-10.9444,16.7777],[-10.9422,16.7698],[-10.9407,16.7619],[-10.9353,16.7565],[-10.9263,16.7562],[-10.9208,16.7568],[-10.9126,16.7556],[-10.9056,16.7521],[-10.898,16.7465],[-10.8934,16.7406],[-10.8884,16.7353],[-10.8861,16.7279],[-10.8851,16.7208],[-10.8801,16.7165],[-10.8751,16.7161],[-10.8686,16.7096],[-10.8692,16.7011],[-10.8723,16.6936],[-10.8733,16.6876],[-10.8756,16.6827],[-10.8759,16.6805],[-10.9454,16.6799],[-10.9638,16.6755],[-10.9378,16.6594],[-10.8096,16.5976],[-10.8047,16.5971],[-10.7973,16.5963],[-10.7898,16.5936],[-10.7854,16.5911],[-10.7789,16.59],[-10.7716,16.5914],[-10.7642,16.593],[-10.7453,16.5508],[-10.7501,16.5483],[-10.7549,16.5449],[-10.7569,16.5432],[-10.7594,16.5396],[-10.761,16.5373],[-10.76,16.53],[-10.7607,16.5267],[-10.761,16.5245],[-10.7652,16.5207],[-10.7706,16.5116],[-10.7787,16.5084],[-10.7839,16.5068],[-10.7895,16.5015],[-10.7962,16.4979],[-10.801,16.4983],[-10.7995,16.5016],[-10.7994,16.506],[-10.8026,16.5082],[-10.8082,16.5053],[-10.815,16.5012],[-10.8197,16.4979],[-10.8278,16.4937],[-10.8359,16.4922],[-10.8443,16.4954],[-10.8473,16.4971],[-10.8522,16.4995],[-10.8575,16.5025],[-10.8649,16.506],[-10.8699,16.5046],[-10.8737,16.5032],[-10.8764,16.5034],[-10.8826,16.5053],[-10.8851,16.5009],[-10.8882,16.4952],[-10.8924,16.4993],[-10.8967,16.5028],[-10.9031,16.5032],[-10.9133,16.5017],[-10.9169,16.5015],[-10.9235,16.5009],[-10.9282,16.5005],[-10.9344,16.4996],[-10.9385,16.4963],[-10.9424,16.4945],[-10.945,16.4876],[-10.9496,16.4819],[-10.9532,16.476],[-10.9571,16.4701],[-10.962,16.4673],[-10.9683,16.4679],[-10.9753,16.4633],[-10.9808,16.4579],[-10.9836,16.4533],[-10.9828,16.4515],[-10.9796,16.4507],[-10.9712,16.4528],[-10.9609,16.4556],[-10.9545,16.4587],[-10.9475,16.463],[-10.9428,16.468],[-10.94,16.4715],[-10.9354,16.4771],[-10.9306,16.4804],[-10.9271,16.4811],[-10.9244,16.4805],[-10.921,16.4808],[-10.9157,16.4815],[-10.9101,16.4795],[-10.9113,16.4737],[-10.9099,16.4698],[-10.9061,16.4703],[-10.903,16.4732],[-10.8986,16.4764],[-10.8925,16.4773],[-10.887,16.4778],[-10.8807,16.4777],[-10.8779,16.4764],[-10.8718,16.4734],[-10.8702,16.4697],[-10.8744,16.464],[-10.8759,16.4587],[-10.8747,16.4553],[-10.8725,16.4515],[-10.8719,16.4478],[-10.8691,16.4451],[-10.8642,16.4459],[-10.8598,16.4475],[-10.8573,16.4461],[-10.8529,16.4423],[-10.8506,16.4385],[-10.851,16.4336],[-10.8535,16.4293],[-10.8585,16.4267],[-10.8629,16.4246],[-10.8669,16.4252],[-10.8715,16.4264],[-10.8765,16.428],[-10.8824,16.4303],[-10.888,16.4298],[-10.892,16.4278],[-10.8925,16.4245],[-10.8903,16.4218],[-10.8874,16.4206],[-10.8838,16.4193],[-10.8803,16.4175],[-10.8784,16.4155],[-10.876,16.4125],[-10.8738,16.4109],[-10.8687,16.4091],[-10.8648,16.4083],[-10.8607,16.4082],[-10.8581,16.408],[-10.8549,16.4086],[-10.8519,16.4123],[-10.8508,16.4179],[-10.8483,16.423],[-10.8448,16.4257],[-10.8392,16.4276],[-10.8335,16.4297],[-10.8282,16.4302],[-10.8208,16.4273],[-10.8171,16.4244],[-10.8153,16.4212],[-10.8165,16.4184],[-10.82,16.4147],[-10.8244,16.4116],[-10.8302,16.409],[-10.8353,16.4071],[-10.8418,16.4047],[-10.843,16.4009],[-10.8389,16.3997],[-10.8338,16.3994],[-10.8313,16.4001],[-10.8279,16.4009],[-10.8232,16.4024],[-10.8197,16.4031],[-10.8166,16.4051],[-10.8147,16.4024],[-10.814,16.3971],[-10.8147,16.3924],[-10.8146,16.3873],[-10.8136,16.3844],[-10.8158,16.3796],[-10.8182,16.3769],[-10.8212,16.3801],[-10.8258,16.3773],[-10.8298,16.3749],[-10.8331,16.3732],[-10.8344,16.3693],[-10.8348,16.3654],[-10.8376,16.3605],[-10.8402,16.357],[-10.8426,16.3505],[-10.8416,16.3469],[-10.8415,16.3434],[-10.8399,16.3409],[-10.8375,16.3415],[-10.8341,16.3426],[-10.8305,16.342],[-10.8302,16.338],[-10.8341,16.3363],[-10.8387,16.336],[-10.8429,16.337],[-10.849,16.3374],[-10.8538,16.338],[-10.8588,16.3368],[-10.8632,16.3349],[-10.8652,16.3308],[-10.8621,16.3245],[-10.8584,16.3235],[-10.8537,16.3223],[-10.8491,16.3211],[-10.8498,16.3173],[-10.8529,16.3144],[-10.8572,16.308],[-10.8586,16.3029],[-10.8541,16.3042],[-10.8489,16.3063],[-10.8449,16.3078],[-10.8416,16.3077],[-10.8382,16.3049],[-10.8367,16.2998],[-10.8366,16.2954],[-10.832,16.2882],[-10.8268,16.2832],[-10.8345,16.2791],[-10.8436,16.2718],[-10.8492,16.2647],[-10.8475,16.2585],[-10.8424,16.253],[-10.8371,16.2487],[-10.8318,16.2458],[-10.8252,16.2432],[-10.8152,16.2403],[-10.8056,16.238],[-10.7982,16.2344],[-10.7907,16.232],[-10.7825,16.227],[-10.7764,16.2207],[-10.7743,16.2153],[-10.7713,16.2085],[-10.7648,16.2007],[-10.76,16.1954],[-10.7555,16.1913],[-10.7528,16.1879],[-10.7486,16.1832],[-10.747,16.1781],[-10.7478,16.1722],[-10.746,16.1645],[-10.7439,16.1586],[-10.7424,16.1521],[-10.7423,16.1418],[-10.7409,16.1334],[-10.7433,16.126],[-10.7453,16.1201],[-10.7472,16.1129],[-10.7485,16.1065],[-10.7541,16.0999],[-10.7642,16.0897],[-10.7687,16.0865],[-10.771,16.0797],[-10.7735,16.0737],[-10.7758,16.0698],[-10.7767,16.0646],[-10.7741,16.0595],[-10.7707,16.0562],[-10.7705,16.0495],[-10.773,16.0438],[-10.7754,16.0366],[-10.7737,16.0309],[-10.7718,16.0252],[-10.7674,16.023],[-10.7625,16.0195],[-10.7592,16.0158],[-10.754,16.0113],[-10.7483,16.0081],[-10.7417,16.0061],[-10.7359,16.0031],[-10.7288,15.9995],[-10.7232,15.9975],[-10.7148,15.9968],[-10.7088,15.996],[-10.7012,15.9941],[-10.6912,15.9936],[-10.685,15.9919],[-10.6915,15.9864],[-10.6976,15.9812],[-10.6982,15.9758],[-10.6964,15.9702],[-10.6935,15.9675],[-10.6888,15.9694],[-10.6852,15.9684],[-10.6845,15.964],[-10.684,15.96],[-10.6792,15.9565],[-10.6737,15.9531],[-10.6719,15.9468],[-10.6532,15.8328],[-10.6287,15.6829],[-10.5854,15.4276],[-10.6032,15.4216],[-10.6084,15.4179],[-10.614,15.4197],[-10.6206,15.4193],[-10.6277,15.4172],[-10.6373,15.4159],[-10.644,15.4155],[-10.6514,15.4171],[-10.6578,15.4204],[-10.6704,15.4316],[-10.6961,15.4347],[-10.7038,15.4356],[-10.7184,15.4396],[-10.7291,15.4287],[-10.7184,15.3806],[-10.7217,15.3652],[-10.7229,15.3608],[-10.7314,15.3456],[-10.7442,15.3357],[-10.7584,15.3296],[-10.7664,15.3106],[-10.7964,15.3076],[-10.8114,15.2816],[-10.8274,15.2766],[-10.8254,15.2526],[-10.829,15.2308],[-10.8364,15.2156],[-10.852,15.2095],[-10.8565,15.2077],[-10.8694,15.1986],[-10.8788,15.1424],[-10.8814,15.1343],[-10.884,15.1285],[-10.8891,15.1211],[-10.8984,15.1086],[-10.9115,15.1183],[-10.9126,15.1235],[-10.9147,15.1295],[-11.068,15.2029],[-11.0736,15.2902],[-11.3144,15.4986],[-11.4094,15.6275],[-11.6228,15.5286],[-11.6424,15.5246],[-11.6525,15.527],[-11.6617,15.5263],[-11.6593,15.5344],[-11.658,15.5422],[-11.6588,15.5488],[-11.6605,15.5565],[-11.6627,15.5635],[-11.6661,15.5691],[-11.6704,15.5754],[-11.6736,15.5798],[-11.6858,15.5917],[-11.6794,15.5995],[-11.6744,15.6125],[-11.6714,15.6205],[-11.6674,15.6315],[-11.6674,15.6385],[-11.6671,15.6471],[-11.6674,15.6555],[-11.6664,15.6655],[-11.6614,15.6795],[-11.6624,15.6855],[-11.6624,15.6985],[-11.6614,15.7065],[-11.6564,15.7185],[-11.6534,15.7245],[-11.6494,15.7295],[-11.6424,15.7385],[-11.6354,15.7445],[-11.628,15.7495],[-11.6204,15.7545],[-11.6134,15.7675],[-11.6094,15.7805],[-11.6004,15.7925],[-11.6004,15.8125],[-11.5964,15.8225],[-11.5887,15.8365],[-11.5804,15.8515],[-11.5714,15.8585],[-11.635,15.9025],[-11.585,15.966],[-11.6674,16.0023],[-11.6744,16.0125],[-11.6804,16.0195],[-11.6949,16.0228],[-11.6994,16.0335],[-11.7124,16.0305],[-11.7264,16.0325],[-11.7324,16.0375],[-11.7374,16.0445],[-11.7494,16.0475],[-11.7554,16.0505],[-11.7584,16.0505],[-11.7614,16.0475],[-11.7703,16.0554],[-11.7761,16.0533],[-11.7787,16.0498],[-11.781,16.046],[-11.7821,16.0419],[-11.7854,16.0285],[-11.7972,16.0313],[-11.801,16.0324],[-11.8038,16.0361],[-11.8047,16.0409],[-11.8184,16.0435],[-11.8184,16.0365],[-11.8134,16.0295],[-11.8137,16.0241],[-11.8154,16.0205],[-11.8164,16.0145],[-11.8184,16.0085],[-11.8154,16.0035],[-11.8084,15.9935],[-11.8014,15.9885],[-11.7995,15.9864],[-11.7984,15.9845],[-11.7974,15.9805],[-11.7964,15.9735],[-11.7944,15.9675],[-11.7974,15.9605],[-11.8024,15.9605],[-11.8074,15.9545],[-11.8074,15.9495],[-11.8134,15.9465],[-11.8179,15.9465],[-11.8184,15.9475],[-11.8284,15.9455],[-11.8354,15.9425],[-11.8384,15.9375],[-11.8384,15.9305],[-11.8374,15.9255],[-11.8344,15.9215],[-11.8304,15.9175],[-11.8304,15.9075],[-11.8354,15.9075],[-11.8434,15.9085],[-11.8514,15.9085],[-11.8604,15.9105],[-11.8684,15.9135],[-11.8734,15.9145],[-11.8794,15.9165],[-11.8854,15.9155],[-11.8924,15.9145],[-11.9034,15.9115],[-11.9104,15.9095],[-11.9194,15.9085],[-11.9284,15.9065],[-11.9394,15.9025],[-11.9444,15.9005],[-11.9484,15.9015],[-11.9524,15.9065],[-11.9544,15.9115],[-11.9554,15.9155],[-11.9584,15.9215],[-11.9654,15.9285],[-11.9704,15.9345],[-11.9764,15.9375],[-11.9854,15.9375],[-12.0004,15.9391],[-12.0054,15.9395],[-12.0067,15.9462],[-12.0055,15.9497],[-12.0045,15.954],[-12.0042,15.9609],[-12.0041,15.9653],[-12.0056,15.9743],[-12.01,15.9836],[-12.0095,15.9897],[-12.0146,15.9957],[-12.0158,16.0004],[-12.0112,16.0104],[-12.0073,16.0185],[-12.0044,16.0268],[-12.0028,16.0346],[-12.0018,16.0417],[-12.0019,16.0518],[-12.0037,16.0569],[-12.0114,16.0646],[-12.0168,16.0593],[-12.0242,16.0557],[-12.0358,16.0548],[-12.0476,16.056],[-12.0575,16.0596],[-12.0581,16.065],[-12.0596,16.0701],[-12.0619,16.0752],[-12.0655,16.0804],[-12.073,16.0877],[-12.0768,16.0932],[-12.085,16.1009],[-12.0933,16.1046],[-12.1023,16.1092],[-12.109,16.1127],[-12.1155,16.1151],[-12.126,16.1177],[-12.1341,16.1205],[-12.1421,16.1196],[-12.1485,16.115],[-12.154,16.1094],[-12.161,16.1124],[-12.1652,16.1166],[-12.1753,16.1191],[-12.1832,16.1205],[-12.1954,16.1229],[-12.2028,16.126],[-12.2133,16.1235],[-12.222,16.122],[-12.2319,16.1383],[-12.2362,16.148],[-12.2387,16.1542],[-12.2366,16.1605],[-12.2359,16.1666],[-12.236,16.1764],[-12.2373,16.1851],[-12.2379,16.1929],[-12.2389,16.1974],[-12.2388,16.2083],[-12.2397,16.2153],[-12.2407,16.2225],[-12.2429,16.2292],[-12.2464,16.2345],[-12.2516,16.2397],[-12.2607,16.2411],[-12.2668,16.2407],[-12.276,16.2435],[-12.2806,16.2456],[-12.2845,16.2499],[-12.2872,16.2535],[-12.2922,16.2575],[-12.296,16.2591],[-12.3031,16.2584],[-12.3116,16.2565],[-12.3173,16.2553],[-12.3259,16.2532],[-12.3338,16.2509],[-12.3416,16.2474],[-12.3474,16.2433],[-12.3548,16.2386],[-12.3612,16.2316],[-12.3687,16.2255],[-12.3742,16.2199],[-12.3786,16.2167],[-12.3848,16.2146],[-12.3933,16.2102],[-12.3994,16.2059],[-12.405,16.2016],[-12.4096,16.1995],[-12.4167,16.1977],[-12.4225,16.1991],[-12.4269,16.2039],[-12.4285,16.21],[-12.4293,16.2168],[-12.4314,16.2205],[-12.4294,16.2335],[-12.4268,16.2367],[-12.4283,16.2426],[-12.4322,16.2471],[-12.4325,16.253],[-12.4297,16.2568],[-12.4262,16.2582],[-12.4227,16.2587],[-12.421,16.2601],[-12.4174,16.2618],[-12.4169,16.2652],[-12.4171,16.2709],[-12.4168,16.2764],[-12.4178,16.282],[-12.4153,16.291],[-12.4118,16.2973],[-12.4096,16.3017],[-12.4089,16.3067],[-12.4083,16.3161],[-12.4097,16.3238],[-12.411,16.3302],[-12.4125,16.3389],[-12.4164,16.3519],[-12.4202,16.3616],[-12.4209,16.3688],[-12.4201,16.3758],[-12.4206,16.3833],[-12.4181,16.392],[-12.4205,16.4019],[-12.4261,16.407],[-12.4309,16.4169],[-12.436,16.4222],[-12.435,16.4303],[-12.4324,16.436],[-12.4316,16.4431],[-12.6338,16.4847],[-12.6504,16.4886],[-12.6597,16.4901],[-12.6663,16.491],[-12.675,16.4845],[-12.6829,16.48],[-12.6976,16.4684],[-12.7045,16.4639],[-12.7101,16.459],[-12.7252,16.4563],[-12.7304,16.4585],[-12.7344,16.4605],[-12.7364,16.4625],[-12.7424,16.4645],[-12.7454,16.4635],[-12.7494,16.4635],[-12.7554,16.4615],[-12.7614,16.4605],[-12.766,16.4599],[-12.7679,16.4668],[-12.769,16.4715],[-12.7692,16.4769],[-12.7672,16.4801],[-12.766,16.485],[-12.7688,16.49],[-12.771,16.4932],[-12.7707,16.4944],[-12.7659,16.4981],[-12.761,16.4991],[-12.7564,16.5015],[-12.7517,16.507],[-12.7496,16.5096],[-12.7479,16.5144],[-12.7465,16.5196],[-12.7445,16.5254],[-12.7433,16.5285],[-12.7417,16.5321],[-12.7393,16.5362],[-12.7366,16.54],[-12.7355,16.5448],[-12.7354,16.5477],[-12.7366,16.5506],[-12.7379,16.5531],[-12.7394,16.5555],[-12.7413,16.5565],[-12.7437,16.5574],[-12.7476,16.5603],[-12.7514,16.5643],[-12.7538,16.5692],[-12.7544,16.574],[-12.7529,16.5773],[-12.7531,16.5832],[-12.7555,16.587],[-12.7587,16.5908],[-12.7606,16.595],[-12.7633,16.6019],[-12.7662,16.609],[-12.7664,16.6141],[-12.7673,16.6178],[-12.77,16.6234],[-12.7738,16.6299],[-12.7757,16.6348],[-12.7787,16.6407],[-12.7816,16.6463],[-12.7856,16.6507],[-12.79,16.6533],[-12.7947,16.6559],[-12.7993,16.6573],[-12.8042,16.6584],[-12.809,16.659],[-12.8145,16.6595],[-12.8188,16.6613],[-12.8227,16.6648],[-12.8271,16.669],[-12.8322,16.6731],[-12.8354,16.6763],[-12.839,16.6808],[-12.8413,16.6851],[-12.842,16.6898],[-12.8422,16.6958],[-12.8419,16.7024],[-12.8414,16.7064],[-12.8408,16.71],[-12.8398,16.7166],[-12.8376,16.7215],[-12.8352,16.7261],[-12.8331,16.7315],[-12.8323,16.7382],[-12.8322,16.7427],[-12.8316,16.747],[-12.8314,16.7548],[-12.8329,16.7594],[-12.8352,16.7643],[-12.8345,16.769],[-12.8324,16.7731],[-12.8299,16.7773],[-12.8272,16.7822],[-12.8246,16.7875],[-12.8237,16.7929],[-12.823,16.7979],[-12.8226,16.8012],[-12.8238,16.8064],[-12.8224,16.8109],[-12.8182,16.815],[-12.8148,16.8203],[-12.8144,16.8241],[-12.8126,16.829],[-12.8121,16.8359],[-12.8134,16.841],[-12.8166,16.8457],[-12.8188,16.8497],[-12.8224,16.8532],[-12.825,16.8539],[-12.8264,16.8545],[-12.8238,16.8624],[-12.8241,16.868],[-12.8197,16.8753],[-12.817,16.8809],[-12.8172,16.8863],[-12.818,16.8957],[-12.8186,16.9032],[-12.8183,16.9134],[-12.8194,16.924],[-12.8154,16.9312],[-12.8133,16.9378],[-12.8113,16.9449],[-12.8077,16.9518],[-12.8028,16.9587],[-12.7984,16.9686],[-12.7951,16.9755],[-12.7892,16.9819],[-12.7796,16.9927],[-12.7739,16.9974],[-12.7657,17.0055],[-12.7594,17.0105],[-12.7533,17.0145],[-12.7467,17.0231],[-12.7414,17.0287],[-12.7352,17.0369],[-12.7254,17.0455],[-12.7164,17.0461],[-12.7068,17.0467],[-12.6973,17.0454],[-12.6846,17.0451],[-12.6749,17.0459],[-12.6635,17.048],[-12.6558,17.0504],[-12.6504,17.0536],[-12.6427,17.059],[-12.6324,17.0674],[-12.6202,17.0726],[-12.6055,17.078],[-12.5983,17.0815],[-12.5907,17.0876],[-12.5834,17.0964],[-12.5755,17.1039],[-12.5685,17.1092],[-12.5584,17.1111],[-12.5496,17.1112],[-12.5407,17.1112],[-12.5317,17.1137],[-12.5236,17.1175],[-12.5139,17.1223],[-12.5083,17.1281],[-12.5069,17.1328],[-12.5047,17.1408],[-12.5018,17.1485],[-12.4978,17.1556],[-12.4915,17.1645],[-12.4848,17.1734],[-12.4774,17.1786],[-12.4713,17.1836],[-12.4644,17.1879],[-12.4604,17.1894],[-12.4555,17.1911],[-12.4479,17.1919],[-12.4423,17.1917],[-12.4368,17.1921],[-12.4322,17.1953],[-12.4274,17.2018],[-12.42,17.207],[-12.4132,17.2108],[-12.4072,17.2153],[-12.3987,17.2183],[-12.3924,17.2206],[-12.3848,17.2231],[-12.3792,17.227],[-12.3765,17.2287],[-12.3678,17.2298],[-12.3617,17.2294],[-12.3557,17.2283],[-12.3463,17.2275],[-12.3322,17.2279],[-12.2862,17.2266],[-12.2859,17.2264],[-12.2856,17.2263],[-12.2854,17.2259],[-12.2849,17.2255],[-12.2788,17.2226],[-12.2733,17.2191],[-12.2677,17.2153],[-12.2643,17.212],[-12.26,17.2088],[-12.2536,17.2054],[-12.2474,17.2023],[-12.2411,17.1997],[-12.232,17.1963],[-12.2265,17.1955],[-12.2208,17.1945],[-12.2145,17.1932],[-12.2074,17.1905],[-12.2005,17.1856],[-12.0353,17.1299],[-12.0012,17.1151],[-11.9851,17.1084],[-11.9521,17.0949],[-11.9521,17.0949],[-11.923,17.0826],[-11.9049,17.0903],[-11.8999,17.094],[-11.8942,17.0942],[-11.8924,17.0942],[-11.8844,17.0944],[-11.7521,17.1431],[-11.5676,17.126],[-11.5293,17.1761],[-11.5995,17.3115],[-11.5908,17.3174],[-11.5819,17.3227],[-11.5738,17.3279],[-11.5671,17.3341],[-11.5632,17.337],[-11.5556,17.3389],[-11.5456,17.342],[-11.5362,17.3435],[-11.5297,17.3446],[-11.5235,17.3489],[-11.5234,17.3567],[-11.5235,17.3648],[-11.5211,17.3711],[-11.5167,17.3746],[-11.5165,17.3817],[-11.5163,17.3913],[-11.5119,17.3935],[-11.5075,17.3974],[-11.5028,17.4024],[-11.4984,17.4068],[-11.495,17.4129],[-11.4902,17.4173],[-11.485,17.4204],[-11.4801,17.4241],[-11.4812,17.4278],[-11.4843,17.4303],[-11.4884,17.4329],[-11.4914,17.4376],[-11.4916,17.4406],[-11.4962,17.4408],[-11.502,17.4421],[-11.5049,17.4453],[-11.5086,17.4526],[-11.511,17.4573],[-11.514,17.4629],[-11.5098,17.4634],[-11.5041,17.4645],[-11.5029,17.4705],[-11.5065,17.4771],[-11.5126,17.4847],[-11.5163,17.4922],[-11.5167,17.4992],[-11.5112,17.4982],[-11.501,17.492],[-11.4966,17.4905],[-11.4912,17.4924],[-11.4928,17.4972],[-11.4962,17.5031],[-11.4993,17.5106],[-11.5014,17.5164],[-11.5019,17.523],[-11.499,17.5289],[-11.4935,17.5293],[-11.4899,17.5277],[-11.4874,17.5247],[-11.4849,17.5202],[-11.4826,17.5158],[-11.477,17.5125],[-11.4705,17.5106],[-11.4662,17.5087],[-11.4623,17.5073],[-11.4592,17.5089],[-11.4609,17.5129],[-11.4625,17.5205],[-11.4627,17.525],[-11.4611,17.5293],[-11.4596,17.5327],[-11.4542,17.5367],[-11.4501,17.5383],[-11.4474,17.5423],[-11.4489,17.5495],[-11.4529,17.5529],[-11.4564,17.5546],[-11.461,17.5566],[-11.4664,17.5562],[-11.4691,17.5532],[-11.4784,17.5521],[-11.481,17.5522],[-11.4862,17.5511],[-11.4877,17.5492],[-11.4872,17.5466],[-11.4865,17.5425],[-11.4857,17.5378],[-11.4902,17.538],[-11.4909,17.5395],[-11.4932,17.5427],[-11.4965,17.5446],[-11.5004,17.545],[-11.504,17.5437],[-11.508,17.5418],[-11.5136,17.5401],[-11.5172,17.5405],[-11.5177,17.5431],[-11.5139,17.545],[-11.5129,17.547],[-11.5149,17.5491],[-11.5183,17.5519],[-11.5203,17.5566],[-11.52,17.5619],[-11.517,17.5622],[-11.5142,17.5604],[-11.5115,17.5569],[-11.5081,17.5565],[-11.5054,17.5607],[-11.505,17.5661],[-11.507,17.5709],[-11.5107,17.5781],[-11.5117,17.5819],[-11.5107,17.5857],[-11.5085,17.5856],[-11.5057,17.5864],[-11.504,17.5871],[-11.5016,17.5861],[-11.4982,17.5842],[-11.4961,17.582],[-11.4941,17.5783],[-11.4932,17.5747],[-11.4924,17.5715],[-11.4901,17.5692],[-11.4871,17.5706],[-11.4833,17.5755],[-11.4803,17.5778],[-11.4774,17.5792],[-11.4725,17.5811],[-11.469,17.583],[-11.465,17.5831],[-11.462,17.5816],[-11.4566,17.5801],[-11.4532,17.5832],[-11.4486,17.5892],[-11.4437,17.5955],[-11.4391,17.5977],[-11.433,17.6001],[-11.4283,17.602],[-11.4227,17.6057],[-11.4169,17.6087],[-11.4126,17.6096],[-11.4117,17.6102],[-11.4085,17.6123],[-11.4044,17.6158],[-11.4061,17.6201],[-11.4062,17.6208],[-11.4082,17.6238],[-11.419,17.6394],[-11.42,17.6428],[-11.4205,17.644],[-11.421,17.6455],[-11.4216,17.6469],[-11.4224,17.648],[-11.4234,17.649],[-11.4245,17.65],[-11.4253,17.651],[-11.4257,17.652],[-11.4257,17.6534],[-11.4256,17.6552],[-11.4258,17.6572],[-11.4264,17.6588],[-11.4268,17.6595],[-11.4269,17.6606],[-11.427,17.6618],[-11.4267,17.6628],[-11.4258,17.6635],[-11.4247,17.6644],[-11.4218,17.6662],[-11.4209,17.6665],[-11.4199,17.6663],[-11.4192,17.6669],[-11.4192,17.6677],[-11.4194,17.6688],[-11.4204,17.6696],[-11.4216,17.6708],[-11.4229,17.6718],[-11.4235,17.6732],[-11.4239,17.6735],[-11.4242,17.674],[-11.4247,17.6747],[-11.4252,17.6753],[-11.4257,17.6762],[-11.4262,17.6769],[-11.4267,17.6775],[-11.4338,17.6886],[-11.4349,17.6901],[-11.4367,17.6919],[-11.4377,17.6927],[-11.4387,17.6938],[-11.4396,17.6946],[-11.4401,17.6954],[-11.4404,17.6962],[-11.4404,17.697],[-11.4397,17.6974],[-11.4392,17.6985],[-11.4389,17.6996],[-11.4388,17.7005],[-11.4392,17.7011],[-11.4399,17.7015],[-11.4404,17.7015],[-11.442,17.7012],[-11.4433,17.7003],[-11.4439,17.6997],[-11.4445,17.6992],[-11.4451,17.6986],[-11.4462,17.6984],[-11.4473,17.6983],[-11.449,17.6976],[-11.4504,17.6977],[-11.451,17.6981],[-11.452,17.6984],[-11.4529,17.6992],[-11.4532,17.6999],[-11.452,17.7004],[-11.4509,17.7006],[-11.449,17.7021],[-11.4478,17.7027],[-11.4467,17.7033],[-11.4468,17.7048],[-11.4471,17.7057],[-11.4473,17.706],[-11.4478,17.7066],[-11.4482,17.7072],[-11.4488,17.7082],[-11.4499,17.7095],[-11.4508,17.7106],[-11.4516,17.712],[-11.452,17.7134],[-11.452,17.7148],[-11.4523,17.7163],[-11.453,17.7175],[-11.4535,17.7183],[-11.4546,17.7196],[-11.4558,17.7215],[-11.4569,17.7228],[-11.4578,17.7237],[-11.4585,17.7246],[-11.4595,17.7256],[-11.4605,17.7265],[-11.4616,17.7274],[-11.463,17.728],[-11.4651,17.7289],[-11.4655,17.7295],[-11.466,17.7311],[-11.4662,17.7323],[-11.4667,17.7333],[-11.4676,17.7344],[-11.4689,17.7358],[-11.4732,17.7407],[-11.4738,17.7416],[-11.4757,17.7431],[-11.4768,17.7435],[-11.4781,17.7439],[-11.4798,17.7438],[-11.482,17.7435],[-11.4842,17.7432],[-11.4854,17.7431],[-11.4866,17.7433],[-11.4881,17.7436],[-11.4887,17.7446],[-11.4879,17.7456],[-11.4863,17.7466],[-11.4848,17.7474],[-11.4832,17.7488],[-11.4824,17.7501],[-11.4812,17.7513],[-11.4809,17.7521],[-11.4815,17.7531],[-11.4826,17.7543],[-11.4831,17.7548],[-11.4836,17.7553],[-11.4862,17.7582],[-11.4875,17.7589],[-11.4886,17.758],[-11.4895,17.7576],[-11.4913,17.7575],[-11.4926,17.7577],[-11.4923,17.7589],[-11.4915,17.7603],[-11.4914,17.7611],[-11.4915,17.7624],[-11.4922,17.7638],[-11.4924,17.7653],[-11.4919,17.7661],[-11.4904,17.7665],[-11.4908,17.7672],[-11.4921,17.7682],[-11.4921,17.7682],[-11.4922,17.7683],[-11.4937,17.7702],[-11.4943,17.7718],[-11.4948,17.7728],[-11.4955,17.7738],[-11.4966,17.7752],[-11.4978,17.7771],[-11.4984,17.778],[-11.5001,17.779],[-11.5001,17.779],[-11.5005,17.7792],[-11.5018,17.78],[-11.5029,17.7808],[-11.504,17.782],[-11.5052,17.7829],[-11.5065,17.7838],[-11.5079,17.7846],[-11.5106,17.7861],[-11.5117,17.7867],[-11.5127,17.7875],[-11.5143,17.7887],[-11.5149,17.7893],[-11.5152,17.7901],[-11.5156,17.791],[-11.5161,17.7921],[-11.5168,17.7932],[-11.5174,17.794],[-11.5202,17.797],[-11.5207,17.7983],[-11.5218,17.7999],[-11.5223,17.8013],[-11.5232,17.8025],[-11.5237,17.8037],[-11.5245,17.8052],[-11.5251,17.8063],[-11.5256,17.808],[-11.526,17.8095],[-11.5264,17.8106],[-11.5263,17.8118],[-11.5264,17.8127],[-11.5265,17.8136],[-11.5288,17.8166],[-11.5295,17.8176],[-11.53,17.8186],[-11.5303,17.8202],[-11.53,17.8219],[-11.5294,17.823],[-11.5283,17.8242],[-11.5262,17.8256],[-11.5248,17.8257],[-11.5233,17.8256],[-11.5221,17.8253],[-11.5212,17.8251],[-11.5195,17.8245],[-11.518,17.8235],[-11.5169,17.8224],[-11.5155,17.821],[-11.5136,17.8198],[-11.5114,17.8181],[-11.5101,17.8176],[-11.5076,17.8177],[-11.5061,17.8175],[-11.5047,17.8171],[-11.5032,17.8169],[-11.5019,17.8164],[-11.4995,17.816],[-11.4995,17.816],[-11.4981,17.8165],[-11.4961,17.8178],[-11.4948,17.8189],[-11.4935,17.8208],[-11.4917,17.8236],[-11.4892,17.8274],[-11.4866,17.836],[-11.4872,17.8384],[-11.4874,17.8393],[-11.4868,17.8414],[-11.4847,17.8505],[-11.4888,17.8548],[-11.4953,17.8582],[-11.4988,17.8604],[-11.5029,17.8628],[-11.5092,17.8643],[-11.511,17.866],[-11.5138,17.8692],[-11.52,17.8721],[-11.5274,17.8732],[-11.5318,17.8768],[-11.5344,17.8794],[-11.5388,17.8827],[-11.5409,17.8854],[-11.5443,17.8888],[-11.5469,17.8911],[-11.549,17.8932],[-11.5513,17.8959],[-11.5535,17.8984],[-11.5556,17.9028],[-11.5597,17.9085],[-11.5638,17.9149],[-11.5643,17.9183],[-11.5644,17.9229],[-11.5652,17.926],[-11.5662,17.9301],[-11.5677,17.9357],[-11.5692,17.9392],[-11.5694,17.9396],[-11.5743,17.9412],[-11.5782,17.9411],[-11.5847,17.9402],[-11.5907,17.9404],[-11.5955,17.9427],[-11.5981,17.9475],[-11.5968,17.9519],[-11.5948,17.9559],[-11.5908,17.961],[-11.5887,17.9639],[-11.5864,17.9678],[-11.5839,17.974],[-11.5831,17.9777],[-11.5797,17.9849],[-11.5734,17.9905],[-11.5683,17.9932],[-11.5648,17.9936],[-11.5589,17.9953],[-11.5549,17.9954],[-11.5459,18.0008],[-11.5467,18.0026],[-11.55,18.0026],[-11.5549,18.0072],[-11.5572,18.0112],[-11.5585,18.0158],[-11.5574,18.0202],[-11.5563,18.0243],[-11.5552,18.0285],[-11.5562,18.0319],[-11.557,18.0394],[-11.5576,18.0437],[-11.558,18.0485],[-11.5554,18.048],[-11.5534,18.0465],[-11.5513,18.044],[-11.5485,18.0428],[-11.5448,18.0423],[-11.5405,18.0414],[-11.5371,18.0416],[-11.5303,18.0369],[-11.5232,18.0386],[-11.5198,18.0419],[-11.5153,18.0451],[-11.5097,18.0478],[-11.5096,18.0434],[-11.5047,18.0354],[-11.501,18.0323],[-11.4964,18.0301],[-11.4952,18.0332],[-11.4953,18.0372],[-11.4968,18.0403],[-11.4985,18.0461],[-11.4997,18.0512],[-11.4994,18.0545],[-11.4971,18.06],[-11.4938,18.0647],[-11.4899,18.0691],[-11.4898,18.0729],[-11.4887,18.0779],[-11.4806,18.0806],[-11.4768,18.0828],[-11.4718,18.0839],[-11.47,18.0812],[-11.4692,18.079],[-11.4645,18.0773],[-11.4612,18.077],[-11.4581,18.077],[-11.4555,18.077],[-11.4509,18.0778],[-11.4455,18.0799],[-11.4375,18.083],[-11.432,18.085],[-11.4273,18.0861],[-11.4177,18.0885],[-11.4123,18.0899],[-11.4082,18.0882],[-11.4039,18.0857],[-11.3982,18.0807],[-11.3949,18.0779],[-11.3911,18.0749],[-11.3888,18.0737],[-11.3872,18.0714],[-11.3843,18.0688],[-11.3823,18.0705],[-11.3758,18.0748],[-11.3685,18.0767],[-11.363,18.0769],[-11.3597,18.0771],[-11.3543,18.0764],[-11.3522,18.0764],[-11.3473,18.0751],[-11.3459,18.0719],[-11.3447,18.0672],[-11.3461,18.0613],[-11.3466,18.0572],[-11.341,18.054],[-11.3384,18.0555],[-11.3328,18.0601],[-11.3291,18.0622],[-11.326,18.0639],[-11.3216,18.0671],[-11.3163,18.071],[-11.3123,18.0739],[-11.3054,18.076],[-11.3008,18.0771],[-11.2955,18.0782],[-11.2925,18.0799],[-11.2876,18.0836],[-11.2846,18.0873],[-11.2784,18.0934],[-11.2738,18.097],[-11.2658,18.1021],[-11.2591,18.104],[-11.2546,18.1038],[-11.2498,18.1016],[-11.2458,18.0986],[-11.2404,18.0985],[-11.2356,18.0995],[-11.2286,18.1001],[-11.2232,18.1011],[-11.2168,18.1007],[-11.2124,18.0995],[-11.2078,18.0945],[-11.207,18.0893],[-11.2037,18.0889],[-11.2008,18.0913],[-11.1988,18.0936],[-11.1982,18.0978],[-11.1985,18.1013],[-11.2006,18.1065],[-11.2024,18.1113],[-11.2052,18.1172],[-11.2063,18.1239],[-11.2035,18.1262],[-11.2012,18.1282],[-11.197,18.1322],[-11.1906,18.1353],[-11.1867,18.139],[-11.1806,18.1451],[-11.1753,18.1495],[-11.1717,18.1527],[-11.1687,18.1596],[-11.1742,18.1633],[-11.1797,18.1604],[-11.1848,18.1572],[-11.1932,18.1538],[-11.2009,18.15],[-11.2047,18.1501],[-11.2063,18.1526],[-11.2071,18.157],[-11.2048,18.1606],[-11.1988,18.1669],[-11.1903,18.1765],[-11.186,18.1816],[-11.1792,18.1882],[-11.1751,18.1943],[-11.1721,18.2016],[-11.1668,18.2081],[-11.1618,18.2125],[-11.158,18.2193],[-11.1536,18.2309],[-11.1491,18.2352],[-11.1448,18.2397],[-11.1371,18.2477],[-11.131,18.2513],[-11.1236,18.2535],[-11.1157,18.2538],[-11.1106,18.2541],[-11.1062,18.2607],[-11.1041,18.2645],[-11.1024,18.2683],[-11.0995,18.2734],[-11.0912,18.2791],[-11.0857,18.2801],[-11.0789,18.2831],[-11.0723,18.2857],[-11.0672,18.2879],[-11.059,18.2922],[-11.0532,18.2947],[-11.0466,18.2979],[-11.0415,18.3004],[-11.0338,18.2997],[-11.0306,18.2977],[-11.0263,18.2935],[-11.0241,18.2885],[-11.0188,18.2857],[-11.0138,18.2857],[-11.009,18.288],[-11.0046,18.2916],[-10.9972,18.2956],[-10.9924,18.2981],[-10.9845,18.3028],[-10.9806,18.3066],[-10.9761,18.3104],[-10.9707,18.3115]]]},"properties":{"code":"03","name":"Assaba","level":"2","parent":"WPviLRHrXcD","parentGraph":"WPviLRHrXcD","groups":[]}},{"type":"Feature","id":"HA8J8hSMTiH","geometry":{"type":"Polygon","coordinates":[[[-12.4707,20.8322],[-12.5286,20.5899],[-12.5484,20.5856],[-12.5643,20.5831],[-12.5788,20.5795],[-12.598,20.5758],[-12.6134,20.5722],[-12.6305,20.5739],[-12.6468,20.5707],[-12.6628,20.5698],[-12.6785,20.5715],[-12.6916,20.5759],[-12.7004,20.5799],[-12.7075,20.5899],[-12.7113,20.5968],[-12.7292,20.5989],[-12.7387,20.5988],[-12.744,20.5951],[-12.7409,20.604],[-12.741,20.6147],[-12.7465,20.6226],[-12.7516,20.6263],[-12.757,20.6269],[-12.7622,20.6232],[-12.77,20.618],[-12.7779,20.6085],[-12.7858,20.5989],[-12.795,20.5859],[-12.8073,20.5766],[-12.8153,20.5682],[-12.8204,20.5614],[-12.8268,20.5532],[-12.8278,20.5439],[-12.8228,20.5398],[-12.8241,20.5321],[-12.8196,20.5261],[-12.8256,20.5182],[-12.8318,20.5177],[-12.8376,20.5182],[-12.8431,20.5159],[-12.8467,20.5233],[-12.8485,20.5268],[-12.8516,20.5319],[-12.8574,20.535],[-12.8633,20.5285],[-12.8685,20.5216],[-12.8723,20.5154],[-12.8719,20.5066],[-12.8625,20.5061],[-12.852,20.5044],[-12.8495,20.502],[-12.8531,20.4962],[-12.8601,20.4891],[-12.8633,20.4791],[-12.8666,20.4804],[-12.8759,20.4698],[-12.8846,20.4699],[-12.8905,20.4751],[-12.8964,20.4647],[-12.8987,20.4571],[-12.9051,20.4563],[-12.9091,20.4611],[-12.9117,20.4675],[-12.9227,20.47],[-12.9341,20.4715],[-12.94,20.4669],[-12.9383,20.4578],[-12.9444,20.4571],[-12.9492,20.4621],[-12.9585,20.4636],[-12.9607,20.4569],[-12.9558,20.445],[-12.9646,20.4462],[-12.9803,20.4526],[-12.9868,20.4475],[-12.9978,20.4417],[-13.008,20.4416],[-13.0191,20.4365],[-13.0299,20.4332],[-13.0303,20.4251],[-13.0253,20.4149],[-13.0284,20.4102],[-13.0388,20.4143],[-13.043,20.4216],[-13.0478,20.4237],[-13.0536,20.4143],[-13.0571,20.4041],[-13.0618,20.4026],[-13.0701,20.4015],[-13.0736,20.394],[-13.0721,20.3852],[-13.074,20.3774],[-13.083,20.3709],[-13.094,20.3663],[-13.0998,20.3557],[-13.1043,20.3439],[-13.1053,20.3382],[-13.1117,20.3338],[-13.1239,20.3259],[-13.1327,20.3154],[-13.1465,20.3029],[-13.1618,20.2935],[-13.171,20.2841],[-13.1843,20.265],[-13.1954,20.2474],[-13.207,20.2304],[-13.2198,20.2166],[-13.236,20.1999],[-13.2465,20.1922],[-13.2631,20.183],[-13.2674,20.1701],[-13.28,20.1578],[-13.2947,20.1457],[-13.3028,20.1301],[-13.312,20.1178],[-13.3869,20.0361],[-13.358,19.9749],[-13.3754,19.9556],[-13.3839,19.952],[-13.3885,19.958],[-13.3947,19.9546],[-13.415,19.9409],[-13.4276,19.931],[-13.4389,19.9214],[-13.4506,19.913],[-13.4507,19.8984],[-13.4585,19.8906],[-13.4714,19.8797],[-13.4827,19.8744],[-13.4949,19.8657],[-13.5048,19.8565],[-13.5155,19.8488],[-13.5237,19.8455],[-13.5324,19.8363],[-13.5471,19.829],[-13.5682,19.823],[-13.5797,19.8183],[-13.5921,19.8155],[-13.6058,19.8175],[-13.6152,19.818],[-13.6262,19.8171],[-13.6438,19.8124],[-13.6564,19.8107],[-13.6697,19.8075],[-13.7661,19.7706],[-13.7798,19.7636],[-13.7839,19.755],[-13.8009,19.7544],[-13.8157,19.7499],[-13.9747,19.674],[-13.981,19.6706],[-14.0221,19.7859],[-14.114,20.7118],[-14.1156,20.927],[-13.7525,21.1522],[-13.6757,21.1999],[-13.6675,21.3374],[-13.0005,21.3381],[-13.0286,21.5764],[-13.0165,21.5731],[-12.3829,21.3537],[-12.3891,21.3446],[-12.3962,21.3382],[-12.4027,21.3286],[-12.4039,21.314],[-12.4053,21.3038],[-12.4079,21.291],[-12.4189,21.282],[-12.4275,21.2727],[-12.4394,21.2646],[-12.4449,21.2527],[-12.4496,21.2374],[-12.4543,21.2269],[-12.4556,21.2212],[-12.4565,21.2087],[-12.4588,21.1994],[-12.4584,21.1838],[-12.4588,21.1721],[-12.4597,21.1578],[-12.4621,21.1207],[-12.4707,20.8322]]]},"properties":{"code":"072","name":"Atar (Moughataa)","level":"3","parent":"A4OOjOp6OZM","parentGraph":"WPviLRHrXcD/A4OOjOp6OZM","groups":[]}},{"type":"Feature","id":"D0K0EM1Zrh1","geometry":{"type":"Polygon","coordinates":[[[-13.7512,16.6654],[-13.7506,16.4653],[-13.8332,16.354],[-13.8817,16.2886],[-13.9492,16.2564],[-13.9556,16.254],[-13.9582,16.253],[-13.9707,16.2481],[-13.9705,16.2492],[-13.9694,16.252],[-13.9691,16.2527],[-13.9678,16.2544],[-13.9662,16.2564],[-13.9643,16.258],[-13.9627,16.2595],[-13.9618,16.2603],[-13.9591,16.2627],[-13.9586,16.2631],[-13.956,16.2651],[-13.9538,16.2668],[-13.9526,16.2678],[-13.9522,16.268],[-13.952,16.2685],[-13.9519,16.2688],[-13.9518,16.2692],[-13.9518,16.27],[-13.9521,16.2709],[-13.9526,16.2717],[-13.953,16.272],[-13.9537,16.2725],[-13.9551,16.2736],[-13.9559,16.2741],[-13.9594,16.2757],[-13.9602,16.276],[-13.9636,16.277],[-13.9659,16.2776],[-13.9661,16.2776],[-13.9712,16.2776],[-13.9718,16.2776],[-13.9729,16.2776],[-13.973,16.2776],[-13.9734,16.2776],[-13.974,16.2775],[-13.9762,16.2773],[-13.9774,16.2772],[-13.9811,16.2765],[-13.9836,16.276],[-13.9853,16.2758],[-13.9863,16.2761],[-13.988,16.2773],[-13.9885,16.2783],[-13.9885,16.28],[-13.9887,16.2816],[-13.9889,16.2839],[-13.9889,16.2901],[-13.989,16.2903],[-13.989,16.2909],[-13.9894,16.297],[-13.9897,16.2993],[-13.9902,16.3019],[-13.9909,16.304],[-13.9906,16.3054],[-13.9899,16.3068],[-13.989,16.3077],[-13.9877,16.3084],[-13.9863,16.3087],[-13.9841,16.3095],[-13.9821,16.3099],[-13.9798,16.3103],[-13.9777,16.3105],[-13.9743,16.3104],[-13.9717,16.3095],[-13.9717,16.3095],[-13.9699,16.3081],[-13.9675,16.307],[-13.9644,16.3059],[-13.9635,16.3059],[-13.9624,16.3058],[-13.9602,16.3066],[-13.9585,16.3083],[-13.9577,16.3102],[-13.9576,16.3127],[-13.958,16.3148],[-13.9584,16.3161],[-13.9591,16.3176],[-13.9598,16.3189],[-13.9604,16.3199],[-13.9611,16.3208],[-13.9612,16.3208],[-13.9623,16.3224],[-13.9631,16.3233],[-13.9639,16.3272],[-13.9649,16.3293],[-13.9656,16.3309],[-13.9661,16.3314],[-13.9681,16.3337],[-13.9691,16.3346],[-13.9704,16.3357],[-13.9713,16.3361],[-13.9722,16.3364],[-13.9733,16.3364],[-13.9754,16.336],[-13.9771,16.3367],[-13.9793,16.3374],[-13.9809,16.3382],[-13.9829,16.3389],[-13.9843,16.339],[-13.9862,16.34],[-13.9883,16.3415],[-13.9902,16.3428],[-13.9924,16.3443],[-13.9934,16.3453],[-13.9942,16.3457],[-13.9949,16.3461],[-13.9959,16.3471],[-13.9974,16.3484],[-13.9992,16.3493],[-14.0014,16.3491],[-14.0017,16.3492],[-14.003,16.3491],[-14.0035,16.3491],[-14.0039,16.349],[-14.0043,16.3489],[-14.0054,16.3487],[-14.0062,16.3485],[-14.0069,16.3482],[-14.0087,16.3481],[-14.0107,16.3478],[-14.0126,16.3473],[-14.0152,16.3472],[-14.0177,16.3464],[-14.0191,16.3462],[-14.0211,16.3458],[-14.0229,16.3454],[-14.023,16.3453],[-14.0245,16.3451],[-14.0267,16.3453],[-14.0284,16.3467],[-14.0293,16.3486],[-14.0302,16.3505],[-14.0303,16.3506],[-14.0305,16.3514],[-14.0308,16.3523],[-14.0309,16.3527],[-14.0317,16.3552],[-14.0325,16.3573],[-14.0334,16.3593],[-14.0342,16.361],[-14.0345,16.3617],[-14.0357,16.3646],[-14.0371,16.3664],[-14.0384,16.3683],[-14.039,16.3691],[-14.0396,16.3698],[-14.04,16.3704],[-14.0404,16.3708],[-14.0419,16.3724],[-14.0437,16.3744],[-14.0457,16.3765],[-14.0475,16.3784],[-14.0494,16.3799],[-14.0494,16.3799],[-14.0498,16.3803],[-14.0505,16.3809],[-14.0509,16.3813],[-14.0525,16.3828],[-14.0539,16.3843],[-14.0551,16.3861],[-14.0575,16.3882],[-14.0593,16.3895],[-14.0613,16.3911],[-14.0631,16.3922],[-14.0649,16.3937],[-14.0663,16.3945],[-14.0666,16.3956],[-14.0669,16.3968],[-14.0672,16.3987],[-14.0677,16.4006],[-14.0689,16.4022],[-14.07,16.4037],[-14.0714,16.405],[-14.0727,16.4061],[-14.0729,16.4064],[-14.0736,16.4069],[-14.0746,16.4076],[-14.0762,16.4089],[-14.0779,16.4104],[-14.0801,16.4121],[-14.0819,16.4137],[-14.0837,16.4149],[-14.0856,16.4157],[-14.0872,16.4171],[-14.0894,16.4187],[-14.0916,16.4197],[-14.0939,16.4207],[-14.0958,16.4212],[-14.0982,16.422],[-14.1003,16.4223],[-14.1026,16.4233],[-14.1044,16.4248],[-14.1054,16.4262],[-14.1065,16.4281],[-14.1074,16.4297],[-14.1077,16.4314],[-14.1077,16.4331],[-14.1077,16.4347],[-14.1077,16.4364],[-14.1084,16.4381],[-14.1086,16.4393],[-14.1095,16.4395],[-14.1098,16.44],[-14.1111,16.4419],[-14.1127,16.4432],[-14.1142,16.4446],[-14.1161,16.4459],[-14.1178,16.447],[-14.1193,16.4476],[-14.1196,16.4477],[-14.121,16.4485],[-14.1212,16.4486],[-14.1221,16.4489],[-14.1233,16.4494],[-14.1252,16.4502],[-14.1274,16.4511],[-14.1292,16.4516],[-14.1311,16.4521],[-14.1329,16.4524],[-14.1348,16.4527],[-14.1365,16.4529],[-14.1379,16.4539],[-14.1386,16.4555],[-14.1397,16.4576],[-14.1403,16.4592],[-14.1403,16.4609],[-14.1403,16.4627],[-14.1395,16.464],[-14.1389,16.4653],[-14.138,16.4666],[-14.1371,16.4685],[-14.1362,16.4698],[-14.1348,16.4709],[-14.1334,16.4718],[-14.1322,16.4728],[-14.1312,16.4742],[-14.131,16.4756],[-14.1314,16.4771],[-14.1329,16.4779],[-14.1348,16.4785],[-14.1366,16.4781],[-14.138,16.4775],[-14.139,16.4766],[-14.1397,16.4754],[-14.1406,16.4741],[-14.1418,16.4728],[-14.1431,16.4723],[-14.1447,16.4718],[-14.1461,16.4717],[-14.1479,16.4716],[-14.1498,16.4716],[-14.1513,16.472],[-14.1529,16.4731],[-14.1542,16.4745],[-14.1554,16.4754],[-14.1565,16.4766],[-14.1572,16.4778],[-14.1579,16.4793],[-14.1587,16.4811],[-14.1597,16.4828],[-14.1599,16.4842],[-14.1611,16.4862],[-14.1621,16.4878],[-14.1634,16.4892],[-14.1647,16.4905],[-14.1657,16.4913],[-14.1658,16.4914],[-14.1659,16.4914],[-14.1665,16.4918],[-14.1679,16.4931],[-14.1691,16.4939],[-14.1699,16.4943],[-14.1723,16.4952],[-14.174,16.496],[-14.1745,16.4961],[-14.1753,16.4963],[-14.1755,16.4963],[-14.1757,16.4963],[-14.1766,16.4967],[-14.1767,16.4968],[-14.1755,16.4975],[-14.158,16.5059],[-14.0656,16.5506],[-13.9463,16.6055],[-13.9099,16.6225],[-13.9682,16.6435],[-13.9804,16.6647],[-13.7512,16.6654]]]},"properties":{"code":"052","name":"Bababé (Moughataa)","level":"3","parent":"IaKTA3Vi4w6","parentGraph":"WPviLRHrXcD/IaKTA3Vi4w6","groups":[]}},{"type":"Feature","id":"xC2B7SKyMvB","geometry":{"type":"Polygon","coordinates":[[[-12.3557,17.2283],[-12.3463,17.2275],[-12.3322,17.2279],[-12.2862,17.2266],[-12.2833,17.1815],[-12.2751,17.1808],[-12.275,17.1721],[-12.2714,17.1684],[-12.2711,17.1656],[-12.271,17.1601],[-12.2734,17.1544],[-12.2724,17.1494],[-12.2714,17.1434],[-12.2704,17.1364],[-12.2724,17.1324],[-12.2723,17.1173],[-12.2705,17.1126],[-12.2641,17.1103],[-12.2563,17.107],[-12.254,17.102],[-12.2551,17.098],[-12.2584,17.0894],[-12.2567,17.0813],[-12.2561,17.0721],[-12.2584,17.063],[-12.2617,17.058],[-12.2608,17.0486],[-12.2592,17.0398],[-12.2617,17.0304],[-12.2631,17.0204],[-12.2647,17.0185],[-12.2625,17.0115],[-12.2624,17.0016],[-12.2648,16.9931],[-12.2647,16.9835],[-12.2674,16.9755],[-12.2758,16.9718],[-12.2826,16.9727],[-12.2861,16.97],[-12.2815,16.9647],[-12.2731,16.9566],[-12.2697,16.9525],[-12.2655,16.9479],[-12.26,16.9447],[-12.2562,16.9438],[-12.2517,16.9395],[-12.2473,16.9358],[-12.2413,16.9347],[-12.2335,16.9265],[-12.2284,16.9224],[-12.2205,16.9175],[-12.2121,16.9131],[-12.206,16.9103],[-12.1995,16.9064],[-12.1977,16.8966],[-12.1969,16.8885],[-12.1988,16.8849],[-12.2036,16.8838],[-12.2015,16.8786],[-12.1973,16.8728],[-12.1913,16.866],[-12.1861,16.8615],[-12.1816,16.8587],[-12.1768,16.8498],[-12.1727,16.8426],[-12.1709,16.8345],[-12.1696,16.8283],[-12.1686,16.8221],[-12.1659,16.8159],[-12.1672,16.8113],[-12.1676,16.7942],[-12.1707,16.7869],[-12.1699,16.7798],[-12.1664,16.7732],[-12.1604,16.7665],[-12.1585,16.7556],[-12.1565,16.7513],[-12.15,16.7452],[-12.1443,16.738],[-12.1407,16.7324],[-12.1345,16.7313],[-12.1324,16.7364],[-12.1326,16.7419],[-12.1319,16.7498],[-12.128,16.7571],[-12.1217,16.7595],[-12.1153,16.7595],[-12.1137,16.7553],[-12.1174,16.7499],[-12.1212,16.7487],[-12.1226,16.7415],[-12.1228,16.7395],[-12.1218,16.7297],[-12.1195,16.7267],[-12.1171,16.7243],[-12.109,16.7264],[-12.1033,16.7294],[-12.0933,16.7344],[-12.0898,16.734],[-12.0926,16.7263],[-12.0932,16.721],[-12.0898,16.7136],[-12.0914,16.7097],[-12.092,16.7026],[-12.0931,16.6972],[-12.1008,16.6917],[-12.1058,16.6877],[-12.109,16.6809],[-12.1136,16.6733],[-12.1096,16.6662],[-12.1053,16.6603],[-12.1028,16.6521],[-12.1055,16.6435],[-12.1069,16.6343],[-12.1089,16.6289],[-12.1096,16.6262],[-12.1114,16.6182],[-12.114,16.6104],[-12.1166,16.601],[-12.1175,16.594],[-12.116,16.5901],[-12.1106,16.5921],[-12.1105,16.5872],[-12.1111,16.5814],[-12.1082,16.5743],[-12.1055,16.5697],[-12.1017,16.5618],[-12.1027,16.555],[-12.1054,16.5471],[-12.1094,16.5396],[-12.1081,16.5346],[-12.1054,16.5315],[-12.1039,16.5267],[-12.1011,16.5262],[-12.0994,16.5249],[-12.0954,16.5255],[-12.0905,16.5275],[-12.0869,16.5269],[-12.0842,16.5241],[-12.0798,16.5276],[-12.0774,16.5323],[-12.0776,16.5377],[-12.0818,16.5451],[-12.0855,16.5518],[-12.087,16.5553],[-12.0846,16.56],[-12.0821,16.5655],[-12.08,16.5728],[-12.0758,16.5764],[-12.0717,16.5752],[-12.0664,16.5736],[-12.0622,16.5759],[-12.0583,16.579],[-12.0553,16.5807],[-12.0528,16.5785],[-12.0506,16.5753],[-12.0467,16.5698],[-12.0451,16.5662],[-12.044,16.5618],[-12.0432,16.5559],[-12.0433,16.5504],[-12.0429,16.5454],[-12.0409,16.5399],[-12.044,16.5341],[-12.0472,16.5301],[-12.0479,16.5266],[-12.0489,16.5238],[-12.0478,16.5185],[-12.0446,16.5139],[-12.0388,16.5089],[-12.0324,16.5028],[-12.0274,16.4971],[-12.023,16.4922],[-12.0188,16.4859],[-12.0165,16.4821],[-12.0144,16.477],[-12.0195,16.4752],[-12.0234,16.4744],[-12.0285,16.4701],[-12.0337,16.4671],[-12.0375,16.4653],[-12.0397,16.4592],[-12.0372,16.4534],[-12.0336,16.4476],[-12.029,16.4431],[-12.0229,16.4393],[-12.0156,16.4387],[-12.0073,16.4409],[-12.0009,16.4423],[-11.9933,16.4409],[-11.9858,16.4385],[-11.9778,16.4399],[-11.9714,16.444],[-11.9658,16.4482],[-11.9611,16.4532],[-11.958,16.4458],[-11.9552,16.4387],[-11.9518,16.4338],[-11.9457,16.4313],[-11.9421,16.4257],[-11.941,16.4165],[-11.9406,16.416],[-11.9404,16.4158],[-11.9403,16.4156],[-11.9413,16.4094],[-11.945,16.407],[-11.9528,16.4041],[-11.9588,16.4023],[-11.9671,16.4001],[-11.965,16.3936],[-11.9656,16.3899],[-11.9711,16.3867],[-11.9756,16.3827],[-11.9768,16.3769],[-11.9744,16.3723],[-11.9763,16.3663],[-11.9772,16.3585],[-11.9715,16.359],[-11.9675,16.3606],[-11.9651,16.3583],[-11.9688,16.3542],[-11.9767,16.3462],[-11.9797,16.3412],[-11.9816,16.3322],[-11.9822,16.328],[-11.9852,16.32],[-11.9872,16.3129],[-11.9937,16.3076],[-12.0021,16.303],[-12.0088,16.2979],[-12.0128,16.2952],[-12.0188,16.288],[-12.0201,16.2818],[-12.0185,16.2742],[-12.0167,16.269],[-12.0144,16.2658],[-12.0099,16.2624],[-12.0109,16.2578],[-12.0134,16.2518],[-12.0164,16.2471],[-12.0184,16.2432],[-12.0209,16.2414],[-12.0246,16.2387],[-12.0261,16.2371],[-12.0283,16.236],[-12.0315,16.2308],[-12.0313,16.2235],[-12.0306,16.2184],[-12.0282,16.2141],[-12.0242,16.2112],[-12.02,16.2067],[-12.019,16.2022],[-12.0199,16.1966],[-12.0232,16.1906],[-12.0262,16.1881],[-12.024,16.1794],[-12.0222,16.1744],[-12.0215,16.1706],[-12.0236,16.1657],[-12.0247,16.1612],[-12.024,16.155],[-12.0222,16.1474],[-12.021,16.1396],[-12.0174,16.1293],[-12.0143,16.1151],[-12.0126,16.1058],[-12.0128,16.0993],[-12.0123,16.0918],[-12.0115,16.0871],[-12.0093,16.0821],[-12.0087,16.076],[-12.0088,16.0708],[-12.0114,16.0646],[-12.0168,16.0593],[-12.0242,16.0557],[-12.0358,16.0548],[-12.0476,16.056],[-12.0575,16.0596],[-12.0581,16.065],[-12.0596,16.0701],[-12.0619,16.0752],[-12.0655,16.0804],[-12.073,16.0877],[-12.0768,16.0932],[-12.085,16.1009],[-12.0933,16.1046],[-12.1023,16.1092],[-12.109,16.1127],[-12.1155,16.1151],[-12.126,16.1177],[-12.1341,16.1205],[-12.1421,16.1196],[-12.1485,16.115],[-12.154,16.1094],[-12.161,16.1124],[-12.1652,16.1166],[-12.1753,16.1191],[-12.1832,16.1205],[-12.1954,16.1229],[-12.2028,16.126],[-12.2133,16.1235],[-12.222,16.122],[-12.2319,16.1383],[-12.2362,16.148],[-12.2387,16.1542],[-12.2366,16.1605],[-12.2359,16.1666],[-12.236,16.1764],[-12.2373,16.1851],[-12.2379,16.1929],[-12.2389,16.1974],[-12.2388,16.2083],[-12.2397,16.2153],[-12.2407,16.2225],[-12.2429,16.2292],[-12.2464,16.2345],[-12.2516,16.2397],[-12.2607,16.2411],[-12.2668,16.2407],[-12.276,16.2435],[-12.2806,16.2456],[-12.2845,16.2499],[-12.2872,16.2535],[-12.2922,16.2575],[-12.296,16.2591],[-12.3031,16.2584],[-12.3116,16.2565],[-12.3173,16.2553],[-12.3259,16.2532],[-12.3338,16.2509],[-12.3416,16.2474],[-12.3474,16.2433],[-12.3548,16.2386],[-12.3612,16.2316],[-12.3687,16.2255],[-12.3742,16.2199],[-12.3786,16.2167],[-12.3848,16.2146],[-12.3933,16.2102],[-12.3994,16.2059],[-12.405,16.2016],[-12.4096,16.1995],[-12.4167,16.1977],[-12.4225,16.1991],[-12.4269,16.2039],[-12.4285,16.21],[-12.4293,16.2168],[-12.4314,16.2205],[-12.4294,16.2335],[-12.4268,16.2367],[-12.4283,16.2426],[-12.4322,16.2471],[-12.4325,16.253],[-12.4297,16.2568],[-12.4262,16.2582],[-12.4227,16.2587],[-12.421,16.2601],[-12.4174,16.2618],[-12.4169,16.2652],[-12.4171,16.2709],[-12.4168,16.2764],[-12.4178,16.282],[-12.4153,16.291],[-12.4118,16.2973],[-12.4096,16.3017],[-12.4089,16.3067],[-12.4083,16.3161],[-12.4097,16.3238],[-12.411,16.3302],[-12.4125,16.3389],[-12.4164,16.3519],[-12.4202,16.3616],[-12.4209,16.3688],[-12.4201,16.3758],[-12.4206,16.3833],[-12.4181,16.392],[-12.4205,16.4019],[-12.4261,16.407],[-12.4309,16.4169],[-12.436,16.4222],[-12.435,16.4303],[-12.4324,16.436],[-12.4316,16.4431],[-12.6338,16.4847],[-12.6504,16.4886],[-12.6597,16.4901],[-12.6663,16.491],[-12.675,16.4845],[-12.6829,16.48],[-12.6976,16.4684],[-12.7045,16.4639],[-12.7101,16.459],[-12.7252,16.4563],[-12.7304,16.4585],[-12.7344,16.4605],[-12.7364,16.4625],[-12.7424,16.4645],[-12.7454,16.4635],[-12.7494,16.4635],[-12.7554,16.4615],[-12.7614,16.4605],[-12.766,16.4599],[-12.7679,16.4668],[-12.769,16.4715],[-12.7692,16.4769],[-12.7672,16.4801],[-12.766,16.485],[-12.7688,16.49],[-12.771,16.4932],[-12.7707,16.4944],[-12.7659,16.4981],[-12.761,16.4991],[-12.7564,16.5015],[-12.7517,16.507],[-12.7496,16.5096],[-12.7479,16.5144],[-12.7465,16.5196],[-12.7445,16.5254],[-12.7433,16.5285],[-12.7417,16.5321],[-12.7393,16.5362],[-12.7366,16.54],[-12.7355,16.5448],[-12.7354,16.5477],[-12.7366,16.5506],[-12.7379,16.5531],[-12.7394,16.5555],[-12.7413,16.5565],[-12.7437,16.5574],[-12.7476,16.5603],[-12.7514,16.5643],[-12.7538,16.5692],[-12.7544,16.574],[-12.7529,16.5773],[-12.7531,16.5832],[-12.7555,16.587],[-12.7587,16.5908],[-12.7606,16.595],[-12.7633,16.6019],[-12.7662,16.609],[-12.7664,16.6141],[-12.7673,16.6178],[-12.77,16.6234],[-12.7738,16.6299],[-12.7757,16.6348],[-12.7787,16.6407],[-12.7816,16.6463],[-12.7856,16.6507],[-12.79,16.6533],[-12.7947,16.6559],[-12.7993,16.6573],[-12.8042,16.6584],[-12.809,16.659],[-12.8145,16.6595],[-12.8188,16.6613],[-12.8227,16.6648],[-12.8271,16.669],[-12.8322,16.6731],[-12.8354,16.6763],[-12.839,16.6808],[-12.8413,16.6851],[-12.842,16.6898],[-12.8422,16.6958],[-12.8419,16.7024],[-12.8414,16.7064],[-12.8408,16.71],[-12.8398,16.7166],[-12.8376,16.7215],[-12.8352,16.7261],[-12.8331,16.7315],[-12.8323,16.7382],[-12.8322,16.7427],[-12.8316,16.747],[-12.8314,16.7548],[-12.8329,16.7594],[-12.8352,16.7643],[-12.8345,16.769],[-12.8324,16.7731],[-12.8299,16.7773],[-12.8272,16.7822],[-12.8246,16.7875],[-12.8237,16.7929],[-12.823,16.7979],[-12.8226,16.8012],[-12.8238,16.8064],[-12.8224,16.8109],[-12.8182,16.815],[-12.8148,16.8203],[-12.8144,16.8241],[-12.8126,16.829],[-12.8121,16.8359],[-12.8134,16.841],[-12.8166,16.8457],[-12.8188,16.8497],[-12.8224,16.8532],[-12.825,16.8539],[-12.8264,16.8545],[-12.8238,16.8624],[-12.8241,16.868],[-12.8197,16.8753],[-12.817,16.8809],[-12.8172,16.8863],[-12.818,16.8957],[-12.8186,16.9032],[-12.8183,16.9134],[-12.8194,16.924],[-12.8154,16.9312],[-12.8133,16.9378],[-12.8113,16.9449],[-12.8077,16.9518],[-12.8028,16.9587],[-12.7984,16.9686],[-12.7951,16.9755],[-12.7892,16.9819],[-12.7796,16.9927],[-12.7739,16.9974],[-12.7657,17.0055],[-12.7594,17.0105],[-12.7533,17.0145],[-12.7467,17.0231],[-12.7414,17.0287],[-12.7352,17.0369],[-12.7254,17.0455],[-12.7164,17.0461],[-12.7068,17.0467],[-12.6973,17.0454],[-12.6846,17.0451],[-12.6749,17.0459],[-12.6635,17.048],[-12.6558,17.0504],[-12.6504,17.0536],[-12.6427,17.059],[-12.6324,17.0674],[-12.6202,17.0726],[-12.6055,17.078],[-12.5983,17.0815],[-12.5907,17.0876],[-12.5834,17.0964],[-12.5755,17.1039],[-12.5685,17.1092],[-12.5584,17.1111],[-12.5496,17.1112],[-12.5407,17.1112],[-12.5317,17.1137],[-12.5236,17.1175],[-12.5139,17.1223],[-12.5083,17.1281],[-12.5069,17.1328],[-12.5047,17.1408],[-12.5018,17.1485],[-12.4978,17.1556],[-12.4915,17.1645],[-12.4848,17.1734],[-12.4774,17.1786],[-12.4713,17.1836],[-12.4644,17.1879],[-12.4604,17.1894],[-12.4555,17.1911],[-12.4479,17.1919],[-12.4423,17.1917],[-12.4368,17.1921],[-12.4322,17.1953],[-12.4274,17.2018],[-12.42,17.207],[-12.4132,17.2108],[-12.4072,17.2153],[-12.3987,17.2183],[-12.3924,17.2206],[-12.3848,17.2231],[-12.3792,17.227],[-12.3765,17.2287],[-12.3678,17.2298],[-12.3617,17.2294],[-12.3557,17.2283]]]},"properties":{"code":"031","name":"Barkéol (Moughataa)","level":"3","parent":"QJsZVxlFDVn","parentGraph":"WPviLRHrXcD/QJsZVxlFDVn","groups":[]}},{"type":"Feature","id":"ot4O2UeMCjw","geometry":{"type":"Polygon","coordinates":[[[-6.7841,16.6551],[-5.9562,16.2978],[-5.6096,16.4893],[-5.6027,16.4883],[-5.6038,16.5001],[-5.3363,16.3332],[-5.4333,15.8342],[-5.5002,15.5006],[-6.2577,15.5005],[-6.2565,15.6607],[-6.2557,16.0007],[-6.8045,16.0443],[-6.8039,16.5188],[-6.7841,16.6551]]]},"properties":{"code":"012","name":"Bassiknou (Moughataa)","level":"3","parent":"h7D2Q040y1I","parentGraph":"WPviLRHrXcD/h7D2Q040y1I","groups":[]}},{"type":"Feature","id":"WKjzcrjF96L","geometry":{"type":"Polygon","coordinates":[[[-6.5662,24.9859],[-12.0004,24.9999],[-12.0005,25.9998],[-8.6674,25.9998],[-8.6674,27.2898],[-7.2195,26.457],[-7.1191,26.3985],[-6.4616,26.008],[-6.2062,25.856],[-5.8574,25.6427],[-5.2024,25.2422],[-4.8062,24.9999],[-5.0986,24.9999],[-5.6911,24.9999],[-5.9424,24.9959],[-6.5662,24.9859]]]},"properties":{"code":"111","name":"Bir Moughrein (Moughataa)","level":"3","parent":"GCg4A0EFCIG","parentGraph":"WPviLRHrXcD/GCg4A0EFCIG","groups":[]}},{"type":"Feature","id":"dmlY38cUUTP","geometry":{"type":"Polygon","coordinates":[[[-14.1761,16.7145],[-13.9682,16.6435],[-13.9099,16.6225],[-13.9463,16.6055],[-14.0656,16.5506],[-14.158,16.5059],[-14.1755,16.4975],[-14.1767,16.4968],[-14.1779,16.4973],[-14.18,16.4981],[-14.1818,16.4994],[-14.183,16.5006],[-14.1844,16.5018],[-14.1845,16.5019],[-14.1861,16.5028],[-14.1879,16.5036],[-14.1898,16.5041],[-14.1917,16.5046],[-14.1935,16.5052],[-14.1956,16.5059],[-14.1975,16.5066],[-14.1986,16.5073],[-14.1988,16.5074],[-14.2002,16.5088],[-14.2014,16.5105],[-14.2024,16.5124],[-14.2036,16.5143],[-14.2036,16.5145],[-14.2033,16.516],[-14.2033,16.5181],[-14.2029,16.5198],[-14.2023,16.5213],[-14.2013,16.5231],[-14.2006,16.5244],[-14.1998,16.5259],[-14.1989,16.5272],[-14.199,16.5277],[-14.199,16.5277],[-14.199,16.5278],[-14.1992,16.5292],[-14.1999,16.5304],[-14.2013,16.5312],[-14.2029,16.5318],[-14.2043,16.5324],[-14.2058,16.533],[-14.2071,16.5335],[-14.2076,16.5337],[-14.2096,16.5348],[-14.2112,16.5361],[-14.213,16.5379],[-14.2144,16.5392],[-14.2157,16.5402],[-14.2169,16.5413],[-14.2174,16.5416],[-14.2192,16.5426],[-14.2211,16.5436],[-14.2227,16.5439],[-14.2245,16.5443],[-14.2267,16.5447],[-14.2289,16.5449],[-14.2312,16.5452],[-14.2312,16.5453],[-14.2334,16.5457],[-14.2359,16.546],[-14.2361,16.546],[-14.2366,16.546],[-14.2382,16.5462],[-14.2387,16.5462],[-14.2406,16.5463],[-14.2436,16.5463],[-14.2453,16.5458],[-14.2472,16.5456],[-14.2482,16.545],[-14.2488,16.5447],[-14.2507,16.5433],[-14.252,16.5422],[-14.2534,16.5404],[-14.255,16.5388],[-14.2559,16.537],[-14.2564,16.5354],[-14.2572,16.5332],[-14.2578,16.5318],[-14.2582,16.53],[-14.2585,16.5284],[-14.2585,16.5266],[-14.2585,16.5248],[-14.2581,16.5229],[-14.2575,16.5212],[-14.2571,16.5204],[-14.2565,16.5193],[-14.2557,16.5178],[-14.2547,16.5165],[-14.2545,16.515],[-14.2551,16.5138],[-14.2566,16.5143],[-14.2577,16.5154],[-14.2585,16.5169],[-14.2595,16.5191],[-14.2606,16.5207],[-14.261,16.5218],[-14.2612,16.5223],[-14.262,16.5245],[-14.2627,16.5263],[-14.2639,16.5274],[-14.2647,16.5298],[-14.2658,16.5319],[-14.2675,16.5341],[-14.2687,16.5362],[-14.2694,16.538],[-14.271,16.5401],[-14.2722,16.542],[-14.2733,16.5433],[-14.2746,16.5455],[-14.2751,16.5474],[-14.2754,16.5494],[-14.2754,16.5512],[-14.2756,16.5531],[-14.2752,16.5549],[-14.2748,16.557],[-14.2745,16.5593],[-14.2741,16.5608],[-14.2737,16.5625],[-14.2728,16.564],[-14.2715,16.5652],[-14.2704,16.5659],[-14.2693,16.5668],[-14.2685,16.5681],[-14.2677,16.5694],[-14.2671,16.5703],[-14.2671,16.5724],[-14.2671,16.5733],[-14.2671,16.5743],[-14.2684,16.5755],[-14.2685,16.5755],[-14.2706,16.5771],[-14.2719,16.5783],[-14.2729,16.5799],[-14.2738,16.5811],[-14.2754,16.582],[-14.2773,16.5834],[-14.2797,16.5844],[-14.2817,16.585],[-14.2836,16.5855],[-14.2853,16.5852],[-14.287,16.5845],[-14.2885,16.5838],[-14.2898,16.5825],[-14.2908,16.5816],[-14.2909,16.5814],[-14.2919,16.5802],[-14.2928,16.579],[-14.294,16.5775],[-14.2944,16.5765],[-14.2945,16.5753],[-14.2951,16.5739],[-14.2963,16.5728],[-14.298,16.5719],[-14.3001,16.5713],[-14.302,16.5712],[-14.3043,16.5708],[-14.3064,16.5709],[-14.3085,16.5707],[-14.3104,16.5709],[-14.312,16.5709],[-14.3137,16.5706],[-14.3154,16.5701],[-14.317,16.5693],[-14.318,16.5683],[-14.3191,16.5673],[-14.3204,16.5665],[-14.322,16.5659],[-14.3241,16.5655],[-14.3264,16.5655],[-14.3283,16.5656],[-14.3299,16.5663],[-14.3312,16.5676],[-14.3322,16.5689],[-14.3333,16.5706],[-14.3333,16.5726],[-14.3333,16.5739],[-14.3334,16.575],[-14.3329,16.5769],[-14.3327,16.5792],[-14.3324,16.5812],[-14.3318,16.5832],[-14.3316,16.5851],[-14.3312,16.5874],[-14.3303,16.5891],[-14.3298,16.5914],[-14.3289,16.5941],[-14.3281,16.5958],[-14.3275,16.5981],[-14.3273,16.6002],[-14.3273,16.6022],[-14.3275,16.6047],[-14.3275,16.6068],[-14.3275,16.6088],[-14.3275,16.611],[-14.3275,16.6132],[-14.3272,16.6152],[-14.3272,16.6177],[-14.3268,16.6198],[-14.327,16.6219],[-14.3266,16.6242],[-14.3266,16.6261],[-14.3266,16.6279],[-14.3268,16.6297],[-14.3278,16.6319],[-14.3283,16.6333],[-14.3285,16.6339],[-14.3297,16.6359],[-14.3309,16.6378],[-14.3325,16.6392],[-14.3342,16.6398],[-14.3362,16.6404],[-14.3379,16.6407],[-14.3393,16.6407],[-14.341,16.6403],[-14.343,16.6399],[-14.3446,16.6394],[-14.345,16.6392],[-14.3468,16.6386],[-14.3486,16.6384],[-14.35,16.6379],[-14.3522,16.6374],[-14.3544,16.6369],[-14.3571,16.6359],[-14.3582,16.6351],[-14.361,16.6341],[-14.361,16.6341],[-14.3629,16.6333],[-14.3644,16.6326],[-14.366,16.6325],[-14.3678,16.6326],[-14.3699,16.6329],[-14.3716,16.6333],[-14.3732,16.6334],[-14.3748,16.634],[-14.3764,16.6348],[-14.378,16.6353],[-14.3795,16.6355],[-14.3812,16.6361],[-14.3833,16.6364],[-14.3852,16.6364],[-14.3873,16.6354],[-14.3891,16.6351],[-14.3912,16.6339],[-14.3936,16.6332],[-14.3954,16.6328],[-14.3974,16.632],[-14.3991,16.6314],[-14.4006,16.6311],[-14.402,16.6316],[-14.404,16.6317],[-14.4056,16.6322],[-14.4074,16.6328],[-14.4088,16.6345],[-14.4104,16.6361],[-14.4113,16.6374],[-14.4119,16.639],[-14.4124,16.6405],[-14.4129,16.6419],[-14.4131,16.6438],[-14.4133,16.6457],[-14.4138,16.6473],[-14.4148,16.6491],[-14.4157,16.6508],[-14.4176,16.6515],[-14.4178,16.6516],[-14.4198,16.6516],[-14.4215,16.6516],[-14.4228,16.6507],[-14.4236,16.6496],[-14.4251,16.6488],[-14.4261,16.6478],[-14.4278,16.6472],[-14.4278,16.6472],[-14.4293,16.6464],[-14.4306,16.6454],[-14.4322,16.6444],[-14.4341,16.6432],[-14.4356,16.6423],[-14.4369,16.6411],[-14.4377,16.6398],[-14.439,16.6385],[-14.4395,16.6372],[-14.4406,16.636],[-14.4412,16.6346],[-14.4419,16.633],[-14.4426,16.6313],[-14.4432,16.6295],[-14.4441,16.6279],[-14.4452,16.6266],[-14.4459,16.6257],[-14.4464,16.6247],[-14.4481,16.6234],[-14.4493,16.6228],[-14.4506,16.6226],[-14.4522,16.6225],[-14.454,16.6225],[-14.456,16.6228],[-14.4582,16.6229],[-14.46,16.6232],[-14.4616,16.6236],[-14.4638,16.6242],[-14.4658,16.6245],[-14.4681,16.6248],[-14.4703,16.6251],[-14.4721,16.6252],[-14.4742,16.6256],[-14.4766,16.6253],[-14.4785,16.625],[-14.48,16.6242],[-14.4815,16.6234],[-14.483,16.6222],[-14.4841,16.6207],[-14.4852,16.619],[-14.486,16.6179],[-14.4877,16.6163],[-14.4895,16.6151],[-14.4911,16.6144],[-14.4938,16.6133],[-14.4964,16.6132],[-14.4982,16.6131],[-14.5001,16.6133],[-14.5017,16.6137],[-14.5029,16.6148],[-14.5048,16.6163],[-14.5062,16.6177],[-14.5079,16.619],[-14.5097,16.6206],[-14.5116,16.6216],[-14.5139,16.6227],[-14.516,16.6238],[-14.518,16.6247],[-14.5206,16.6253],[-14.5233,16.626],[-14.5256,16.6271],[-14.5278,16.6284],[-14.5297,16.6304],[-14.5315,16.6322],[-14.5331,16.6342],[-14.5343,16.636],[-14.5363,16.638],[-14.5384,16.6401],[-14.5399,16.6415],[-14.5421,16.6428],[-14.5437,16.6438],[-14.5454,16.6436],[-14.5471,16.6432],[-14.5484,16.642],[-14.5492,16.6405],[-14.5496,16.6385],[-14.5501,16.6364],[-14.5504,16.6347],[-14.5507,16.633],[-14.5506,16.6315],[-14.5512,16.6296],[-14.5517,16.6281],[-14.5524,16.6261],[-14.5531,16.6238],[-14.5535,16.6219],[-14.5547,16.6202],[-14.5554,16.6187],[-14.5567,16.6175],[-14.5587,16.6172],[-14.5604,16.6176],[-14.562,16.6188],[-14.5634,16.6198],[-14.5649,16.6208],[-14.5664,16.6219],[-14.568,16.6232],[-14.5698,16.6238],[-14.5716,16.6238],[-14.5735,16.6236],[-14.5754,16.6231],[-14.5768,16.6223],[-14.5789,16.6215],[-14.5813,16.6206],[-14.5835,16.6203],[-14.5852,16.6202],[-14.587,16.6204],[-14.5888,16.621],[-14.5904,16.6219],[-14.5921,16.6232],[-14.5942,16.6232],[-14.5957,16.6229],[-14.5975,16.622],[-14.5989,16.6208],[-14.6001,16.6195],[-14.6009,16.6183],[-14.602,16.6175],[-14.6036,16.6172],[-14.605,16.6179],[-14.6058,16.6194],[-14.6061,16.6207],[-14.6067,16.6225],[-14.6076,16.6238],[-14.6087,16.6251],[-14.6096,16.626],[-14.6112,16.6271],[-14.6128,16.6277],[-14.6151,16.6283],[-14.617,16.6286],[-14.6192,16.6289],[-14.6216,16.6288],[-14.6238,16.6288],[-14.6255,16.6288],[-14.6275,16.6283],[-14.629,16.6275],[-14.6307,16.6261],[-14.632,16.6245],[-14.6326,16.6228],[-14.6333,16.6213],[-14.6345,16.6198],[-14.636,16.6182],[-14.6371,16.6169],[-14.6389,16.6166],[-14.64,16.6173],[-14.6406,16.6177],[-14.642,16.6189],[-14.6432,16.6203],[-14.6442,16.6214],[-14.6445,16.6217],[-14.6462,16.6232],[-14.6479,16.625],[-14.6494,16.6266],[-14.6504,16.6285],[-14.6509,16.6302],[-14.6503,16.6316],[-14.6491,16.6322],[-14.6479,16.6323],[-14.6467,16.6325],[-14.6452,16.6327],[-14.6437,16.6333],[-14.6424,16.6338],[-14.641,16.6343],[-14.6394,16.6361],[-14.6392,16.6381],[-14.6395,16.6394],[-14.6396,16.6409],[-14.6395,16.6425],[-14.6393,16.6439],[-14.6397,16.6458],[-14.6408,16.6472],[-14.6428,16.6488],[-14.6456,16.6497],[-14.6478,16.6499],[-14.6498,16.6499],[-14.6521,16.6493],[-14.654,16.6489],[-14.656,16.6479],[-14.6583,16.6473],[-14.6606,16.6473],[-14.6627,16.6467],[-14.664,16.6464],[-14.6665,16.6459],[-14.6688,16.6459],[-14.671,16.646],[-14.6728,16.6461],[-14.6748,16.6464],[-14.677,16.6464],[-14.6791,16.6464],[-14.6811,16.6465],[-14.6836,16.6466],[-14.6857,16.6464],[-14.6876,16.6459],[-14.6897,16.6453],[-14.6915,16.6448],[-14.6933,16.6442],[-14.6955,16.6434],[-14.698,16.6426],[-14.6996,16.6419],[-14.7014,16.6411],[-14.7034,16.6403],[-14.7054,16.6394],[-14.707,16.6385],[-14.7093,16.638],[-14.7114,16.6379],[-14.7139,16.6384],[-14.7159,16.6392],[-14.7169,16.6407],[-14.7179,16.6416],[-14.719,16.6427],[-14.7202,16.6438],[-14.7217,16.6451],[-14.723,16.6463],[-14.7244,16.6464],[-14.7259,16.6457],[-14.7267,16.6447],[-14.7271,16.6434],[-14.7271,16.642],[-14.7269,16.6401],[-14.7269,16.6385],[-14.7268,16.6371],[-14.7266,16.635],[-14.7273,16.6332],[-14.7282,16.6325],[-14.7297,16.632],[-14.7315,16.6321],[-14.7329,16.6323],[-14.7344,16.6325],[-14.7362,16.6319],[-14.7372,16.6305],[-14.7375,16.6289],[-14.7372,16.6275],[-14.7359,16.6257],[-14.7347,16.624],[-14.7335,16.6217],[-14.7335,16.6202],[-14.7344,16.6191],[-14.7356,16.619],[-14.7372,16.6191],[-14.7391,16.6197],[-14.7412,16.6204],[-14.7434,16.6216],[-14.7451,16.6229],[-14.7474,16.6242],[-14.7491,16.626],[-14.7507,16.6279],[-14.7512,16.6296],[-14.7511,16.6313],[-14.7507,16.6336],[-14.7504,16.6358],[-14.7499,16.6372],[-14.7499,16.6388],[-14.7499,16.6404],[-14.7501,16.6423],[-14.7504,16.6438],[-14.7506,16.6455],[-14.7518,16.6472],[-14.7532,16.6486],[-14.7547,16.6498],[-14.7563,16.6515],[-14.7576,16.6526],[-14.7595,16.6539],[-14.7605,16.6545],[-14.7629,16.6554],[-14.7651,16.6559],[-14.7675,16.6559],[-14.7694,16.6555],[-14.7707,16.6542],[-14.7721,16.653],[-14.7731,16.6516],[-14.7742,16.6502],[-14.7758,16.648],[-14.7771,16.6464],[-14.7788,16.6441],[-14.7802,16.6421],[-14.781,16.6402],[-14.7819,16.6386],[-14.7825,16.6366],[-14.7833,16.6351],[-14.784,16.6334],[-14.7854,16.6316],[-14.7865,16.63],[-14.7884,16.6297],[-14.7901,16.6302],[-14.7916,16.6308],[-14.7933,16.6325],[-14.7946,16.6339],[-14.7959,16.6353],[-14.7974,16.6369],[-14.7987,16.6384],[-14.8001,16.6397],[-14.801,16.6407],[-14.8023,16.6427],[-14.8033,16.6442],[-14.8041,16.6452],[-14.8051,16.6467],[-14.806,16.6481],[-14.8066,16.6494],[-14.8082,16.6511],[-14.8097,16.6525],[-14.8107,16.6534],[-14.812,16.6542],[-14.8137,16.6548],[-14.8158,16.6548],[-14.8175,16.6542],[-14.8189,16.653],[-14.8199,16.6516],[-14.8207,16.6498],[-14.8215,16.6482],[-14.8219,16.6461],[-14.8221,16.6436],[-14.8221,16.642],[-14.8222,16.6403],[-14.8226,16.639],[-14.8234,16.637],[-14.8244,16.6363],[-14.8252,16.6357],[-14.8266,16.6354],[-14.8287,16.6357],[-14.8303,16.6362],[-14.8322,16.6375],[-14.8344,16.6389],[-14.8357,16.6394],[-14.8376,16.6396],[-14.8393,16.6399],[-14.8415,16.6398],[-14.8434,16.6396],[-14.8449,16.6396],[-14.8485,16.639],[-14.8511,16.6386],[-14.8533,16.6382],[-14.8551,16.6375],[-14.8584,16.6374],[-14.859,16.6379],[-14.8598,16.6387],[-14.8607,16.6393],[-14.8615,16.6407],[-14.8623,16.6421],[-14.863,16.6435],[-14.8642,16.6455],[-14.8652,16.6473],[-14.8662,16.6488],[-14.8671,16.6501],[-14.8689,16.6523],[-14.8702,16.6541],[-14.8718,16.6565],[-14.8734,16.6588],[-14.8756,16.6615],[-14.8772,16.6623],[-14.8792,16.6623],[-14.8808,16.662],[-14.8824,16.6614],[-14.8837,16.6604],[-14.8849,16.6591],[-14.8859,16.6576],[-14.887,16.6559],[-14.8871,16.6538],[-14.8873,16.6523],[-14.8878,16.6502],[-14.8884,16.6477],[-14.8887,16.6454],[-14.8892,16.6433],[-14.8901,16.6414],[-14.8908,16.6394],[-14.892,16.6373],[-14.893,16.6363],[-14.894,16.6348],[-14.8955,16.6334],[-14.8969,16.6328],[-14.8985,16.6329],[-14.9,16.633],[-14.9018,16.6332],[-14.9036,16.6341],[-14.9052,16.6343],[-14.9063,16.6347],[-14.908,16.6356],[-14.9092,16.6372],[-14.9099,16.6392],[-14.9101,16.6413],[-14.9099,16.6427],[-14.9096,16.643],[-14.91,16.6462],[-14.9101,16.6478],[-14.9103,16.6496],[-14.911,16.6501],[-14.9128,16.6504],[-14.9145,16.6497],[-14.9154,16.6486],[-14.9165,16.647],[-14.9175,16.6461],[-14.9187,16.6451],[-14.9199,16.6439],[-14.9214,16.6425],[-14.9229,16.641],[-14.9247,16.64],[-14.9259,16.6387],[-14.9273,16.6374],[-14.9285,16.6362],[-14.9297,16.6353],[-14.931,16.6347],[-14.9325,16.6337],[-14.9356,16.6328],[-14.9382,16.633],[-14.9402,16.6335],[-14.9417,16.6338],[-14.943,16.635],[-14.9453,16.6375],[-14.9476,16.6403],[-14.9497,16.6435],[-14.9509,16.646],[-14.9522,16.6474],[-14.9523,16.6477],[-14.8997,16.7166],[-14.8845,16.7298],[-14.8683,16.7387],[-14.8502,16.7453],[-14.8297,16.7571],[-14.7535,16.8076],[-14.5378,16.805],[-14.4129,16.7771],[-14.3174,16.7528],[-14.2165,16.7275],[-14.1761,16.7145]]]},"properties":{"code":"053","name":"Boghé (Moughataa)","level":"3","parent":"IaKTA3Vi4w6","parentGraph":"WPviLRHrXcD/IaKTA3Vi4w6","groups":[]}},{"type":"Feature","id":"R0kF9hdecPr","geometry":{"type":"Polygon","coordinates":[[[-10.9707,18.3115],[-11.0076,18.1298],[-11.0761,17.7604],[-11.0839,17.7236],[-11.0849,17.7117],[-11.0874,17.6987],[-11.0903,17.6889],[-11.0907,17.6834],[-11.0929,17.6795],[-11.0939,17.674],[-11.0908,17.6647],[-11.0888,17.6612],[-11.0854,17.6573],[-11.0819,17.6512],[-11.0793,17.6447],[-11.0748,17.6374],[-11.0725,17.6318],[-11.0704,17.6263],[-11.0695,17.6225],[-11.0687,17.6176],[-11.0672,17.6128],[-11.0666,17.6065],[-11.0675,17.6007],[-11.068,17.5965],[-11.0681,17.5919],[-11.0675,17.5833],[-11.0694,17.5768],[-11.0691,17.5697],[-11.0682,17.5634],[-11.067,17.5588],[-11.0632,17.5501],[-11.0595,17.5414],[-11.0579,17.5352],[-11.0568,17.5323],[-11.0541,17.5281],[-11.0508,17.5233],[-11.048,17.5161],[-11.0461,17.511],[-11.0441,17.5058],[-11.0403,17.5],[-11.0352,17.4911],[-11.0342,17.4828],[-11.1181,17.3997],[-11.2929,17.3963],[-11.5293,17.1761],[-11.5995,17.3115],[-11.5908,17.3174],[-11.5819,17.3227],[-11.5738,17.3279],[-11.5671,17.3341],[-11.5632,17.337],[-11.5556,17.3389],[-11.5456,17.342],[-11.5362,17.3435],[-11.5297,17.3446],[-11.5235,17.3489],[-11.5234,17.3567],[-11.5235,17.3648],[-11.5211,17.3711],[-11.5167,17.3746],[-11.5165,17.3817],[-11.5163,17.3913],[-11.5119,17.3935],[-11.5075,17.3974],[-11.5028,17.4024],[-11.4984,17.4068],[-11.495,17.4129],[-11.4902,17.4173],[-11.485,17.4204],[-11.4801,17.4241],[-11.4812,17.4278],[-11.4843,17.4303],[-11.4884,17.4329],[-11.4914,17.4376],[-11.4916,17.4406],[-11.4962,17.4408],[-11.502,17.4421],[-11.5049,17.4453],[-11.5086,17.4526],[-11.511,17.4573],[-11.514,17.4629],[-11.5098,17.4634],[-11.5041,17.4645],[-11.5029,17.4705],[-11.5065,17.4771],[-11.5126,17.4847],[-11.5163,17.4922],[-11.5167,17.4992],[-11.5112,17.4982],[-11.501,17.492],[-11.4966,17.4905],[-11.4912,17.4924],[-11.4928,17.4972],[-11.4962,17.5031],[-11.4993,17.5106],[-11.5014,17.5164],[-11.5019,17.523],[-11.499,17.5289],[-11.4935,17.5293],[-11.4899,17.5277],[-11.4874,17.5247],[-11.4849,17.5202],[-11.4826,17.5158],[-11.477,17.5125],[-11.4705,17.5106],[-11.4662,17.5087],[-11.4623,17.5073],[-11.4592,17.5089],[-11.4609,17.5129],[-11.4625,17.5205],[-11.4627,17.525],[-11.4611,17.5293],[-11.4596,17.5327],[-11.4542,17.5367],[-11.4501,17.5383],[-11.4474,17.5423],[-11.4489,17.5495],[-11.4529,17.5529],[-11.4564,17.5546],[-11.461,17.5566],[-11.4664,17.5562],[-11.4691,17.5532],[-11.4784,17.5521],[-11.481,17.5522],[-11.4862,17.5511],[-11.4877,17.5492],[-11.4872,17.5466],[-11.4865,17.5425],[-11.4857,17.5378],[-11.4902,17.538],[-11.4909,17.5395],[-11.4932,17.5427],[-11.4965,17.5446],[-11.5004,17.545],[-11.504,17.5437],[-11.508,17.5418],[-11.5136,17.5401],[-11.5172,17.5405],[-11.5177,17.5431],[-11.5139,17.545],[-11.5129,17.547],[-11.5149,17.5491],[-11.5183,17.5519],[-11.5203,17.5566],[-11.52,17.5619],[-11.517,17.5622],[-11.5142,17.5604],[-11.5115,17.5569],[-11.5081,17.5565],[-11.5054,17.5607],[-11.505,17.5661],[-11.507,17.5709],[-11.5107,17.5781],[-11.5117,17.5819],[-11.5107,17.5857],[-11.5085,17.5856],[-11.5057,17.5864],[-11.504,17.5871],[-11.5016,17.5861],[-11.4982,17.5842],[-11.4961,17.582],[-11.4941,17.5783],[-11.4932,17.5747],[-11.4924,17.5715],[-11.4901,17.5692],[-11.4871,17.5706],[-11.4833,17.5755],[-11.4803,17.5778],[-11.4774,17.5792],[-11.4725,17.5811],[-11.469,17.583],[-11.465,17.5831],[-11.462,17.5816],[-11.4566,17.5801],[-11.4532,17.5832],[-11.4486,17.5892],[-11.4437,17.5955],[-11.4391,17.5977],[-11.433,17.6001],[-11.4283,17.602],[-11.4227,17.6057],[-11.4169,17.6087],[-11.4126,17.6096],[-11.4117,17.6102],[-11.4085,17.6123],[-11.4044,17.6158],[-11.4061,17.6201],[-11.4062,17.6208],[-11.4082,17.6238],[-11.419,17.6394],[-11.42,17.6428],[-11.4205,17.644],[-11.421,17.6455],[-11.4216,17.6469],[-11.4224,17.648],[-11.4234,17.649],[-11.4245,17.65],[-11.4253,17.651],[-11.4257,17.652],[-11.4257,17.6534],[-11.4256,17.6552],[-11.4258,17.6572],[-11.4264,17.6588],[-11.4268,17.6595],[-11.4269,17.6606],[-11.427,17.6618],[-11.4267,17.6628],[-11.4258,17.6635],[-11.4247,17.6644],[-11.4218,17.6662],[-11.4209,17.6665],[-11.4199,17.6663],[-11.4192,17.6669],[-11.4192,17.6677],[-11.4194,17.6688],[-11.4204,17.6696],[-11.4216,17.6708],[-11.4229,17.6718],[-11.4235,17.6732],[-11.4239,17.6735],[-11.4242,17.674],[-11.4247,17.6747],[-11.4252,17.6753],[-11.4257,17.6762],[-11.4262,17.6769],[-11.4267,17.6775],[-11.4338,17.6886],[-11.4349,17.6901],[-11.4367,17.6919],[-11.4377,17.6927],[-11.4387,17.6938],[-11.4396,17.6946],[-11.4401,17.6954],[-11.4404,17.6962],[-11.4404,17.697],[-11.4397,17.6974],[-11.4392,17.6985],[-11.4389,17.6996],[-11.4388,17.7005],[-11.4392,17.7011],[-11.4399,17.7015],[-11.4404,17.7015],[-11.442,17.7012],[-11.4433,17.7003],[-11.4439,17.6997],[-11.4445,17.6992],[-11.4451,17.6986],[-11.4462,17.6984],[-11.4473,17.6983],[-11.449,17.6976],[-11.4504,17.6977],[-11.451,17.6981],[-11.452,17.6984],[-11.4529,17.6992],[-11.4532,17.6999],[-11.452,17.7004],[-11.4509,17.7006],[-11.449,17.7021],[-11.4478,17.7027],[-11.4467,17.7033],[-11.4468,17.7048],[-11.4471,17.7057],[-11.4473,17.706],[-11.4478,17.7066],[-11.4482,17.7072],[-11.4488,17.7082],[-11.4499,17.7095],[-11.4508,17.7106],[-11.4516,17.712],[-11.452,17.7134],[-11.452,17.7148],[-11.4523,17.7163],[-11.453,17.7175],[-11.4535,17.7183],[-11.4546,17.7196],[-11.4558,17.7215],[-11.4569,17.7228],[-11.4578,17.7237],[-11.4585,17.7246],[-11.4595,17.7256],[-11.4605,17.7265],[-11.4616,17.7274],[-11.463,17.728],[-11.4651,17.7289],[-11.4655,17.7295],[-11.466,17.7311],[-11.4662,17.7323],[-11.4667,17.7333],[-11.4676,17.7344],[-11.4689,17.7358],[-11.4732,17.7407],[-11.4738,17.7416],[-11.4757,17.7431],[-11.4768,17.7435],[-11.4781,17.7439],[-11.4798,17.7438],[-11.482,17.7435],[-11.4842,17.7432],[-11.4854,17.7431],[-11.4866,17.7433],[-11.4881,17.7436],[-11.4887,17.7446],[-11.4879,17.7456],[-11.4863,17.7466],[-11.4848,17.7474],[-11.4832,17.7488],[-11.4824,17.7501],[-11.4812,17.7513],[-11.4809,17.7521],[-11.4815,17.7531],[-11.4826,17.7543],[-11.4831,17.7548],[-11.4836,17.7553],[-11.4862,17.7582],[-11.4875,17.7589],[-11.4886,17.758],[-11.4895,17.7576],[-11.4913,17.7575],[-11.4926,17.7577],[-11.4923,17.7589],[-11.4915,17.7603],[-11.4914,17.7611],[-11.4915,17.7624],[-11.4922,17.7638],[-11.4924,17.7653],[-11.4919,17.7661],[-11.4904,17.7665],[-11.4908,17.7672],[-11.4921,17.7682],[-11.4921,17.7682],[-11.4922,17.7683],[-11.4937,17.7702],[-11.4943,17.7718],[-11.4948,17.7728],[-11.4955,17.7738],[-11.4966,17.7752],[-11.4978,17.7771],[-11.4984,17.778],[-11.5001,17.779],[-11.5001,17.779],[-11.5005,17.7792],[-11.5018,17.78],[-11.5029,17.7808],[-11.504,17.782],[-11.5052,17.7829],[-11.5065,17.7838],[-11.5079,17.7846],[-11.5106,17.7861],[-11.5117,17.7867],[-11.5127,17.7875],[-11.5143,17.7887],[-11.5149,17.7893],[-11.5152,17.7901],[-11.5156,17.791],[-11.5161,17.7921],[-11.5168,17.7932],[-11.5174,17.794],[-11.5202,17.797],[-11.5207,17.7983],[-11.5218,17.7999],[-11.5223,17.8013],[-11.5232,17.8025],[-11.5237,17.8037],[-11.5245,17.8052],[-11.5251,17.8063],[-11.5256,17.808],[-11.526,17.8095],[-11.5264,17.8106],[-11.5263,17.8118],[-11.5264,17.8127],[-11.5265,17.8136],[-11.5288,17.8166],[-11.5295,17.8176],[-11.53,17.8186],[-11.5303,17.8202],[-11.53,17.8219],[-11.5294,17.823],[-11.5283,17.8242],[-11.5262,17.8256],[-11.5248,17.8257],[-11.5233,17.8256],[-11.5221,17.8253],[-11.5212,17.8251],[-11.5195,17.8245],[-11.518,17.8235],[-11.5169,17.8224],[-11.5155,17.821],[-11.5136,17.8198],[-11.5114,17.8181],[-11.5101,17.8176],[-11.5076,17.8177],[-11.5061,17.8175],[-11.5047,17.8171],[-11.5032,17.8169],[-11.5019,17.8164],[-11.4995,17.816],[-11.4995,17.816],[-11.4981,17.8165],[-11.4961,17.8178],[-11.4948,17.8189],[-11.4935,17.8208],[-11.4917,17.8236],[-11.4892,17.8274],[-11.4866,17.836],[-11.4872,17.8384],[-11.4874,17.8393],[-11.4868,17.8414],[-11.4847,17.8505],[-11.4888,17.8548],[-11.4953,17.8582],[-11.4988,17.8604],[-11.5029,17.8628],[-11.5092,17.8643],[-11.511,17.866],[-11.5138,17.8692],[-11.52,17.8721],[-11.5274,17.8732],[-11.5318,17.8768],[-11.5344,17.8794],[-11.5388,17.8827],[-11.5409,17.8854],[-11.5443,17.8888],[-11.5469,17.8911],[-11.549,17.8932],[-11.5513,17.8959],[-11.5535,17.8984],[-11.5556,17.9028],[-11.5597,17.9085],[-11.5638,17.9149],[-11.5643,17.9183],[-11.5644,17.9229],[-11.5652,17.926],[-11.5662,17.9301],[-11.5677,17.9357],[-11.5692,17.9392],[-11.5694,17.9396],[-11.5743,17.9412],[-11.5782,17.9411],[-11.5847,17.9402],[-11.5907,17.9404],[-11.5955,17.9427],[-11.5981,17.9475],[-11.5968,17.9519],[-11.5948,17.9559],[-11.5908,17.961],[-11.5887,17.9639],[-11.5864,17.9678],[-11.5839,17.974],[-11.5831,17.9777],[-11.5797,17.9849],[-11.5734,17.9905],[-11.5683,17.9932],[-11.5648,17.9936],[-11.5589,17.9953],[-11.5549,17.9954],[-11.5459,18.0008],[-11.5467,18.0026],[-11.55,18.0026],[-11.5549,18.0072],[-11.5572,18.0112],[-11.5585,18.0158],[-11.5574,18.0202],[-11.5563,18.0243],[-11.5552,18.0285],[-11.5562,18.0319],[-11.557,18.0394],[-11.5576,18.0437],[-11.558,18.0485],[-11.5554,18.048],[-11.5534,18.0465],[-11.5513,18.044],[-11.5485,18.0428],[-11.5448,18.0423],[-11.5405,18.0414],[-11.5371,18.0416],[-11.5303,18.0369],[-11.5232,18.0386],[-11.5198,18.0419],[-11.5153,18.0451],[-11.5097,18.0478],[-11.5096,18.0434],[-11.5047,18.0354],[-11.501,18.0323],[-11.4964,18.0301],[-11.4952,18.0332],[-11.4953,18.0372],[-11.4968,18.0403],[-11.4985,18.0461],[-11.4997,18.0512],[-11.4994,18.0545],[-11.4971,18.06],[-11.4938,18.0647],[-11.4899,18.0691],[-11.4898,18.0729],[-11.4887,18.0779],[-11.4806,18.0806],[-11.4768,18.0828],[-11.4718,18.0839],[-11.47,18.0812],[-11.4692,18.079],[-11.4645,18.0773],[-11.4612,18.077],[-11.4581,18.077],[-11.4555,18.077],[-11.4509,18.0778],[-11.4455,18.0799],[-11.4375,18.083],[-11.432,18.085],[-11.4273,18.0861],[-11.4177,18.0885],[-11.4123,18.0899],[-11.4082,18.0882],[-11.4039,18.0857],[-11.3982,18.0807],[-11.3949,18.0779],[-11.3911,18.0749],[-11.3888,18.0737],[-11.3872,18.0714],[-11.3843,18.0688],[-11.3823,18.0705],[-11.3758,18.0748],[-11.3685,18.0767],[-11.363,18.0769],[-11.3597,18.0771],[-11.3543,18.0764],[-11.3522,18.0764],[-11.3473,18.0751],[-11.3459,18.0719],[-11.3447,18.0672],[-11.3461,18.0613],[-11.3466,18.0572],[-11.341,18.054],[-11.3384,18.0555],[-11.3328,18.0601],[-11.3291,18.0622],[-11.326,18.0639],[-11.3216,18.0671],[-11.3163,18.071],[-11.3123,18.0739],[-11.3054,18.076],[-11.3008,18.0771],[-11.2955,18.0782],[-11.2925,18.0799],[-11.2876,18.0836],[-11.2846,18.0873],[-11.2784,18.0934],[-11.2738,18.097],[-11.2658,18.1021],[-11.2591,18.104],[-11.2546,18.1038],[-11.2498,18.1016],[-11.2458,18.0986],[-11.2404,18.0985],[-11.2356,18.0995],[-11.2286,18.1001],[-11.2232,18.1011],[-11.2168,18.1007],[-11.2124,18.0995],[-11.2078,18.0945],[-11.207,18.0893],[-11.2037,18.0889],[-11.2008,18.0913],[-11.1988,18.0936],[-11.1982,18.0978],[-11.1985,18.1013],[-11.2006,18.1065],[-11.2024,18.1113],[-11.2052,18.1172],[-11.2063,18.1239],[-11.2035,18.1262],[-11.2012,18.1282],[-11.197,18.1322],[-11.1906,18.1353],[-11.1867,18.139],[-11.1806,18.1451],[-11.1753,18.1495],[-11.1717,18.1527],[-11.1687,18.1596],[-11.1742,18.1633],[-11.1797,18.1604],[-11.1848,18.1572],[-11.1932,18.1538],[-11.2009,18.15],[-11.2047,18.1501],[-11.2063,18.1526],[-11.2071,18.157],[-11.2048,18.1606],[-11.1988,18.1669],[-11.1903,18.1765],[-11.186,18.1816],[-11.1792,18.1882],[-11.1751,18.1943],[-11.1721,18.2016],[-11.1668,18.2081],[-11.1618,18.2125],[-11.158,18.2193],[-11.1536,18.2309],[-11.1491,18.2352],[-11.1448,18.2397],[-11.1371,18.2477],[-11.131,18.2513],[-11.1236,18.2535],[-11.1157,18.2538],[-11.1106,18.2541],[-11.1062,18.2607],[-11.1041,18.2645],[-11.1024,18.2683],[-11.0995,18.2734],[-11.0912,18.2791],[-11.0857,18.2801],[-11.0789,18.2831],[-11.0723,18.2857],[-11.0672,18.2879],[-11.059,18.2922],[-11.0532,18.2947],[-11.0466,18.2979],[-11.0415,18.3004],[-11.0338,18.2997],[-11.0306,18.2977],[-11.0263,18.2935],[-11.0241,18.2885],[-11.0188,18.2857],[-11.0138,18.2857],[-11.009,18.288],[-11.0046,18.2916],[-10.9972,18.2956],[-10.9924,18.2981],[-10.9845,18.3028],[-10.9806,18.3066],[-10.9761,18.3104],[-10.9707,18.3115]]]},"properties":{"code":"032","name":"Boumdeid (Moughataa)","level":"3","parent":"QJsZVxlFDVn","parentGraph":"WPviLRHrXcD/QJsZVxlFDVn","groups":[]}},{"type":"Feature","id":"Dz1jt6cQXI9","geometry":{"type":"MultiPolygon","coordinates":[[[[-14.2625,19.0013],[-13.3324,19.0003],[-13.2062,19.0003],[-12.6694,18.5573],[-13.453,18.0004],[-13.7341,17.8016],[-13.9595,17.6044],[-14.2798,17.1515],[-14.3205,17.0884],[-14.7346,16.8158],[-14.708,16.9585],[-14.672,17.156],[-15.0005,17.2465],[-15.0005,17.2465],[-15.0005,17.2465],[-15.1715,17.3628],[-15.1741,17.3646],[-15.1794,17.3628],[-15.3148,17.3181],[-15.2609,17.4718],[-15.2677,17.5754],[-15.2352,17.7519],[-15.1435,17.8598],[-15.0045,17.9584],[-15.0179,18.0007],[-15.029,18.0326],[-15.0142,18.0949],[-14.2625,19.0013]]],[[[-15.3148,17.318],[-15.3148,17.318],[-15.3148,17.318],[-15.3148,17.318]]]]},"properties":{"code":"061","name":"Boutilimit (Moughataa)","level":"3","parent":"vIMhkQoU0wE","parentGraph":"WPviLRHrXcD/vIMhkQoU0wE","groups":[]}},{"type":"Feature","id":"IaKTA3Vi4w6","geometry":{"type":"Polygon","coordinates":[[[-12.4104,17.3564],[-12.3463,17.2275],[-12.3557,17.2283],[-12.3617,17.2294],[-12.3678,17.2298],[-12.3765,17.2287],[-12.3792,17.227],[-12.3848,17.2231],[-12.3924,17.2206],[-12.3987,17.2183],[-12.4072,17.2153],[-12.4132,17.2108],[-12.42,17.207],[-12.4274,17.2018],[-12.4322,17.1953],[-12.4368,17.1921],[-12.4423,17.1917],[-12.4479,17.1919],[-12.4555,17.1911],[-12.4604,17.1894],[-12.4644,17.1879],[-12.4713,17.1836],[-12.4774,17.1786],[-12.4848,17.1734],[-12.4915,17.1645],[-12.4978,17.1556],[-12.5018,17.1485],[-12.5047,17.1408],[-12.5069,17.1328],[-12.5083,17.1281],[-12.5139,17.1223],[-12.5236,17.1175],[-12.5317,17.1137],[-12.5407,17.1112],[-12.5496,17.1112],[-12.5584,17.1111],[-12.5685,17.1092],[-12.5755,17.1039],[-12.5834,17.0964],[-12.5907,17.0876],[-12.5983,17.0815],[-12.6055,17.078],[-12.6202,17.0726],[-12.6324,17.0674],[-12.6427,17.059],[-12.6504,17.0536],[-12.6558,17.0504],[-12.6635,17.048],[-12.6749,17.0459],[-12.6846,17.0451],[-12.6973,17.0454],[-12.7068,17.0467],[-12.7164,17.0461],[-12.7254,17.0455],[-12.7352,17.0369],[-12.7414,17.0287],[-12.7467,17.0231],[-12.7533,17.0145],[-12.7594,17.0105],[-12.7657,17.0055],[-12.7739,16.9974],[-12.7796,16.9927],[-12.7892,16.9819],[-12.7951,16.9755],[-12.7984,16.9686],[-12.8028,16.9587],[-12.8077,16.9518],[-12.8113,16.9449],[-12.8133,16.9378],[-12.8154,16.9312],[-12.8194,16.924],[-12.8183,16.9134],[-12.8186,16.9032],[-12.818,16.8957],[-12.8172,16.8863],[-12.817,16.8809],[-12.8197,16.8753],[-12.8241,16.868],[-12.8238,16.8624],[-12.8264,16.8545],[-12.8275,16.85],[-12.8286,16.8454],[-12.8282,16.8412],[-12.8292,16.8366],[-12.83,16.8322],[-12.8303,16.8264],[-12.8309,16.8207],[-12.8347,16.8126],[-12.8379,16.8082],[-12.8406,16.8005],[-12.8431,16.7929],[-12.8447,16.7865],[-12.8477,16.7799],[-12.8497,16.776],[-12.8531,16.7707],[-12.8571,16.7647],[-12.8626,16.7598],[-12.8674,16.7544],[-12.8707,16.7502],[-12.8741,16.7455],[-12.8788,16.7405],[-12.8829,16.7354],[-12.8888,16.7284],[-12.8918,16.723],[-12.8953,16.719],[-12.8996,16.7147],[-12.9031,16.7115],[-12.9063,16.7063],[-12.9082,16.7018],[-12.9088,16.698],[-12.9095,16.694],[-12.9094,16.6876],[-12.909,16.6833],[-12.9103,16.6783],[-12.9128,16.6741],[-12.9153,16.6691],[-12.9189,16.6642],[-12.9209,16.658],[-12.9235,16.6516],[-12.9256,16.6481],[-12.9282,16.6405],[-12.9312,16.6364],[-12.9349,16.6316],[-12.9392,16.6262],[-12.9432,16.6207],[-12.9462,16.6164],[-12.9491,16.6132],[-12.9534,16.6096],[-12.9574,16.6073],[-12.9634,16.6059],[-13.1175,16.5755],[-13.1555,16.5415],[-13.1648,16.4507],[-13.1857,16.4507],[-13.1858,16.4197],[-13.2215,16.4045],[-13.5834,16.3064],[-13.6259,16.2925],[-13.6525,16.1945],[-13.688,16.1683],[-13.7074,16.1539],[-13.7209,16.144],[-13.721,16.1444],[-13.7201,16.1468],[-13.7191,16.1485],[-13.7171,16.1503],[-13.7154,16.1514],[-13.7138,16.1527],[-13.712,16.1542],[-13.7103,16.1563],[-13.7095,16.1568],[-13.7081,16.1586],[-13.7076,16.1593],[-13.707,16.16],[-13.7068,16.1606],[-13.7062,16.1616],[-13.706,16.1622],[-13.7056,16.1629],[-13.7047,16.1642],[-13.7038,16.1653],[-13.7025,16.1666],[-13.7007,16.1706],[-13.7005,16.172],[-13.7002,16.1729],[-13.7004,16.1755],[-13.7005,16.1756],[-13.7011,16.1773],[-13.7027,16.1792],[-13.7036,16.1802],[-13.7049,16.1811],[-13.7069,16.1818],[-13.7093,16.1827],[-13.7109,16.183],[-13.7129,16.1831],[-13.7151,16.1828],[-13.7179,16.1813],[-13.7224,16.1785],[-13.7276,16.1737],[-13.7315,16.1701],[-13.7357,16.1667],[-13.739,16.1624],[-13.7388,16.1625],[-13.7414,16.1595],[-13.7425,16.1582],[-13.7443,16.1574],[-13.7451,16.1572],[-13.7466,16.1569],[-13.7499,16.1533],[-13.7528,16.151],[-13.7575,16.1485],[-13.7619,16.147],[-13.766,16.1455],[-13.7694,16.1448],[-13.7716,16.1443],[-13.7759,16.1438],[-13.7793,16.1443],[-13.7822,16.1444],[-13.7854,16.1453],[-13.7856,16.1453],[-13.7878,16.1453],[-13.7897,16.1462],[-13.7918,16.1469],[-13.7939,16.147],[-13.7983,16.1462],[-13.7995,16.1458],[-13.8011,16.1454],[-13.8031,16.1441],[-13.8046,16.1432],[-13.8086,16.1417],[-13.8127,16.1401],[-13.8182,16.1375],[-13.8232,16.1344],[-13.8286,16.1308],[-13.8332,16.1259],[-13.8364,16.1214],[-13.8389,16.1179],[-13.8415,16.1148],[-13.8443,16.111],[-13.8445,16.1109],[-13.8445,16.1109],[-13.845,16.1102],[-13.8452,16.11],[-13.8459,16.1094],[-13.8459,16.1094],[-13.8461,16.1092],[-13.8467,16.1086],[-13.8472,16.1083],[-13.8472,16.1082],[-13.8485,16.1073],[-13.8494,16.1071],[-13.8507,16.1075],[-13.8516,16.1083],[-13.8517,16.1083],[-13.8523,16.1095],[-13.8535,16.1118],[-13.8538,16.1141],[-13.8548,16.1172],[-13.8549,16.1196],[-13.8552,16.1216],[-13.8553,16.1228],[-13.8551,16.1234],[-13.8557,16.1255],[-13.8566,16.1268],[-13.8595,16.1277],[-13.8627,16.1276],[-13.8631,16.1276],[-13.8645,16.1279],[-13.866,16.1285],[-13.8669,16.1294],[-13.8676,16.1309],[-13.8677,16.132],[-13.8681,16.1334],[-13.8683,16.1349],[-13.8686,16.1364],[-13.8691,16.1393],[-13.8697,16.1417],[-13.8703,16.1436],[-13.8716,16.1452],[-13.8759,16.1489],[-13.877,16.1505],[-13.8776,16.152],[-13.8784,16.1539],[-13.8787,16.1555],[-13.8787,16.1573],[-13.8787,16.1594],[-13.8788,16.1609],[-13.8785,16.1624],[-13.8785,16.1643],[-13.8777,16.1656],[-13.8771,16.1675],[-13.8762,16.1689],[-13.8751,16.1708],[-13.8742,16.1718],[-13.8741,16.1716],[-13.8727,16.1732],[-13.8707,16.1757],[-13.8693,16.1781],[-13.8688,16.1801],[-13.8687,16.1821],[-13.869,16.1855],[-13.8699,16.1877],[-13.8715,16.1897],[-13.8739,16.1915],[-13.8766,16.194],[-13.8783,16.1953],[-13.88,16.1962],[-13.8831,16.1976],[-13.8844,16.1978],[-13.8859,16.1977],[-13.8907,16.1955],[-13.8928,16.1943],[-13.8935,16.1937],[-13.8954,16.1923],[-13.8975,16.1912],[-13.8988,16.1905],[-13.9017,16.1905],[-13.9047,16.1908],[-13.9071,16.1919],[-13.9089,16.1925],[-13.912,16.1946],[-13.9142,16.1972],[-13.9153,16.199],[-13.9162,16.2017],[-13.9171,16.2044],[-13.9188,16.2092],[-13.9196,16.2122],[-13.9192,16.2128],[-13.9195,16.2167],[-13.9201,16.2169],[-13.9196,16.2201],[-13.9194,16.2222],[-13.9192,16.2233],[-13.9189,16.2241],[-13.9189,16.2258],[-13.9189,16.2259],[-13.9197,16.2269],[-13.9213,16.2286],[-13.9223,16.2288],[-13.9238,16.2288],[-13.9245,16.2286],[-13.9275,16.2273],[-13.9279,16.2271],[-13.9286,16.2268],[-13.931,16.2264],[-13.9325,16.2262],[-13.9339,16.2266],[-13.9348,16.2274],[-13.9355,16.2281],[-13.9361,16.2289],[-13.9372,16.2299],[-13.9392,16.2324],[-13.9406,16.2336],[-13.9408,16.2337],[-13.9412,16.2339],[-13.9416,16.2341],[-13.9428,16.2343],[-13.944,16.2341],[-13.9454,16.234],[-13.9489,16.2329],[-13.9516,16.2319],[-13.9551,16.2302],[-13.9575,16.2289],[-13.9599,16.2273],[-13.962,16.2259],[-13.9649,16.2242],[-13.9662,16.2237],[-13.9684,16.2229],[-13.9692,16.2226],[-13.9714,16.2218],[-13.9724,16.2216],[-13.9736,16.222],[-13.9737,16.2239],[-13.9724,16.2268],[-13.9714,16.2297],[-13.9711,16.2313],[-13.9711,16.2345],[-13.9708,16.2384],[-13.971,16.2395],[-13.9711,16.2421],[-13.9711,16.2448],[-13.9707,16.2481],[-13.9705,16.2492],[-13.9694,16.252],[-13.9691,16.2527],[-13.9678,16.2544],[-13.9662,16.2564],[-13.9643,16.258],[-13.9627,16.2595],[-13.9618,16.2603],[-13.9591,16.2627],[-13.9586,16.2631],[-13.956,16.2651],[-13.9538,16.2668],[-13.9526,16.2678],[-13.9522,16.268],[-13.952,16.2685],[-13.9519,16.2688],[-13.9518,16.2692],[-13.9518,16.27],[-13.9521,16.2709],[-13.9526,16.2717],[-13.953,16.272],[-13.9537,16.2725],[-13.9551,16.2736],[-13.9559,16.2741],[-13.9594,16.2757],[-13.9602,16.276],[-13.9636,16.277],[-13.9659,16.2776],[-13.9661,16.2776],[-13.9712,16.2776],[-13.9718,16.2776],[-13.9729,16.2776],[-13.973,16.2776],[-13.9734,16.2776],[-13.974,16.2775],[-13.9762,16.2773],[-13.9774,16.2772],[-13.9811,16.2765],[-13.9836,16.276],[-13.9853,16.2758],[-13.9863,16.2761],[-13.988,16.2773],[-13.9885,16.2783],[-13.9885,16.28],[-13.9887,16.2816],[-13.9889,16.2839],[-13.9889,16.2901],[-13.989,16.2903],[-13.989,16.2909],[-13.9894,16.297],[-13.9897,16.2993],[-13.9902,16.3019],[-13.9909,16.304],[-13.9906,16.3054],[-13.9899,16.3068],[-13.989,16.3077],[-13.9877,16.3084],[-13.9863,16.3087],[-13.9841,16.3095],[-13.9821,16.3099],[-13.9798,16.3103],[-13.9777,16.3105],[-13.9743,16.3104],[-13.9717,16.3095],[-13.9717,16.3095],[-13.9699,16.3081],[-13.9675,16.307],[-13.9644,16.3059],[-13.9635,16.3059],[-13.9624,16.3058],[-13.9602,16.3066],[-13.9585,16.3083],[-13.9577,16.3102],[-13.9576,16.3127],[-13.958,16.3148],[-13.9584,16.3161],[-13.9591,16.3176],[-13.9598,16.3189],[-13.9604,16.3199],[-13.9611,16.3208],[-13.9612,16.3208],[-13.9623,16.3224],[-13.9631,16.3233],[-13.9639,16.3272],[-13.9649,16.3293],[-13.9656,16.3309],[-13.9661,16.3314],[-13.9681,16.3337],[-13.9691,16.3346],[-13.9704,16.3357],[-13.9713,16.3361],[-13.9722,16.3364],[-13.9733,16.3364],[-13.9754,16.336],[-13.9771,16.3367],[-13.9793,16.3374],[-13.9809,16.3382],[-13.9829,16.3389],[-13.9843,16.339],[-13.9862,16.34],[-13.9883,16.3415],[-13.9902,16.3428],[-13.9924,16.3443],[-13.9934,16.3453],[-13.9942,16.3457],[-13.9949,16.3461],[-13.9959,16.3471],[-13.9974,16.3484],[-13.9992,16.3493],[-14.0014,16.3491],[-14.0017,16.3492],[-14.003,16.3491],[-14.0035,16.3491],[-14.0039,16.349],[-14.0043,16.3489],[-14.0054,16.3487],[-14.0062,16.3485],[-14.0069,16.3482],[-14.0087,16.3481],[-14.0107,16.3478],[-14.0126,16.3473],[-14.0152,16.3472],[-14.0177,16.3464],[-14.0191,16.3462],[-14.0211,16.3458],[-14.0229,16.3454],[-14.023,16.3453],[-14.0245,16.3451],[-14.0267,16.3453],[-14.0284,16.3467],[-14.0293,16.3486],[-14.0302,16.3505],[-14.0303,16.3506],[-14.0305,16.3514],[-14.0308,16.3523],[-14.0309,16.3527],[-14.0317,16.3552],[-14.0325,16.3573],[-14.0334,16.3593],[-14.0342,16.361],[-14.0345,16.3617],[-14.0357,16.3646],[-14.0371,16.3664],[-14.0384,16.3683],[-14.039,16.3691],[-14.0396,16.3698],[-14.04,16.3704],[-14.0404,16.3708],[-14.0419,16.3724],[-14.0437,16.3744],[-14.0457,16.3765],[-14.0475,16.3784],[-14.0494,16.3799],[-14.0494,16.3799],[-14.0498,16.3803],[-14.0505,16.3809],[-14.0509,16.3813],[-14.0525,16.3828],[-14.0539,16.3843],[-14.0551,16.3861],[-14.0575,16.3882],[-14.0593,16.3895],[-14.0613,16.3911],[-14.0631,16.3922],[-14.0649,16.3937],[-14.0663,16.3945],[-14.0666,16.3956],[-14.0669,16.3968],[-14.0672,16.3987],[-14.0677,16.4006],[-14.0689,16.4022],[-14.07,16.4037],[-14.0714,16.405],[-14.0727,16.4061],[-14.0729,16.4064],[-14.0736,16.4069],[-14.0746,16.4076],[-14.0762,16.4089],[-14.0779,16.4104],[-14.0801,16.4121],[-14.0819,16.4137],[-14.0837,16.4149],[-14.0856,16.4157],[-14.0872,16.4171],[-14.0894,16.4187],[-14.0916,16.4197],[-14.0939,16.4207],[-14.0958,16.4212],[-14.0982,16.422],[-14.1003,16.4223],[-14.1026,16.4233],[-14.1044,16.4248],[-14.1054,16.4262],[-14.1065,16.4281],[-14.1074,16.4297],[-14.1077,16.4314],[-14.1077,16.4331],[-14.1077,16.4347],[-14.1077,16.4364],[-14.1084,16.4381],[-14.1086,16.4393],[-14.1095,16.4395],[-14.1098,16.44],[-14.1111,16.4419],[-14.1127,16.4432],[-14.1142,16.4446],[-14.1161,16.4459],[-14.1178,16.447],[-14.1193,16.4476],[-14.1196,16.4477],[-14.121,16.4485],[-14.1212,16.4486],[-14.1221,16.4489],[-14.1233,16.4494],[-14.1252,16.4502],[-14.1274,16.4511],[-14.1292,16.4516],[-14.1311,16.4521],[-14.1329,16.4524],[-14.1348,16.4527],[-14.1365,16.4529],[-14.1379,16.4539],[-14.1386,16.4555],[-14.1397,16.4576],[-14.1403,16.4592],[-14.1403,16.4609],[-14.1403,16.4627],[-14.1395,16.464],[-14.1389,16.4653],[-14.138,16.4666],[-14.1371,16.4685],[-14.1362,16.4698],[-14.1348,16.4709],[-14.1334,16.4718],[-14.1322,16.4728],[-14.1312,16.4742],[-14.131,16.4756],[-14.1314,16.4771],[-14.1329,16.4779],[-14.1348,16.4785],[-14.1366,16.4781],[-14.138,16.4775],[-14.139,16.4766],[-14.1397,16.4754],[-14.1406,16.4741],[-14.1418,16.4728],[-14.1431,16.4723],[-14.1447,16.4718],[-14.1461,16.4717],[-14.1479,16.4716],[-14.1498,16.4716],[-14.1513,16.472],[-14.1529,16.4731],[-14.1542,16.4745],[-14.1554,16.4754],[-14.1565,16.4766],[-14.1572,16.4778],[-14.1579,16.4793],[-14.1587,16.4811],[-14.1597,16.4828],[-14.1599,16.4842],[-14.1611,16.4862],[-14.1621,16.4878],[-14.1634,16.4892],[-14.1647,16.4905],[-14.1657,16.4913],[-14.1658,16.4914],[-14.1659,16.4914],[-14.1665,16.4918],[-14.1679,16.4931],[-14.1691,16.4939],[-14.1699,16.4943],[-14.1723,16.4952],[-14.174,16.496],[-14.1745,16.4961],[-14.1753,16.4963],[-14.1755,16.4963],[-14.1757,16.4963],[-14.1766,16.4967],[-14.1767,16.4968],[-14.1779,16.4973],[-14.18,16.4981],[-14.1818,16.4994],[-14.183,16.5006],[-14.1844,16.5018],[-14.1845,16.5019],[-14.1861,16.5028],[-14.1879,16.5036],[-14.1898,16.5041],[-14.1917,16.5046],[-14.1935,16.5052],[-14.1956,16.5059],[-14.1975,16.5066],[-14.1986,16.5073],[-14.1988,16.5074],[-14.2002,16.5088],[-14.2014,16.5105],[-14.2024,16.5124],[-14.2036,16.5143],[-14.2036,16.5145],[-14.2033,16.516],[-14.2033,16.5181],[-14.2029,16.5198],[-14.2023,16.5213],[-14.2013,16.5231],[-14.2006,16.5244],[-14.1998,16.5259],[-14.1989,16.5272],[-14.199,16.5277],[-14.199,16.5277],[-14.199,16.5278],[-14.1992,16.5292],[-14.1999,16.5304],[-14.2013,16.5312],[-14.2029,16.5318],[-14.2043,16.5324],[-14.2058,16.533],[-14.2071,16.5335],[-14.2076,16.5337],[-14.2096,16.5348],[-14.2112,16.5361],[-14.213,16.5379],[-14.2144,16.5392],[-14.2157,16.5402],[-14.2169,16.5413],[-14.2174,16.5416],[-14.2192,16.5426],[-14.2211,16.5436],[-14.2227,16.5439],[-14.2245,16.5443],[-14.2267,16.5447],[-14.2289,16.5449],[-14.2312,16.5452],[-14.2312,16.5453],[-14.2334,16.5457],[-14.2359,16.546],[-14.2361,16.546],[-14.2366,16.546],[-14.2382,16.5462],[-14.2387,16.5462],[-14.2406,16.5463],[-14.2436,16.5463],[-14.2453,16.5458],[-14.2472,16.5456],[-14.2482,16.545],[-14.2488,16.5447],[-14.2507,16.5433],[-14.252,16.5422],[-14.2534,16.5404],[-14.255,16.5388],[-14.2559,16.537],[-14.2564,16.5354],[-14.2572,16.5332],[-14.2578,16.5318],[-14.2582,16.53],[-14.2585,16.5284],[-14.2585,16.5266],[-14.2585,16.5248],[-14.2581,16.5229],[-14.2575,16.5212],[-14.2571,16.5204],[-14.2565,16.5193],[-14.2557,16.5178],[-14.2547,16.5165],[-14.2545,16.515],[-14.2551,16.5138],[-14.2566,16.5143],[-14.2577,16.5154],[-14.2585,16.5169],[-14.2595,16.5191],[-14.2606,16.5207],[-14.261,16.5218],[-14.2612,16.5223],[-14.262,16.5245],[-14.2627,16.5263],[-14.2639,16.5274],[-14.2647,16.5298],[-14.2658,16.5319],[-14.2675,16.5341],[-14.2687,16.5362],[-14.2694,16.538],[-14.271,16.5401],[-14.2722,16.542],[-14.2733,16.5433],[-14.2746,16.5455],[-14.2751,16.5474],[-14.2754,16.5494],[-14.2754,16.5512],[-14.2756,16.5531],[-14.2752,16.5549],[-14.2748,16.557],[-14.2745,16.5593],[-14.2741,16.5608],[-14.2737,16.5625],[-14.2728,16.564],[-14.2715,16.5652],[-14.2704,16.5659],[-14.2693,16.5668],[-14.2685,16.5681],[-14.2677,16.5694],[-14.2671,16.5703],[-14.2671,16.5724],[-14.2671,16.5733],[-14.2671,16.5743],[-14.2684,16.5755],[-14.2685,16.5755],[-14.2706,16.5771],[-14.2719,16.5783],[-14.2729,16.5799],[-14.2738,16.5811],[-14.2754,16.582],[-14.2773,16.5834],[-14.2797,16.5844],[-14.2817,16.585],[-14.2836,16.5855],[-14.2853,16.5852],[-14.287,16.5845],[-14.2885,16.5838],[-14.2898,16.5825],[-14.2908,16.5816],[-14.2909,16.5814],[-14.2919,16.5802],[-14.2928,16.579],[-14.294,16.5775],[-14.2944,16.5765],[-14.2945,16.5753],[-14.2951,16.5739],[-14.2963,16.5728],[-14.298,16.5719],[-14.3001,16.5713],[-14.302,16.5712],[-14.3043,16.5708],[-14.3064,16.5709],[-14.3085,16.5707],[-14.3104,16.5709],[-14.312,16.5709],[-14.3137,16.5706],[-14.3154,16.5701],[-14.317,16.5693],[-14.318,16.5683],[-14.3191,16.5673],[-14.3204,16.5665],[-14.322,16.5659],[-14.3241,16.5655],[-14.3264,16.5655],[-14.3283,16.5656],[-14.3299,16.5663],[-14.3312,16.5676],[-14.3322,16.5689],[-14.3333,16.5706],[-14.3333,16.5726],[-14.3333,16.5739],[-14.3334,16.575],[-14.3329,16.5769],[-14.3327,16.5792],[-14.3324,16.5812],[-14.3318,16.5832],[-14.3316,16.5851],[-14.3312,16.5874],[-14.3303,16.5891],[-14.3298,16.5914],[-14.3289,16.5941],[-14.3281,16.5958],[-14.3275,16.5981],[-14.3273,16.6002],[-14.3273,16.6022],[-14.3275,16.6047],[-14.3275,16.6068],[-14.3275,16.6088],[-14.3275,16.611],[-14.3275,16.6132],[-14.3272,16.6152],[-14.3272,16.6177],[-14.3268,16.6198],[-14.327,16.6219],[-14.3266,16.6242],[-14.3266,16.6261],[-14.3266,16.6279],[-14.3268,16.6297],[-14.3278,16.6319],[-14.3283,16.6333],[-14.3285,16.6339],[-14.3297,16.6359],[-14.3309,16.6378],[-14.3325,16.6392],[-14.3342,16.6398],[-14.3362,16.6404],[-14.3379,16.6407],[-14.3393,16.6407],[-14.341,16.6403],[-14.343,16.6399],[-14.3446,16.6394],[-14.345,16.6392],[-14.3468,16.6386],[-14.3486,16.6384],[-14.35,16.6379],[-14.3522,16.6374],[-14.3544,16.6369],[-14.3571,16.6359],[-14.3582,16.6351],[-14.361,16.6341],[-14.361,16.6341],[-14.3629,16.6333],[-14.3644,16.6326],[-14.366,16.6325],[-14.3678,16.6326],[-14.3699,16.6329],[-14.3716,16.6333],[-14.3732,16.6334],[-14.3748,16.634],[-14.3764,16.6348],[-14.378,16.6353],[-14.3795,16.6355],[-14.3812,16.6361],[-14.3833,16.6364],[-14.3852,16.6364],[-14.3873,16.6354],[-14.3891,16.6351],[-14.3912,16.6339],[-14.3936,16.6332],[-14.3954,16.6328],[-14.3974,16.632],[-14.3991,16.6314],[-14.4006,16.6311],[-14.402,16.6316],[-14.404,16.6317],[-14.4056,16.6322],[-14.4074,16.6328],[-14.4088,16.6345],[-14.4104,16.6361],[-14.4113,16.6374],[-14.4119,16.639],[-14.4124,16.6405],[-14.4129,16.6419],[-14.4131,16.6438],[-14.4133,16.6457],[-14.4138,16.6473],[-14.4148,16.6491],[-14.4157,16.6508],[-14.4176,16.6515],[-14.4178,16.6516],[-14.4198,16.6516],[-14.4215,16.6516],[-14.4228,16.6507],[-14.4236,16.6496],[-14.4251,16.6488],[-14.4261,16.6478],[-14.4278,16.6472],[-14.4278,16.6472],[-14.4293,16.6464],[-14.4306,16.6454],[-14.4322,16.6444],[-14.4341,16.6432],[-14.4356,16.6423],[-14.4369,16.6411],[-14.4377,16.6398],[-14.439,16.6385],[-14.4395,16.6372],[-14.4406,16.636],[-14.4412,16.6346],[-14.4419,16.633],[-14.4426,16.6313],[-14.4432,16.6295],[-14.4441,16.6279],[-14.4452,16.6266],[-14.4459,16.6257],[-14.4464,16.6247],[-14.4481,16.6234],[-14.4493,16.6228],[-14.4506,16.6226],[-14.4522,16.6225],[-14.454,16.6225],[-14.456,16.6228],[-14.4582,16.6229],[-14.46,16.6232],[-14.4616,16.6236],[-14.4638,16.6242],[-14.4658,16.6245],[-14.4681,16.6248],[-14.4703,16.6251],[-14.4721,16.6252],[-14.4742,16.6256],[-14.4766,16.6253],[-14.4785,16.625],[-14.48,16.6242],[-14.4815,16.6234],[-14.483,16.6222],[-14.4841,16.6207],[-14.4852,16.619],[-14.486,16.6179],[-14.4877,16.6163],[-14.4895,16.6151],[-14.4911,16.6144],[-14.4938,16.6133],[-14.4964,16.6132],[-14.4982,16.6131],[-14.5001,16.6133],[-14.5017,16.6137],[-14.5029,16.6148],[-14.5048,16.6163],[-14.5062,16.6177],[-14.5079,16.619],[-14.5097,16.6206],[-14.5116,16.6216],[-14.5139,16.6227],[-14.516,16.6238],[-14.518,16.6247],[-14.5206,16.6253],[-14.5233,16.626],[-14.5256,16.6271],[-14.5278,16.6284],[-14.5297,16.6304],[-14.5315,16.6322],[-14.5331,16.6342],[-14.5343,16.636],[-14.5363,16.638],[-14.5384,16.6401],[-14.5399,16.6415],[-14.5421,16.6428],[-14.5437,16.6438],[-14.5454,16.6436],[-14.5471,16.6432],[-14.5484,16.642],[-14.5492,16.6405],[-14.5496,16.6385],[-14.5501,16.6364],[-14.5504,16.6347],[-14.5507,16.633],[-14.5506,16.6315],[-14.5512,16.6296],[-14.5517,16.6281],[-14.5524,16.6261],[-14.5531,16.6238],[-14.5535,16.6219],[-14.5547,16.6202],[-14.5554,16.6187],[-14.5567,16.6175],[-14.5587,16.6172],[-14.5604,16.6176],[-14.562,16.6188],[-14.5634,16.6198],[-14.5649,16.6208],[-14.5664,16.6219],[-14.568,16.6232],[-14.5698,16.6238],[-14.5716,16.6238],[-14.5735,16.6236],[-14.5754,16.6231],[-14.5768,16.6223],[-14.5789,16.6215],[-14.5813,16.6206],[-14.5835,16.6203],[-14.5852,16.6202],[-14.587,16.6204],[-14.5888,16.621],[-14.5904,16.6219],[-14.5921,16.6232],[-14.5942,16.6232],[-14.5957,16.6229],[-14.5975,16.622],[-14.5989,16.6208],[-14.6001,16.6195],[-14.6009,16.6183],[-14.602,16.6175],[-14.6036,16.6172],[-14.605,16.6179],[-14.6058,16.6194],[-14.6061,16.6207],[-14.6067,16.6225],[-14.6076,16.6238],[-14.6087,16.6251],[-14.6096,16.626],[-14.6112,16.6271],[-14.6128,16.6277],[-14.6151,16.6283],[-14.617,16.6286],[-14.6192,16.6289],[-14.6216,16.6288],[-14.6238,16.6288],[-14.6255,16.6288],[-14.6275,16.6283],[-14.629,16.6275],[-14.6307,16.6261],[-14.632,16.6245],[-14.6326,16.6228],[-14.6333,16.6213],[-14.6345,16.6198],[-14.636,16.6182],[-14.6371,16.6169],[-14.6389,16.6166],[-14.64,16.6173],[-14.6406,16.6177],[-14.642,16.6189],[-14.6432,16.6203],[-14.6442,16.6214],[-14.6445,16.6217],[-14.6462,16.6232],[-14.6479,16.625],[-14.6494,16.6266],[-14.6504,16.6285],[-14.6509,16.6302],[-14.6503,16.6316],[-14.6491,16.6322],[-14.6479,16.6323],[-14.6467,16.6325],[-14.6452,16.6327],[-14.6437,16.6333],[-14.6424,16.6338],[-14.641,16.6343],[-14.6394,16.6361],[-14.6392,16.6381],[-14.6395,16.6394],[-14.6396,16.6409],[-14.6395,16.6425],[-14.6393,16.6439],[-14.6397,16.6458],[-14.6408,16.6472],[-14.6428,16.6488],[-14.6456,16.6497],[-14.6478,16.6499],[-14.6498,16.6499],[-14.6521,16.6493],[-14.654,16.6489],[-14.656,16.6479],[-14.6583,16.6473],[-14.6606,16.6473],[-14.6627,16.6467],[-14.664,16.6464],[-14.6665,16.6459],[-14.6688,16.6459],[-14.671,16.646],[-14.6728,16.6461],[-14.6748,16.6464],[-14.677,16.6464],[-14.6791,16.6464],[-14.6811,16.6465],[-14.6836,16.6466],[-14.6857,16.6464],[-14.6876,16.6459],[-14.6897,16.6453],[-14.6915,16.6448],[-14.6933,16.6442],[-14.6955,16.6434],[-14.698,16.6426],[-14.6996,16.6419],[-14.7014,16.6411],[-14.7034,16.6403],[-14.7054,16.6394],[-14.707,16.6385],[-14.7093,16.638],[-14.7114,16.6379],[-14.7139,16.6384],[-14.7159,16.6392],[-14.7169,16.6407],[-14.7179,16.6416],[-14.719,16.6427],[-14.7202,16.6438],[-14.7217,16.6451],[-14.723,16.6463],[-14.7244,16.6464],[-14.7259,16.6457],[-14.7267,16.6447],[-14.7271,16.6434],[-14.7271,16.642],[-14.7269,16.6401],[-14.7269,16.6385],[-14.7268,16.6371],[-14.7266,16.635],[-14.7273,16.6332],[-14.7282,16.6325],[-14.7297,16.632],[-14.7315,16.6321],[-14.7329,16.6323],[-14.7344,16.6325],[-14.7362,16.6319],[-14.7372,16.6305],[-14.7375,16.6289],[-14.7372,16.6275],[-14.7359,16.6257],[-14.7347,16.624],[-14.7335,16.6217],[-14.7335,16.6202],[-14.7344,16.6191],[-14.7356,16.619],[-14.7372,16.6191],[-14.7391,16.6197],[-14.7412,16.6204],[-14.7434,16.6216],[-14.7451,16.6229],[-14.7474,16.6242],[-14.7491,16.626],[-14.7507,16.6279],[-14.7512,16.6296],[-14.7511,16.6313],[-14.7507,16.6336],[-14.7504,16.6358],[-14.7499,16.6372],[-14.7499,16.6388],[-14.7499,16.6404],[-14.7501,16.6423],[-14.7504,16.6438],[-14.7506,16.6455],[-14.7518,16.6472],[-14.7532,16.6486],[-14.7547,16.6498],[-14.7563,16.6515],[-14.7576,16.6526],[-14.7595,16.6539],[-14.7605,16.6545],[-14.7629,16.6554],[-14.7651,16.6559],[-14.7675,16.6559],[-14.7694,16.6555],[-14.7707,16.6542],[-14.7721,16.653],[-14.7731,16.6516],[-14.7742,16.6502],[-14.7758,16.648],[-14.7771,16.6464],[-14.7788,16.6441],[-14.7802,16.6421],[-14.781,16.6402],[-14.7819,16.6386],[-14.7825,16.6366],[-14.7833,16.6351],[-14.784,16.6334],[-14.7854,16.6316],[-14.7865,16.63],[-14.7884,16.6297],[-14.7901,16.6302],[-14.7916,16.6308],[-14.7933,16.6325],[-14.7946,16.6339],[-14.7959,16.6353],[-14.7974,16.6369],[-14.7987,16.6384],[-14.8001,16.6397],[-14.801,16.6407],[-14.8023,16.6427],[-14.8033,16.6442],[-14.8041,16.6452],[-14.8051,16.6467],[-14.806,16.6481],[-14.8066,16.6494],[-14.8082,16.6511],[-14.8097,16.6525],[-14.8107,16.6534],[-14.812,16.6542],[-14.8137,16.6548],[-14.8158,16.6548],[-14.8175,16.6542],[-14.8189,16.653],[-14.8199,16.6516],[-14.8207,16.6498],[-14.8215,16.6482],[-14.8219,16.6461],[-14.8221,16.6436],[-14.8221,16.642],[-14.8222,16.6403],[-14.8226,16.639],[-14.8234,16.637],[-14.8244,16.6363],[-14.8252,16.6357],[-14.8266,16.6354],[-14.8287,16.6357],[-14.8303,16.6362],[-14.8322,16.6375],[-14.8344,16.6389],[-14.8357,16.6394],[-14.8376,16.6396],[-14.8393,16.6399],[-14.8415,16.6398],[-14.8434,16.6396],[-14.8449,16.6396],[-14.8485,16.639],[-14.8511,16.6386],[-14.8533,16.6382],[-14.8551,16.6375],[-14.8584,16.6374],[-14.859,16.6379],[-14.8598,16.6387],[-14.8607,16.6393],[-14.8615,16.6407],[-14.8623,16.6421],[-14.863,16.6435],[-14.8642,16.6455],[-14.8652,16.6473],[-14.8662,16.6488],[-14.8671,16.6501],[-14.8689,16.6523],[-14.8702,16.6541],[-14.8718,16.6565],[-14.8734,16.6588],[-14.8756,16.6615],[-14.8772,16.6623],[-14.8792,16.6623],[-14.8808,16.662],[-14.8824,16.6614],[-14.8837,16.6604],[-14.8849,16.6591],[-14.8859,16.6576],[-14.887,16.6559],[-14.8871,16.6538],[-14.8873,16.6523],[-14.8878,16.6502],[-14.8884,16.6477],[-14.8887,16.6454],[-14.8892,16.6433],[-14.8901,16.6414],[-14.8908,16.6394],[-14.892,16.6373],[-14.893,16.6363],[-14.894,16.6348],[-14.8955,16.6334],[-14.8969,16.6328],[-14.8985,16.6329],[-14.9,16.633],[-14.9018,16.6332],[-14.9036,16.6341],[-14.9052,16.6343],[-14.9063,16.6347],[-14.908,16.6356],[-14.9092,16.6372],[-14.9099,16.6392],[-14.9101,16.6413],[-14.9099,16.6427],[-14.9096,16.643],[-14.91,16.6462],[-14.9101,16.6478],[-14.9103,16.6496],[-14.911,16.6501],[-14.9128,16.6504],[-14.9145,16.6497],[-14.9154,16.6486],[-14.9165,16.647],[-14.9175,16.6461],[-14.9187,16.6451],[-14.9199,16.6439],[-14.9214,16.6425],[-14.9229,16.641],[-14.9247,16.64],[-14.9259,16.6387],[-14.9273,16.6374],[-14.9285,16.6362],[-14.9297,16.6353],[-14.931,16.6347],[-14.9325,16.6337],[-14.9356,16.6328],[-14.9382,16.633],[-14.9402,16.6335],[-14.9417,16.6338],[-14.943,16.635],[-14.9453,16.6375],[-14.9476,16.6403],[-14.9497,16.6435],[-14.9509,16.646],[-14.9522,16.6474],[-14.9523,16.6477],[-14.8997,16.7166],[-14.8845,16.7298],[-14.8683,16.7387],[-14.8502,16.7453],[-14.8297,16.7571],[-14.7535,16.8076],[-14.7346,16.8158],[-14.3205,17.0884],[-14.2798,17.1515],[-13.9595,17.6044],[-13.7341,17.8016],[-13.453,18.0004],[-12.6694,18.5573],[-12.4794,18.2743],[-12.4975,18.0381],[-12.5155,17.8347],[-12.5454,17.4924],[-12.4104,17.3564]]]},"properties":{"code":"05","name":"Brakna","level":"2","parent":"WPviLRHrXcD","parentGraph":"WPviLRHrXcD","groups":[]}},{"type":"Feature","id":"viFebCAiLgs","geometry":{"type":"MultiPolygon","coordinates":[[[[-16.4317,19.549],[-16.4353,19.5465],[-16.4348,19.5503],[-16.4334,19.5537],[-16.432,19.5561],[-16.4293,19.556],[-16.43,19.5528],[-16.4317,19.549]]],[[[-16.4309,19.5636],[-16.431,19.5634],[-16.4309,19.5636],[-16.4309,19.5636]]],[[[-16.4309,19.5636],[-16.4302,19.5655],[-16.4281,19.5679],[-16.4264,19.5671],[-16.426,19.5651],[-16.4268,19.5635],[-16.4289,19.563],[-16.4309,19.5636],[-16.4309,19.5636]]],[[[-16.4901,19.6138],[-16.4896,19.6104],[-16.4878,19.6067],[-16.4861,19.6035],[-16.4849,19.6004],[-16.4849,19.5963],[-16.4879,19.5956],[-16.4906,19.5997],[-16.4934,19.6004],[-16.4971,19.6013],[-16.5009,19.6041],[-16.5019,19.6088],[-16.5013,19.6127],[-16.4966,19.612],[-16.4941,19.6122],[-16.4913,19.6132],[-16.4901,19.6138]]],[[[-16.4802,19.6359],[-16.481,19.6329],[-16.4815,19.6304],[-16.4838,19.6302],[-16.4849,19.6332],[-16.4875,19.6306],[-16.4867,19.6272],[-16.486,19.6242],[-16.4898,19.6249],[-16.4936,19.6314],[-16.4932,19.6362],[-16.4913,19.642],[-16.4904,19.6471],[-16.49,19.6501],[-16.4898,19.6541],[-16.4908,19.6578],[-16.4897,19.6603],[-16.4873,19.6618],[-16.484,19.6614],[-16.484,19.6563],[-16.4822,19.6527],[-16.4782,19.6487],[-16.4762,19.6472],[-16.476,19.6418],[-16.4791,19.6387],[-16.4802,19.6359]]],[[[-16.5395,19.675],[-16.5422,19.6706],[-16.5449,19.673],[-16.5468,19.675],[-16.5475,19.6791],[-16.5505,19.6809],[-16.5538,19.6853],[-16.5529,19.6905],[-16.5529,19.6943],[-16.5532,19.6991],[-16.5533,19.7047],[-16.5529,19.7102],[-16.5536,19.7156],[-16.5524,19.7214],[-16.5508,19.7218],[-16.5501,19.7217],[-16.5483,19.7139],[-16.5469,19.7084],[-16.547,19.7025],[-16.5464,19.6964],[-16.5459,19.692],[-16.5439,19.6858],[-16.5415,19.6798],[-16.5395,19.675]]],[[[-16.4746,19.6914],[-16.4764,19.6864],[-16.4764,19.6802],[-16.4786,19.6754],[-16.4842,19.6733],[-16.491,19.6724],[-16.4978,19.6729],[-16.502,19.6727],[-16.5086,19.6735],[-16.5131,19.6755],[-16.5169,19.6777],[-16.5182,19.6815],[-16.5185,19.6871],[-16.518,19.6928],[-16.5191,19.6946],[-16.5191,19.697],[-16.5178,19.7001],[-16.5166,19.7024],[-16.5117,19.7057],[-16.5119,19.7035],[-16.5128,19.6984],[-16.5123,19.6917],[-16.5096,19.691],[-16.5093,19.6963],[-16.5094,19.701],[-16.5088,19.7052],[-16.5075,19.7095],[-16.5053,19.714],[-16.4985,19.724],[-16.4971,19.7259],[-16.4953,19.7286],[-16.4926,19.7345],[-16.4901,19.7385],[-16.4841,19.7399],[-16.4772,19.7379],[-16.4741,19.7364],[-16.468,19.7333],[-16.4641,19.7302],[-16.4627,19.727],[-16.4682,19.7229],[-16.4714,19.7167],[-16.4716,19.7107],[-16.472,19.7049],[-16.4726,19.6977],[-16.4746,19.6914]]],[[[-16.5353,19.7548],[-16.54,19.7506],[-16.5418,19.7509],[-16.5426,19.7509],[-16.5429,19.752],[-16.5408,19.7552],[-16.5401,19.757],[-16.5396,19.7584],[-16.5364,19.762],[-16.5341,19.7638],[-16.5305,19.7655],[-16.5287,19.7652],[-16.5296,19.761],[-16.5325,19.7572],[-16.5353,19.7548]]],[[[-16.5248,19.7373],[-16.5278,19.7359],[-16.5273,19.739],[-16.5238,19.7437],[-16.5234,19.7466],[-16.5194,19.7508],[-16.5158,19.754],[-16.512,19.7581],[-16.5098,19.7614],[-16.5067,19.7688],[-16.5022,19.7759],[-16.5003,19.7772],[-16.498,19.7763],[-16.4965,19.7739],[-16.4969,19.7714],[-16.4992,19.7667],[-16.5002,19.7633],[-16.5006,19.7583],[-16.5029,19.7546],[-16.5074,19.7499],[-16.5105,19.747],[-16.5133,19.7444],[-16.5183,19.7409],[-16.5217,19.7397],[-16.5248,19.7373]]],[[[-16.3362,19.8413],[-16.3369,19.8395],[-16.3332,19.8413],[-16.331,19.8427],[-16.3267,19.8423],[-16.3235,19.8384],[-16.3224,19.8327],[-16.3224,19.8265],[-16.3222,19.8221],[-16.3262,19.8171],[-16.3285,19.8146],[-16.3325,19.8131],[-16.3347,19.8111],[-16.3408,19.8097],[-16.3453,19.8082],[-16.3493,19.8045],[-16.3514,19.7999],[-16.3523,19.7946],[-16.3528,19.791],[-16.3527,19.7857],[-16.3545,19.7828],[-16.3545,19.78],[-16.352,19.782],[-16.3518,19.7804],[-16.3539,19.7748],[-16.3533,19.7713],[-16.354,19.7683],[-16.3516,19.7649],[-16.3488,19.7645],[-16.3482,19.7626],[-16.3511,19.7576],[-16.3541,19.7514],[-16.356,19.7488],[-16.3567,19.7414],[-16.3575,19.7366],[-16.3598,19.7276],[-16.3611,19.7233],[-16.3631,19.717],[-16.3653,19.7102],[-16.3686,19.701],[-16.3711,19.6969],[-16.3766,19.6889],[-16.3813,19.6819],[-16.3859,19.6755],[-16.3894,19.6685],[-16.392,19.6639],[-16.398,19.6542],[-16.4031,19.65],[-16.4087,19.6412],[-16.4139,19.6322],[-16.4188,19.6267],[-16.4196,19.6204],[-16.4231,19.6135],[-16.4278,19.6088],[-16.4301,19.6036],[-16.4315,19.5986],[-16.4343,19.5997],[-16.4365,19.6051],[-16.4367,19.6078],[-16.4368,19.6118],[-16.4388,19.6145],[-16.4411,19.618],[-16.4455,19.6191],[-16.4499,19.6189],[-16.4516,19.6218],[-16.449,19.6224],[-16.4488,19.6237],[-16.4479,19.6267],[-16.4479,19.6297],[-16.4488,19.6341],[-16.45,19.6376],[-16.4522,19.6422],[-16.4543,19.6446],[-16.4561,19.6524],[-16.4572,19.6597],[-16.4597,19.6649],[-16.461,19.6687],[-16.464,19.6734],[-16.465,19.6782],[-16.4652,19.6853],[-16.4649,19.6907],[-16.4645,19.693],[-16.4647,19.7001],[-16.4622,19.7058],[-16.461,19.7101],[-16.4617,19.7136],[-16.4593,19.716],[-16.4561,19.7206],[-16.4537,19.7242],[-16.4515,19.726],[-16.4489,19.7291],[-16.4447,19.732],[-16.4468,19.7273],[-16.4414,19.7281],[-16.4356,19.7328],[-16.433,19.7373],[-16.4317,19.7416],[-16.4247,19.7465],[-16.4258,19.751],[-16.4259,19.7561],[-16.4238,19.7638],[-16.4221,19.7724],[-16.4204,19.7786],[-16.4204,19.7832],[-16.4217,19.7903],[-16.4233,19.7945],[-16.425,19.8011],[-16.424,19.8093],[-16.4227,19.8142],[-16.4185,19.8193],[-16.412,19.8236],[-16.4052,19.8265],[-16.3994,19.8284],[-16.3944,19.8257],[-16.3938,19.8182],[-16.3928,19.8141],[-16.3902,19.8136],[-16.3858,19.8186],[-16.3814,19.8252],[-16.3815,19.8305],[-16.3838,19.8365],[-16.3859,19.8417],[-16.3849,19.8476],[-16.3812,19.853],[-16.3798,19.8583],[-16.3772,19.8654],[-16.3758,19.8719],[-16.3743,19.876],[-16.3684,19.8794],[-16.365,19.8779],[-16.3595,19.8734],[-16.3548,19.8682],[-16.3461,19.8589],[-16.3371,19.8504],[-16.3329,19.8463],[-16.3334,19.8444],[-16.3362,19.8413]]],[[[-16.529,19.9013],[-16.5327,19.9012],[-16.5334,19.9057],[-16.5322,19.9087],[-16.5296,19.9135],[-16.5285,19.9167],[-16.5286,19.9193],[-16.5237,19.9254],[-16.5228,19.9242],[-16.5212,19.9214],[-16.5201,19.9168],[-16.5198,19.9116],[-16.5223,19.9088],[-16.5262,19.9029],[-16.529,19.9013]]],[[[-16.5551,19.9235],[-16.5568,19.9234],[-16.5566,19.9243],[-16.5512,19.9282],[-16.5462,19.9313],[-16.5415,19.9346],[-16.5382,19.9366],[-16.5355,19.9394],[-16.5328,19.9419],[-16.5296,19.9441],[-16.5254,19.9459],[-16.5202,19.9485],[-16.5169,19.95],[-16.5115,19.9511],[-16.5072,19.954],[-16.5029,19.9551],[-16.5028,19.9526],[-16.5075,19.9481],[-16.5158,19.9441],[-16.5212,19.9415],[-16.5229,19.9396],[-16.5255,19.9368],[-16.5293,19.9349],[-16.5344,19.9316],[-16.5396,19.9286],[-16.5442,19.9257],[-16.5507,19.9243],[-16.5551,19.9235]]],[[[-16.4535,20.6142],[-16.4525,20.6083],[-16.4526,20.6036],[-16.4534,20.5993],[-16.452,20.5965],[-16.4512,20.5937],[-16.4512,20.5902],[-16.4495,20.5864],[-16.4483,20.5825],[-16.4484,20.5802],[-16.4486,20.578],[-16.4485,20.5764],[-16.4481,20.5744],[-16.4474,20.5715],[-16.4476,20.5689],[-16.4483,20.566],[-16.4494,20.5646],[-16.4518,20.5644],[-16.4544,20.5649],[-16.4581,20.5659],[-16.4605,20.5674],[-16.4643,20.5694],[-16.4681,20.5715],[-16.4714,20.5727],[-16.4738,20.5747],[-16.476,20.5758],[-16.4782,20.577],[-16.4796,20.578],[-16.4808,20.5788],[-16.4815,20.5799],[-16.4815,20.5809],[-16.4813,20.5815],[-16.4805,20.5825],[-16.4811,20.5832],[-16.4811,20.5832],[-16.4811,20.5832],[-16.4808,20.5867],[-16.4806,20.5889],[-16.4805,20.591],[-16.4814,20.5946],[-16.4805,20.5964],[-16.4785,20.5983],[-16.4784,20.6008],[-16.4785,20.6025],[-16.4774,20.6044],[-16.4766,20.6067],[-16.4762,20.6084],[-16.4761,20.611],[-16.4752,20.6131],[-16.472,20.6137],[-16.468,20.6134],[-16.4663,20.6132],[-16.4633,20.6134],[-16.4615,20.6139],[-16.4589,20.6136],[-16.4561,20.6148],[-16.4535,20.6142]]],[[[-16.4872,20.5914],[-16.488,20.5893],[-16.4906,20.591],[-16.4911,20.5923],[-16.4909,20.5946],[-16.4912,20.5996],[-16.4917,20.6021],[-16.4917,20.6048],[-16.4908,20.6077],[-16.4904,20.6098],[-16.4896,20.6129],[-16.4886,20.6152],[-16.4868,20.6176],[-16.4853,20.6196],[-16.484,20.618],[-16.4833,20.6161],[-16.4833,20.6133],[-16.4837,20.61],[-16.4842,20.6067],[-16.4853,20.6032],[-16.4857,20.6011],[-16.4857,20.5985],[-16.4866,20.596],[-16.4869,20.5939],[-16.4872,20.5914]]],[[[-16.496,20.6098],[-16.4984,20.6066],[-16.5011,20.6071],[-16.503,20.61],[-16.5039,20.6133],[-16.5046,20.6166],[-16.5043,20.6202],[-16.5043,20.6241],[-16.505,20.6271],[-16.5052,20.6303],[-16.506,20.6346],[-16.5036,20.6368],[-16.5015,20.6377],[-16.4982,20.6375],[-16.4967,20.6347],[-16.4953,20.6311],[-16.4937,20.6281],[-16.4933,20.624],[-16.4929,20.621],[-16.4931,20.6165],[-16.4938,20.6138],[-16.495,20.6119],[-16.496,20.6098]]],[[[-14.1156,20.927],[-15.1079,20.3114],[-15.4862,20.647],[-15.5746,20.0064],[-15.5754,20.0002],[-15.5937,19.8677],[-15.6154,19.7104],[-15.8256,19.0002],[-16.2535,19.0529],[-16.2594,19.0669],[-16.2618,19.0732],[-16.266,19.0838],[-16.2706,19.0898],[-16.276,19.0942],[-16.2774,19.0999],[-16.2804,19.1027],[-16.2845,19.108],[-16.2918,19.118],[-16.2982,19.1259],[-16.3075,19.1363],[-16.3093,19.1421],[-16.3149,19.1513],[-16.3221,19.1584],[-16.3293,19.1681],[-16.339,19.1768],[-16.3449,19.1844],[-16.351,19.1922],[-16.363,19.2012],[-16.3711,19.2028],[-16.3749,19.2063],[-16.392,19.2153],[-16.41,19.2263],[-16.4283,19.2337],[-16.4382,19.2369],[-16.4497,19.2423],[-16.461,19.2484],[-16.4689,19.2555],[-16.4756,19.2609],[-16.4792,19.2721],[-16.4857,19.2847],[-16.4935,19.2942],[-16.5021,19.3127],[-16.506,19.3258],[-16.5078,19.3325],[-16.514,19.3425],[-16.5193,19.3499],[-16.5242,19.3549],[-16.5294,19.3589],[-16.5331,19.3634],[-16.5346,19.3682],[-16.5385,19.3714],[-16.5449,19.3746],[-16.5512,19.3805],[-16.5502,19.3866],[-16.5448,19.3898],[-16.5426,19.3903],[-16.5338,19.3916],[-16.522,19.3918],[-16.5131,19.3907],[-16.5051,19.3918],[-16.5008,19.3896],[-16.4924,19.3847],[-16.4865,19.38],[-16.4769,19.3767],[-16.4693,19.3754],[-16.4624,19.3766],[-16.4535,19.3781],[-16.4448,19.3833],[-16.4356,19.3863],[-16.4246,19.3909],[-16.4162,19.3931],[-16.4046,19.3986],[-16.3923,19.4095],[-16.3859,19.4138],[-16.378,19.4183],[-16.373,19.422],[-16.3661,19.4281],[-16.3606,19.4335],[-16.3553,19.4391],[-16.3512,19.4455],[-16.3479,19.4501],[-16.345,19.4531],[-16.3416,19.4567],[-16.3372,19.4596],[-16.3339,19.4634],[-16.3297,19.4685],[-16.3264,19.4724],[-16.3232,19.4757],[-16.3208,19.479],[-16.3185,19.4835],[-16.3186,19.4862],[-16.3171,19.4903],[-16.3163,19.4944],[-16.3145,19.4964],[-16.3115,19.4991],[-16.3078,19.5054],[-16.3033,19.512],[-16.2994,19.5163],[-16.2996,19.5186],[-16.2934,19.5213],[-16.2927,19.5213],[-16.2913,19.526],[-16.2904,19.5298],[-16.2902,19.5355],[-16.2909,19.5397],[-16.2921,19.5447],[-16.2941,19.5459],[-16.3006,19.5438],[-16.3051,19.5412],[-16.3064,19.5371],[-16.3106,19.5368],[-16.3157,19.5364],[-16.3225,19.5349],[-16.3288,19.5336],[-16.3323,19.5296],[-16.3333,19.5265],[-16.336,19.5234],[-16.337,19.5229],[-16.3409,19.5218],[-16.3414,19.5199],[-16.3449,19.5193],[-16.3484,19.5179],[-16.3519,19.5153],[-16.3568,19.5119],[-16.361,19.5085],[-16.365,19.5032],[-16.3679,19.4966],[-16.3711,19.491],[-16.3738,19.4874],[-16.3765,19.4848],[-16.3785,19.4847],[-16.3787,19.4865],[-16.3804,19.486],[-16.3835,19.4829],[-16.3868,19.4792],[-16.3899,19.4754],[-16.3931,19.4724],[-16.3953,19.4699],[-16.3981,19.4639],[-16.4004,19.4624],[-16.4037,19.4616],[-16.4036,19.4648],[-16.4018,19.4684],[-16.398,19.4742],[-16.3943,19.4762],[-16.3907,19.481],[-16.3897,19.484],[-16.3892,19.4873],[-16.3868,19.4917],[-16.3826,19.4962],[-16.3797,19.5012],[-16.3775,19.5066],[-16.3746,19.5106],[-16.3715,19.5164],[-16.3681,19.5217],[-16.3637,19.5267],[-16.3603,19.5302],[-16.3579,19.533],[-16.3607,19.5375],[-16.3636,19.5353],[-16.3724,19.5318],[-16.3777,19.5275],[-16.3822,19.522],[-16.3864,19.5164],[-16.3902,19.5117],[-16.3943,19.5054],[-16.3975,19.4995],[-16.4007,19.4954],[-16.4022,19.4933],[-16.4032,19.4957],[-16.4066,19.4939],[-16.4085,19.4907],[-16.409,19.4858],[-16.4091,19.4795],[-16.4125,19.4757],[-16.4156,19.4697],[-16.418,19.4655],[-16.4195,19.4611],[-16.4185,19.4556],[-16.4169,19.4524],[-16.4169,19.4504],[-16.4151,19.4488],[-16.4131,19.4507],[-16.4088,19.4538],[-16.4056,19.4528],[-16.4063,19.4502],[-16.4077,19.4467],[-16.4111,19.4434],[-16.4153,19.4394],[-16.4191,19.436],[-16.4236,19.4335],[-16.4282,19.4323],[-16.4307,19.4293],[-16.434,19.4271],[-16.4385,19.4278],[-16.4414,19.4259],[-16.4434,19.4226],[-16.4468,19.4171],[-16.4506,19.4143],[-16.4567,19.4139],[-16.4625,19.4158],[-16.4683,19.4168],[-16.472,19.4176],[-16.476,19.4202],[-16.4759,19.4278],[-16.4743,19.4331],[-16.471,19.4396],[-16.4661,19.4483],[-16.4626,19.455],[-16.4588,19.4596],[-16.4556,19.4671],[-16.4508,19.4741],[-16.4459,19.4805],[-16.4418,19.4867],[-16.4367,19.4957],[-16.4318,19.5019],[-16.4276,19.51],[-16.4258,19.5174],[-16.4271,19.5232],[-16.4238,19.5297],[-16.4191,19.5353],[-16.4157,19.5363],[-16.4105,19.5432],[-16.4096,19.5496],[-16.4073,19.552],[-16.4053,19.5556],[-16.4028,19.5583],[-16.4008,19.5602],[-16.399,19.562],[-16.3974,19.5662],[-16.3961,19.5687],[-16.3943,19.5731],[-16.3965,19.5726],[-16.3987,19.5695],[-16.4003,19.5664],[-16.4016,19.5643],[-16.4026,19.5608],[-16.4051,19.5597],[-16.404,19.5641],[-16.4012,19.5672],[-16.4003,19.5718],[-16.3999,19.5744],[-16.4004,19.5764],[-16.4003,19.579],[-16.4,19.5815],[-16.3986,19.5853],[-16.3969,19.5887],[-16.3952,19.5921],[-16.3934,19.5954],[-16.391,19.5978],[-16.3895,19.6007],[-16.3879,19.6019],[-16.3861,19.6032],[-16.3873,19.6003],[-16.3881,19.5985],[-16.3899,19.5955],[-16.3915,19.5926],[-16.3935,19.5895],[-16.3953,19.5856],[-16.397,19.5825],[-16.3981,19.5792],[-16.3971,19.5779],[-16.395,19.5798],[-16.3933,19.5857],[-16.3919,19.5892],[-16.3895,19.5922],[-16.3877,19.5953],[-16.3855,19.5973],[-16.3839,19.6019],[-16.3818,19.604],[-16.3793,19.6084],[-16.3769,19.6107],[-16.3748,19.6116],[-16.3734,19.6144],[-16.3726,19.6168],[-16.3704,19.6182],[-16.3676,19.62],[-16.3639,19.622],[-16.3607,19.6234],[-16.3577,19.6262],[-16.3557,19.6277],[-16.3535,19.6314],[-16.3526,19.6348],[-16.3527,19.6375],[-16.351,19.6427],[-16.3492,19.6449],[-16.3485,19.6478],[-16.3491,19.6498],[-16.3511,19.6507],[-16.3542,19.6503],[-16.3558,19.6476],[-16.3567,19.6437],[-16.3576,19.6407],[-16.3593,19.6355],[-16.3605,19.6331],[-16.3638,19.6289],[-16.3667,19.6269],[-16.3691,19.6254],[-16.3717,19.6218],[-16.3758,19.6182],[-16.3781,19.6155],[-16.3796,19.6141],[-16.3825,19.6111],[-16.3858,19.6084],[-16.3893,19.6044],[-16.393,19.6013],[-16.3948,19.5982],[-16.3943,19.6016],[-16.3945,19.6036],[-16.3963,19.6036],[-16.3979,19.5975],[-16.3984,19.5931],[-16.3996,19.589],[-16.4015,19.585],[-16.4041,19.582],[-16.4069,19.5789],[-16.4111,19.5749],[-16.4136,19.5738],[-16.4155,19.5731],[-16.4163,19.5779],[-16.416,19.5815],[-16.4135,19.5855],[-16.4116,19.5895],[-16.4106,19.5938],[-16.4074,19.5979],[-16.4051,19.603],[-16.4017,19.6068],[-16.4001,19.6093],[-16.3972,19.6126],[-16.397,19.617],[-16.3943,19.6212],[-16.3924,19.6251],[-16.392,19.6287],[-16.3911,19.633],[-16.3852,19.6366],[-16.3824,19.6418],[-16.3782,19.6483],[-16.3696,19.6618],[-16.365,19.6665],[-16.3624,19.6732],[-16.3592,19.6786],[-16.3572,19.6825],[-16.3566,19.6865],[-16.3523,19.6931],[-16.3474,19.6976],[-16.3463,19.7011],[-16.343,19.7064],[-16.3395,19.7124],[-16.3369,19.7158],[-16.3349,19.7195],[-16.3293,19.7248],[-16.3271,19.726],[-16.3221,19.7285],[-16.3175,19.7318],[-16.3144,19.7337],[-16.3101,19.7349],[-16.3058,19.736],[-16.3002,19.7373],[-16.2953,19.7375],[-16.2915,19.7369],[-16.2867,19.7345],[-16.284,19.7317],[-16.2831,19.7277],[-16.286,19.7255],[-16.2902,19.723],[-16.2952,19.72],[-16.2988,19.7158],[-16.3019,19.7127],[-16.3065,19.7095],[-16.3098,19.707],[-16.3107,19.7027],[-16.3126,19.6976],[-16.3123,19.6961],[-16.3148,19.6944],[-16.3177,19.6929],[-16.3187,19.6896],[-16.3165,19.6902],[-16.3141,19.6904],[-16.3108,19.6917],[-16.307,19.6934],[-16.3045,19.6951],[-16.3065,19.6969],[-16.3087,19.6969],[-16.3085,19.6996],[-16.3064,19.7023],[-16.302,19.7058],[-16.2989,19.707],[-16.2933,19.7097],[-16.2905,19.7124],[-16.286,19.7158],[-16.2816,19.7192],[-16.2788,19.7235],[-16.2758,19.7291],[-16.2742,19.7329],[-16.2762,19.7346],[-16.2786,19.738],[-16.2814,19.7414],[-16.2821,19.747],[-16.2787,19.7498],[-16.2756,19.7551],[-16.274,19.7595],[-16.27,19.7649],[-16.2654,19.7719],[-16.2605,19.778],[-16.2589,19.782],[-16.259,19.7845],[-16.2626,19.7866],[-16.2654,19.7868],[-16.2694,19.7881],[-16.2737,19.7888],[-16.2761,19.7911],[-16.2768,19.7938],[-16.2773,19.7978],[-16.2747,19.8009],[-16.2731,19.8004],[-16.2722,19.7989],[-16.2706,19.7967],[-16.2682,19.7967],[-16.2684,19.7997],[-16.2689,19.8051],[-16.2667,19.8039],[-16.264,19.8049],[-16.2624,19.8087],[-16.2611,19.8126],[-16.2609,19.8156],[-16.2581,19.8207],[-16.2582,19.8245],[-16.2565,19.8303],[-16.2552,19.8373],[-16.2529,19.8438],[-16.254,19.8458],[-16.2561,19.8479],[-16.2579,19.8506],[-16.2602,19.848],[-16.2631,19.8453],[-16.2656,19.844],[-16.2684,19.8468],[-16.2697,19.852],[-16.2688,19.8566],[-16.2669,19.8609],[-16.2636,19.8652],[-16.2624,19.8688],[-16.2596,19.8739],[-16.2564,19.8767],[-16.2565,19.8811],[-16.2576,19.8854],[-16.2612,19.8885],[-16.2639,19.8912],[-16.2655,19.8947],[-16.2684,19.8968],[-16.2734,19.8947],[-16.2758,19.8942],[-16.2785,19.8967],[-16.2817,19.9016],[-16.2864,19.8999],[-16.2889,19.8969],[-16.2898,19.8935],[-16.2919,19.8882],[-16.2939,19.8848],[-16.2959,19.8807],[-16.2985,19.8778],[-16.3008,19.8732],[-16.3051,19.8732],[-16.3095,19.8733],[-16.3142,19.8754],[-16.3173,19.8815],[-16.319,19.8859],[-16.3205,19.8923],[-16.3184,19.899],[-16.3123,19.905],[-16.3079,19.9098],[-16.3045,19.9136],[-16.2997,19.9178],[-16.2928,19.9222],[-16.287,19.9264],[-16.2831,19.9291],[-16.2783,19.9348],[-16.2709,19.9402],[-16.2639,19.9462],[-16.2546,19.9534],[-16.2461,19.9606],[-16.2426,19.965],[-16.2383,19.9702],[-16.2357,19.9748],[-16.2351,19.9781],[-16.2341,19.9811],[-16.2326,19.9867],[-16.2305,19.9889],[-16.2305,19.9928],[-16.2314,19.9957],[-16.2334,19.9978],[-16.2359,20.0012],[-16.2377,20.0046],[-16.2379,20.0064],[-16.2384,20.0094],[-16.2383,20.0122],[-16.2368,20.0207],[-16.2369,20.0234],[-16.2366,20.0268],[-16.2369,20.0296],[-16.2378,20.0323],[-16.238,20.0351],[-16.2376,20.0401],[-16.2365,20.0437],[-16.2344,20.0461],[-16.2327,20.0506],[-16.231,20.0542],[-16.2313,20.0575],[-16.2323,20.0598],[-16.2352,20.0606],[-16.2385,20.059],[-16.241,20.0606],[-16.2434,20.0633],[-16.2455,20.0693],[-16.2448,20.0754],[-16.2447,20.0793],[-16.2445,20.0829],[-16.2443,20.0856],[-16.2464,20.0912],[-16.2511,20.0896],[-16.2541,20.0895],[-16.2569,20.0954],[-16.2589,20.0991],[-16.2592,20.1039],[-16.2597,20.109],[-16.2615,20.1133],[-16.2624,20.1174],[-16.2656,20.1224],[-16.2699,20.1247],[-16.2726,20.1254],[-16.2719,20.1297],[-16.2698,20.1329],[-16.2667,20.1334],[-16.2645,20.1331],[-16.261,20.1316],[-16.2568,20.1323],[-16.2538,20.1344],[-16.2494,20.1379],[-16.2454,20.1418],[-16.2394,20.1455],[-16.2358,20.1505],[-16.2328,20.1534],[-16.2306,20.1571],[-16.2293,20.1595],[-16.2304,20.1619],[-16.2336,20.1621],[-16.2321,20.1662],[-16.231,20.1697],[-16.2298,20.1727],[-16.2282,20.1727],[-16.2252,20.1722],[-16.222,20.1758],[-16.2182,20.1762],[-16.2146,20.1784],[-16.2116,20.1792],[-16.2083,20.1861],[-16.206,20.1902],[-16.203,20.1994],[-16.2007,20.2097],[-16.1986,20.2139],[-16.199,20.2216],[-16.1988,20.2197],[-16.1992,20.2238],[-16.1995,20.2278],[-16.2013,20.2303],[-16.203,20.2323],[-16.2042,20.2353],[-16.206,20.2388],[-16.2082,20.2394],[-16.2108,20.2408],[-16.2128,20.2446],[-16.2133,20.2482],[-16.2146,20.2511],[-16.2167,20.2538],[-16.219,20.2572],[-16.2196,20.2582],[-16.2196,20.2598],[-16.2203,20.2644],[-16.2214,20.2674],[-16.2223,20.2702],[-16.2232,20.273],[-16.2253,20.275],[-16.2275,20.2791],[-16.2302,20.2828],[-16.2328,20.2863],[-16.2356,20.2902],[-16.2392,20.2917],[-16.2434,20.2925],[-16.2479,20.2926],[-16.2517,20.2928],[-16.2546,20.2923],[-16.2588,20.2919],[-16.2611,20.2913],[-16.2639,20.2909],[-16.2656,20.29],[-16.2673,20.2884],[-16.2687,20.2909],[-16.2706,20.2939],[-16.2729,20.297],[-16.2737,20.2996],[-16.274,20.3021],[-16.2744,20.3047],[-16.2757,20.3068],[-16.2767,20.3092],[-16.2779,20.3121],[-16.2796,20.3159],[-16.2805,20.3196],[-16.2824,20.3223],[-16.2849,20.3268],[-16.2873,20.3299],[-16.2902,20.3327],[-16.2932,20.3327],[-16.2941,20.3325],[-16.2957,20.3339],[-16.2979,20.3353],[-16.2984,20.3341],[-16.2997,20.3338],[-16.3037,20.3363],[-16.3067,20.338],[-16.3094,20.341],[-16.3095,20.3431],[-16.3106,20.3464],[-16.3109,20.3487],[-16.3123,20.3515],[-16.3125,20.3529],[-16.3131,20.3598],[-16.3132,20.3624],[-16.3142,20.3646],[-16.3153,20.3635],[-16.3171,20.3631],[-16.3192,20.3641],[-16.3225,20.3689],[-16.3242,20.3761],[-16.3261,20.3815],[-16.3268,20.3853],[-16.3289,20.3895],[-16.3295,20.3924],[-16.3324,20.3975],[-16.3399,20.4038],[-16.3429,20.4045],[-16.3471,20.4068],[-16.3503,20.412],[-16.3519,20.4165],[-16.3535,20.4184],[-16.356,20.4196],[-16.3586,20.4209],[-16.361,20.4228],[-16.3622,20.4246],[-16.3614,20.4251],[-16.3595,20.4249],[-16.3572,20.424],[-16.3555,20.4265],[-16.354,20.4272],[-16.3525,20.4302],[-16.3523,20.4337],[-16.3534,20.4383],[-16.3574,20.4446],[-16.3596,20.4498],[-16.3619,20.4532],[-16.3635,20.4566],[-16.3667,20.4627],[-16.3706,20.4704],[-16.3725,20.475],[-16.3736,20.4796],[-16.3754,20.4841],[-16.3765,20.4937],[-16.3781,20.5004],[-16.3795,20.5049],[-16.3792,20.5069],[-16.3784,20.5119],[-16.3782,20.5156],[-16.3782,20.5195],[-16.3791,20.5234],[-16.3806,20.5267],[-16.383,20.5296],[-16.3841,20.5342],[-16.3858,20.5387],[-16.3868,20.5412],[-16.3893,20.5446],[-16.3929,20.5506],[-16.3943,20.5558],[-16.3967,20.5604],[-16.3986,20.5641],[-16.4021,20.5675],[-16.4069,20.57],[-16.4101,20.5731],[-16.4145,20.5758],[-16.4163,20.5779],[-16.4175,20.5795],[-16.4204,20.5822],[-16.4245,20.5866],[-16.4276,20.5911],[-16.4282,20.597],[-16.4305,20.6018],[-16.4315,20.6064],[-16.4331,20.6134],[-16.4344,20.6166],[-16.4151,20.6107],[-16.0045,20.5113],[-15.593,20.6778],[-15.5522,20.6988],[-15.473,20.7397],[-14.6371,21.1708],[-14.6895,21.3357],[-14.6192,21.3357],[-14.2672,21.3356],[-13.6675,21.3374],[-13.6756,21.204],[-13.7525,21.1522],[-14.1156,20.927]]]]},"properties":{"code":"082","name":"Chami (Moughataa)","level":"3","parent":"qFfoNFjq4t3","parentGraph":"WPviLRHrXcD/qFfoNFjq4t3","groups":[]}},{"type":"Feature","id":"EUHWmaKVaCZ","geometry":{"type":"Polygon","coordinates":[[[-11.9861,20.7315],[-11.7532,20.4951],[-7.466,20.6921],[-7.8799,19.7533],[-11.0031,19.7536],[-11.4077,19.464],[-11.444,19.2339],[-11.5938,19.2974],[-11.5938,19.2975],[-11.67,19.3295],[-11.8643,19.189],[-12.0584,19.4283],[-12.2483,19.4603],[-12.2635,19.4741],[-12.5864,19.7674],[-12.6035,19.7831],[-12.7867,19.9513],[-12.7977,19.9642],[-12.8317,19.9872],[-12.8022,20.0225],[-12.7987,20.0335],[-12.7912,20.052],[-12.7875,20.065],[-12.7832,20.0797],[-12.7807,20.0929],[-12.7804,20.1068],[-12.7781,20.1226],[-12.7766,20.1383],[-12.7848,20.1512],[-12.7906,20.1618],[-12.7937,20.1707],[-12.8018,20.1832],[-12.8157,20.198],[-12.8215,20.2146],[-12.8236,20.2318],[-12.8237,20.2475],[-12.8233,20.2672],[-12.8163,20.2802],[-12.8123,20.2944],[-12.8124,20.3114],[-12.8154,20.3289],[-12.8235,20.3456],[-12.8285,20.3627],[-12.8335,20.3818],[-12.8392,20.3964],[-12.8461,20.4166],[-12.8503,20.4329],[-12.8492,20.4488],[-12.8509,20.462],[-12.8464,20.4709],[-12.8353,20.4867],[-12.8232,20.5002],[-12.8152,20.5064],[-12.8021,20.5119],[-12.784,20.5189],[-12.7751,20.5216],[-12.768,20.5297],[-12.7605,20.543],[-12.7549,20.5551],[-12.7474,20.5752],[-12.7455,20.591],[-12.744,20.5951],[-12.7387,20.5988],[-12.7292,20.5989],[-12.7113,20.5968],[-12.7075,20.5899],[-12.7004,20.5799],[-12.6916,20.5759],[-12.6785,20.5715],[-12.6628,20.5698],[-12.6468,20.5707],[-12.6305,20.5739],[-12.6134,20.5722],[-12.598,20.5758],[-12.5788,20.5795],[-12.5643,20.5831],[-12.5484,20.5856],[-12.5286,20.5899],[-12.4707,20.8322],[-12.4621,21.1207],[-11.7909,20.9061],[-11.9861,20.7315]]]},"properties":{"code":"073","name":"Chinguitti (Moughataa)","level":"3","parent":"A4OOjOp6OZM","parentGraph":"WPviLRHrXcD/A4OOjOp6OZM","groups":[]}},{"type":"Feature","id":"EJWYqdZdMpm","geometry":{"type":"Polygon","coordinates":[[[-5.6038,16.5001],[-5.6027,16.4883],[-5.6096,16.4893],[-5.9562,16.2978],[-6.7841,16.6551],[-6.89,16.67],[-6.8774,16.7171],[-6.8262,16.9078],[-5.9902,20.0267],[-5.6038,16.5001]]]},"properties":{"code":"017","name":"D'Har (Moughataa)","level":"3","parent":"h7D2Q040y1I","parentGraph":"WPviLRHrXcD/h7D2Q040y1I","groups":[]}},{"type":"Feature","id":"qFfoNFjq4t3","geometry":{"type":"MultiPolygon","coordinates":[[[[-16.4317,19.549],[-16.4353,19.5465],[-16.4348,19.5503],[-16.4334,19.5537],[-16.432,19.5561],[-16.4293,19.556],[-16.43,19.5528],[-16.4317,19.549]]],[[[-16.4309,19.5636],[-16.431,19.5634],[-16.4309,19.5636],[-16.4309,19.5636]]],[[[-16.4309,19.5636],[-16.4302,19.5655],[-16.4281,19.5679],[-16.4264,19.5671],[-16.426,19.5651],[-16.4268,19.5635],[-16.4289,19.563],[-16.4309,19.5636],[-16.4309,19.5636]]],[[[-16.4901,19.6138],[-16.4896,19.6104],[-16.4878,19.6067],[-16.4861,19.6035],[-16.4849,19.6004],[-16.4849,19.5963],[-16.4879,19.5956],[-16.4906,19.5997],[-16.4934,19.6004],[-16.4971,19.6013],[-16.5009,19.6041],[-16.5019,19.6088],[-16.5013,19.6127],[-16.4966,19.612],[-16.4941,19.6122],[-16.4913,19.6132],[-16.4901,19.6138]]],[[[-16.4802,19.6359],[-16.481,19.6329],[-16.4815,19.6304],[-16.4838,19.6302],[-16.4849,19.6332],[-16.4875,19.6306],[-16.4867,19.6272],[-16.486,19.6242],[-16.4898,19.6249],[-16.4936,19.6314],[-16.4932,19.6362],[-16.4913,19.642],[-16.4904,19.6471],[-16.49,19.6501],[-16.4898,19.6541],[-16.4908,19.6578],[-16.4897,19.6603],[-16.4873,19.6618],[-16.484,19.6614],[-16.484,19.6563],[-16.4822,19.6527],[-16.4782,19.6487],[-16.4762,19.6472],[-16.476,19.6418],[-16.4791,19.6387],[-16.4802,19.6359]]],[[[-16.5395,19.675],[-16.5422,19.6706],[-16.5449,19.673],[-16.5468,19.675],[-16.5475,19.6791],[-16.5505,19.6809],[-16.5538,19.6853],[-16.5529,19.6905],[-16.5529,19.6943],[-16.5532,19.6991],[-16.5533,19.7047],[-16.5529,19.7102],[-16.5536,19.7156],[-16.5524,19.7214],[-16.5508,19.7218],[-16.5501,19.7217],[-16.5483,19.7139],[-16.5469,19.7084],[-16.547,19.7025],[-16.5464,19.6964],[-16.5459,19.692],[-16.5439,19.6858],[-16.5415,19.6798],[-16.5395,19.675]]],[[[-16.4746,19.6914],[-16.4764,19.6864],[-16.4764,19.6802],[-16.4786,19.6754],[-16.4842,19.6733],[-16.491,19.6724],[-16.4978,19.6729],[-16.502,19.6727],[-16.5086,19.6735],[-16.5131,19.6755],[-16.5169,19.6777],[-16.5182,19.6815],[-16.5185,19.6871],[-16.518,19.6928],[-16.5191,19.6946],[-16.5191,19.697],[-16.5178,19.7001],[-16.5166,19.7024],[-16.5117,19.7057],[-16.5119,19.7035],[-16.5128,19.6984],[-16.5123,19.6917],[-16.5096,19.691],[-16.5093,19.6963],[-16.5094,19.701],[-16.5088,19.7052],[-16.5075,19.7095],[-16.5053,19.714],[-16.4985,19.724],[-16.4971,19.7259],[-16.4953,19.7286],[-16.4926,19.7345],[-16.4901,19.7385],[-16.4841,19.7399],[-16.4772,19.7379],[-16.4741,19.7364],[-16.468,19.7333],[-16.4641,19.7302],[-16.4627,19.727],[-16.4682,19.7229],[-16.4714,19.7167],[-16.4716,19.7107],[-16.472,19.7049],[-16.4726,19.6977],[-16.4746,19.6914]]],[[[-16.5353,19.7548],[-16.54,19.7506],[-16.5418,19.7509],[-16.5426,19.7509],[-16.5429,19.752],[-16.5408,19.7552],[-16.5401,19.757],[-16.5396,19.7584],[-16.5364,19.762],[-16.5341,19.7638],[-16.5305,19.7655],[-16.5287,19.7652],[-16.5296,19.761],[-16.5325,19.7572],[-16.5353,19.7548]]],[[[-16.5248,19.7373],[-16.5278,19.7359],[-16.5273,19.739],[-16.5238,19.7437],[-16.5234,19.7466],[-16.5194,19.7508],[-16.5158,19.754],[-16.512,19.7581],[-16.5098,19.7614],[-16.5067,19.7688],[-16.5022,19.7759],[-16.5003,19.7772],[-16.498,19.7763],[-16.4965,19.7739],[-16.4969,19.7714],[-16.4992,19.7667],[-16.5002,19.7633],[-16.5006,19.7583],[-16.5029,19.7546],[-16.5074,19.7499],[-16.5105,19.747],[-16.5133,19.7444],[-16.5183,19.7409],[-16.5217,19.7397],[-16.5248,19.7373]]],[[[-16.3362,19.8413],[-16.3369,19.8395],[-16.3332,19.8413],[-16.331,19.8427],[-16.3267,19.8423],[-16.3235,19.8384],[-16.3224,19.8327],[-16.3224,19.8265],[-16.3222,19.8221],[-16.3262,19.8171],[-16.3285,19.8146],[-16.3325,19.8131],[-16.3347,19.8111],[-16.3408,19.8097],[-16.3453,19.8082],[-16.3493,19.8045],[-16.3514,19.7999],[-16.3523,19.7946],[-16.3528,19.791],[-16.3527,19.7857],[-16.3545,19.7828],[-16.3545,19.78],[-16.352,19.782],[-16.3518,19.7804],[-16.3539,19.7748],[-16.3533,19.7713],[-16.354,19.7683],[-16.3516,19.7649],[-16.3488,19.7645],[-16.3482,19.7626],[-16.3511,19.7576],[-16.3541,19.7514],[-16.356,19.7488],[-16.3567,19.7414],[-16.3575,19.7366],[-16.3598,19.7276],[-16.3611,19.7233],[-16.3631,19.717],[-16.3653,19.7102],[-16.3686,19.701],[-16.3711,19.6969],[-16.3766,19.6889],[-16.3813,19.6819],[-16.3859,19.6755],[-16.3894,19.6685],[-16.392,19.6639],[-16.398,19.6542],[-16.4031,19.65],[-16.4087,19.6412],[-16.4139,19.6322],[-16.4188,19.6267],[-16.4196,19.6204],[-16.4231,19.6135],[-16.4278,19.6088],[-16.4301,19.6036],[-16.4315,19.5986],[-16.4343,19.5997],[-16.4365,19.6051],[-16.4367,19.6078],[-16.4368,19.6118],[-16.4388,19.6145],[-16.4411,19.618],[-16.4455,19.6191],[-16.4499,19.6189],[-16.4516,19.6218],[-16.449,19.6224],[-16.4488,19.6237],[-16.4479,19.6267],[-16.4479,19.6297],[-16.4488,19.6341],[-16.45,19.6376],[-16.4522,19.6422],[-16.4543,19.6446],[-16.4561,19.6524],[-16.4572,19.6597],[-16.4597,19.6649],[-16.461,19.6687],[-16.464,19.6734],[-16.465,19.6782],[-16.4652,19.6853],[-16.4649,19.6907],[-16.4645,19.693],[-16.4647,19.7001],[-16.4622,19.7058],[-16.461,19.7101],[-16.4617,19.7136],[-16.4593,19.716],[-16.4561,19.7206],[-16.4537,19.7242],[-16.4515,19.726],[-16.4489,19.7291],[-16.4447,19.732],[-16.4468,19.7273],[-16.4414,19.7281],[-16.4356,19.7328],[-16.433,19.7373],[-16.4317,19.7416],[-16.4247,19.7465],[-16.4258,19.751],[-16.4259,19.7561],[-16.4238,19.7638],[-16.4221,19.7724],[-16.4204,19.7786],[-16.4204,19.7832],[-16.4217,19.7903],[-16.4233,19.7945],[-16.425,19.8011],[-16.424,19.8093],[-16.4227,19.8142],[-16.4185,19.8193],[-16.412,19.8236],[-16.4052,19.8265],[-16.3994,19.8284],[-16.3944,19.8257],[-16.3938,19.8182],[-16.3928,19.8141],[-16.3902,19.8136],[-16.3858,19.8186],[-16.3814,19.8252],[-16.3815,19.8305],[-16.3838,19.8365],[-16.3859,19.8417],[-16.3849,19.8476],[-16.3812,19.853],[-16.3798,19.8583],[-16.3772,19.8654],[-16.3758,19.8719],[-16.3743,19.876],[-16.3684,19.8794],[-16.365,19.8779],[-16.3595,19.8734],[-16.3548,19.8682],[-16.3461,19.8589],[-16.3371,19.8504],[-16.3329,19.8463],[-16.3334,19.8444],[-16.3362,19.8413]]],[[[-16.529,19.9013],[-16.5327,19.9012],[-16.5334,19.9057],[-16.5322,19.9087],[-16.5296,19.9135],[-16.5285,19.9167],[-16.5286,19.9193],[-16.5237,19.9254],[-16.5228,19.9242],[-16.5212,19.9214],[-16.5201,19.9168],[-16.5198,19.9116],[-16.5223,19.9088],[-16.5262,19.9029],[-16.529,19.9013]]],[[[-16.5551,19.9235],[-16.5568,19.9234],[-16.5566,19.9243],[-16.5512,19.9282],[-16.5462,19.9313],[-16.5415,19.9346],[-16.5382,19.9366],[-16.5355,19.9394],[-16.5328,19.9419],[-16.5296,19.9441],[-16.5254,19.9459],[-16.5202,19.9485],[-16.5169,19.95],[-16.5115,19.9511],[-16.5072,19.954],[-16.5029,19.9551],[-16.5028,19.9526],[-16.5075,19.9481],[-16.5158,19.9441],[-16.5212,19.9415],[-16.5229,19.9396],[-16.5255,19.9368],[-16.5293,19.9349],[-16.5344,19.9316],[-16.5396,19.9286],[-16.5442,19.9257],[-16.5507,19.9243],[-16.5551,19.9235]]],[[[-16.4535,20.6142],[-16.4525,20.6083],[-16.4526,20.6036],[-16.4534,20.5993],[-16.452,20.5965],[-16.4512,20.5937],[-16.4512,20.5902],[-16.4495,20.5864],[-16.4483,20.5825],[-16.4484,20.5802],[-16.4486,20.578],[-16.4485,20.5764],[-16.4481,20.5744],[-16.4474,20.5715],[-16.4476,20.5689],[-16.4483,20.566],[-16.4494,20.5646],[-16.4518,20.5644],[-16.4544,20.5649],[-16.4581,20.5659],[-16.4605,20.5674],[-16.4643,20.5694],[-16.4681,20.5715],[-16.4714,20.5727],[-16.4738,20.5747],[-16.476,20.5758],[-16.4782,20.577],[-16.4796,20.578],[-16.4808,20.5788],[-16.4815,20.5799],[-16.4815,20.5809],[-16.4813,20.5815],[-16.4805,20.5825],[-16.4811,20.5832],[-16.4811,20.5832],[-16.4811,20.5832],[-16.4808,20.5867],[-16.4806,20.5889],[-16.4805,20.591],[-16.4814,20.5946],[-16.4805,20.5964],[-16.4785,20.5983],[-16.4784,20.6008],[-16.4785,20.6025],[-16.4774,20.6044],[-16.4766,20.6067],[-16.4762,20.6084],[-16.4761,20.611],[-16.4752,20.6131],[-16.472,20.6137],[-16.468,20.6134],[-16.4663,20.6132],[-16.4633,20.6134],[-16.4615,20.6139],[-16.4589,20.6136],[-16.4561,20.6148],[-16.4535,20.6142]]],[[[-16.4872,20.5914],[-16.488,20.5893],[-16.4906,20.591],[-16.4911,20.5923],[-16.4909,20.5946],[-16.4912,20.5996],[-16.4917,20.6021],[-16.4917,20.6048],[-16.4908,20.6077],[-16.4904,20.6098],[-16.4896,20.6129],[-16.4886,20.6152],[-16.4868,20.6176],[-16.4853,20.6196],[-16.484,20.618],[-16.4833,20.6161],[-16.4833,20.6133],[-16.4837,20.61],[-16.4842,20.6067],[-16.4853,20.6032],[-16.4857,20.6011],[-16.4857,20.5985],[-16.4866,20.596],[-16.4869,20.5939],[-16.4872,20.5914]]],[[[-16.496,20.6098],[-16.4984,20.6066],[-16.5011,20.6071],[-16.503,20.61],[-16.5039,20.6133],[-16.5046,20.6166],[-16.5043,20.6202],[-16.5043,20.6241],[-16.505,20.6271],[-16.5052,20.6303],[-16.506,20.6346],[-16.5036,20.6368],[-16.5015,20.6377],[-16.4982,20.6375],[-16.4967,20.6347],[-16.4953,20.6311],[-16.4937,20.6281],[-16.4933,20.624],[-16.4929,20.621],[-16.4931,20.6165],[-16.4938,20.6138],[-16.495,20.6119],[-16.496,20.6098]]],[[[-13.6757,21.1999],[-13.7525,21.1522],[-14.1156,20.927],[-15.1079,20.3114],[-15.4862,20.647],[-15.5746,20.0064],[-15.5754,20.0002],[-15.5937,19.8677],[-15.6154,19.7104],[-15.8256,19.0002],[-16.2535,19.0529],[-16.2594,19.0669],[-16.2618,19.0732],[-16.266,19.0838],[-16.2706,19.0898],[-16.276,19.0942],[-16.2774,19.0999],[-16.2804,19.1027],[-16.2845,19.108],[-16.2918,19.118],[-16.2982,19.1259],[-16.3075,19.1363],[-16.3093,19.1421],[-16.3149,19.1513],[-16.3221,19.1584],[-16.3293,19.1681],[-16.339,19.1768],[-16.3449,19.1844],[-16.351,19.1922],[-16.363,19.2012],[-16.3711,19.2028],[-16.3749,19.2063],[-16.392,19.2153],[-16.41,19.2263],[-16.4283,19.2337],[-16.4382,19.2369],[-16.4497,19.2423],[-16.461,19.2484],[-16.4689,19.2555],[-16.4756,19.2609],[-16.4792,19.2721],[-16.4857,19.2847],[-16.4935,19.2942],[-16.5021,19.3127],[-16.506,19.3258],[-16.5078,19.3325],[-16.514,19.3425],[-16.5193,19.3499],[-16.5242,19.3549],[-16.5294,19.3589],[-16.5331,19.3634],[-16.5346,19.3682],[-16.5385,19.3714],[-16.5449,19.3746],[-16.5512,19.3805],[-16.5502,19.3866],[-16.5448,19.3898],[-16.5426,19.3903],[-16.5338,19.3916],[-16.522,19.3918],[-16.5131,19.3907],[-16.5051,19.3918],[-16.5008,19.3896],[-16.4924,19.3847],[-16.4865,19.38],[-16.4769,19.3767],[-16.4693,19.3754],[-16.4624,19.3766],[-16.4535,19.3781],[-16.4448,19.3833],[-16.4356,19.3863],[-16.4246,19.3909],[-16.4162,19.3931],[-16.4046,19.3986],[-16.3923,19.4095],[-16.3859,19.4138],[-16.378,19.4183],[-16.373,19.422],[-16.3661,19.4281],[-16.3606,19.4335],[-16.3553,19.4391],[-16.3512,19.4455],[-16.3479,19.4501],[-16.345,19.4531],[-16.3416,19.4567],[-16.3372,19.4596],[-16.3339,19.4634],[-16.3297,19.4685],[-16.3264,19.4724],[-16.3232,19.4757],[-16.3208,19.479],[-16.3185,19.4835],[-16.3186,19.4862],[-16.3171,19.4903],[-16.3163,19.4944],[-16.3145,19.4964],[-16.3115,19.4991],[-16.3078,19.5054],[-16.3033,19.512],[-16.2994,19.5163],[-16.2996,19.5186],[-16.2934,19.5213],[-16.2927,19.5213],[-16.2913,19.526],[-16.2904,19.5298],[-16.2902,19.5355],[-16.2909,19.5397],[-16.2921,19.5447],[-16.2941,19.5459],[-16.3006,19.5438],[-16.3051,19.5412],[-16.3064,19.5371],[-16.3106,19.5368],[-16.3157,19.5364],[-16.3225,19.5349],[-16.3288,19.5336],[-16.3323,19.5296],[-16.3333,19.5265],[-16.336,19.5234],[-16.337,19.5229],[-16.3409,19.5218],[-16.3414,19.5199],[-16.3449,19.5193],[-16.3484,19.5179],[-16.3519,19.5153],[-16.3568,19.5119],[-16.361,19.5085],[-16.365,19.5032],[-16.3679,19.4966],[-16.3711,19.491],[-16.3738,19.4874],[-16.3765,19.4848],[-16.3785,19.4847],[-16.3787,19.4865],[-16.3804,19.486],[-16.3835,19.4829],[-16.3868,19.4792],[-16.3899,19.4754],[-16.3931,19.4724],[-16.3953,19.4699],[-16.3981,19.4639],[-16.4004,19.4624],[-16.4037,19.4616],[-16.4036,19.4648],[-16.4018,19.4684],[-16.398,19.4742],[-16.3943,19.4762],[-16.3907,19.481],[-16.3897,19.484],[-16.3892,19.4873],[-16.3868,19.4917],[-16.3826,19.4962],[-16.3797,19.5012],[-16.3775,19.5066],[-16.3746,19.5106],[-16.3715,19.5164],[-16.3681,19.5217],[-16.3637,19.5267],[-16.3603,19.5302],[-16.3579,19.533],[-16.3607,19.5375],[-16.3636,19.5353],[-16.3724,19.5318],[-16.3777,19.5275],[-16.3822,19.522],[-16.3864,19.5164],[-16.3902,19.5117],[-16.3943,19.5054],[-16.3975,19.4995],[-16.4007,19.4954],[-16.4022,19.4933],[-16.4032,19.4957],[-16.4066,19.4939],[-16.4085,19.4907],[-16.409,19.4858],[-16.4091,19.4795],[-16.4125,19.4757],[-16.4156,19.4697],[-16.418,19.4655],[-16.4195,19.4611],[-16.4185,19.4556],[-16.4169,19.4524],[-16.4169,19.4504],[-16.4151,19.4488],[-16.4131,19.4507],[-16.4088,19.4538],[-16.4056,19.4528],[-16.4063,19.4502],[-16.4077,19.4467],[-16.4111,19.4434],[-16.4153,19.4394],[-16.4191,19.436],[-16.4236,19.4335],[-16.4282,19.4323],[-16.4307,19.4293],[-16.434,19.4271],[-16.4385,19.4278],[-16.4414,19.4259],[-16.4434,19.4226],[-16.4468,19.4171],[-16.4506,19.4143],[-16.4567,19.4139],[-16.4625,19.4158],[-16.4683,19.4168],[-16.472,19.4176],[-16.476,19.4202],[-16.4759,19.4278],[-16.4743,19.4331],[-16.471,19.4396],[-16.4661,19.4483],[-16.4626,19.455],[-16.4588,19.4596],[-16.4556,19.4671],[-16.4508,19.4741],[-16.4459,19.4805],[-16.4418,19.4867],[-16.4367,19.4957],[-16.4318,19.5019],[-16.4276,19.51],[-16.4258,19.5174],[-16.4271,19.5232],[-16.4238,19.5297],[-16.4191,19.5353],[-16.4157,19.5363],[-16.4105,19.5432],[-16.4096,19.5496],[-16.4073,19.552],[-16.4053,19.5556],[-16.4028,19.5583],[-16.4008,19.5602],[-16.399,19.562],[-16.3974,19.5662],[-16.3961,19.5687],[-16.3943,19.5731],[-16.3965,19.5726],[-16.3987,19.5695],[-16.4003,19.5664],[-16.4016,19.5643],[-16.4026,19.5608],[-16.4051,19.5597],[-16.404,19.5641],[-16.4012,19.5672],[-16.4003,19.5718],[-16.3999,19.5744],[-16.4004,19.5764],[-16.4003,19.579],[-16.4,19.5815],[-16.3986,19.5853],[-16.3969,19.5887],[-16.3952,19.5921],[-16.3934,19.5954],[-16.391,19.5978],[-16.3895,19.6007],[-16.3879,19.6019],[-16.3861,19.6032],[-16.3873,19.6003],[-16.3881,19.5985],[-16.3899,19.5955],[-16.3915,19.5926],[-16.3935,19.5895],[-16.3953,19.5856],[-16.397,19.5825],[-16.3981,19.5792],[-16.3971,19.5779],[-16.395,19.5798],[-16.3933,19.5857],[-16.3919,19.5892],[-16.3895,19.5922],[-16.3877,19.5953],[-16.3855,19.5973],[-16.3839,19.6019],[-16.3818,19.604],[-16.3793,19.6084],[-16.3769,19.6107],[-16.3748,19.6116],[-16.3734,19.6144],[-16.3726,19.6168],[-16.3704,19.6182],[-16.3676,19.62],[-16.3639,19.622],[-16.3607,19.6234],[-16.3577,19.6262],[-16.3557,19.6277],[-16.3535,19.6314],[-16.3526,19.6348],[-16.3527,19.6375],[-16.351,19.6427],[-16.3492,19.6449],[-16.3485,19.6478],[-16.3491,19.6498],[-16.3511,19.6507],[-16.3542,19.6503],[-16.3558,19.6476],[-16.3567,19.6437],[-16.3576,19.6407],[-16.3593,19.6355],[-16.3605,19.6331],[-16.3638,19.6289],[-16.3667,19.6269],[-16.3691,19.6254],[-16.3717,19.6218],[-16.3758,19.6182],[-16.3781,19.6155],[-16.3796,19.6141],[-16.3825,19.6111],[-16.3858,19.6084],[-16.3893,19.6044],[-16.393,19.6013],[-16.3948,19.5982],[-16.3943,19.6016],[-16.3945,19.6036],[-16.3963,19.6036],[-16.3979,19.5975],[-16.3984,19.5931],[-16.3996,19.589],[-16.4015,19.585],[-16.4041,19.582],[-16.4069,19.5789],[-16.4111,19.5749],[-16.4136,19.5738],[-16.4155,19.5731],[-16.4163,19.5779],[-16.416,19.5815],[-16.4135,19.5855],[-16.4116,19.5895],[-16.4106,19.5938],[-16.4074,19.5979],[-16.4051,19.603],[-16.4017,19.6068],[-16.4001,19.6093],[-16.3972,19.6126],[-16.397,19.617],[-16.3943,19.6212],[-16.3924,19.6251],[-16.392,19.6287],[-16.3911,19.633],[-16.3852,19.6366],[-16.3824,19.6418],[-16.3782,19.6483],[-16.3696,19.6618],[-16.365,19.6665],[-16.3624,19.6732],[-16.3592,19.6786],[-16.3572,19.6825],[-16.3566,19.6865],[-16.3523,19.6931],[-16.3474,19.6976],[-16.3463,19.7011],[-16.343,19.7064],[-16.3395,19.7124],[-16.3369,19.7158],[-16.3349,19.7195],[-16.3293,19.7248],[-16.3271,19.726],[-16.3221,19.7285],[-16.3175,19.7318],[-16.3144,19.7337],[-16.3101,19.7349],[-16.3058,19.736],[-16.3002,19.7373],[-16.2953,19.7375],[-16.2915,19.7369],[-16.2867,19.7345],[-16.284,19.7317],[-16.2831,19.7277],[-16.286,19.7255],[-16.2902,19.723],[-16.2952,19.72],[-16.2988,19.7158],[-16.3019,19.7127],[-16.3065,19.7095],[-16.3098,19.707],[-16.3107,19.7027],[-16.3126,19.6976],[-16.3123,19.6961],[-16.3148,19.6944],[-16.3177,19.6929],[-16.3187,19.6896],[-16.3165,19.6902],[-16.3141,19.6904],[-16.3108,19.6917],[-16.307,19.6934],[-16.3045,19.6951],[-16.3065,19.6969],[-16.3087,19.6969],[-16.3085,19.6996],[-16.3064,19.7023],[-16.302,19.7058],[-16.2989,19.707],[-16.2933,19.7097],[-16.2905,19.7124],[-16.286,19.7158],[-16.2816,19.7192],[-16.2788,19.7235],[-16.2758,19.7291],[-16.2742,19.7329],[-16.2762,19.7346],[-16.2786,19.738],[-16.2814,19.7414],[-16.2821,19.747],[-16.2787,19.7498],[-16.2756,19.7551],[-16.274,19.7595],[-16.27,19.7649],[-16.2654,19.7719],[-16.2605,19.778],[-16.2589,19.782],[-16.259,19.7845],[-16.2626,19.7866],[-16.2654,19.7868],[-16.2694,19.7881],[-16.2737,19.7888],[-16.2761,19.7911],[-16.2768,19.7938],[-16.2773,19.7978],[-16.2747,19.8009],[-16.2731,19.8004],[-16.2722,19.7989],[-16.2706,19.7967],[-16.2682,19.7967],[-16.2684,19.7997],[-16.2689,19.8051],[-16.2667,19.8039],[-16.264,19.8049],[-16.2624,19.8087],[-16.2611,19.8126],[-16.2609,19.8156],[-16.2581,19.8207],[-16.2582,19.8245],[-16.2565,19.8303],[-16.2552,19.8373],[-16.2529,19.8438],[-16.254,19.8458],[-16.2561,19.8479],[-16.2579,19.8506],[-16.2602,19.848],[-16.2631,19.8453],[-16.2656,19.844],[-16.2684,19.8468],[-16.2697,19.852],[-16.2688,19.8566],[-16.2669,19.8609],[-16.2636,19.8652],[-16.2624,19.8688],[-16.2596,19.8739],[-16.2564,19.8767],[-16.2565,19.8811],[-16.2576,19.8854],[-16.2612,19.8885],[-16.2639,19.8912],[-16.2655,19.8947],[-16.2684,19.8968],[-16.2734,19.8947],[-16.2758,19.8942],[-16.2785,19.8967],[-16.2817,19.9016],[-16.2864,19.8999],[-16.2889,19.8969],[-16.2898,19.8935],[-16.2919,19.8882],[-16.2939,19.8848],[-16.2959,19.8807],[-16.2985,19.8778],[-16.3008,19.8732],[-16.3051,19.8732],[-16.3095,19.8733],[-16.3142,19.8754],[-16.3173,19.8815],[-16.319,19.8859],[-16.3205,19.8923],[-16.3184,19.899],[-16.3123,19.905],[-16.3079,19.9098],[-16.3045,19.9136],[-16.2997,19.9178],[-16.2928,19.9222],[-16.287,19.9264],[-16.2831,19.9291],[-16.2783,19.9348],[-16.2709,19.9402],[-16.2639,19.9462],[-16.2546,19.9534],[-16.2461,19.9606],[-16.2426,19.965],[-16.2383,19.9702],[-16.2357,19.9748],[-16.2351,19.9781],[-16.2341,19.9811],[-16.2326,19.9867],[-16.2305,19.9889],[-16.2305,19.9928],[-16.2314,19.9957],[-16.2334,19.9978],[-16.2359,20.0012],[-16.2377,20.0046],[-16.2379,20.0064],[-16.2384,20.0094],[-16.2383,20.0122],[-16.2368,20.0207],[-16.2369,20.0234],[-16.2366,20.0268],[-16.2369,20.0296],[-16.2378,20.0323],[-16.238,20.0351],[-16.2376,20.0401],[-16.2365,20.0437],[-16.2344,20.0461],[-16.2327,20.0506],[-16.231,20.0542],[-16.2313,20.0575],[-16.2323,20.0598],[-16.2352,20.0606],[-16.2385,20.059],[-16.241,20.0606],[-16.2434,20.0633],[-16.2455,20.0693],[-16.2448,20.0754],[-16.2447,20.0793],[-16.2445,20.0829],[-16.2443,20.0856],[-16.2464,20.0912],[-16.2511,20.0896],[-16.2541,20.0895],[-16.2569,20.0954],[-16.2589,20.0991],[-16.2592,20.1039],[-16.2597,20.109],[-16.2615,20.1133],[-16.2624,20.1174],[-16.2656,20.1224],[-16.2699,20.1247],[-16.2726,20.1254],[-16.2719,20.1297],[-16.2698,20.1329],[-16.2667,20.1334],[-16.2645,20.1331],[-16.261,20.1316],[-16.2568,20.1323],[-16.2538,20.1344],[-16.2494,20.1379],[-16.2454,20.1418],[-16.2394,20.1455],[-16.2358,20.1505],[-16.2328,20.1534],[-16.2306,20.1571],[-16.2293,20.1595],[-16.2304,20.1619],[-16.2336,20.1621],[-16.2321,20.1662],[-16.231,20.1697],[-16.2298,20.1727],[-16.2282,20.1727],[-16.2252,20.1722],[-16.222,20.1758],[-16.2182,20.1762],[-16.2146,20.1784],[-16.2116,20.1792],[-16.2083,20.1861],[-16.206,20.1902],[-16.203,20.1994],[-16.2007,20.2097],[-16.1986,20.2139],[-16.199,20.2216],[-16.1988,20.2197],[-16.1992,20.2238],[-16.1995,20.2278],[-16.2013,20.2303],[-16.203,20.2323],[-16.2042,20.2353],[-16.206,20.2388],[-16.2082,20.2394],[-16.2108,20.2408],[-16.2128,20.2446],[-16.2133,20.2482],[-16.2146,20.2511],[-16.2167,20.2538],[-16.219,20.2572],[-16.2196,20.2582],[-16.2196,20.2598],[-16.2203,20.2644],[-16.2214,20.2674],[-16.2223,20.2702],[-16.2232,20.273],[-16.2253,20.275],[-16.2275,20.2791],[-16.2302,20.2828],[-16.2328,20.2863],[-16.2356,20.2902],[-16.2392,20.2917],[-16.2434,20.2925],[-16.2479,20.2926],[-16.2517,20.2928],[-16.2546,20.2923],[-16.2588,20.2919],[-16.2611,20.2913],[-16.2639,20.2909],[-16.2656,20.29],[-16.2673,20.2884],[-16.2687,20.2909],[-16.2706,20.2939],[-16.2729,20.297],[-16.2737,20.2996],[-16.274,20.3021],[-16.2744,20.3047],[-16.2757,20.3068],[-16.2767,20.3092],[-16.2779,20.3121],[-16.2796,20.3159],[-16.2805,20.3196],[-16.2824,20.3223],[-16.2849,20.3268],[-16.2873,20.3299],[-16.2902,20.3327],[-16.2932,20.3327],[-16.2941,20.3325],[-16.2957,20.3339],[-16.2979,20.3353],[-16.2984,20.3341],[-16.2997,20.3338],[-16.3037,20.3363],[-16.3067,20.338],[-16.3094,20.341],[-16.3095,20.3431],[-16.3106,20.3464],[-16.3109,20.3487],[-16.3123,20.3515],[-16.3125,20.3529],[-16.3131,20.3598],[-16.3132,20.3624],[-16.3142,20.3646],[-16.3153,20.3635],[-16.3171,20.3631],[-16.3192,20.3641],[-16.3225,20.3689],[-16.3242,20.3761],[-16.3261,20.3815],[-16.3268,20.3853],[-16.3289,20.3895],[-16.3295,20.3924],[-16.3324,20.3975],[-16.3399,20.4038],[-16.3429,20.4045],[-16.3471,20.4068],[-16.3503,20.412],[-16.3519,20.4165],[-16.3535,20.4184],[-16.356,20.4196],[-16.3586,20.4209],[-16.361,20.4228],[-16.3622,20.4246],[-16.3614,20.4251],[-16.3595,20.4249],[-16.3572,20.424],[-16.3555,20.4265],[-16.354,20.4272],[-16.3525,20.4302],[-16.3523,20.4337],[-16.3534,20.4383],[-16.3574,20.4446],[-16.3596,20.4498],[-16.3619,20.4532],[-16.3635,20.4566],[-16.3667,20.4627],[-16.3706,20.4704],[-16.3725,20.475],[-16.3736,20.4796],[-16.3754,20.4841],[-16.3765,20.4937],[-16.3781,20.5004],[-16.3795,20.5049],[-16.3792,20.5069],[-16.3784,20.5119],[-16.3782,20.5156],[-16.3782,20.5195],[-16.3791,20.5234],[-16.3806,20.5267],[-16.383,20.5296],[-16.3841,20.5342],[-16.3858,20.5387],[-16.3868,20.5412],[-16.3893,20.5446],[-16.3929,20.5506],[-16.3943,20.5558],[-16.3967,20.5604],[-16.3986,20.5641],[-16.4021,20.5675],[-16.4069,20.57],[-16.4101,20.5731],[-16.4145,20.5758],[-16.4163,20.5779],[-16.4175,20.5795],[-16.4204,20.5822],[-16.4245,20.5866],[-16.4276,20.5911],[-16.4282,20.597],[-16.4305,20.6018],[-16.4315,20.6064],[-16.4331,20.6134],[-16.4344,20.6166],[-16.4351,20.6181],[-16.4345,20.6271],[-16.433,20.6327],[-16.4308,20.6393],[-16.429,20.6441],[-16.4298,20.6473],[-16.4321,20.6492],[-16.4346,20.6426],[-16.4377,20.6384],[-16.4415,20.6398],[-16.442,20.6323],[-16.4458,20.634],[-16.4491,20.6362],[-16.4526,20.6423],[-16.4584,20.6454],[-16.4645,20.6468],[-16.4645,20.654],[-16.4644,20.6578],[-16.4651,20.6621],[-16.4676,20.6626],[-16.4687,20.6563],[-16.4711,20.6544],[-16.4748,20.6589],[-16.4786,20.6649],[-16.4827,20.6692],[-16.4874,20.6747],[-16.4909,20.6788],[-16.4954,20.6819],[-16.4945,20.6876],[-16.4943,20.6967],[-16.4943,20.7099],[-16.4903,20.716],[-16.4877,20.7234],[-16.4915,20.7257],[-16.4979,20.7255],[-16.5033,20.7243],[-16.5094,20.7255],[-16.515,20.7269],[-16.5244,20.7292],[-16.5258,20.7336],[-16.5302,20.7393],[-16.5342,20.7321],[-16.5355,20.7214],[-16.5352,20.7123],[-16.5341,20.7043],[-16.537,20.6954],[-16.5405,20.6878],[-16.5389,20.6766],[-16.5324,20.6671],[-16.5314,20.6563],[-16.5324,20.6489],[-16.5337,20.6378],[-16.5369,20.6275],[-16.5377,20.6185],[-16.5387,20.6068],[-16.534,20.5973],[-16.532,20.5823],[-16.5313,20.5797],[-16.531,20.5771],[-16.5308,20.5753],[-16.532,20.5723],[-16.5334,20.5716],[-16.5347,20.57],[-16.5359,20.5692],[-16.5375,20.5682],[-16.5375,20.5658],[-16.5368,20.5626],[-16.5359,20.5591],[-16.5348,20.5563],[-16.5354,20.5544],[-16.5372,20.5522],[-16.5385,20.5546],[-16.5409,20.5559],[-16.5428,20.5591],[-16.5447,20.5628],[-16.5458,20.566],[-16.5465,20.568],[-16.5485,20.5695],[-16.5527,20.5703],[-16.5545,20.5694],[-16.5588,20.571],[-16.5625,20.574],[-16.5658,20.5771],[-16.5679,20.5772],[-16.5703,20.5794],[-16.5722,20.5804],[-16.5748,20.5815],[-16.5822,20.5846],[-16.5883,20.5875],[-16.5939,20.5921],[-16.5978,20.5966],[-16.6046,20.608],[-16.6129,20.6132],[-16.6202,20.6176],[-16.6245,20.6228],[-16.628,20.6273],[-16.6317,20.6317],[-16.6361,20.6386],[-16.64,20.6469],[-16.6447,20.6535],[-16.6533,20.6592],[-16.6604,20.661],[-16.6684,20.6643],[-16.6719,20.6675],[-16.6746,20.6727],[-16.6788,20.6753],[-16.6864,20.677],[-16.6884,20.6811],[-16.6893,20.6854],[-16.6882,20.6894],[-16.685,20.6907],[-16.6826,20.6952],[-16.6807,20.698],[-16.6788,20.7033],[-16.6809,20.7047],[-16.6812,20.7065],[-16.6801,20.7092],[-16.6791,20.7126],[-16.678,20.7202],[-16.6759,20.725],[-16.6757,20.7295],[-16.6753,20.7372],[-16.675,20.7426],[-16.6789,20.7471],[-16.6827,20.7483],[-16.6859,20.7461],[-16.6846,20.7435],[-16.6817,20.7419],[-16.6856,20.7414],[-16.6904,20.7436],[-16.6957,20.7442],[-16.6987,20.7471],[-16.7044,20.7504],[-16.7071,20.7545],[-16.709,20.7589],[-16.7131,20.7654],[-16.7191,20.7691],[-16.7234,20.774],[-16.7216,20.7802],[-16.7295,20.7892],[-16.7275,20.7954],[-16.7284,20.798],[-16.7319,20.8036],[-16.7312,20.8079],[-16.7331,20.8126],[-16.7384,20.8179],[-16.741,20.8235],[-16.7442,20.8271],[-16.7518,20.8303],[-16.7604,20.8339],[-16.7641,20.8411],[-16.7646,20.849],[-16.7649,20.8534],[-16.7637,20.8584],[-16.7642,20.8664],[-16.7646,20.8734],[-16.7675,20.8779],[-16.773,20.8845],[-16.778,20.8908],[-16.7792,20.8932],[-16.7801,20.898],[-16.7801,20.9059],[-16.7812,20.9133],[-16.7818,20.9205],[-16.7829,20.9293],[-16.7859,20.9359],[-16.7908,20.9371],[-16.7955,20.9342],[-16.7974,20.9311],[-16.7966,20.9271],[-16.7987,20.9267],[-16.8027,20.93],[-16.8073,20.9332],[-16.8116,20.9356],[-16.8162,20.938],[-16.8176,20.9429],[-16.8214,20.9501],[-16.8225,20.9547],[-16.8227,20.9597],[-16.8221,20.9627],[-16.8217,20.9682],[-16.8202,20.9725],[-16.8211,20.9771],[-16.8252,20.9835],[-16.8281,20.9916],[-16.8339,20.9967],[-16.8391,21.0009],[-16.8424,21.0043],[-16.844,21.0081],[-16.8453,21.0159],[-16.8466,21.0212],[-16.8511,21.0249],[-16.8564,21.0286],[-16.8596,21.0311],[-16.8665,21.0341],[-16.868,21.0378],[-16.8697,21.0408],[-16.8688,21.0442],[-16.8682,21.0472],[-16.8673,21.0531],[-16.8671,21.0605],[-16.8712,21.064],[-16.8741,21.0686],[-16.8795,21.0712],[-16.8816,21.0752],[-16.8823,21.0798],[-16.8823,21.0857],[-16.8827,21.0928],[-16.883,21.0986],[-16.8834,21.1059],[-16.8846,21.1115],[-16.8866,21.1202],[-16.8881,21.1232],[-16.8891,21.1265],[-16.8922,21.1287],[-16.8954,21.1323],[-16.8982,21.1378],[-16.9012,21.144],[-16.9074,21.1474],[-16.9114,21.1498],[-16.9153,21.153],[-16.9171,21.1585],[-16.9195,21.1608],[-16.9239,21.1624],[-16.9304,21.1595],[-16.9336,21.1567],[-16.9343,21.1506],[-16.9372,21.1463],[-16.9387,21.1411],[-16.9393,21.1368],[-16.9422,21.1335],[-16.9452,21.1306],[-16.9441,21.1267],[-16.9429,21.1229],[-16.9457,21.1206],[-16.9465,21.119],[-16.9451,21.1139],[-16.9419,21.1103],[-16.9373,21.1065],[-16.9373,21.1041],[-16.938,21.1043],[-16.9409,21.1049],[-16.9439,21.1073],[-16.9468,21.1073],[-16.9506,21.1068],[-16.9555,21.1064],[-16.9612,21.1063],[-16.9656,21.1039],[-16.9697,21.1004],[-16.971,21.0958],[-16.9721,21.0898],[-16.973,21.0844],[-16.974,21.079],[-16.9743,21.0739],[-16.9755,21.0679],[-16.9773,21.063],[-16.9812,21.0598],[-16.986,21.0555],[-16.9879,21.0502],[-16.991,21.043],[-16.9981,21.0397],[-17.0029,21.0353],[-17.0051,21.0328],[-17.0066,21.0297],[-17.0074,21.0279],[-17.0089,21.0284],[-17.0094,21.0303],[-17.0086,21.0327],[-17.0086,21.0348],[-17.0088,21.0385],[-17.0109,21.0411],[-17.0136,21.044],[-17.0169,21.0465],[-17.0201,21.0486],[-17.0242,21.0485],[-17.0281,21.0478],[-17.0308,21.0438],[-17.0317,21.0402],[-17.032,21.0367],[-17.0307,21.033],[-17.0285,21.0286],[-17.0268,21.025],[-17.0236,21.0224],[-17.0254,21.0207],[-17.0273,21.0174],[-17.0259,21.0146],[-17.0233,21.0127],[-17.0222,21.0108],[-17.0219,21.0079],[-17.0219,21.0048],[-17.0221,21.0013],[-17.0209,20.9985],[-17.0203,20.9967],[-17.0193,20.9937],[-17.0199,20.9904],[-17.0198,20.9879],[-17.0186,20.9887],[-17.0178,20.9912],[-17.0178,20.9944],[-17.0185,20.9971],[-17.0186,20.9998],[-17.0186,21.0013],[-17.0173,21.0057],[-17.0161,21.0101],[-17.0164,21.0135],[-17.0183,21.0152],[-17.0209,21.0167],[-17.0236,21.0163],[-17.0248,21.0174],[-17.0236,21.0192],[-17.0206,21.0209],[-17.0177,21.0215],[-17.0157,21.0219],[-17.0133,21.0214],[-17.0114,21.0182],[-17.0119,21.0144],[-17.013,21.0101],[-17.014,21.0053],[-17.0139,21.0013],[-17.014,20.9968],[-17.0141,20.9945],[-17.0157,20.9913],[-17.016,20.9893],[-17.017,20.9863],[-17.0173,20.9834],[-17.0163,20.9793],[-17.0151,20.976],[-17.0153,20.9715],[-17.0162,20.9679],[-17.0171,20.9646],[-17.0181,20.9612],[-17.0201,20.9583],[-17.0222,20.9555],[-17.0224,20.9532],[-17.0212,20.9509],[-17.0204,20.9484],[-17.0212,20.9441],[-17.0216,20.9396],[-17.0209,20.9367],[-17.0217,20.9319],[-17.0239,20.9288],[-17.0234,20.9254],[-17.0225,20.923],[-17.0225,20.9194],[-17.0249,20.9177],[-17.0278,20.9182],[-17.0303,20.9177],[-17.0328,20.9176],[-17.036,20.9174],[-17.0388,20.9157],[-17.0413,20.9135],[-17.0447,20.912],[-17.0486,20.9122],[-17.0477,20.9137],[-17.045,20.9157],[-17.0439,20.9175],[-17.0444,20.9188],[-17.0475,20.918],[-17.0498,20.9163],[-17.0518,20.915],[-17.0543,20.9126],[-17.0563,20.9098],[-17.0586,20.9067],[-17.0602,20.9037],[-17.0618,20.8998],[-17.0635,20.8963],[-17.0646,20.8928],[-17.0645,20.8896],[-17.0639,20.8876],[-17.0629,20.886],[-17.0632,20.8822],[-17.062,20.8785],[-17.0593,20.8758],[-17.0567,20.8734],[-17.0518,20.8711],[-17.0477,20.8695],[-17.0438,20.8672],[-17.0383,20.865],[-17.036,20.8631],[-17.034,20.8603],[-17.0339,20.8591],[-17.0351,20.8562],[-17.0368,20.8549],[-17.0384,20.8526],[-17.0379,20.8506],[-17.0387,20.8459],[-17.0395,20.8423],[-17.0398,20.8391],[-17.0401,20.836],[-17.0414,20.8325],[-17.0422,20.8297],[-17.0428,20.8254],[-17.0431,20.8223],[-17.0442,20.8178],[-17.0453,20.8143],[-17.0476,20.8088],[-17.0486,20.8036],[-17.0497,20.8015],[-17.0492,20.7981],[-17.0489,20.7943],[-17.0492,20.79],[-17.0492,20.787],[-17.049,20.7824],[-17.0486,20.7784],[-17.0484,20.7724],[-17.0725,20.835],[-17.0713,20.849],[-17.071,20.8688],[-17.073,20.8813],[-17.0739,20.9017],[-17.0683,20.9218],[-17.0608,20.943],[-17.0544,20.9627],[-17.0491,20.9802],[-17.0454,21.0011],[-17.0454,21.0014],[-17.0422,21.0436],[-17.0279,21.0714],[-17.0149,21.1014],[-17.0072,21.121],[-16.9979,21.1469],[-16.9953,21.1682],[-16.9478,21.3342],[-15.5584,21.3357],[-14.6895,21.3357],[-14.6192,21.3357],[-14.2672,21.3356],[-13.6677,21.3334],[-13.6757,21.1999]]]]},"properties":{"code":"08","name":"Dakhlet Nouadhibou","level":"2","parent":"WPviLRHrXcD","parentGraph":"WPviLRHrXcD","groups":[]}},{"type":"Feature","id":"t7TgTpDuakx","geometry":{"type":"Polygon","coordinates":[[[-15.8621,18.1381],[-15.8736,18.1295],[-15.8758,18.1279],[-15.8925,18.1351],[-15.8954,18.1309],[-15.8978,18.1273],[-15.9017,18.1218],[-15.9029,18.1197],[-15.9056,18.1144],[-15.9071,18.1115],[-15.9131,18.1047],[-15.915,18.1046],[-15.9154,18.1031],[-15.9161,18.1006],[-15.9175,18.0956],[-15.9184,18.0943],[-15.9189,18.0936],[-15.9223,18.089],[-15.9236,18.088],[-15.9274,18.0851],[-15.9275,18.0851],[-15.9279,18.0848],[-15.928,18.0848],[-15.9331,18.085],[-15.933,18.0846],[-15.9335,18.0836],[-15.9335,18.0835],[-15.9335,18.0834],[-15.9335,18.0834],[-15.9334,18.0834],[-15.9334,18.0833],[-15.9334,18.0833],[-15.9334,18.0833],[-15.9334,18.0832],[-15.9334,18.0831],[-15.9334,18.083],[-15.9334,18.083],[-15.9335,18.0828],[-15.9335,18.0824],[-15.9336,18.0821],[-15.9337,18.081],[-15.9339,18.08],[-15.934,18.0797],[-15.934,18.0795],[-15.9341,18.0787],[-15.9343,18.0779],[-15.9343,18.0775],[-15.9344,18.0774],[-15.9344,18.077],[-15.9345,18.0765],[-15.9345,18.0762],[-15.9345,18.0761],[-15.9346,18.0755],[-15.9346,18.0753],[-15.9347,18.0748],[-15.9347,18.0745],[-15.9348,18.0743],[-15.9348,18.074],[-15.9349,18.0738],[-15.9351,18.073],[-15.9355,18.0718],[-15.9358,18.0711],[-15.9358,18.071],[-15.9358,18.071],[-15.9652,18.0791],[-15.961,18.088],[-15.9604,18.0884],[-15.9535,18.0983],[-15.9529,18.099],[-15.9471,18.106],[-15.945,18.1086],[-15.9286,18.1297],[-15.9272,18.1312],[-15.9257,18.1332],[-15.9228,18.1366],[-15.9212,18.1383],[-15.8925,18.1722],[-15.8925,18.1719],[-15.8891,18.1685],[-15.8773,18.1569],[-15.8688,18.1485],[-15.8621,18.1381]]]},"properties":{"code":"137","name":"Dar Naïm (Moughataa)","level":"3","parent":"dJjdhrHHuR7","parentGraph":"WPviLRHrXcD/dJjdhrHHuR7","groups":[]}},{"type":"Feature","id":"KPkcUCWxpgh","geometry":{"type":"Polygon","coordinates":[[[-8.3567,15.5006],[-8.727,15.5006],[-8.9967,15.5006],[-8.9549,15.5446],[-8.9403,15.5875],[-8.9105,15.6668],[-8.8561,15.8162],[-8.9673,15.8593],[-9.0308,15.9874],[-9.0675,16.0625],[-9.0229,16.1533],[-8.8943,16.3925],[-8.749,16.5327],[-8.742,16.5255],[-8.7336,16.5205],[-8.7272,16.5182],[-8.7178,16.5164],[-8.7101,16.5153],[-8.7005,16.5145],[-8.6895,16.5139],[-8.6815,16.5127],[-8.6724,16.508],[-8.6675,16.5011],[-8.6633,16.4939],[-8.6598,16.4868],[-8.6572,16.4767],[-8.6537,16.468],[-8.652,16.459],[-8.6473,16.4481],[-8.6431,16.4404],[-8.6448,16.4216],[-8.6454,16.4161],[-8.6431,16.409],[-8.639,16.3989],[-8.6333,16.3859],[-8.6246,16.3704],[-8.6174,16.3608],[-8.6114,16.3514],[-8.6061,16.3437],[-8.5994,16.3327],[-8.5929,16.3251],[-8.589,16.3185],[-8.5847,16.3083],[-8.5807,16.3004],[-8.5814,16.2945],[-8.5856,16.2879],[-8.5887,16.2809],[-8.5956,16.273],[-8.5977,16.2709],[-8.5673,16.1508],[-8.5417,16.0497],[-8.4396,15.8784],[-8.4353,15.8435],[-8.4192,15.6872],[-8.4138,15.6238],[-8.4095,15.6152],[-8.4074,15.6048],[-8.4028,15.5889],[-8.3972,15.5763],[-8.3907,15.5654],[-8.3849,15.5529],[-8.3774,15.54],[-8.3731,15.5312],[-8.3686,15.5227],[-8.3645,15.5157],[-8.3612,15.5093],[-8.3567,15.5006]]]},"properties":{"code":"013","name":"Djiguenni (Moughataa)","level":"3","parent":"h7D2Q040y1I","parentGraph":"WPviLRHrXcD/h7D2Q040y1I","groups":[]}},{"type":"Feature","id":"PAhvKNbf4tv","geometry":{"type":"Polygon","coordinates":[[[-15.9821,18.0784],[-15.9771,18.0777],[-15.977,18.0777],[-15.9746,18.0773],[-15.9752,18.074],[-15.9755,18.0724],[-15.9755,18.0717],[-15.9755,18.0709],[-15.9748,18.0702],[-15.9741,18.0698],[-15.97,18.0683],[-15.972,18.0636],[-15.9739,18.0594],[-15.975,18.0569],[-15.9754,18.0557],[-15.9756,18.0534],[-15.9754,18.0517],[-15.9744,18.0477],[-15.9733,18.0432],[-15.9724,18.0391],[-15.9723,18.0369],[-15.9726,18.0345],[-15.9731,18.0319],[-15.9731,18.0319],[-15.9732,18.0319],[-15.9771,18.0118],[-15.9777,18.0081],[-15.9773,18.0051],[-15.9724,17.9765],[-15.9602,17.905],[-15.991,17.9056],[-15.9904,17.8225],[-16.0356,17.8223],[-16.0352,17.8248],[-16.0388,17.8389],[-16.039,17.8397],[-16.0387,17.8421],[-16.0371,17.8547],[-16.036,17.865],[-16.0362,17.8755],[-16.0362,17.8861],[-16.0366,17.8875],[-16.0415,17.9094],[-16.0336,17.9449],[-16.0295,17.9634],[-16.0322,18.0522],[-16.0323,18.0534],[-16.0113,18.058],[-15.9913,18.0702],[-15.9851,18.0741],[-15.9832,18.0755],[-15.9827,18.076],[-15.9823,18.0771],[-15.9821,18.0784]]]},"properties":{"code":"156","name":"El Mina (Moughataa)","level":"3","parent":"S3N5qYBbks9","parentGraph":"WPviLRHrXcD/S3N5qYBbks9","groups":[]}},{"type":"Feature","id":"urIfxOJKrIb","geometry":{"type":"Polygon","coordinates":[[[-6.4934,24.3306],[-10.7622,21.5812],[-11.6211,21.5145],[-12.3829,21.3537],[-13.0165,21.5731],[-13.0286,21.5764],[-13.0435,21.7027],[-13.1009,22.2777],[-13.123,22.5102],[-13.1318,22.6564],[-13.1505,22.756],[-13.1055,22.893],[-13.0813,23.0002],[-13.044,23.0808],[-12.9132,23.2645],[-12.8228,23.3554],[-12.7439,23.3962],[-12.0004,23.454],[-12.0004,24.9999],[-6.5662,24.9859],[-6.4934,24.3306]],[[-12.4925,22.6428],[-12.4153,22.6391],[-12.2763,22.6747],[-12.1299,22.7773],[-12.1885,22.8412],[-12.3135,22.881],[-12.5115,22.8079],[-12.4925,22.6428]]]},"properties":{"code":"112","name":"F’Deirick (Moughataa)","level":"3","parent":"GCg4A0EFCIG","parentGraph":"WPviLRHrXcD/GCg4A0EFCIG","groups":[]}},{"type":"Feature","id":"sOkaC6gHjA0","geometry":{"type":"Polygon","coordinates":[[[-12.7679,16.4668],[-12.766,16.4599],[-12.7614,16.4605],[-12.7554,16.4615],[-12.7494,16.4635],[-12.7454,16.4635],[-12.7424,16.4645],[-12.7364,16.4625],[-12.7344,16.4605],[-12.7304,16.4585],[-12.7252,16.4563],[-12.7101,16.459],[-12.7045,16.4639],[-12.6976,16.4684],[-12.6829,16.48],[-12.675,16.4845],[-12.6663,16.491],[-12.6597,16.4901],[-12.6504,16.4886],[-12.6338,16.4847],[-12.4316,16.4431],[-12.4324,16.436],[-12.435,16.4303],[-12.436,16.4222],[-12.4309,16.4169],[-12.4261,16.407],[-12.4205,16.4019],[-12.4181,16.392],[-12.4206,16.3833],[-12.4201,16.3758],[-12.4209,16.3688],[-12.4202,16.3616],[-12.4164,16.3519],[-12.4125,16.3389],[-12.411,16.3302],[-12.4097,16.3238],[-12.4083,16.3161],[-12.4089,16.3067],[-12.4096,16.3017],[-12.4118,16.2973],[-12.4153,16.291],[-12.4178,16.282],[-12.4168,16.2764],[-12.4171,16.2709],[-12.4169,16.2652],[-12.4174,16.2618],[-12.421,16.2601],[-12.4227,16.2587],[-12.4262,16.2582],[-12.4297,16.2568],[-12.4325,16.253],[-12.4322,16.2471],[-12.4283,16.2426],[-12.4268,16.2367],[-12.4294,16.2335],[-12.4314,16.2205],[-12.4293,16.2168],[-12.4285,16.21],[-12.4269,16.2039],[-12.4225,16.1991],[-12.4167,16.1977],[-12.4096,16.1995],[-12.405,16.2016],[-12.3994,16.2059],[-12.3933,16.2102],[-12.3848,16.2146],[-12.3786,16.2167],[-12.3742,16.2199],[-12.3687,16.2255],[-12.3612,16.2316],[-12.3548,16.2386],[-12.3474,16.2433],[-12.3416,16.2474],[-12.3338,16.2509],[-12.3259,16.2532],[-12.3173,16.2553],[-12.3116,16.2565],[-12.3031,16.2584],[-12.296,16.2591],[-12.2922,16.2575],[-12.2872,16.2535],[-12.2845,16.2499],[-12.2806,16.2456],[-12.276,16.2435],[-12.2668,16.2407],[-12.2607,16.2411],[-12.2516,16.2397],[-12.2464,16.2345],[-12.2429,16.2292],[-12.2407,16.2225],[-12.2397,16.2153],[-12.2388,16.2083],[-12.2389,16.1974],[-12.2379,16.1929],[-12.2373,16.1851],[-12.236,16.1764],[-12.2359,16.1666],[-12.2366,16.1605],[-12.2387,16.1542],[-12.2362,16.148],[-12.2319,16.1383],[-12.222,16.122],[-12.2133,16.1235],[-12.2028,16.126],[-12.1954,16.1229],[-12.1832,16.1205],[-12.1753,16.1191],[-12.1652,16.1166],[-12.161,16.1124],[-12.154,16.1094],[-12.1485,16.115],[-12.1421,16.1196],[-12.1341,16.1205],[-12.126,16.1177],[-12.1155,16.1151],[-12.109,16.1127],[-12.1023,16.1092],[-12.0933,16.1046],[-12.085,16.1009],[-12.0768,16.0932],[-12.073,16.0877],[-12.0655,16.0804],[-12.0619,16.0752],[-12.0596,16.0701],[-12.0581,16.065],[-12.0575,16.0596],[-12.0476,16.056],[-12.0358,16.0548],[-12.0242,16.0557],[-12.0168,16.0593],[-12.0114,16.0646],[-12.0037,16.0569],[-12.0019,16.0518],[-12.0018,16.0417],[-12.0028,16.0346],[-12.0044,16.0268],[-12.0073,16.0185],[-12.0112,16.0104],[-12.0158,16.0004],[-12.0146,15.9957],[-12.0095,15.9897],[-12.01,15.9836],[-12.0056,15.9743],[-12.0041,15.9653],[-12.0042,15.9609],[-12.0045,15.954],[-12.0055,15.9497],[-12.0067,15.9462],[-12.0054,15.9395],[-12.0144,15.9395],[-12.0244,15.9355],[-12.0374,15.9285],[-12.0544,15.9215],[-12.0694,15.9165],[-12.08,15.9133],[-12.0914,15.9085],[-12.1025,15.9025],[-12.1099,15.899],[-12.1164,15.896],[-12.1284,15.8925],[-12.1474,15.8845],[-12.1564,15.8875],[-12.1654,15.8895],[-12.1754,15.8915],[-12.1882,15.8985],[-12.1947,15.8949],[-12.2007,15.8906],[-12.2053,15.8868],[-12.2078,15.8845],[-12.2113,15.8842],[-12.2141,15.8837],[-12.2166,15.8837],[-12.2195,15.8846],[-12.2225,15.885],[-12.2261,15.8848],[-12.2305,15.8847],[-12.2337,15.8836],[-12.2363,15.8821],[-12.2388,15.8798],[-12.2408,15.8775],[-12.2421,15.8764],[-12.2442,15.8759],[-12.2457,15.875],[-12.2479,15.8733],[-12.2497,15.872],[-12.2528,15.8694],[-12.2559,15.8662],[-12.2588,15.8645],[-12.2654,15.8625],[-12.268,15.8548],[-12.2773,15.8264],[-12.2889,15.8084],[-12.3157,15.79],[-12.4014,15.7075],[-12.4054,15.7039],[-12.4084,15.7015],[-12.4354,15.6855],[-12.4664,15.6625],[-12.4694,15.6595],[-12.4724,15.6565],[-12.4754,15.6495],[-12.4794,15.6285],[-12.4844,15.6185],[-12.4914,15.5835],[-12.4944,15.5685],[-12.5254,15.5466],[-12.5314,15.5426],[-12.5354,15.5396],[-12.6066,15.5604],[-12.6478,15.4336],[-12.6537,15.4178],[-12.6954,15.3076],[-12.703,15.2859],[-12.7542,15.1391],[-12.7578,15.141],[-12.7585,15.1413],[-12.7594,15.1415],[-12.7629,15.1428],[-12.7635,15.1431],[-12.7665,15.1443],[-12.7689,15.145],[-12.7702,15.1453],[-12.7723,15.1461],[-12.7751,15.1468],[-12.7758,15.1471],[-12.778,15.1476],[-12.7807,15.1494],[-12.7839,15.1517],[-12.7839,15.1518],[-12.7842,15.152],[-12.7863,15.1547],[-12.7868,15.1562],[-12.787,15.1565],[-12.787,15.1568],[-12.787,15.1569],[-12.7876,15.1604],[-12.7876,15.1611],[-12.7879,15.1632],[-12.7878,15.1663],[-12.7871,15.1697],[-12.7864,15.1714],[-12.7858,15.1732],[-12.7846,15.1767],[-12.7846,15.1768],[-12.7845,15.1771],[-12.7844,15.1774],[-12.7832,15.1808],[-12.7813,15.1852],[-12.7811,15.1904],[-12.7822,15.1954],[-12.7824,15.1962],[-12.7834,15.1987],[-12.7845,15.2023],[-12.7848,15.2029],[-12.7849,15.2031],[-12.7865,15.206],[-12.7877,15.2079],[-12.7886,15.2088],[-12.7884,15.2096],[-12.7898,15.21],[-12.7903,15.2105],[-12.7937,15.2128],[-12.7953,15.2135],[-12.7976,15.2146],[-12.7975,15.2145],[-12.7992,15.2155],[-12.8011,15.2162],[-12.8042,15.2166],[-12.8069,15.2166],[-12.8095,15.2164],[-12.81,15.2164],[-12.8127,15.2161],[-12.8183,15.2152],[-12.8195,15.2146],[-12.8217,15.2132],[-12.823,15.2123],[-12.8252,15.2105],[-12.8288,15.2078],[-12.8293,15.2073],[-12.8293,15.2073],[-12.831,15.2057],[-12.8322,15.2046],[-12.8329,15.204],[-12.8366,15.2013],[-12.8372,15.2011],[-12.8382,15.2006],[-12.8393,15.2005],[-12.8405,15.2001],[-12.8412,15.2003],[-12.8414,15.2003],[-12.8415,15.2003],[-12.8434,15.2006],[-12.8451,15.202],[-12.8458,15.2024],[-12.8466,15.2031],[-12.8476,15.2039],[-12.8478,15.2041],[-12.8479,15.2042],[-12.8484,15.2048],[-12.8486,15.2058],[-12.8488,15.2072],[-12.849,15.2099],[-12.849,15.2099],[-12.8491,15.2102],[-12.85,15.212],[-12.8503,15.2125],[-12.8511,15.2145],[-12.852,15.2163],[-12.8533,15.2188],[-12.8548,15.2213],[-12.8569,15.2238],[-12.8571,15.2241],[-12.8572,15.2242],[-12.8573,15.2244],[-12.8592,15.2267],[-12.8603,15.228],[-12.8628,15.2298],[-12.8637,15.2308],[-12.8637,15.2309],[-12.8652,15.2322],[-12.8664,15.2333],[-12.8678,15.2342],[-12.8683,15.2345],[-12.8696,15.2354],[-12.871,15.2361],[-12.8742,15.237],[-12.8781,15.2383],[-12.881,15.24],[-12.8821,15.2406],[-12.8823,15.2408],[-12.8848,15.2424],[-12.8848,15.2424],[-12.8848,15.2425],[-12.8851,15.2427],[-12.8863,15.2437],[-12.8864,15.2438],[-12.8865,15.2438],[-12.8876,15.2448],[-12.8882,15.2455],[-12.889,15.2464],[-12.8892,15.2466],[-12.8893,15.247],[-12.8901,15.248],[-12.8922,15.2502],[-12.8934,15.2531],[-12.8936,15.2538],[-12.8938,15.2542],[-12.8944,15.2567],[-12.8943,15.2585],[-12.8943,15.2587],[-12.8942,15.2588],[-12.8941,15.2601],[-12.8939,15.2607],[-12.8938,15.2614],[-12.8934,15.2618],[-12.8934,15.2618],[-12.8932,15.262],[-12.8917,15.2641],[-12.8917,15.2641],[-12.8902,15.2652],[-12.8893,15.2656],[-12.8892,15.2657],[-12.8891,15.2657],[-12.8877,15.2664],[-12.8849,15.2675],[-12.8827,15.2677],[-12.8825,15.2678],[-12.882,15.2678],[-12.8784,15.2682],[-12.8748,15.2676],[-12.8726,15.2664],[-12.872,15.2656],[-12.8718,15.2655],[-12.8695,15.2631],[-12.8675,15.2612],[-12.8674,15.2611],[-12.8673,15.261],[-12.8668,15.2606],[-12.864,15.2579],[-12.8626,15.2562],[-12.8603,15.2551],[-12.8557,15.2541],[-12.8544,15.2538],[-12.8544,15.2538],[-12.8535,15.2537],[-12.8531,15.2536],[-12.8524,15.2535],[-12.8513,15.2532],[-12.849,15.2526],[-12.8486,15.2526],[-12.845,15.2531],[-12.8441,15.2543],[-12.8433,15.2561],[-12.8429,15.2573],[-12.8425,15.2575],[-12.842,15.2584],[-12.8407,15.2594],[-12.8402,15.2599],[-12.839,15.2612],[-12.8378,15.2626],[-12.8373,15.263],[-12.8355,15.2648],[-12.8349,15.2657],[-12.8344,15.2665],[-12.8329,15.2686],[-12.8311,15.2715],[-12.8309,15.2719],[-12.8302,15.2735],[-12.8296,15.2755],[-12.8287,15.2778],[-12.8288,15.2826],[-12.8292,15.2853],[-12.8293,15.286],[-12.8294,15.2864],[-12.8313,15.2902],[-12.8319,15.2913],[-12.8332,15.2936],[-12.8336,15.2944],[-12.8353,15.2975],[-12.8353,15.2975],[-12.8357,15.2979],[-12.8362,15.2999],[-12.8371,15.3027],[-12.8382,15.3056],[-12.8388,15.3076],[-12.839,15.3082],[-12.8412,15.3117],[-12.8427,15.3133],[-12.8431,15.3137],[-12.8442,15.3146],[-12.8452,15.3158],[-12.8475,15.3172],[-12.8478,15.3174],[-12.849,15.3182],[-12.8512,15.3194],[-12.8526,15.3202],[-12.8526,15.3202],[-12.8543,15.3211],[-12.8559,15.322],[-12.8563,15.3222],[-12.8582,15.3233],[-12.8582,15.3233],[-12.8605,15.3244],[-12.8614,15.3251],[-12.8655,15.3275],[-12.8698,15.3307],[-12.8733,15.333],[-12.8733,15.333],[-12.875,15.3344],[-12.8785,15.3361],[-12.8794,15.3365],[-12.8816,15.3374],[-12.882,15.3375],[-12.8842,15.3383],[-12.8863,15.3384],[-12.8863,15.3384],[-12.8863,15.3384],[-12.889,15.3384],[-12.8901,15.3386],[-12.8903,15.3386],[-12.8931,15.3389],[-12.8931,15.3389],[-12.8931,15.3388],[-12.8942,15.339],[-12.8982,15.3393],[-12.8995,15.3393],[-12.9021,15.3392],[-12.904,15.3394],[-12.9041,15.3394],[-12.9042,15.3394],[-12.9053,15.3395],[-12.9082,15.3409],[-12.9109,15.3421],[-12.9138,15.3434],[-12.9157,15.3445],[-12.9189,15.3458],[-12.9214,15.3466],[-12.9214,15.3467],[-12.9227,15.347],[-12.9251,15.3482],[-12.9263,15.3487],[-12.9283,15.3502],[-12.9306,15.3519],[-12.9329,15.3537],[-12.9351,15.3556],[-12.9361,15.3565],[-12.9372,15.3576],[-12.9381,15.3584],[-12.9383,15.3588],[-12.939,15.36],[-12.9398,15.3615],[-12.9408,15.3634],[-12.9417,15.3649],[-12.9424,15.3662],[-12.9427,15.3667],[-12.9427,15.367],[-12.9428,15.3673],[-12.9428,15.3692],[-12.9428,15.3721],[-12.9424,15.3746],[-12.9423,15.3761],[-12.9422,15.3767],[-12.942,15.3785],[-12.9415,15.3811],[-12.9414,15.3845],[-12.9409,15.3874],[-12.9409,15.3876],[-12.9409,15.3899],[-12.9409,15.3919],[-12.9409,15.3928],[-12.9409,15.3952],[-12.9409,15.3956],[-12.9411,15.3991],[-12.9411,15.3991],[-12.9411,15.3992],[-12.9417,15.4022],[-12.9419,15.403],[-12.942,15.4037],[-12.942,15.4041],[-12.9421,15.4048],[-12.9422,15.4068],[-12.9425,15.4096],[-12.9421,15.4117],[-12.9417,15.4143],[-12.9416,15.4152],[-12.9416,15.4167],[-12.941,15.4178],[-12.9408,15.4186],[-12.9403,15.4191],[-12.9397,15.4203],[-12.9388,15.4208],[-12.9381,15.4215],[-12.9374,15.4222],[-12.9372,15.4224],[-12.9367,15.4227],[-12.9333,15.4256],[-12.9317,15.4265],[-12.931,15.4271],[-12.93,15.4276],[-12.93,15.4276],[-12.9271,15.4296],[-12.9253,15.4313],[-12.9244,15.4322],[-12.9235,15.4334],[-12.9225,15.4354],[-12.9217,15.4379],[-12.9217,15.4385],[-12.9217,15.4387],[-12.9219,15.4406],[-12.9219,15.4411],[-12.9219,15.4411],[-12.9228,15.443],[-12.9236,15.444],[-12.9248,15.4451],[-12.9252,15.4455],[-12.926,15.4462],[-12.9287,15.4469],[-12.9299,15.4467],[-12.9311,15.4469],[-12.9335,15.4467],[-12.9349,15.4464],[-12.9362,15.4459],[-12.9382,15.4456],[-12.9417,15.4449],[-12.9449,15.444],[-12.945,15.444],[-12.9459,15.4438],[-12.9469,15.4436],[-12.9488,15.4433],[-12.951,15.4434],[-12.9522,15.4441],[-12.9527,15.4443],[-12.9543,15.4451],[-12.9547,15.4459],[-12.9561,15.4474],[-12.957,15.4496],[-12.9571,15.45],[-12.9572,15.4504],[-12.9573,15.451],[-12.9574,15.4516],[-12.9575,15.4547],[-12.9575,15.4548],[-12.9575,15.4562],[-12.9572,15.4574],[-12.9571,15.459],[-12.9569,15.4595],[-12.9566,15.4605],[-12.9561,15.463],[-12.9559,15.4646],[-12.9559,15.465],[-12.9558,15.4652],[-12.9556,15.4664],[-12.9554,15.4686],[-12.9555,15.4709],[-12.9552,15.4739],[-12.9553,15.476],[-12.9556,15.4789],[-12.9563,15.481],[-12.9563,15.4811],[-12.9563,15.4812],[-12.9564,15.4815],[-12.9565,15.4823],[-12.9567,15.4831],[-12.9574,15.4844],[-12.9583,15.4868],[-12.9585,15.4874],[-12.9588,15.4877],[-12.9588,15.4883],[-12.9592,15.4891],[-12.9591,15.4898],[-12.9591,15.4899],[-12.9591,15.4917],[-12.9592,15.4921],[-12.9591,15.4933],[-12.959,15.4939],[-12.959,15.4943],[-12.9589,15.4947],[-12.9588,15.4953],[-12.9586,15.4956],[-12.9584,15.4961],[-12.9573,15.4978],[-12.9564,15.4993],[-12.9564,15.4994],[-12.9562,15.5011],[-12.9577,15.5028],[-12.9594,15.5033],[-12.9617,15.5034],[-12.9624,15.5032],[-12.9651,15.5023],[-12.9674,15.5013],[-12.9696,15.5006],[-12.972,15.4996],[-12.9749,15.4993],[-12.9774,15.4994],[-12.9801,15.4993],[-12.9828,15.4995],[-12.986,15.4991],[-12.9876,15.4993],[-12.9889,15.4992],[-12.9917,15.499],[-12.9918,15.499],[-12.9919,15.499],[-12.9945,15.4976],[-12.9967,15.4971],[-12.9987,15.4969],[-12.9988,15.497],[-12.9987,15.496],[-13.0001,15.4951],[-13.003,15.4931],[-13.0062,15.4907],[-13.0087,15.488],[-13.0102,15.4856],[-13.0122,15.4829],[-13.0145,15.482],[-13.0168,15.4814],[-13.02,15.4811],[-13.0242,15.481],[-13.0278,15.481],[-13.0321,15.4802],[-13.0326,15.4801],[-13.0394,15.4794],[-13.0469,15.48],[-13.0501,15.4799],[-13.0549,15.4812],[-13.0596,15.4829],[-13.0663,15.4859],[-13.0695,15.4879],[-13.0738,15.4913],[-13.0811,15.4935],[-13.0831,15.4941],[-13.0833,15.4942],[-13.0894,15.4949],[-13.0934,15.4962],[-13.0961,15.4979],[-13.0988,15.5003],[-13.0993,15.5007],[-13.1008,15.5045],[-13.1002,15.5066],[-13.1002,15.5066],[-13.0994,15.5102],[-13.098,15.5146],[-13.0976,15.5198],[-13.0971,15.5232],[-13.0967,15.5242],[-13.0943,15.5301],[-13.0893,15.5381],[-13.0837,15.5456],[-13.082,15.5493],[-13.0819,15.5544],[-13.0832,15.5596],[-13.0842,15.5627],[-13.086,15.565],[-13.0877,15.5676],[-13.0894,15.5703],[-13.0902,15.5724],[-13.0888,15.574],[-13.0846,15.5756],[-13.0829,15.5769],[-13.0833,15.5804],[-13.0838,15.5832],[-13.0899,15.5856],[-13.0933,15.5867],[-13.0958,15.5869],[-13.0975,15.5882],[-13.1007,15.5905],[-13.1024,15.5923],[-13.107,15.5938],[-13.1117,15.5963],[-13.1163,15.5979],[-13.1191,15.5991],[-13.1241,15.6004],[-13.1281,15.601],[-13.1298,15.6015],[-13.1324,15.6029],[-13.1351,15.6038],[-13.142,15.6046],[-13.1442,15.6055],[-13.1463,15.6065],[-13.1494,15.6085],[-13.1522,15.6104],[-13.155,15.6122],[-13.1552,15.6126],[-13.1561,15.6132],[-13.1588,15.615],[-13.1609,15.6174],[-13.1637,15.6197],[-13.1675,15.6215],[-13.1711,15.6236],[-13.1738,15.6251],[-13.1763,15.6266],[-13.1814,15.6277],[-13.1867,15.6276],[-13.1884,15.6275],[-13.1919,15.6274],[-13.1934,15.6272],[-13.1965,15.6265],[-13.1991,15.6242],[-13.2014,15.6227],[-13.2043,15.6198],[-13.2076,15.6165],[-13.2087,15.615],[-13.2086,15.6125],[-13.2099,15.6112],[-13.2137,15.6103],[-13.2177,15.6109],[-13.2184,15.6113],[-13.2242,15.6142],[-13.2263,15.6167],[-13.2279,15.6198],[-13.2292,15.6251],[-13.2305,15.6288],[-13.2336,15.6338],[-13.2362,15.6377],[-13.24,15.6429],[-13.2441,15.6475],[-13.2452,15.6497],[-13.2469,15.6525],[-13.2481,15.6531],[-13.2494,15.658],[-13.2497,15.6627],[-13.2492,15.6657],[-13.2482,15.6694],[-13.246,15.6747],[-13.2438,15.6765],[-13.2418,15.6765],[-13.2401,15.6761],[-13.2361,15.6744],[-13.2331,15.673],[-13.2261,15.6708],[-13.2215,15.6718],[-13.2157,15.675],[-13.2123,15.6772],[-13.2094,15.6821],[-13.2064,15.6886],[-13.2048,15.6925],[-13.2044,15.6959],[-13.2059,15.6978],[-13.2083,15.6999],[-13.2119,15.7024],[-13.2139,15.7045],[-13.2153,15.7058],[-13.2174,15.7073],[-13.2195,15.7092],[-13.2217,15.711],[-13.2221,15.7114],[-13.2226,15.7119],[-13.2243,15.7143],[-13.2257,15.7156],[-13.2279,15.7177],[-13.2301,15.7193],[-13.2329,15.7221],[-13.2364,15.7254],[-13.239,15.7282],[-13.2403,15.7294],[-13.2439,15.7322],[-13.2465,15.7344],[-13.2507,15.7373],[-13.2535,15.7392],[-13.256,15.7411],[-13.2601,15.7436],[-13.2621,15.7452],[-13.2659,15.7478],[-13.2687,15.75],[-13.2719,15.7526],[-13.2757,15.7565],[-13.2787,15.7598],[-13.2797,15.7609],[-13.2819,15.7619],[-13.2844,15.7619],[-13.2862,15.7643],[-13.2878,15.7675],[-13.2883,15.7686],[-13.2886,15.7698],[-13.2886,15.7718],[-13.2879,15.776],[-13.2865,15.7818],[-13.2856,15.786],[-13.2836,15.7871],[-13.2813,15.7874],[-13.2766,15.7846],[-13.273,15.7835],[-13.2685,15.7821],[-13.2651,15.7825],[-13.2617,15.7853],[-13.261,15.7894],[-13.2638,15.7938],[-13.2682,15.7978],[-13.2727,15.8008],[-13.2769,15.804],[-13.279,15.8049],[-13.2798,15.8049],[-13.28,15.8049],[-13.28,15.8049],[-13.281,15.8057],[-13.2817,15.806],[-13.2822,15.8063],[-13.2845,15.8086],[-13.2851,15.8092],[-13.2851,15.8092],[-13.2862,15.8103],[-13.2882,15.8129],[-13.2911,15.8159],[-13.2931,15.8188],[-13.2958,15.8225],[-13.297,15.827],[-13.2973,15.8275],[-13.298,15.8295],[-13.298,15.8307],[-13.2983,15.8343],[-13.2984,15.8357],[-13.2984,15.8362],[-13.2986,15.8367],[-13.2976,15.8412],[-13.2976,15.8413],[-13.2975,15.8417],[-13.2966,15.8463],[-13.2955,15.8499],[-13.2943,15.8553],[-13.2935,15.8586],[-13.2945,15.8622],[-13.2966,15.8674],[-13.2994,15.8726],[-13.3024,15.8756],[-13.3051,15.878],[-13.31,15.8808],[-13.3138,15.883],[-13.3169,15.8836],[-13.3189,15.8838],[-13.3227,15.8856],[-13.3254,15.8881],[-13.328,15.8901],[-13.3303,15.8931],[-13.332,15.8953],[-13.332,15.8975],[-13.328,15.9004],[-13.3245,15.9044],[-13.3197,15.9086],[-13.3155,15.9115],[-13.3126,15.9146],[-13.3099,15.9198],[-13.3112,15.9244],[-13.3125,15.9273],[-13.3165,15.9307],[-13.3186,15.9316],[-13.3218,15.9316],[-13.3247,15.9315],[-13.3287,15.9328],[-13.3311,15.9341],[-13.3391,15.9388],[-13.3431,15.9436],[-13.3466,15.9472],[-13.3469,15.9475],[-13.3516,15.9525],[-13.3535,15.9551],[-13.3553,15.9602],[-13.3566,15.9645],[-13.3593,15.9682],[-13.3629,15.9733],[-13.3636,15.9774],[-13.3632,15.984],[-13.3627,15.989],[-13.3616,15.993],[-13.3619,15.9954],[-13.3615,15.9997],[-13.3614,15.9997],[-13.3617,16],[-13.3639,16.0021],[-13.3672,16.005],[-13.3675,16.0053],[-13.3691,16.007],[-13.3705,16.0088],[-13.3715,16.0094],[-13.3726,16.0097],[-13.3736,16.0104],[-13.3742,16.0111],[-13.3748,16.012],[-13.3751,16.0129],[-13.3752,16.0171],[-13.375,16.0184],[-13.3747,16.0209],[-13.3749,16.0232],[-13.3748,16.025],[-13.3746,16.0262],[-13.3748,16.0272],[-13.3752,16.0293],[-13.3758,16.0313],[-13.3751,16.0355],[-13.3745,16.0374],[-13.3726,16.0466],[-13.3727,16.0499],[-13.3736,16.0531],[-13.3752,16.0564],[-13.3785,16.0589],[-13.3808,16.0607],[-13.3827,16.0616],[-13.3846,16.0625],[-13.3858,16.0627],[-13.388,16.0629],[-13.3892,16.0628],[-13.3953,16.0649],[-13.3976,16.0659],[-13.3991,16.0665],[-13.4024,16.0681],[-13.4044,16.0689],[-13.4046,16.0697],[-13.4062,16.0696],[-13.4163,16.073],[-13.4291,16.0786],[-13.4409,16.0838],[-13.4415,16.0844],[-13.4419,16.0854],[-13.4422,16.0859],[-13.444,16.0857],[-13.4452,16.0859],[-13.4457,16.0861],[-13.4476,16.0882],[-13.4492,16.09],[-13.4497,16.091],[-13.4517,16.0959],[-13.4526,16.0985],[-13.4529,16.0999],[-13.454,16.1011],[-13.4547,16.1023],[-13.4549,16.1042],[-13.4553,16.1054],[-13.4555,16.1068],[-13.4554,16.1087],[-13.4557,16.1093],[-13.4572,16.1094],[-13.4581,16.1098],[-13.4594,16.1104],[-13.4644,16.1104],[-13.4648,16.1103],[-13.4685,16.1091],[-13.4711,16.1075],[-13.4732,16.1059],[-13.4743,16.1046],[-13.4753,16.103],[-13.4759,16.1026],[-13.4776,16.0999],[-13.4795,16.0959],[-13.4816,16.0904],[-13.4825,16.088],[-13.4829,16.0872],[-13.4836,16.0861],[-13.4843,16.085],[-13.4858,16.0829],[-13.4872,16.0822],[-13.4889,16.0812],[-13.4902,16.0812],[-13.4917,16.0815],[-13.4942,16.082],[-13.4968,16.0824],[-13.4994,16.0829],[-13.5027,16.0853],[-13.5067,16.0891],[-13.5091,16.0913],[-13.5106,16.0933],[-13.5117,16.0953],[-13.5129,16.0992],[-13.5138,16.102],[-13.5133,16.1039],[-13.5131,16.1063],[-13.5123,16.1089],[-13.5115,16.1115],[-13.5082,16.1167],[-13.5058,16.119],[-13.5036,16.1201],[-13.5037,16.1207],[-13.5016,16.1218],[-13.4989,16.1233],[-13.4969,16.1241],[-13.4954,16.125],[-13.4927,16.1256],[-13.4909,16.1259],[-13.4888,16.1259],[-13.4875,16.1263],[-13.4856,16.1264],[-13.4819,16.1268],[-13.4807,16.1268],[-13.4797,16.1268],[-13.4787,16.1273],[-13.4758,16.1293],[-13.4744,16.1303],[-13.4741,16.1307],[-13.4739,16.1311],[-13.4731,16.1327],[-13.4729,16.1346],[-13.4739,16.1372],[-13.4747,16.1375],[-13.4761,16.1407],[-13.4775,16.1433],[-13.4795,16.1459],[-13.4834,16.1489],[-13.4845,16.149],[-13.4861,16.1496],[-13.4864,16.1503],[-13.4877,16.1501],[-13.4889,16.1497],[-13.4891,16.149],[-13.4896,16.1465],[-13.4913,16.1438],[-13.4958,16.1413],[-13.4995,16.1402],[-13.5023,16.1393],[-13.5046,16.1383],[-13.5064,16.1368],[-13.5082,16.1347],[-13.5101,16.1323],[-13.5113,16.1308],[-13.513,16.1295],[-13.515,16.1283],[-13.5167,16.1276],[-13.5188,16.1273],[-13.5247,16.1268],[-13.5296,16.1275],[-13.5338,16.1291],[-13.5378,16.1313],[-13.54,16.1323],[-13.5414,16.1328],[-13.5443,16.1336],[-13.5467,16.134],[-13.5484,16.1343],[-13.5497,16.1351],[-13.5512,16.1353],[-13.5516,16.136],[-13.5526,16.1363],[-13.5567,16.1374],[-13.5593,16.1374],[-13.5623,16.1379],[-13.5645,16.1381],[-13.5674,16.1371],[-13.5702,16.1365],[-13.5726,16.1362],[-13.5752,16.1361],[-13.5776,16.1357],[-13.5861,16.1319],[-13.5938,16.1285],[-13.5941,16.1283],[-13.5941,16.1283],[-13.5945,16.1282],[-13.5946,16.1281],[-13.5961,16.1275],[-13.6029,16.1246],[-13.6158,16.118],[-13.6194,16.1159],[-13.621,16.1149],[-13.6254,16.1118],[-13.6277,16.111],[-13.6296,16.1106],[-13.6322,16.1098],[-13.6339,16.109],[-13.6354,16.1083],[-13.6378,16.1079],[-13.6415,16.1082],[-13.6446,16.1089],[-13.6514,16.11],[-13.6537,16.111],[-13.6567,16.1115],[-13.6594,16.112],[-13.6615,16.112],[-13.6637,16.1108],[-13.6655,16.1094],[-13.6665,16.1082],[-13.6671,16.1077],[-13.668,16.1072],[-13.6715,16.1023],[-13.6766,16.0961],[-13.6788,16.0943],[-13.6808,16.0941],[-13.6829,16.0947],[-13.6866,16.097],[-13.692,16.1029],[-13.6956,16.1066],[-13.7022,16.1123],[-13.7054,16.1157],[-13.7082,16.1189],[-13.7137,16.1272],[-13.7166,16.1321],[-13.7177,16.1344],[-13.7193,16.1381],[-13.7204,16.1407],[-13.7208,16.1425],[-13.7209,16.144],[-13.7074,16.1539],[-13.688,16.1683],[-13.6525,16.1945],[-13.6259,16.2925],[-13.5834,16.3064],[-13.2215,16.4045],[-13.1858,16.4197],[-13.1857,16.4507],[-13.1648,16.4507],[-13.1555,16.5415],[-13.1175,16.5755],[-12.9634,16.6059],[-12.9574,16.6073],[-12.9534,16.6096],[-12.9491,16.6132],[-12.9462,16.6164],[-12.9432,16.6207],[-12.9392,16.6262],[-12.9349,16.6316],[-12.9312,16.6364],[-12.9282,16.6405],[-12.9256,16.6481],[-12.9235,16.6516],[-12.9209,16.658],[-12.9189,16.6642],[-12.9153,16.6691],[-12.9128,16.6741],[-12.9103,16.6783],[-12.909,16.6833],[-12.9094,16.6876],[-12.9095,16.694],[-12.9088,16.698],[-12.9082,16.7018],[-12.9063,16.7063],[-12.9031,16.7115],[-12.8996,16.7147],[-12.8953,16.719],[-12.8918,16.723],[-12.8888,16.7284],[-12.8829,16.7354],[-12.8788,16.7405],[-12.8741,16.7455],[-12.8707,16.7502],[-12.8674,16.7544],[-12.8626,16.7598],[-12.8571,16.7647],[-12.8531,16.7707],[-12.8497,16.776],[-12.8477,16.7799],[-12.8447,16.7865],[-12.8431,16.7929],[-12.8406,16.8005],[-12.8379,16.8082],[-12.8347,16.8126],[-12.8309,16.8207],[-12.8303,16.8264],[-12.83,16.8322],[-12.8292,16.8366],[-12.8282,16.8412],[-12.8286,16.8454],[-12.8275,16.85],[-12.8264,16.8545],[-12.825,16.8539],[-12.8224,16.8532],[-12.8188,16.8497],[-12.8166,16.8457],[-12.8134,16.841],[-12.8121,16.8359],[-12.8126,16.829],[-12.8144,16.8241],[-12.8148,16.8203],[-12.8182,16.815],[-12.8224,16.8109],[-12.8238,16.8064],[-12.8226,16.8012],[-12.823,16.7979],[-12.8237,16.7929],[-12.8246,16.7875],[-12.8272,16.7822],[-12.8299,16.7773],[-12.8324,16.7731],[-12.8345,16.769],[-12.8352,16.7643],[-12.8329,16.7594],[-12.8314,16.7548],[-12.8316,16.747],[-12.8322,16.7427],[-12.8323,16.7382],[-12.8331,16.7315],[-12.8352,16.7261],[-12.8376,16.7215],[-12.8398,16.7166],[-12.8408,16.71],[-12.8414,16.7064],[-12.8419,16.7024],[-12.8422,16.6958],[-12.842,16.6898],[-12.8413,16.6851],[-12.839,16.6808],[-12.8354,16.6763],[-12.8322,16.6731],[-12.8271,16.669],[-12.8227,16.6648],[-12.8188,16.6613],[-12.8145,16.6595],[-12.809,16.659],[-12.8042,16.6584],[-12.7993,16.6573],[-12.7947,16.6559],[-12.79,16.6533],[-12.7856,16.6507],[-12.7816,16.6463],[-12.7787,16.6407],[-12.7757,16.6348],[-12.7738,16.6299],[-12.77,16.6234],[-12.7673,16.6178],[-12.7664,16.6141],[-12.7662,16.609],[-12.7633,16.6019],[-12.7606,16.595],[-12.7587,16.5908],[-12.7555,16.587],[-12.7531,16.5832],[-12.7529,16.5773],[-12.7544,16.574],[-12.7538,16.5692],[-12.7514,16.5643],[-12.7476,16.5603],[-12.7437,16.5574],[-12.7413,16.5565],[-12.7394,16.5555],[-12.7379,16.5531],[-12.7366,16.5506],[-12.7354,16.5477],[-12.7355,16.5448],[-12.7366,16.54],[-12.7393,16.5362],[-12.7417,16.5321],[-12.7433,16.5285],[-12.7445,16.5254],[-12.7465,16.5196],[-12.7479,16.5144],[-12.7496,16.5096],[-12.7517,16.507],[-12.7564,16.5015],[-12.761,16.4991],[-12.7659,16.4981],[-12.7707,16.4944],[-12.771,16.4932],[-12.7688,16.49],[-12.766,16.485],[-12.7672,16.4801],[-12.7692,16.4769],[-12.769,16.4715],[-12.7679,16.4668]]]},"properties":{"code":"04","name":"Gorgol","level":"2","parent":"WPviLRHrXcD","parentGraph":"WPviLRHrXcD","groups":[]}},{"type":"Feature","id":"R8N206Tdw6f","geometry":{"type":"Polygon","coordinates":[[[-11.9521,17.0949],[-11.923,17.0826],[-11.9049,17.0903],[-11.8999,17.094],[-11.8942,17.0942],[-11.8924,17.0942],[-11.8922,17.0941],[-11.8876,17.0925],[-11.8842,17.0917],[-11.8787,17.0916],[-11.8751,17.0917],[-11.8707,17.09],[-11.8674,17.0886],[-11.8656,17.0871],[-11.8644,17.0859],[-11.8516,17.0699],[-11.8492,17.0655],[-11.8524,17.0614],[-11.8534,17.0533],[-11.8458,17.0449],[-11.8414,17.0394],[-11.8324,17.0284],[-11.8244,17.0224],[-11.8124,17.0254],[-11.8034,17.0144],[-11.8064,17.0044],[-11.8074,16.9984],[-11.8044,16.9904],[-11.8004,16.9864],[-11.7894,16.9794],[-11.7834,16.9784],[-11.7754,16.9804],[-11.7684,16.9844],[-11.7604,16.9894],[-11.7554,16.9924],[-11.7504,16.9924],[-11.7454,16.9924],[-11.7374,16.9904],[-11.7274,16.9844],[-11.7234,16.9794],[-11.7204,16.9704],[-11.7204,16.9614],[-11.7188,16.9583],[-11.7167,16.9564],[-11.7087,16.9493],[-11.7032,16.9435],[-11.6951,16.9362],[-11.6885,16.9293],[-11.6773,16.9192],[-11.6705,16.9136],[-11.6666,16.9073],[-11.6637,16.9014],[-11.6614,16.8944],[-11.6599,16.8855],[-11.6585,16.8668],[-11.659,16.8616],[-11.66,16.8548],[-11.6652,16.8529],[-11.6733,16.8489],[-11.6846,16.8424],[-11.6938,16.8388],[-11.6984,16.8379],[-11.7024,16.8355],[-11.705,16.8312],[-11.7121,16.8268],[-11.7166,16.8268],[-11.7218,16.8257],[-11.7272,16.8247],[-11.7283,16.8204],[-11.7359,16.8193],[-11.7359,16.8181],[-11.7359,16.8169],[-11.7356,16.8134],[-11.7359,16.8103],[-11.7373,16.808],[-11.7392,16.8065],[-11.7408,16.8037],[-11.7419,16.8008],[-11.7428,16.7979],[-11.7426,16.7945],[-11.7438,16.7898],[-11.7441,16.786],[-11.7446,16.7764],[-11.7446,16.7714],[-11.7486,16.7649],[-11.752,16.7588],[-11.7554,16.7473],[-11.76,16.7364],[-11.7634,16.7227],[-11.7663,16.7128],[-11.7675,16.7079],[-11.7697,16.7019],[-11.772,16.6926],[-11.7789,16.6635],[-11.7802,16.6575],[-11.7822,16.6535],[-11.7852,16.646],[-11.7887,16.639],[-11.7945,16.6328],[-11.8012,16.6304],[-11.8091,16.6309],[-11.8155,16.6291],[-11.8199,16.6278],[-11.8258,16.6277],[-11.8314,16.6248],[-11.8373,16.6252],[-11.8407,16.6241],[-11.8441,16.6231],[-11.8471,16.6211],[-11.8531,16.6176],[-11.8545,16.6173],[-11.8563,16.6168],[-11.8623,16.6142],[-11.8639,16.6137],[-11.8692,16.6084],[-11.8773,16.6071],[-11.881,16.6062],[-11.8868,16.6038],[-11.891,16.6014],[-11.893,16.5983],[-11.8944,16.5975],[-11.8955,16.5973],[-11.8999,16.5923],[-11.9067,16.5919],[-11.9116,16.592],[-11.9193,16.5937],[-11.9259,16.5914],[-11.9329,16.5876],[-11.9421,16.5857],[-11.9495,16.5839],[-11.9677,16.5764],[-11.9755,16.5733],[-11.9814,16.5712],[-11.9936,16.5654],[-12.0022,16.5614],[-12.0113,16.5562],[-12.0163,16.5543],[-12.0235,16.5514],[-12.0335,16.5473],[-12.0409,16.5399],[-12.0429,16.5454],[-12.0433,16.5504],[-12.0432,16.5559],[-12.044,16.5618],[-12.0451,16.5662],[-12.0467,16.5698],[-12.0506,16.5753],[-12.0528,16.5785],[-12.0553,16.5807],[-12.0583,16.579],[-12.0622,16.5759],[-12.0664,16.5736],[-12.0717,16.5752],[-12.0758,16.5764],[-12.08,16.5728],[-12.0821,16.5655],[-12.0846,16.56],[-12.087,16.5553],[-12.0855,16.5518],[-12.0818,16.5451],[-12.0776,16.5377],[-12.0774,16.5323],[-12.0798,16.5276],[-12.0842,16.5241],[-12.0869,16.5269],[-12.0905,16.5275],[-12.0954,16.5255],[-12.0994,16.5249],[-12.1011,16.5262],[-12.1039,16.5267],[-12.1054,16.5315],[-12.1081,16.5346],[-12.1094,16.5396],[-12.1054,16.5471],[-12.1027,16.555],[-12.1017,16.5618],[-12.1055,16.5697],[-12.1082,16.5743],[-12.1111,16.5814],[-12.1105,16.5872],[-12.1106,16.5921],[-12.116,16.5901],[-12.1175,16.594],[-12.1166,16.601],[-12.114,16.6104],[-12.1114,16.6182],[-12.1096,16.6262],[-12.1089,16.6289],[-12.1069,16.6343],[-12.1055,16.6435],[-12.1028,16.6521],[-12.1053,16.6603],[-12.1096,16.6662],[-12.1136,16.6733],[-12.109,16.6809],[-12.1058,16.6877],[-12.1008,16.6917],[-12.0931,16.6972],[-12.092,16.7026],[-12.0914,16.7097],[-12.0898,16.7136],[-12.0932,16.721],[-12.0926,16.7263],[-12.0898,16.734],[-12.0933,16.7344],[-12.1033,16.7294],[-12.109,16.7264],[-12.1171,16.7243],[-12.1195,16.7267],[-12.1218,16.7297],[-12.1228,16.7395],[-12.1226,16.7415],[-12.1212,16.7487],[-12.1174,16.7499],[-12.1137,16.7553],[-12.1153,16.7595],[-12.1217,16.7595],[-12.128,16.7571],[-12.1319,16.7498],[-12.1326,16.7419],[-12.1324,16.7364],[-12.1345,16.7313],[-12.1407,16.7324],[-12.1443,16.738],[-12.15,16.7452],[-12.1565,16.7513],[-12.1585,16.7556],[-12.1604,16.7665],[-12.1664,16.7732],[-12.1699,16.7798],[-12.1707,16.7869],[-12.1676,16.7942],[-12.1672,16.8113],[-12.1659,16.8159],[-12.1686,16.8221],[-12.1696,16.8283],[-12.1709,16.8345],[-12.1727,16.8426],[-12.1768,16.8498],[-12.1816,16.8587],[-12.1861,16.8615],[-12.1913,16.866],[-12.1973,16.8728],[-12.2015,16.8786],[-12.2036,16.8838],[-12.1988,16.8849],[-12.1969,16.8885],[-12.1977,16.8966],[-12.1995,16.9064],[-12.206,16.9103],[-12.2121,16.9131],[-12.2205,16.9175],[-12.2284,16.9224],[-12.2335,16.9265],[-12.2413,16.9347],[-12.2473,16.9358],[-12.2517,16.9395],[-12.2562,16.9438],[-12.26,16.9447],[-12.2655,16.9479],[-12.2697,16.9525],[-12.2731,16.9566],[-12.2815,16.9647],[-12.2861,16.97],[-12.2826,16.9727],[-12.2758,16.9718],[-12.2674,16.9755],[-12.2647,16.9835],[-12.2648,16.9931],[-12.2624,17.0016],[-12.2625,17.0115],[-12.2647,17.0185],[-12.2631,17.0204],[-12.2617,17.0304],[-12.2592,17.0398],[-12.2608,17.0486],[-12.2617,17.058],[-12.2584,17.063],[-12.2561,17.0721],[-12.2567,17.0813],[-12.2584,17.0894],[-12.2551,17.098],[-12.254,17.102],[-12.2563,17.107],[-12.2641,17.1103],[-12.2705,17.1126],[-12.2723,17.1173],[-12.2724,17.1324],[-12.2704,17.1364],[-12.2714,17.1434],[-12.2724,17.1494],[-12.2734,17.1544],[-12.271,17.1601],[-12.2711,17.1656],[-12.2714,17.1684],[-12.275,17.1721],[-12.2751,17.1808],[-12.2833,17.1815],[-12.2862,17.2266],[-12.2859,17.2264],[-12.2856,17.2263],[-12.2854,17.2259],[-12.2849,17.2255],[-12.2788,17.2226],[-12.2733,17.2191],[-12.2677,17.2153],[-12.2643,17.212],[-12.26,17.2088],[-12.2536,17.2054],[-12.2474,17.2023],[-12.2411,17.1997],[-12.232,17.1963],[-12.2265,17.1955],[-12.2208,17.1945],[-12.2145,17.1932],[-12.2074,17.1905],[-12.2005,17.1856],[-12.0353,17.1299],[-12.0012,17.1151],[-11.9851,17.1084],[-11.9521,17.0949],[-11.9521,17.0949]]]},"properties":{"code":"033","name":"Guerou (Moughataa)","level":"3","parent":"QJsZVxlFDVn","parentGraph":"WPviLRHrXcD/QJsZVxlFDVn","groups":[]}},{"type":"Feature","id":"RMWcX7zmOX0","geometry":{"type":"Polygon","coordinates":[[[-11.7703,16.0554],[-11.7614,16.0475],[-11.7584,16.0505],[-11.7554,16.0505],[-11.7494,16.0475],[-11.7374,16.0445],[-11.7324,16.0375],[-11.7264,16.0325],[-11.7124,16.0305],[-11.6994,16.0335],[-11.6949,16.0228],[-11.6804,16.0195],[-11.6744,16.0125],[-11.6674,16.0023],[-11.585,15.966],[-11.635,15.9025],[-11.5714,15.8585],[-11.5804,15.8515],[-11.5887,15.8365],[-11.5964,15.8225],[-11.6004,15.8125],[-11.6004,15.7925],[-11.6094,15.7805],[-11.6134,15.7675],[-11.6204,15.7545],[-11.628,15.7495],[-11.6354,15.7445],[-11.6424,15.7385],[-11.6494,15.7295],[-11.6534,15.7245],[-11.6564,15.7185],[-11.6614,15.7065],[-11.6624,15.6985],[-11.6624,15.6855],[-11.6614,15.6795],[-11.6664,15.6655],[-11.6674,15.6555],[-11.6671,15.6471],[-11.6674,15.6385],[-11.6674,15.6315],[-11.6714,15.6205],[-11.6744,15.6125],[-11.6794,15.5995],[-11.6858,15.5917],[-11.6736,15.5798],[-11.6704,15.5754],[-11.6661,15.5691],[-11.6627,15.5635],[-11.6605,15.5565],[-11.6588,15.5488],[-11.658,15.5422],[-11.6593,15.5344],[-11.6617,15.5263],[-11.6722,15.5298],[-11.6757,15.53],[-11.682,15.5301],[-11.6869,15.53],[-11.6904,15.5298],[-11.6978,15.5288],[-11.7008,15.5298],[-11.7012,15.5256],[-11.7009,15.5215],[-11.7009,15.5163],[-11.6991,15.5105],[-11.6997,15.5051],[-11.7007,15.4999],[-11.7023,15.4952],[-11.7091,15.4912],[-11.7172,15.489],[-11.7224,15.4772],[-11.7282,15.4737],[-11.7326,15.4691],[-11.7373,15.4629],[-11.741,15.455],[-11.7419,15.4475],[-11.7429,15.4397],[-11.7412,15.4344],[-11.7397,15.4293],[-11.7383,15.4244],[-11.7375,15.4191],[-11.738,15.412],[-11.7391,15.4083],[-11.7413,15.4037],[-11.7422,15.3979],[-11.7437,15.3936],[-11.7466,15.3844],[-11.7493,15.3775],[-11.7508,15.3735],[-11.7529,15.3707],[-11.7538,15.3657],[-11.7537,15.3609],[-11.7547,15.3596],[-11.7552,15.3526],[-11.7574,15.3475],[-11.7598,15.3422],[-11.762,15.3366],[-11.7668,15.33],[-11.7724,15.3224],[-11.7758,15.3171],[-11.78,15.3111],[-11.7812,15.3042],[-11.7813,15.2969],[-11.7859,15.2927],[-11.7889,15.2909],[-11.7922,15.2893],[-11.7966,15.2868],[-11.7975,15.2818],[-11.7979,15.2766],[-11.7996,15.272],[-11.8003,15.2674],[-11.8,15.2644],[-11.798,15.2573],[-11.7971,15.2512],[-11.7965,15.2467],[-11.7964,15.2422],[-11.7968,15.239],[-11.7979,15.235],[-11.7986,15.2308],[-11.799,15.2259],[-11.8002,15.2227],[-11.802,15.2161],[-11.8022,15.2132],[-11.8028,15.2089],[-11.8059,15.2055],[-11.8077,15.2032],[-11.8121,15.2003],[-11.8143,15.1981],[-11.818,15.1954],[-11.8218,15.1926],[-11.8317,15.1833],[-11.8334,15.1626],[-11.8176,15.1506],[-11.8111,15.1478],[-11.8076,15.1421],[-11.8075,15.137],[-11.808,15.1318],[-11.8124,15.1278],[-11.8154,15.1223],[-11.8228,15.119],[-11.8281,15.1146],[-11.8328,15.1104],[-11.8474,15.0976],[-11.8344,15.0826],[-11.8258,15.0702],[-11.8114,15.0546],[-11.7994,15.0386],[-11.7877,15.0304],[-11.7881,15.0286],[-11.7964,15.0076],[-11.7953,14.9934],[-11.795,14.9923],[-11.7983,14.9765],[-11.7987,14.9754],[-11.7985,14.9734],[-11.7984,14.9714],[-11.8001,14.969],[-11.8082,14.9568],[-11.8164,14.9316],[-11.8044,14.9086],[-11.7996,14.8961],[-11.8028,14.8932],[-11.806,14.8926],[-11.8324,14.8956],[-11.8245,14.8833],[-11.8414,14.8636],[-11.8534,14.8616],[-11.8674,14.8416],[-11.8787,14.8354],[-11.8809,14.8326],[-11.8858,14.8302],[-11.8982,14.8229],[-11.9027,14.8232],[-11.9086,14.8227],[-11.9131,14.8233],[-11.9186,14.8233],[-11.9234,14.8212],[-11.9291,14.8195],[-11.9284,14.8153],[-11.9338,14.8003],[-11.9338,14.7863],[-11.936,14.7824],[-11.9408,14.7791],[-11.9453,14.7759],[-11.9492,14.7737],[-11.956,14.7703],[-11.9602,14.7677],[-11.9867,14.7632],[-11.9886,14.7625],[-11.9917,14.7619],[-11.9952,14.7618],[-12.0244,14.7646],[-12.0406,14.7709],[-12.0439,14.7687],[-12.0383,14.7568],[-12.0383,14.7547],[-12.0454,14.7426],[-12.0435,14.7289],[-12.0469,14.7196],[-12.0476,14.7201],[-12.0494,14.7207],[-12.0505,14.7215],[-12.0519,14.722],[-12.0552,14.7236],[-12.0575,14.7252],[-12.0606,14.7265],[-12.0632,14.7271],[-12.0662,14.7277],[-12.0685,14.7288],[-12.07,14.7295],[-12.075,14.7327],[-12.0774,14.7345],[-12.0806,14.7364],[-12.0836,14.7379],[-12.0869,14.7397],[-12.0904,14.7423],[-12.0934,14.7441],[-12.0945,14.7449],[-12.0988,14.7468],[-12.103,14.7478],[-12.1049,14.7485],[-12.1086,14.7514],[-12.1113,14.7536],[-12.1122,14.7552],[-12.1138,14.7581],[-12.1145,14.7605],[-12.1153,14.7627],[-12.1163,14.7646],[-12.1173,14.7668],[-12.1207,14.7722],[-12.1222,14.7735],[-12.1238,14.7749],[-12.1255,14.7766],[-12.1283,14.7773],[-12.1306,14.7779],[-12.1329,14.7784],[-12.1357,14.7783],[-12.1385,14.7783],[-12.1416,14.7784],[-12.1446,14.778],[-12.1485,14.7764],[-12.1522,14.7749],[-12.1544,14.7728],[-12.1572,14.77],[-12.1587,14.7687],[-12.1602,14.7678],[-12.1628,14.7668],[-12.165,14.7663],[-12.1711,14.7643],[-12.1752,14.7636],[-12.1786,14.7631],[-12.1811,14.7631],[-12.1843,14.7634],[-12.188,14.7637],[-12.1911,14.7638],[-12.1933,14.7638],[-12.1965,14.7638],[-12.1992,14.7637],[-12.2007,14.7634],[-12.2042,14.7627],[-12.2064,14.7627],[-12.2078,14.7623],[-12.2112,14.7621],[-12.2139,14.7621],[-12.2169,14.7621],[-12.2238,14.7628],[-12.2272,14.7636],[-12.23,14.7646],[-12.2316,14.7655],[-12.2341,14.7664],[-12.2346,14.7666],[-12.2354,14.767],[-12.2373,14.7675],[-12.2401,14.7682],[-12.2421,14.7686],[-12.2449,14.7697],[-12.247,14.7704],[-12.2501,14.771],[-12.2566,14.7722],[-12.2591,14.774],[-12.2642,14.7758],[-12.2671,14.7763],[-12.2675,14.7764],[-12.2691,14.7769],[-12.2719,14.7786],[-12.273,14.7793],[-12.2745,14.7798],[-12.2766,14.7806],[-12.2794,14.7829],[-12.2837,14.787],[-12.2862,14.7895],[-12.2902,14.7935],[-12.2925,14.7959],[-12.3011,14.8053],[-12.3051,14.8094],[-12.3066,14.8111],[-12.3079,14.8124],[-12.3092,14.8143],[-12.3101,14.8161],[-12.3113,14.8176],[-12.3117,14.8185],[-12.315,14.8223],[-12.3167,14.8242],[-12.3176,14.8251],[-12.3225,14.8279],[-12.3244,14.8291],[-12.3264,14.8304],[-12.329,14.8315],[-12.3313,14.8322],[-12.3345,14.8322],[-12.337,14.832],[-12.3404,14.8319],[-12.3423,14.8319],[-12.3443,14.8319],[-12.347,14.8315],[-12.3494,14.8315],[-12.3505,14.8318],[-12.3532,14.8319],[-12.3572,14.8338],[-12.3592,14.8346],[-12.3607,14.835],[-12.3624,14.8355],[-12.3642,14.8357],[-12.3665,14.8362],[-12.3681,14.8363],[-12.3701,14.8383],[-12.3719,14.8389],[-12.3733,14.8401],[-12.3757,14.8425],[-12.3763,14.8431],[-12.3778,14.8442],[-12.379,14.8453],[-12.3802,14.8459],[-12.3809,14.8463],[-12.3848,14.8472],[-12.388,14.8469],[-12.3896,14.8469],[-12.3914,14.8477],[-12.3937,14.849],[-12.3957,14.8505],[-12.3996,14.853],[-12.4029,14.8563],[-12.413,14.8642],[-12.4166,14.8676],[-12.4186,14.87],[-12.4197,14.8712],[-12.4293,14.8815],[-12.4318,14.8835],[-12.4341,14.8853],[-12.4354,14.8867],[-12.4363,14.8876],[-12.4402,14.8904],[-12.4426,14.8915],[-12.4447,14.8921],[-12.447,14.8929],[-12.448,14.8946],[-12.4488,14.8967],[-12.4491,14.8992],[-12.4466,14.9035],[-12.4451,14.9073],[-12.4443,14.9116],[-12.4441,14.9147],[-12.444,14.9168],[-12.4446,14.9186],[-12.4462,14.9214],[-12.4477,14.9246],[-12.4485,14.9273],[-12.4483,14.9303],[-12.4484,14.9329],[-12.4498,14.9448],[-12.4502,14.9487],[-12.4515,14.9583],[-12.4521,14.9635],[-12.4529,14.9655],[-12.4537,14.969],[-12.4542,14.9737],[-12.4546,14.9762],[-12.4547,14.9804],[-12.4552,14.9825],[-12.4564,14.9847],[-12.4576,14.9881],[-12.4589,14.9899],[-12.4607,14.9911],[-12.4623,14.993],[-12.4631,14.994],[-12.4646,14.9955],[-12.4651,14.9995],[-12.4668,15.0012],[-12.468,15.0022],[-12.4701,15.0026],[-12.4715,15.0035],[-12.4731,15.0039],[-12.4747,15.0063],[-12.4774,15.0089],[-12.4808,15.011],[-12.4839,15.0137],[-12.4851,15.0146],[-12.487,15.0159],[-12.4896,15.0169],[-12.4898,15.017],[-12.4931,15.0175],[-12.4972,15.0177],[-12.5004,15.0182],[-12.5032,15.0191],[-12.5051,15.0206],[-12.5098,15.0224],[-12.5137,15.0239],[-12.5176,15.025],[-12.5222,15.0258],[-12.5255,15.0268],[-12.5302,15.0279],[-12.5345,15.029],[-12.5389,15.0299],[-12.543,15.031],[-12.5466,15.0323],[-12.5492,15.0339],[-12.5519,15.0365],[-12.554,15.0389],[-12.5563,15.0416],[-12.5584,15.0441],[-12.5607,15.0457],[-12.5617,15.0468],[-12.5631,15.048],[-12.5657,15.0505],[-12.5677,15.0528],[-12.5701,15.0553],[-12.5721,15.0576],[-12.5739,15.059],[-12.5753,15.0604],[-12.5773,15.061],[-12.5789,15.0622],[-12.5809,15.063],[-12.5824,15.0642],[-12.5835,15.0658],[-12.5851,15.068],[-12.5876,15.0704],[-12.5901,15.0736],[-12.5907,15.0745],[-12.5917,15.076],[-12.5938,15.0781],[-12.5941,15.0784],[-12.5969,15.08],[-12.5996,15.0822],[-12.6023,15.0838],[-12.605,15.085],[-12.6078,15.0862],[-12.6105,15.0874],[-12.6132,15.0885],[-12.6166,15.09],[-12.6204,15.0915],[-12.6217,15.092],[-12.6233,15.0925],[-12.6246,15.0932],[-12.6275,15.0942],[-12.6299,15.0956],[-12.6325,15.0969],[-12.6347,15.0984],[-12.6375,15.0999],[-12.6389,15.1009],[-12.6395,15.1013],[-12.643,15.1029],[-12.6438,15.1034],[-12.6446,15.1037],[-12.6451,15.104],[-12.6475,15.1052],[-12.6497,15.1062],[-12.6511,15.1069],[-12.6536,15.1082],[-12.6574,15.1091],[-12.6602,15.1095],[-12.664,15.1093],[-12.6656,15.1091],[-12.6683,15.1087],[-12.6718,15.1077],[-12.6719,15.1076],[-12.6721,15.1075],[-12.6743,15.1066],[-12.6749,15.1061],[-12.6773,15.1044],[-12.68,15.1017],[-12.6807,15.1002],[-12.6814,15.0983],[-12.6821,15.0956],[-12.6824,15.0928],[-12.6822,15.0902],[-12.6825,15.0864],[-12.6842,15.0847],[-12.6847,15.0851],[-12.6849,15.0851],[-12.685,15.0854],[-12.6853,15.0857],[-12.6861,15.0869],[-12.6861,15.0869],[-12.6861,15.0869],[-12.6869,15.0882],[-12.6881,15.0907],[-12.6898,15.0938],[-12.6922,15.0955],[-12.6954,15.0971],[-12.6973,15.0984],[-12.6976,15.0985],[-12.6978,15.0988],[-12.6999,15.1001],[-12.7028,15.1013],[-12.7031,15.1014],[-12.7068,15.1026],[-12.7076,15.103],[-12.7083,15.1032],[-12.712,15.1046],[-12.7142,15.1058],[-12.7146,15.1059],[-12.7148,15.1061],[-12.7154,15.1064],[-12.7172,15.1079],[-12.7174,15.1082],[-12.719,15.1093],[-12.7206,15.1105],[-12.7223,15.1126],[-12.7241,15.1143],[-12.7258,15.1159],[-12.7275,15.1173],[-12.7287,15.118],[-12.7295,15.119],[-12.7315,15.1217],[-12.7319,15.1222],[-12.7329,15.1233],[-12.7351,15.1263],[-12.7369,15.1287],[-12.7394,15.1308],[-12.7419,15.1325],[-12.7427,15.133],[-12.743,15.1332],[-12.7431,15.1333],[-12.7459,15.1348],[-12.7496,15.137],[-12.7537,15.1389],[-12.7542,15.1391],[-12.703,15.2859],[-12.6954,15.3076],[-12.6537,15.4178],[-12.6478,15.4336],[-12.6066,15.5604],[-12.5354,15.5396],[-12.5314,15.5426],[-12.5254,15.5466],[-12.4944,15.5685],[-12.4914,15.5835],[-12.4844,15.6185],[-12.4794,15.6285],[-12.4754,15.6495],[-12.4724,15.6565],[-12.4694,15.6595],[-12.4664,15.6625],[-12.4354,15.6855],[-12.4084,15.7015],[-12.4054,15.7039],[-12.4014,15.7075],[-12.3157,15.79],[-12.2889,15.8084],[-12.2773,15.8264],[-12.268,15.8548],[-12.2654,15.8625],[-12.2588,15.8645],[-12.2559,15.8662],[-12.2528,15.8694],[-12.2497,15.872],[-12.2479,15.8733],[-12.2457,15.875],[-12.2442,15.8759],[-12.2421,15.8764],[-12.2408,15.8775],[-12.2388,15.8798],[-12.2363,15.8821],[-12.2337,15.8836],[-12.2305,15.8847],[-12.2261,15.8848],[-12.2225,15.885],[-12.2195,15.8846],[-12.2166,15.8837],[-12.2141,15.8837],[-12.2113,15.8842],[-12.2078,15.8845],[-12.2053,15.8868],[-12.2007,15.8906],[-12.1947,15.8949],[-12.1882,15.8985],[-12.1754,15.8915],[-12.1654,15.8895],[-12.1564,15.8875],[-12.1474,15.8845],[-12.1284,15.8925],[-12.1164,15.896],[-12.1099,15.899],[-12.1025,15.9025],[-12.0914,15.9085],[-12.08,15.9133],[-12.0694,15.9165],[-12.0544,15.9215],[-12.0374,15.9285],[-12.0244,15.9355],[-12.0144,15.9395],[-12.0054,15.9395],[-12.0004,15.9391],[-11.9854,15.9375],[-11.9764,15.9375],[-11.9704,15.9345],[-11.9654,15.9285],[-11.9584,15.9215],[-11.9554,15.9155],[-11.9544,15.9115],[-11.9524,15.9065],[-11.9484,15.9015],[-11.9444,15.9005],[-11.9394,15.9025],[-11.9284,15.9065],[-11.9194,15.9085],[-11.9104,15.9095],[-11.9034,15.9115],[-11.8924,15.9145],[-11.8854,15.9155],[-11.8794,15.9165],[-11.8734,15.9145],[-11.8684,15.9135],[-11.8604,15.9105],[-11.8514,15.9085],[-11.8434,15.9085],[-11.8354,15.9075],[-11.8304,15.9075],[-11.8304,15.9175],[-11.8344,15.9215],[-11.8374,15.9255],[-11.8384,15.9305],[-11.8384,15.9375],[-11.8354,15.9425],[-11.8284,15.9455],[-11.8184,15.9475],[-11.8179,15.9465],[-11.8134,15.9465],[-11.8074,15.9495],[-11.8074,15.9545],[-11.8024,15.9605],[-11.7974,15.9605],[-11.7944,15.9675],[-11.7964,15.9735],[-11.7974,15.9805],[-11.7984,15.9845],[-11.7995,15.9864],[-11.8014,15.9885],[-11.8084,15.9935],[-11.8154,16.0035],[-11.8184,16.0085],[-11.8164,16.0145],[-11.8154,16.0205],[-11.8137,16.0241],[-11.8134,16.0295],[-11.8184,16.0365],[-11.8184,16.0435],[-11.8047,16.0409],[-11.8038,16.0361],[-11.801,16.0324],[-11.7972,16.0313],[-11.7854,16.0285],[-11.7821,16.0419],[-11.781,16.046],[-11.7787,16.0498],[-11.7761,16.0533],[-11.7703,16.0554]]]},"properties":{"code":"10","name":"Guidimagha","level":"2","parent":"WPviLRHrXcD","parentGraph":"WPviLRHrXcD","groups":[]}},{"type":"Feature","id":"h7D2Q040y1I","geometry":{"type":"Polygon","coordinates":[[[-5.6038,16.5001],[-5.3363,16.3332],[-5.4333,15.8342],[-5.5002,15.5006],[-6.2577,15.5005],[-7.1483,15.5006],[-7.6597,15.5006],[-8.3567,15.5006],[-8.727,15.5006],[-8.9967,15.5006],[-8.9549,15.5446],[-8.9403,15.5875],[-8.9105,15.6668],[-8.8561,15.8162],[-8.9673,15.8593],[-9.0308,15.9874],[-9.0675,16.0625],[-9.0229,16.1533],[-8.8943,16.3925],[-8.749,16.5327],[-8.2893,17.0234],[-8.5983,17.3514],[-9.1176,17.2773],[-8.4944,18.3608],[-7.8799,19.7533],[-7.466,20.6921],[-6.366,23.1811],[-5.9902,20.0267],[-5.6038,16.5001]]]},"properties":{"code":"01","name":"Hodh Chargui","level":"2","parent":"WPviLRHrXcD","parentGraph":"WPviLRHrXcD","groups":[]}},{"type":"Feature","id":"MgjFG58aYkF","geometry":{"type":"Polygon","coordinates":[[[-11.001,17.7004],[-10.3392,17.5196],[-9.724,17.5584],[-9.5011,17.4566],[-9.1176,17.2773],[-8.5983,17.3514],[-8.2893,17.0234],[-8.749,16.5327],[-8.8943,16.3925],[-9.0229,16.1533],[-9.0675,16.0625],[-9.0308,15.9874],[-8.9673,15.8593],[-8.8561,15.8162],[-8.9105,15.6668],[-8.9403,15.5875],[-8.9549,15.5446],[-8.9967,15.5006],[-9.3295,15.5001],[-9.311,15.6873],[-9.3323,15.6992],[-9.4423,15.6055],[-9.4002,15.4401],[-9.4577,15.4372],[-9.5005,15.4146],[-9.5702,15.4317],[-9.6377,15.429],[-9.6879,15.4271],[-9.691,15.4259],[-9.6966,15.4234],[-9.7009,15.4192],[-9.7061,15.4169],[-9.712,15.4131],[-9.7189,15.4112],[-9.7255,15.4101],[-9.7336,15.4101],[-9.7399,15.4123],[-9.744,15.4144],[-9.7479,15.4164],[-9.7509,15.422],[-9.8282,15.4119],[-9.8468,15.4122],[-9.8576,15.4116],[-9.8645,15.4121],[-9.8718,15.4132],[-9.8754,15.4167],[-9.8798,15.4201],[-9.8864,15.4256],[-10.0357,15.4539],[-10.2301,15.4537],[-10.4842,15.4536],[-10.5854,15.4276],[-10.6287,15.6829],[-10.6532,15.8328],[-10.6719,15.9468],[-10.6737,15.9531],[-10.6792,15.9565],[-10.684,15.96],[-10.6845,15.964],[-10.6852,15.9684],[-10.6888,15.9694],[-10.6935,15.9675],[-10.6964,15.9702],[-10.6982,15.9758],[-10.6976,15.9812],[-10.6915,15.9864],[-10.685,15.9919],[-10.6912,15.9936],[-10.7012,15.9941],[-10.7088,15.996],[-10.7148,15.9968],[-10.7232,15.9975],[-10.7288,15.9995],[-10.7359,16.0031],[-10.7417,16.0061],[-10.7483,16.0081],[-10.754,16.0113],[-10.7592,16.0158],[-10.7625,16.0195],[-10.7674,16.023],[-10.7718,16.0252],[-10.7737,16.0309],[-10.7754,16.0366],[-10.773,16.0438],[-10.7705,16.0495],[-10.7707,16.0562],[-10.7741,16.0595],[-10.7767,16.0646],[-10.7758,16.0698],[-10.7735,16.0737],[-10.771,16.0797],[-10.7687,16.0865],[-10.7642,16.0897],[-10.7541,16.0999],[-10.7485,16.1065],[-10.7472,16.1129],[-10.7453,16.1201],[-10.7433,16.126],[-10.7409,16.1334],[-10.7423,16.1418],[-10.7424,16.1521],[-10.7439,16.1586],[-10.746,16.1645],[-10.7478,16.1722],[-10.747,16.1781],[-10.7486,16.1832],[-10.7528,16.1879],[-10.7555,16.1913],[-10.76,16.1954],[-10.7648,16.2007],[-10.7713,16.2085],[-10.7743,16.2153],[-10.7764,16.2207],[-10.7825,16.227],[-10.7907,16.232],[-10.7982,16.2344],[-10.8056,16.238],[-10.8152,16.2403],[-10.8252,16.2432],[-10.8318,16.2458],[-10.8371,16.2487],[-10.8424,16.253],[-10.8475,16.2585],[-10.8492,16.2647],[-10.8436,16.2718],[-10.8345,16.2791],[-10.8268,16.2832],[-10.832,16.2882],[-10.8366,16.2954],[-10.8367,16.2998],[-10.8382,16.3049],[-10.8416,16.3077],[-10.8449,16.3078],[-10.8489,16.3063],[-10.8541,16.3042],[-10.8586,16.3029],[-10.8572,16.308],[-10.8529,16.3144],[-10.8498,16.3173],[-10.8491,16.3211],[-10.8537,16.3223],[-10.8584,16.3235],[-10.8621,16.3245],[-10.8652,16.3308],[-10.8632,16.3349],[-10.8588,16.3368],[-10.8538,16.338],[-10.849,16.3374],[-10.8429,16.337],[-10.8387,16.336],[-10.8341,16.3363],[-10.8302,16.338],[-10.8305,16.342],[-10.8341,16.3426],[-10.8375,16.3415],[-10.8399,16.3409],[-10.8415,16.3434],[-10.8416,16.3469],[-10.8426,16.3505],[-10.8402,16.357],[-10.8376,16.3605],[-10.8348,16.3654],[-10.8344,16.3693],[-10.8331,16.3732],[-10.8298,16.3749],[-10.8258,16.3773],[-10.8212,16.3801],[-10.8182,16.3769],[-10.8158,16.3796],[-10.8136,16.3844],[-10.8146,16.3873],[-10.8147,16.3924],[-10.814,16.3971],[-10.8147,16.4024],[-10.8166,16.4051],[-10.8197,16.4031],[-10.8232,16.4024],[-10.8279,16.4009],[-10.8313,16.4001],[-10.8338,16.3994],[-10.8389,16.3997],[-10.843,16.4009],[-10.8418,16.4047],[-10.8353,16.4071],[-10.8302,16.409],[-10.8244,16.4116],[-10.82,16.4147],[-10.8165,16.4184],[-10.8153,16.4212],[-10.8171,16.4244],[-10.8208,16.4273],[-10.8282,16.4302],[-10.8335,16.4297],[-10.8392,16.4276],[-10.8448,16.4257],[-10.8483,16.423],[-10.8508,16.4179],[-10.8519,16.4123],[-10.8549,16.4086],[-10.8581,16.408],[-10.8607,16.4082],[-10.8648,16.4083],[-10.8687,16.4091],[-10.8738,16.4109],[-10.876,16.4125],[-10.8784,16.4155],[-10.8803,16.4175],[-10.8838,16.4193],[-10.8874,16.4206],[-10.8903,16.4218],[-10.8925,16.4245],[-10.892,16.4278],[-10.888,16.4298],[-10.8824,16.4303],[-10.8765,16.428],[-10.8715,16.4264],[-10.8669,16.4252],[-10.8629,16.4246],[-10.8585,16.4267],[-10.8535,16.4293],[-10.851,16.4336],[-10.8506,16.4385],[-10.8529,16.4423],[-10.8573,16.4461],[-10.8598,16.4475],[-10.8642,16.4459],[-10.8691,16.4451],[-10.8719,16.4478],[-10.8725,16.4515],[-10.8747,16.4553],[-10.8759,16.4587],[-10.8744,16.464],[-10.8702,16.4697],[-10.8718,16.4734],[-10.8779,16.4764],[-10.8807,16.4777],[-10.887,16.4778],[-10.8925,16.4773],[-10.8986,16.4764],[-10.903,16.4732],[-10.9061,16.4703],[-10.9099,16.4698],[-10.9113,16.4737],[-10.9101,16.4795],[-10.9157,16.4815],[-10.921,16.4808],[-10.9244,16.4805],[-10.9271,16.4811],[-10.9306,16.4804],[-10.9354,16.4771],[-10.94,16.4715],[-10.9428,16.468],[-10.9475,16.463],[-10.9545,16.4587],[-10.9609,16.4556],[-10.9712,16.4528],[-10.9796,16.4507],[-10.9828,16.4515],[-10.9836,16.4533],[-10.9808,16.4579],[-10.9753,16.4633],[-10.9683,16.4679],[-10.962,16.4673],[-10.9571,16.4701],[-10.9532,16.476],[-10.9496,16.4819],[-10.945,16.4876],[-10.9424,16.4945],[-10.9385,16.4963],[-10.9344,16.4996],[-10.9282,16.5005],[-10.9235,16.5009],[-10.9169,16.5015],[-10.9133,16.5017],[-10.9031,16.5032],[-10.8967,16.5028],[-10.8924,16.4993],[-10.8882,16.4952],[-10.8851,16.5009],[-10.8826,16.5053],[-10.8764,16.5034],[-10.8737,16.5032],[-10.8699,16.5046],[-10.8649,16.506],[-10.8575,16.5025],[-10.8522,16.4995],[-10.8473,16.4971],[-10.8443,16.4954],[-10.8359,16.4922],[-10.8278,16.4937],[-10.8197,16.4979],[-10.815,16.5012],[-10.8082,16.5053],[-10.8026,16.5082],[-10.7994,16.506],[-10.7995,16.5016],[-10.801,16.4983],[-10.7962,16.4979],[-10.7895,16.5015],[-10.7839,16.5068],[-10.7787,16.5084],[-10.7706,16.5116],[-10.7652,16.5207],[-10.761,16.5245],[-10.7607,16.5267],[-10.76,16.53],[-10.761,16.5373],[-10.7594,16.5396],[-10.7569,16.5432],[-10.7549,16.5449],[-10.7501,16.5483],[-10.7453,16.5508],[-10.7642,16.593],[-10.7716,16.5914],[-10.7789,16.59],[-10.7854,16.5911],[-10.7898,16.5936],[-10.7973,16.5963],[-10.8047,16.5971],[-10.8096,16.5976],[-10.9378,16.6594],[-10.9638,16.6755],[-10.9454,16.6799],[-10.8759,16.6805],[-10.8756,16.6827],[-10.8733,16.6876],[-10.8723,16.6936],[-10.8692,16.7011],[-10.8686,16.7096],[-10.8751,16.7161],[-10.8801,16.7165],[-10.8851,16.7208],[-10.8861,16.7279],[-10.8884,16.7353],[-10.8934,16.7406],[-10.898,16.7465],[-10.9056,16.7521],[-10.9126,16.7556],[-10.9208,16.7568],[-10.9263,16.7562],[-10.9353,16.7565],[-10.9407,16.7619],[-10.9422,16.7698],[-10.9444,16.7777],[-10.9451,16.7845],[-10.9493,16.7904],[-10.958,16.7962],[-10.9668,16.8001],[-10.9733,16.8068],[-10.9727,16.8112],[-10.9735,16.8171],[-10.9817,16.8227],[-10.9815,16.8267],[-10.9859,16.8327],[-10.9873,16.8403],[-10.9882,16.8471],[-10.9871,16.8587],[-10.9838,16.8649],[-10.9835,16.8735],[-10.987,16.8823],[-10.9897,16.8884],[-10.9907,16.8939],[-10.9888,16.9017],[-10.986,16.9069],[-10.985,16.9137],[-10.9889,16.9204],[-10.991,16.9277],[-10.9926,16.9346],[-10.9933,16.943],[-10.9946,16.9539],[-10.9951,16.9628],[-10.9936,16.9694],[-10.9935,16.975],[-10.9955,16.9838],[-10.9957,16.9921],[-10.9955,17.0036],[-10.9937,17.0115],[-10.9917,17.0189],[-10.9903,17.0265],[-10.9893,17.0319],[-10.9883,17.0403],[-10.9858,17.0496],[-10.9846,17.0573],[-10.982,17.0677],[-10.9816,17.0749],[-10.9804,17.088],[-10.9809,17.0953],[-10.9803,17.1043],[-10.9803,17.1132],[-10.9803,17.1208],[-10.9852,17.1283],[-10.9906,17.1335],[-10.9994,17.1375],[-11.0041,17.1401],[-11.0089,17.1456],[-11.0116,17.1505],[-11.0117,17.1553],[-11.0136,17.1655],[-11.0095,17.1784],[-11.0044,17.1969],[-11.0025,17.2104],[-10.9998,17.2212],[-10.996,17.2289],[-10.995,17.2347],[-10.9933,17.2427],[-10.9918,17.2496],[-10.9897,17.2531],[-10.9867,17.2606],[-10.9849,17.2647],[-10.983,17.2707],[-10.9806,17.2772],[-10.9792,17.2815],[-10.9769,17.2899],[-10.9786,17.2951],[-10.9818,17.3031],[-10.9874,17.3124],[-10.9897,17.318],[-10.9899,17.3225],[-10.9896,17.3258],[-10.9887,17.3315],[-10.9874,17.3374],[-10.9855,17.342],[-10.9828,17.3468],[-10.9823,17.3498],[-10.9818,17.3547],[-10.9819,17.3589],[-10.981,17.3652],[-10.9808,17.3706],[-10.9808,17.3742],[-10.9811,17.3804],[-10.9813,17.3852],[-10.983,17.3894],[-10.9852,17.3933],[-10.9882,17.3979],[-10.9898,17.4008],[-10.9928,17.4051],[-10.9947,17.4074],[-10.9983,17.4115],[-11.0016,17.4149],[-11.0068,17.4198],[-11.0084,17.4227],[-11.0095,17.427],[-11.0104,17.4329],[-11.0117,17.4374],[-11.0144,17.4436],[-11.0167,17.4483],[-11.0202,17.4547],[-11.0237,17.4616],[-11.0263,17.4661],[-11.0299,17.4716],[-11.032,17.4765],[-11.0342,17.4828],[-11.0352,17.4911],[-11.0403,17.5],[-11.0441,17.5058],[-11.0461,17.511],[-11.048,17.5161],[-11.0508,17.5233],[-11.0541,17.5281],[-11.0568,17.5323],[-11.0579,17.5352],[-11.0595,17.5414],[-11.0632,17.5501],[-11.067,17.5588],[-11.0682,17.5634],[-11.0691,17.5697],[-11.0694,17.5768],[-11.0675,17.5833],[-11.0681,17.5919],[-11.068,17.5965],[-11.0675,17.6007],[-11.0666,17.6065],[-11.0672,17.6128],[-11.0687,17.6176],[-11.0695,17.6225],[-11.0704,17.6263],[-11.0725,17.6318],[-11.0748,17.6374],[-11.0793,17.6447],[-11.0819,17.6512],[-11.0854,17.6573],[-11.0888,17.6612],[-11.0908,17.6647],[-11.0939,17.674],[-11.0929,17.6795],[-11.0907,17.6834],[-11.0903,17.6889],[-11.0874,17.6987],[-11.0849,17.7117],[-11.0839,17.7236],[-11.001,17.7004]]]},"properties":{"code":"02","name":"Hodh El Gharbi","level":"2","parent":"WPviLRHrXcD","parentGraph":"WPviLRHrXcD","groups":[]}},{"type":"Feature","id":"nyIzFW3dRaU","geometry":{"type":"Polygon","coordinates":[[[-14.114,20.7118],[-14.0221,19.7859],[-13.981,19.6706],[-13.9736,19.6498],[-14.2173,19.4315],[-14.2625,19.0013],[-15.2202,19.0003],[-15.4136,19.0001],[-15.6133,18.6932],[-15.8737,18.4568],[-15.9222,18.4559],[-15.9234,18.4558],[-16.0583,18.4532],[-16.0598,18.4588],[-16.0625,18.4664],[-16.0673,18.4813],[-16.0695,18.4899],[-16.0753,18.5085],[-16.0865,18.5343],[-16.093,18.5608],[-16.0982,18.5707],[-16.1189,18.6103],[-16.1215,18.6142],[-16.1256,18.6188],[-16.1289,18.6247],[-16.1331,18.632],[-16.135,18.6413],[-16.1359,18.6496],[-16.1357,18.6532],[-16.138,18.6602],[-16.1401,18.6667],[-16.1398,18.6716],[-16.1399,18.6764],[-16.1424,18.6824],[-16.1425,18.6871],[-16.1431,18.6976],[-16.1453,18.7092],[-16.1464,18.7121],[-16.1485,18.718],[-16.1505,18.7233],[-16.1525,18.7268],[-16.154,18.7329],[-16.1548,18.7387],[-16.1555,18.7486],[-16.1563,18.7519],[-16.1594,18.756],[-16.1659,18.7628],[-16.165,18.7707],[-16.1666,18.777],[-16.1692,18.7836],[-16.1691,18.7957],[-16.1688,18.8016],[-16.17,18.8116],[-16.17,18.8219],[-16.1704,18.8241],[-16.173,18.8394],[-16.1758,18.855],[-16.1792,18.868],[-16.1821,18.8813],[-16.1816,18.8887],[-16.182,18.8939],[-16.1851,18.9027],[-16.1884,18.9151],[-16.2001,18.9434],[-16.2065,18.958],[-16.2114,18.9669],[-16.2169,18.976],[-16.221,18.982],[-16.2243,18.9869],[-16.2306,18.9951],[-16.2344,19.0025],[-16.2354,19.0093],[-16.2378,19.0163],[-16.2406,19.0237],[-16.2451,19.0338],[-16.2486,19.0389],[-16.2503,19.0463],[-16.2535,19.0529],[-15.8256,19.0002],[-15.6154,19.7104],[-15.5754,20.0002],[-15.5746,20.0064],[-15.4862,20.647],[-15.1079,20.3114],[-14.1156,20.927],[-14.114,20.7118]]]},"properties":{"code":"12","name":"Inchiri","level":"2","parent":"WPviLRHrXcD","parentGraph":"WPviLRHrXcD","groups":[]}},{"type":"Feature","id":"AoUrSpfGn2I","geometry":{"type":"Polygon","coordinates":[[[-13.2215,16.4045],[-13.1505,16.2325],[-13.0804,16.2355],[-13.0384,16.2195],[-13.0364,16.2165],[-13.0334,16.2095],[-13.0314,16.2095],[-13.0244,16.2105],[-13.0174,16.2105],[-13.0124,16.2125],[-13.0024,16.2215],[-12.9954,16.2225],[-12.9273,16.1677],[-12.7305,16.0019],[-12.7264,15.9945],[-12.7288,15.9813],[-12.7284,15.9815],[-12.7328,15.9703],[-12.7374,15.9615],[-12.743,15.9494],[-12.7518,15.9354],[-12.7831,15.9141],[-12.8786,15.8514],[-12.9246,15.793],[-12.9494,15.7605],[-13.1042,15.6739],[-13.1884,15.6275],[-13.1919,15.6274],[-13.1934,15.6272],[-13.1965,15.6265],[-13.1991,15.6242],[-13.2014,15.6227],[-13.2043,15.6198],[-13.2076,15.6165],[-13.2087,15.615],[-13.2086,15.6125],[-13.2099,15.6112],[-13.2137,15.6103],[-13.2177,15.6109],[-13.2184,15.6113],[-13.2242,15.6142],[-13.2263,15.6167],[-13.2279,15.6198],[-13.2292,15.6251],[-13.2305,15.6288],[-13.2336,15.6338],[-13.2362,15.6377],[-13.24,15.6429],[-13.2441,15.6475],[-13.2452,15.6497],[-13.2469,15.6525],[-13.2481,15.6531],[-13.2494,15.658],[-13.2497,15.6627],[-13.2492,15.6657],[-13.2482,15.6694],[-13.246,15.6747],[-13.2438,15.6765],[-13.2418,15.6765],[-13.2401,15.6761],[-13.2361,15.6744],[-13.2331,15.673],[-13.2261,15.6708],[-13.2215,15.6718],[-13.2157,15.675],[-13.2123,15.6772],[-13.2094,15.6821],[-13.2064,15.6886],[-13.2048,15.6925],[-13.2044,15.6959],[-13.2059,15.6978],[-13.2083,15.6999],[-13.2119,15.7024],[-13.2139,15.7045],[-13.2153,15.7058],[-13.2174,15.7073],[-13.2195,15.7092],[-13.2217,15.711],[-13.2221,15.7114],[-13.2226,15.7119],[-13.2243,15.7143],[-13.2257,15.7156],[-13.2279,15.7177],[-13.2301,15.7193],[-13.2329,15.7221],[-13.2364,15.7254],[-13.239,15.7282],[-13.2403,15.7294],[-13.2439,15.7322],[-13.2465,15.7344],[-13.2507,15.7373],[-13.2535,15.7392],[-13.256,15.7411],[-13.2601,15.7436],[-13.2621,15.7452],[-13.2659,15.7478],[-13.2687,15.75],[-13.2719,15.7526],[-13.2757,15.7565],[-13.2787,15.7598],[-13.2797,15.7609],[-13.2819,15.7619],[-13.2844,15.7619],[-13.2862,15.7643],[-13.2878,15.7675],[-13.2883,15.7686],[-13.2886,15.7698],[-13.2886,15.7718],[-13.2879,15.776],[-13.2865,15.7818],[-13.2856,15.786],[-13.2836,15.7871],[-13.2813,15.7874],[-13.2766,15.7846],[-13.273,15.7835],[-13.2685,15.7821],[-13.2651,15.7825],[-13.2617,15.7853],[-13.261,15.7894],[-13.2638,15.7938],[-13.2682,15.7978],[-13.2727,15.8008],[-13.2769,15.804],[-13.279,15.8049],[-13.2798,15.8049],[-13.28,15.8049],[-13.28,15.8049],[-13.281,15.8057],[-13.2817,15.806],[-13.2822,15.8063],[-13.2845,15.8086],[-13.2851,15.8092],[-13.2851,15.8092],[-13.2862,15.8103],[-13.2882,15.8129],[-13.2911,15.8159],[-13.2931,15.8188],[-13.2958,15.8225],[-13.297,15.827],[-13.2973,15.8275],[-13.298,15.8295],[-13.298,15.8307],[-13.2983,15.8343],[-13.2984,15.8357],[-13.2984,15.8362],[-13.2986,15.8367],[-13.2976,15.8412],[-13.2976,15.8413],[-13.2975,15.8417],[-13.2966,15.8463],[-13.2955,15.8499],[-13.2943,15.8553],[-13.2935,15.8586],[-13.2945,15.8622],[-13.2966,15.8674],[-13.2994,15.8726],[-13.3024,15.8756],[-13.3051,15.878],[-13.31,15.8808],[-13.3138,15.883],[-13.3169,15.8836],[-13.3189,15.8838],[-13.3227,15.8856],[-13.3254,15.8881],[-13.328,15.8901],[-13.3303,15.8931],[-13.332,15.8953],[-13.332,15.8975],[-13.328,15.9004],[-13.3245,15.9044],[-13.3197,15.9086],[-13.3155,15.9115],[-13.3126,15.9146],[-13.3099,15.9198],[-13.3112,15.9244],[-13.3125,15.9273],[-13.3165,15.9307],[-13.3186,15.9316],[-13.3218,15.9316],[-13.3247,15.9315],[-13.3287,15.9328],[-13.3311,15.9341],[-13.3391,15.9388],[-13.3431,15.9436],[-13.3466,15.9472],[-13.3469,15.9475],[-13.3516,15.9525],[-13.3535,15.9551],[-13.3553,15.9602],[-13.3566,15.9645],[-13.3593,15.9682],[-13.3629,15.9733],[-13.3636,15.9774],[-13.3632,15.984],[-13.3627,15.989],[-13.3616,15.993],[-13.3619,15.9954],[-13.3615,15.9997],[-13.3614,15.9997],[-13.3617,16],[-13.3639,16.0021],[-13.3672,16.005],[-13.3675,16.0053],[-13.3691,16.007],[-13.3705,16.0088],[-13.3715,16.0094],[-13.3726,16.0097],[-13.3736,16.0104],[-13.3742,16.0111],[-13.3748,16.012],[-13.3751,16.0129],[-13.3752,16.0171],[-13.375,16.0184],[-13.3747,16.0209],[-13.3749,16.0232],[-13.3748,16.025],[-13.3746,16.0262],[-13.3748,16.0272],[-13.3752,16.0293],[-13.3758,16.0313],[-13.3751,16.0355],[-13.3745,16.0374],[-13.3726,16.0466],[-13.3727,16.0499],[-13.3736,16.0531],[-13.3752,16.0564],[-13.3785,16.0589],[-13.3808,16.0607],[-13.3827,16.0616],[-13.3846,16.0625],[-13.3858,16.0627],[-13.388,16.0629],[-13.3892,16.0628],[-13.3953,16.0649],[-13.3976,16.0659],[-13.3991,16.0665],[-13.4024,16.0681],[-13.4044,16.0689],[-13.4046,16.0697],[-13.4062,16.0696],[-13.4163,16.073],[-13.4291,16.0786],[-13.4409,16.0838],[-13.4415,16.0844],[-13.4419,16.0854],[-13.4422,16.0859],[-13.444,16.0857],[-13.4452,16.0859],[-13.4457,16.0861],[-13.4476,16.0882],[-13.4492,16.09],[-13.4497,16.091],[-13.4517,16.0959],[-13.4526,16.0985],[-13.4529,16.0999],[-13.454,16.1011],[-13.4547,16.1023],[-13.4549,16.1042],[-13.4553,16.1054],[-13.4555,16.1068],[-13.4554,16.1087],[-13.4557,16.1093],[-13.4572,16.1094],[-13.4581,16.1098],[-13.4594,16.1104],[-13.4644,16.1104],[-13.4648,16.1103],[-13.4685,16.1091],[-13.4711,16.1075],[-13.4732,16.1059],[-13.4743,16.1046],[-13.4753,16.103],[-13.4759,16.1026],[-13.4776,16.0999],[-13.4795,16.0959],[-13.4816,16.0904],[-13.4825,16.088],[-13.4829,16.0872],[-13.4836,16.0861],[-13.4843,16.085],[-13.4858,16.0829],[-13.4872,16.0822],[-13.4889,16.0812],[-13.4902,16.0812],[-13.4917,16.0815],[-13.4942,16.082],[-13.4968,16.0824],[-13.4994,16.0829],[-13.5027,16.0853],[-13.5067,16.0891],[-13.5091,16.0913],[-13.5106,16.0933],[-13.5117,16.0953],[-13.5129,16.0992],[-13.5138,16.102],[-13.5133,16.1039],[-13.5131,16.1063],[-13.5123,16.1089],[-13.5115,16.1115],[-13.5082,16.1167],[-13.5058,16.119],[-13.5036,16.1201],[-13.5037,16.1207],[-13.5016,16.1218],[-13.4989,16.1233],[-13.4969,16.1241],[-13.4954,16.125],[-13.4927,16.1256],[-13.4909,16.1259],[-13.4888,16.1259],[-13.4875,16.1263],[-13.4856,16.1264],[-13.4819,16.1268],[-13.4807,16.1268],[-13.4797,16.1268],[-13.4787,16.1273],[-13.4758,16.1293],[-13.4744,16.1303],[-13.4741,16.1307],[-13.4739,16.1311],[-13.4731,16.1327],[-13.4729,16.1346],[-13.4739,16.1372],[-13.4747,16.1375],[-13.4761,16.1407],[-13.4775,16.1433],[-13.4795,16.1459],[-13.4834,16.1489],[-13.4845,16.149],[-13.4861,16.1496],[-13.4864,16.1503],[-13.4877,16.1501],[-13.4889,16.1497],[-13.4891,16.149],[-13.4896,16.1465],[-13.4913,16.1438],[-13.4958,16.1413],[-13.4995,16.1402],[-13.5023,16.1393],[-13.5046,16.1383],[-13.5064,16.1368],[-13.5082,16.1347],[-13.5101,16.1323],[-13.5113,16.1308],[-13.513,16.1295],[-13.515,16.1283],[-13.5167,16.1276],[-13.5188,16.1273],[-13.5247,16.1268],[-13.5296,16.1275],[-13.5338,16.1291],[-13.5378,16.1313],[-13.54,16.1323],[-13.5414,16.1328],[-13.5443,16.1336],[-13.5467,16.134],[-13.5484,16.1343],[-13.5497,16.1351],[-13.5512,16.1353],[-13.5516,16.136],[-13.5526,16.1363],[-13.5567,16.1374],[-13.5593,16.1374],[-13.5623,16.1379],[-13.5645,16.1381],[-13.5674,16.1371],[-13.5702,16.1365],[-13.5726,16.1362],[-13.5752,16.1361],[-13.5776,16.1357],[-13.5861,16.1319],[-13.5938,16.1285],[-13.5941,16.1283],[-13.5941,16.1283],[-13.5945,16.1282],[-13.5946,16.1281],[-13.5961,16.1275],[-13.6029,16.1246],[-13.6158,16.118],[-13.6194,16.1159],[-13.621,16.1149],[-13.6254,16.1118],[-13.6277,16.111],[-13.6296,16.1106],[-13.6322,16.1098],[-13.6339,16.109],[-13.6354,16.1083],[-13.6378,16.1079],[-13.6415,16.1082],[-13.6446,16.1089],[-13.6514,16.11],[-13.6537,16.111],[-13.6567,16.1115],[-13.6594,16.112],[-13.6615,16.112],[-13.6637,16.1108],[-13.6655,16.1094],[-13.6665,16.1082],[-13.6671,16.1077],[-13.668,16.1072],[-13.6715,16.1023],[-13.6766,16.0961],[-13.6788,16.0943],[-13.6808,16.0941],[-13.6829,16.0947],[-13.6866,16.097],[-13.692,16.1029],[-13.6956,16.1066],[-13.7022,16.1123],[-13.7054,16.1157],[-13.7082,16.1189],[-13.7137,16.1272],[-13.7166,16.1321],[-13.7177,16.1344],[-13.7193,16.1381],[-13.7204,16.1407],[-13.7208,16.1425],[-13.7209,16.144],[-13.7074,16.1539],[-13.688,16.1683],[-13.6525,16.1945],[-13.6259,16.2925],[-13.5834,16.3064],[-13.2215,16.4045]]]},"properties":{"code":"041","name":"Kaedi (Moughataa)","level":"3","parent":"sOkaC6gHjA0","parentGraph":"WPviLRHrXcD/sOkaC6gHjA0","groups":[]}},{"type":"Feature","id":"ZECjVIDICRT","geometry":{"type":"Polygon","coordinates":[[[-11.002,16.3084],[-10.8268,16.2832],[-10.8345,16.2791],[-10.8436,16.2718],[-10.8492,16.2647],[-10.8475,16.2585],[-10.8424,16.253],[-10.8371,16.2487],[-10.8318,16.2458],[-10.8252,16.2432],[-10.8152,16.2403],[-10.8056,16.238],[-10.7982,16.2344],[-10.7907,16.232],[-10.7825,16.227],[-10.7764,16.2207],[-10.7743,16.2153],[-10.7713,16.2085],[-10.7648,16.2007],[-10.76,16.1954],[-10.7555,16.1913],[-10.7528,16.1879],[-10.7486,16.1832],[-10.747,16.1781],[-10.7478,16.1722],[-10.746,16.1645],[-10.7439,16.1586],[-10.7424,16.1521],[-10.7423,16.1418],[-10.7409,16.1334],[-10.7433,16.126],[-10.7453,16.1201],[-10.7472,16.1129],[-10.7485,16.1065],[-10.7541,16.0999],[-10.7642,16.0897],[-10.7687,16.0865],[-10.771,16.0797],[-10.7735,16.0737],[-10.7758,16.0698],[-10.7767,16.0646],[-10.7741,16.0595],[-10.7707,16.0562],[-10.7705,16.0495],[-10.773,16.0438],[-10.7754,16.0366],[-10.7737,16.0309],[-10.7718,16.0252],[-10.7674,16.023],[-10.7625,16.0195],[-10.7592,16.0158],[-10.754,16.0113],[-10.7483,16.0081],[-10.7417,16.0061],[-10.7359,16.0031],[-10.7288,15.9995],[-10.7232,15.9975],[-10.7148,15.9968],[-10.7088,15.996],[-10.7012,15.9941],[-10.6912,15.9936],[-10.685,15.9919],[-10.6915,15.9864],[-10.6976,15.9812],[-10.6982,15.9758],[-10.6964,15.9702],[-10.6935,15.9675],[-10.6888,15.9694],[-10.6852,15.9684],[-10.6845,15.964],[-10.684,15.96],[-10.6792,15.9565],[-10.6737,15.9531],[-10.6719,15.9468],[-10.6532,15.8328],[-10.6287,15.6829],[-10.5854,15.4276],[-10.6032,15.4216],[-10.6084,15.4179],[-10.614,15.4197],[-10.6206,15.4193],[-10.6277,15.4172],[-10.6373,15.4159],[-10.644,15.4155],[-10.6514,15.4171],[-10.6578,15.4204],[-10.6704,15.4316],[-10.6961,15.4347],[-10.7038,15.4356],[-10.7184,15.4396],[-10.7291,15.4287],[-10.7184,15.3806],[-10.7217,15.3652],[-10.7229,15.3608],[-10.7314,15.3456],[-10.7442,15.3357],[-10.7584,15.3296],[-10.7664,15.3106],[-10.7964,15.3076],[-10.8114,15.2816],[-10.8274,15.2766],[-10.8254,15.2526],[-10.829,15.2308],[-10.8364,15.2156],[-10.852,15.2095],[-10.8565,15.2077],[-10.8694,15.1986],[-10.8788,15.1424],[-10.8814,15.1343],[-10.884,15.1285],[-10.8891,15.1211],[-10.8984,15.1086],[-10.9115,15.1183],[-10.9126,15.1235],[-10.9147,15.1295],[-11.068,15.2029],[-11.0736,15.2902],[-11.3144,15.4986],[-11.4094,15.6275],[-11.6228,15.5286],[-11.6424,15.5246],[-11.6525,15.527],[-11.6617,15.5263],[-11.6593,15.5344],[-11.658,15.5422],[-11.6588,15.5488],[-11.6605,15.5565],[-11.6627,15.5635],[-11.6661,15.5691],[-11.6704,15.5754],[-11.6736,15.5798],[-11.6858,15.5917],[-11.6794,15.5995],[-11.6744,15.6125],[-11.6714,15.6205],[-11.6674,15.6315],[-11.6674,15.6385],[-11.6671,15.6471],[-11.6674,15.6555],[-11.6664,15.6655],[-11.6614,15.6795],[-11.6624,15.6855],[-11.6624,15.6985],[-11.6614,15.7065],[-11.6564,15.7185],[-11.6534,15.7245],[-11.6494,15.7295],[-11.6424,15.7385],[-11.6354,15.7445],[-11.628,15.7495],[-11.6204,15.7545],[-11.6134,15.7675],[-11.6094,15.7805],[-11.6004,15.7925],[-11.6004,15.8125],[-11.5964,15.8225],[-11.5887,15.8365],[-11.5804,15.8515],[-11.5714,15.8585],[-11.635,15.9025],[-11.585,15.966],[-11.6674,16.0023],[-11.6311,16.3021],[-11.6311,16.3024],[-11.6266,16.3025],[-11.6061,16.3028],[-11.6044,16.3029],[-11.597,16.303],[-11.5945,16.303],[-11.592,16.3031],[-11.5865,16.3032],[-11.5844,16.3032],[-11.5779,16.3033],[-11.5759,16.3034],[-11.5701,16.3035],[-11.5461,16.3039],[-11.52,16.3043],[-11.5142,16.3044],[-11.494,16.3047],[-11.4848,16.3046],[-11.4795,16.3047],[-11.4757,16.3047],[-11.4732,16.3048],[-11.471,16.3047],[-11.4633,16.3048],[-11.4578,16.3051],[-11.4204,16.3057],[-11.3792,16.3057],[-11.3459,16.3062],[-11.3411,16.3063],[-11.326,16.3065],[-11.3067,16.3066],[-11.1852,16.3078],[-11.002,16.3084]]]},"properties":{"code":"034","name":"Kankoussa (Moughataa)","level":"3","parent":"QJsZVxlFDVn","parentGraph":"WPviLRHrXcD/QJsZVxlFDVn","groups":[]}},{"type":"Feature","id":"DepSH8KjsBP","geometry":{"type":"Polygon","coordinates":[[[-15.9956,16.5554],[-15.9969,16.5493],[-15.9999,16.5413],[-16.0008,16.5363],[-16.0012,16.5311],[-16.0012,16.5286],[-16.0014,16.5246],[-16.002,16.5207],[-16.0024,16.516],[-16.0028,16.5105],[-16.0026,16.5065],[-16.0028,16.5013],[-16.0028,16.5013],[-16.0054,16.5005],[-16.008,16.4988],[-16.0115,16.4958],[-16.0174,16.4906],[-16.0181,16.4901],[-16.018,16.4901],[-16.0182,16.4901],[-16.0215,16.4875],[-16.0249,16.4847],[-16.0306,16.4802],[-16.0353,16.4781],[-16.0407,16.4763],[-16.0439,16.4753],[-16.0492,16.4756],[-16.052,16.4765],[-16.0528,16.4769],[-16.0562,16.4792],[-16.0593,16.4842],[-16.0611,16.4873],[-16.0628,16.4893],[-16.0646,16.4915],[-16.0674,16.4956],[-16.0699,16.4985],[-16.0701,16.4991],[-16.0705,16.4993],[-16.0731,16.5028],[-16.073,16.5028],[-16.074,16.5036],[-16.0765,16.5061],[-16.0841,16.5113],[-16.0898,16.5137],[-16.0946,16.5161],[-16.0988,16.5191],[-16.1001,16.5211],[-16.1009,16.5245],[-16.1002,16.5287],[-16.0997,16.5308],[-16.0987,16.533],[-16.098,16.531],[-16.0976,16.5318],[-16.0973,16.5345],[-16.0988,16.5363],[-16.0993,16.5391],[-16.1004,16.5444],[-16.103,16.5486],[-16.1066,16.5519],[-16.108,16.553],[-16.1133,16.5538],[-16.1158,16.5538],[-16.1181,16.5538],[-16.1197,16.5538],[-16.1216,16.5536],[-16.124,16.5529],[-16.1247,16.5527],[-16.1278,16.5513],[-16.1286,16.5509],[-16.1287,16.5509],[-16.13,16.5505],[-16.1359,16.5504],[-16.1419,16.5497],[-16.149,16.5472],[-16.1533,16.5451],[-16.1564,16.5428],[-16.1589,16.5395],[-16.1615,16.5368],[-16.1625,16.5358],[-16.1668,16.5306],[-16.1687,16.5282],[-16.1722,16.5245],[-16.1736,16.5235],[-16.1756,16.5226],[-16.1786,16.5223],[-16.1808,16.5221],[-16.1838,16.5202],[-16.1852,16.518],[-16.1871,16.5161],[-16.1898,16.5149],[-16.1972,16.515],[-16.2014,16.5143],[-16.2073,16.5131],[-16.2126,16.513],[-16.2177,16.5143],[-16.2235,16.5171],[-16.2285,16.5198],[-16.231,16.5213],[-16.2315,16.5214],[-16.2316,16.5217],[-16.2318,16.5217],[-16.2329,16.5221],[-16.2326,16.5223],[-16.2333,16.5223],[-16.2365,16.523],[-16.2402,16.524],[-16.2436,16.5246],[-16.2463,16.5246],[-16.2496,16.5242],[-16.2524,16.5234],[-16.2551,16.5229],[-16.2581,16.5225],[-16.2621,16.521],[-16.2712,16.5172],[-16.2762,16.5135],[-16.2785,16.5116],[-16.2808,16.5085],[-16.2822,16.5062],[-16.284,16.5031],[-16.2848,16.5007],[-16.2851,16.496],[-16.2851,16.4917],[-16.2839,16.4874],[-16.2838,16.4845],[-16.2835,16.4796],[-16.2837,16.4771],[-16.2851,16.4741],[-16.2853,16.4735],[-16.287,16.4711],[-16.2885,16.4703],[-16.2896,16.4698],[-16.2932,16.469],[-16.2988,16.4667],[-16.3021,16.4628],[-16.3039,16.4591],[-16.3054,16.4541],[-16.306,16.4506],[-16.3073,16.4416],[-16.3081,16.4334],[-16.308,16.424],[-16.3083,16.4194],[-16.3082,16.4135],[-16.3082,16.4105],[-16.3093,16.4063],[-16.3112,16.4039],[-16.3146,16.4023],[-16.3195,16.4027],[-16.3227,16.4026],[-16.3245,16.402],[-16.3267,16.4004],[-16.3285,16.3982],[-16.3303,16.3937],[-16.3321,16.3876],[-16.3329,16.382],[-16.3333,16.373],[-16.3332,16.3668],[-16.3321,16.3596],[-16.3306,16.3544],[-16.3304,16.3499],[-16.331,16.3457],[-16.3317,16.3439],[-16.3339,16.3418],[-16.3376,16.3381],[-16.3394,16.3368],[-16.3415,16.3334],[-16.3433,16.3313],[-16.3458,16.3299],[-16.348,16.3297],[-16.3482,16.3297],[-16.3488,16.331],[-16.3495,16.331],[-16.352,16.3293],[-16.3583,16.3228],[-16.3617,16.3172],[-16.3648,16.3111],[-16.3664,16.3048],[-16.3676,16.2989],[-16.3676,16.2952],[-16.3666,16.2917],[-16.3643,16.2882],[-16.3615,16.2852],[-16.3583,16.2823],[-16.3549,16.2769],[-16.3535,16.274],[-16.3528,16.2696],[-16.3528,16.2663],[-16.354,16.2634],[-16.356,16.2608],[-16.3598,16.2583],[-16.3631,16.2563],[-16.3651,16.2533],[-16.3669,16.2491],[-16.3692,16.2456],[-16.3702,16.2426],[-16.3714,16.236],[-16.3725,16.2309],[-16.374,16.2262],[-16.3765,16.2225],[-16.3792,16.2197],[-16.3819,16.2171],[-16.386,16.2119],[-16.3882,16.21],[-16.3929,16.2079],[-16.3974,16.2072],[-16.4011,16.2074],[-16.4048,16.2086],[-16.409,16.2117],[-16.4125,16.2128],[-16.4166,16.2128],[-16.4197,16.2123],[-16.4203,16.2125],[-16.4208,16.2122],[-16.4215,16.2121],[-16.4255,16.2109],[-16.4275,16.2104],[-16.4279,16.2104],[-16.4297,16.21],[-16.4307,16.2097],[-16.4347,16.2067],[-16.4411,16.2008],[-16.4455,16.1941],[-16.4486,16.1892],[-16.4504,16.1852],[-16.4528,16.1839],[-16.4526,16.1832],[-16.4522,16.1833],[-16.4519,16.1827],[-16.4521,16.1824],[-16.453,16.1822],[-16.4532,16.1816],[-16.4525,16.181],[-16.4536,16.1783],[-16.4536,16.1781],[-16.4542,16.1751],[-16.4545,16.1716],[-16.4547,16.1678],[-16.4542,16.1616],[-16.4528,16.1573],[-16.4525,16.1551],[-16.4524,16.1523],[-16.4522,16.1511],[-16.4519,16.1497],[-16.4521,16.1485],[-16.4528,16.1477],[-16.4532,16.1474],[-16.4534,16.1449],[-16.4534,16.1446],[-16.4528,16.1416],[-16.4537,16.1387],[-16.4535,16.1367],[-16.4524,16.133],[-16.4509,16.131],[-16.4506,16.1301],[-16.4515,16.1269],[-16.4538,16.1224],[-16.4551,16.1192],[-16.4553,16.1169],[-16.4547,16.1156],[-16.4533,16.1141],[-16.4512,16.111],[-16.4499,16.1103],[-16.4467,16.1092],[-16.4436,16.1073],[-16.4424,16.1055],[-16.442,16.1045],[-16.4417,16.102],[-16.4419,16.1008],[-16.4433,16.0985],[-16.4461,16.0961],[-16.4499,16.0941],[-16.4527,16.0913],[-16.4562,16.0891],[-16.4574,16.0873],[-16.4589,16.083],[-16.4601,16.08],[-16.4611,16.0782],[-16.4625,16.0771],[-16.4643,16.0772],[-16.4652,16.0771],[-16.467,16.0753],[-16.4686,16.0738],[-16.4713,16.0689],[-16.4735,16.0653],[-16.4756,16.0632],[-16.4778,16.0608],[-16.4788,16.0593],[-16.4786,16.0576],[-16.4781,16.0563],[-16.4773,16.0542],[-16.4751,16.0524],[-16.4751,16.0498],[-16.4754,16.0466],[-16.4768,16.0458],[-16.4779,16.0455],[-16.479,16.0424],[-16.4801,16.0388],[-16.4803,16.0374],[-16.4814,16.0367],[-16.4824,16.0373],[-16.4837,16.0375],[-16.4862,16.038],[-16.488,16.0376],[-16.4891,16.0361],[-16.4917,16.034],[-16.4942,16.0325],[-16.4966,16.0308],[-16.4984,16.0296],[-16.5014,16.0276],[-16.5037,16.0277],[-16.506,16.0272],[-16.5082,16.0251],[-16.5102,16.0237],[-16.5127,16.0231],[-16.5136,16.0229],[-16.5108,16.0494],[-16.51,16.1018],[-16.5095,16.1269],[-16.5105,16.1455],[-16.5121,16.1625],[-16.5125,16.1755],[-16.5136,16.191],[-16.5143,16.2031],[-16.5138,16.2199],[-16.5136,16.2293],[-16.5159,16.2435],[-16.5177,16.2628],[-16.52,16.2774],[-16.5163,16.2931],[-16.5092,16.3161],[-16.5045,16.3378],[-16.4892,16.3722],[-16.4834,16.3892],[-16.4755,16.4052],[-16.4693,16.4242],[-16.4635,16.4472],[-16.4566,16.4707],[-16.4532,16.4862],[-16.451,16.5065],[-16.4496,16.5268],[-16.4489,16.5466],[-16.4481,16.5615],[-16.4464,16.5789],[-16.4451,16.5905],[-16.4429,16.6062],[-16.4292,16.6479],[-16.4193,16.6732],[-16.4082,16.7016],[-16.3953,16.7317],[-16.3836,16.7599],[-16.3757,16.7853],[-16.3672,16.8058],[-16.3531,16.8419],[-16.3365,16.8767],[-16.3248,16.9093],[-16.3132,16.9343],[-16.3019,16.964],[-16.293,16.9836],[-16.276,17.0156],[-16.2682,17.0328],[-16.076,17.0145],[-16.0959,16.9846],[-16.1035,16.9627],[-16.1127,16.9495],[-16.1193,16.9369],[-16.1204,16.9266],[-16.1184,16.9124],[-16.0998,16.8699],[-16.1034,16.8484],[-16.1013,16.8401],[-16.0931,16.8286],[-16.0882,16.8184],[-16.0973,16.8004],[-16.096,16.7825],[-16.0829,16.7411],[-16.0747,16.7364],[-16.0676,16.729],[-16.0679,16.7281],[-16.0713,16.7173],[-16.0707,16.7152],[-16.069,16.7095],[-16.0582,16.6965],[-16.0483,16.6914],[-16.036,16.6825],[-16.0295,16.671],[-16.0205,16.6619],[-16.0134,16.6598],[-15.9927,16.6412],[-15.9755,16.6347],[-15.9526,16.6321],[-15.9549,16.6298],[-15.9585,16.6251],[-15.9631,16.6195],[-15.9687,16.6135],[-15.9719,16.6087],[-15.9747,16.6037],[-15.9784,16.5981],[-15.9808,16.593],[-15.9847,16.5861],[-15.9871,16.5785],[-15.9896,16.5728],[-15.9918,16.5666],[-15.9935,16.5613],[-15.9956,16.5554]]]},"properties":{"code":"062","name":"Keur Macen (Moughataa)","level":"3","parent":"vIMhkQoU0wE","parentGraph":"WPviLRHrXcD/vIMhkQoU0wE","groups":[]}},{"type":"Feature","id":"m6HeXfiyuFS","geometry":{"type":"Polygon","coordinates":[[[-10.9852,17.1283],[-10.9803,17.1208],[-10.9803,17.1132],[-10.9803,17.1043],[-10.9809,17.0953],[-10.9804,17.088],[-10.9816,17.0749],[-10.982,17.0677],[-10.9846,17.0573],[-10.9858,17.0496],[-10.9883,17.0403],[-10.9893,17.0319],[-10.9903,17.0265],[-10.9917,17.0189],[-10.9937,17.0115],[-10.9955,17.0036],[-10.9957,16.9921],[-10.9955,16.9838],[-10.9935,16.975],[-10.9936,16.9694],[-10.9951,16.9628],[-10.9946,16.9539],[-10.9933,16.943],[-10.9926,16.9346],[-10.991,16.9277],[-10.9889,16.9204],[-10.985,16.9137],[-10.986,16.9069],[-10.9888,16.9017],[-10.9907,16.8939],[-10.9897,16.8884],[-10.987,16.8823],[-10.9835,16.8735],[-10.9838,16.8649],[-10.9871,16.8587],[-10.9882,16.8471],[-10.9873,16.8403],[-10.9859,16.8327],[-10.9815,16.8267],[-10.9817,16.8227],[-10.9735,16.8171],[-10.9727,16.8112],[-10.9733,16.8068],[-10.9668,16.8001],[-10.958,16.7962],[-10.9493,16.7904],[-10.9451,16.7845],[-10.9444,16.7777],[-10.9422,16.7698],[-10.9407,16.7619],[-10.9353,16.7565],[-10.9263,16.7562],[-10.9208,16.7568],[-10.9126,16.7556],[-10.9056,16.7521],[-10.898,16.7465],[-10.8934,16.7406],[-10.8884,16.7353],[-10.8861,16.7279],[-10.8851,16.7208],[-10.8801,16.7165],[-10.8751,16.7161],[-10.8686,16.7096],[-10.8692,16.7011],[-10.8723,16.6936],[-10.8733,16.6876],[-10.8756,16.6827],[-10.8759,16.6805],[-10.9454,16.6799],[-10.9638,16.6755],[-10.9378,16.6594],[-10.8096,16.5976],[-10.8047,16.5971],[-10.7973,16.5963],[-10.7898,16.5936],[-10.7854,16.5911],[-10.7789,16.59],[-10.7716,16.5914],[-10.7642,16.593],[-10.7453,16.5508],[-10.7501,16.5483],[-10.7549,16.5449],[-10.7569,16.5432],[-10.7594,16.5396],[-10.761,16.5373],[-10.76,16.53],[-10.7607,16.5267],[-10.761,16.5245],[-10.7652,16.5207],[-10.7706,16.5116],[-10.7787,16.5084],[-10.7839,16.5068],[-10.7895,16.5015],[-10.7962,16.4979],[-10.801,16.4983],[-10.7995,16.5016],[-10.7994,16.506],[-10.8026,16.5082],[-10.8082,16.5053],[-10.815,16.5012],[-10.8197,16.4979],[-10.8278,16.4937],[-10.8359,16.4922],[-10.8443,16.4954],[-10.8473,16.4971],[-10.8522,16.4995],[-10.8575,16.5025],[-10.8649,16.506],[-10.8699,16.5046],[-10.8737,16.5032],[-10.8764,16.5034],[-10.8826,16.5053],[-10.8851,16.5009],[-10.8882,16.4952],[-10.8924,16.4993],[-10.8967,16.5028],[-10.9031,16.5032],[-10.9133,16.5017],[-10.9169,16.5015],[-10.9235,16.5009],[-10.9282,16.5005],[-10.9344,16.4996],[-10.9385,16.4963],[-10.9424,16.4945],[-10.945,16.4876],[-10.9496,16.4819],[-10.9532,16.476],[-10.9571,16.4701],[-10.962,16.4673],[-10.9683,16.4679],[-10.9753,16.4633],[-10.9808,16.4579],[-10.9836,16.4533],[-10.9828,16.4515],[-10.9796,16.4507],[-10.9712,16.4528],[-10.9609,16.4556],[-10.9545,16.4587],[-10.9475,16.463],[-10.9428,16.468],[-10.94,16.4715],[-10.9354,16.4771],[-10.9306,16.4804],[-10.9271,16.4811],[-10.9244,16.4805],[-10.921,16.4808],[-10.9157,16.4815],[-10.9101,16.4795],[-10.9113,16.4737],[-10.9099,16.4698],[-10.9061,16.4703],[-10.903,16.4732],[-10.8986,16.4764],[-10.8925,16.4773],[-10.887,16.4778],[-10.8807,16.4777],[-10.8779,16.4764],[-10.8718,16.4734],[-10.8702,16.4697],[-10.8744,16.464],[-10.8759,16.4587],[-10.8747,16.4553],[-10.8725,16.4515],[-10.8719,16.4478],[-10.8691,16.4451],[-10.8642,16.4459],[-10.8598,16.4475],[-10.8573,16.4461],[-10.8529,16.4423],[-10.8506,16.4385],[-10.851,16.4336],[-10.8535,16.4293],[-10.8585,16.4267],[-10.8629,16.4246],[-10.8669,16.4252],[-10.8715,16.4264],[-10.8765,16.428],[-10.8824,16.4303],[-10.888,16.4298],[-10.892,16.4278],[-10.8925,16.4245],[-10.8903,16.4218],[-10.8874,16.4206],[-10.8838,16.4193],[-10.8803,16.4175],[-10.8784,16.4155],[-10.876,16.4125],[-10.8738,16.4109],[-10.8687,16.4091],[-10.8648,16.4083],[-10.8607,16.4082],[-10.8581,16.408],[-10.8549,16.4086],[-10.8519,16.4123],[-10.8508,16.4179],[-10.8483,16.423],[-10.8448,16.4257],[-10.8392,16.4276],[-10.8335,16.4297],[-10.8282,16.4302],[-10.8208,16.4273],[-10.8171,16.4244],[-10.8153,16.4212],[-10.8165,16.4184],[-10.82,16.4147],[-10.8244,16.4116],[-10.8302,16.409],[-10.8353,16.4071],[-10.8418,16.4047],[-10.843,16.4009],[-10.8389,16.3997],[-10.8338,16.3994],[-10.8313,16.4001],[-10.8279,16.4009],[-10.8232,16.4024],[-10.8197,16.4031],[-10.8166,16.4051],[-10.8147,16.4024],[-10.814,16.3971],[-10.8147,16.3924],[-10.8146,16.3873],[-10.8136,16.3844],[-10.8158,16.3796],[-10.8182,16.3769],[-10.8212,16.3801],[-10.8258,16.3773],[-10.8298,16.3749],[-10.8331,16.3732],[-10.8344,16.3693],[-10.8348,16.3654],[-10.8376,16.3605],[-10.8402,16.357],[-10.8426,16.3505],[-10.8416,16.3469],[-10.8415,16.3434],[-10.8399,16.3409],[-10.8375,16.3415],[-10.8341,16.3426],[-10.8305,16.342],[-10.8302,16.338],[-10.8341,16.3363],[-10.8387,16.336],[-10.8429,16.337],[-10.849,16.3374],[-10.8538,16.338],[-10.8588,16.3368],[-10.8632,16.3349],[-10.8652,16.3308],[-10.8621,16.3245],[-10.8584,16.3235],[-10.8537,16.3223],[-10.8491,16.3211],[-10.8498,16.3173],[-10.8529,16.3144],[-10.8572,16.308],[-10.8586,16.3029],[-10.8541,16.3042],[-10.8489,16.3063],[-10.8449,16.3078],[-10.8416,16.3077],[-10.8382,16.3049],[-10.8367,16.2998],[-10.8366,16.2954],[-10.832,16.2882],[-10.8268,16.2832],[-11.002,16.3084],[-11.1852,16.3078],[-11.3067,16.3066],[-11.326,16.3065],[-11.3411,16.3063],[-11.3459,16.3062],[-11.3792,16.3057],[-11.4204,16.3057],[-11.4578,16.3051],[-11.4633,16.3048],[-11.471,16.3047],[-11.4732,16.3048],[-11.4757,16.3047],[-11.4795,16.3047],[-11.4848,16.3046],[-11.494,16.3047],[-11.5142,16.3044],[-11.52,16.3043],[-11.5461,16.3039],[-11.5701,16.3035],[-11.5759,16.3034],[-11.5779,16.3033],[-11.5844,16.3032],[-11.5865,16.3032],[-11.592,16.3031],[-11.5945,16.303],[-11.597,16.303],[-11.6044,16.3029],[-11.6061,16.3028],[-11.6266,16.3025],[-11.6311,16.3024],[-11.6311,16.3021],[-11.6674,16.0023],[-11.6744,16.0125],[-11.6804,16.0195],[-11.6949,16.0228],[-11.6994,16.0335],[-11.7124,16.0305],[-11.7264,16.0325],[-11.7324,16.0375],[-11.7374,16.0445],[-11.7494,16.0475],[-11.7554,16.0505],[-11.7584,16.0505],[-11.7614,16.0475],[-11.7703,16.0554],[-11.7761,16.0533],[-11.7787,16.0498],[-11.781,16.046],[-11.7821,16.0419],[-11.7854,16.0285],[-11.7972,16.0313],[-11.801,16.0324],[-11.8038,16.0361],[-11.8047,16.0409],[-11.8184,16.0435],[-11.8184,16.0365],[-11.8134,16.0295],[-11.8137,16.0241],[-11.8154,16.0205],[-11.8164,16.0145],[-11.8184,16.0085],[-11.8154,16.0035],[-11.8084,15.9935],[-11.8014,15.9885],[-11.7995,15.9864],[-11.7984,15.9845],[-11.7974,15.9805],[-11.7964,15.9735],[-11.7944,15.9675],[-11.7974,15.9605],[-11.8024,15.9605],[-11.8074,15.9545],[-11.8074,15.9495],[-11.8134,15.9465],[-11.8179,15.9465],[-11.8184,15.9475],[-11.8284,15.9455],[-11.8354,15.9425],[-11.8384,15.9375],[-11.8384,15.9305],[-11.8374,15.9255],[-11.8344,15.9215],[-11.8304,15.9175],[-11.8304,15.9075],[-11.8354,15.9075],[-11.8434,15.9085],[-11.8514,15.9085],[-11.8604,15.9105],[-11.8684,15.9135],[-11.8734,15.9145],[-11.8794,15.9165],[-11.8854,15.9155],[-11.8924,15.9145],[-11.9034,15.9115],[-11.9104,15.9095],[-11.9194,15.9085],[-11.9284,15.9065],[-11.9394,15.9025],[-11.9444,15.9005],[-11.9484,15.9015],[-11.9524,15.9065],[-11.9544,15.9115],[-11.9554,15.9155],[-11.9584,15.9215],[-11.9654,15.9285],[-11.9704,15.9345],[-11.9764,15.9375],[-11.9854,15.9375],[-12.0004,15.9391],[-12.0054,15.9395],[-12.0067,15.9462],[-12.0055,15.9497],[-12.0045,15.954],[-12.0042,15.9609],[-12.0041,15.9653],[-12.0056,15.9743],[-12.01,15.9836],[-12.0095,15.9897],[-12.0146,15.9957],[-12.0158,16.0004],[-12.0112,16.0104],[-12.0073,16.0185],[-12.0044,16.0268],[-12.0028,16.0346],[-12.0018,16.0417],[-12.0019,16.0518],[-12.0037,16.0569],[-12.0114,16.0646],[-12.0088,16.0708],[-12.0087,16.076],[-12.0093,16.0821],[-12.0115,16.0871],[-12.0123,16.0918],[-12.0128,16.0993],[-12.0126,16.1058],[-12.0143,16.1151],[-12.0174,16.1293],[-12.021,16.1396],[-12.0222,16.1474],[-12.024,16.155],[-12.0247,16.1612],[-12.0236,16.1657],[-12.0215,16.1706],[-12.0222,16.1744],[-12.024,16.1794],[-12.0262,16.1881],[-12.0232,16.1906],[-12.0199,16.1966],[-12.019,16.2022],[-12.02,16.2067],[-12.0242,16.2112],[-12.0282,16.2141],[-12.0306,16.2184],[-12.0313,16.2235],[-12.0315,16.2308],[-12.0283,16.236],[-12.0261,16.2371],[-12.0246,16.2387],[-12.0209,16.2414],[-12.0184,16.2432],[-12.0164,16.2471],[-12.0134,16.2518],[-12.0109,16.2578],[-12.0099,16.2624],[-12.0144,16.2658],[-12.0167,16.269],[-12.0185,16.2742],[-12.0201,16.2818],[-12.0188,16.288],[-12.0128,16.2952],[-12.0088,16.2979],[-12.0021,16.303],[-11.9937,16.3076],[-11.9872,16.3129],[-11.9852,16.32],[-11.9822,16.328],[-11.9816,16.3322],[-11.9797,16.3412],[-11.9767,16.3462],[-11.9688,16.3542],[-11.9651,16.3583],[-11.9675,16.3606],[-11.9715,16.359],[-11.9772,16.3585],[-11.9763,16.3663],[-11.9744,16.3723],[-11.9768,16.3769],[-11.9756,16.3827],[-11.9711,16.3867],[-11.9656,16.3899],[-11.965,16.3936],[-11.9671,16.4001],[-11.9588,16.4023],[-11.9528,16.4041],[-11.945,16.407],[-11.9413,16.4094],[-11.9403,16.4156],[-11.9404,16.4158],[-11.9406,16.416],[-11.941,16.4165],[-11.9421,16.4257],[-11.9457,16.4313],[-11.9518,16.4338],[-11.9552,16.4387],[-11.958,16.4458],[-11.9611,16.4532],[-11.9658,16.4482],[-11.9714,16.444],[-11.9778,16.4399],[-11.9858,16.4385],[-11.9933,16.4409],[-12.0009,16.4423],[-12.0073,16.4409],[-12.0156,16.4387],[-12.0229,16.4393],[-12.029,16.4431],[-12.0336,16.4476],[-12.0372,16.4534],[-12.0397,16.4592],[-12.0375,16.4653],[-12.0337,16.4671],[-12.0285,16.4701],[-12.0234,16.4744],[-12.0195,16.4752],[-12.0144,16.477],[-12.0165,16.4821],[-12.0188,16.4859],[-12.023,16.4922],[-12.0274,16.4971],[-12.0324,16.5028],[-12.0388,16.5089],[-12.0446,16.5139],[-12.0478,16.5185],[-12.0489,16.5238],[-12.0479,16.5266],[-12.0472,16.5301],[-12.044,16.5341],[-12.0409,16.5399],[-12.0335,16.5473],[-12.0235,16.5514],[-12.0163,16.5543],[-12.0113,16.5562],[-12.0022,16.5614],[-11.9936,16.5654],[-11.9814,16.5712],[-11.9755,16.5733],[-11.9677,16.5764],[-11.9495,16.5839],[-11.9421,16.5857],[-11.9329,16.5876],[-11.9259,16.5914],[-11.9193,16.5937],[-11.9116,16.592],[-11.9067,16.5919],[-11.8999,16.5923],[-11.8955,16.5973],[-11.8944,16.5975],[-11.893,16.5983],[-11.891,16.6014],[-11.8868,16.6038],[-11.881,16.6062],[-11.8773,16.6071],[-11.8692,16.6084],[-11.8639,16.6137],[-11.8623,16.6142],[-11.8563,16.6168],[-11.8545,16.6173],[-11.8531,16.6176],[-11.8471,16.6211],[-11.8441,16.6231],[-11.8407,16.6241],[-11.8373,16.6252],[-11.8314,16.6248],[-11.8258,16.6277],[-11.8199,16.6278],[-11.8155,16.6291],[-11.8091,16.6309],[-11.8012,16.6304],[-11.7945,16.6328],[-11.7887,16.639],[-11.7852,16.646],[-11.7822,16.6535],[-11.7802,16.6575],[-11.7789,16.6635],[-11.772,16.6926],[-11.7697,16.7019],[-11.7675,16.7079],[-11.7663,16.7128],[-11.7634,16.7227],[-11.76,16.7364],[-11.7554,16.7473],[-11.752,16.7588],[-11.7486,16.7649],[-11.7446,16.7714],[-11.7446,16.7764],[-11.7441,16.786],[-11.7438,16.7898],[-11.7426,16.7945],[-11.7428,16.7979],[-11.7419,16.8008],[-11.7408,16.8037],[-11.7392,16.8065],[-11.7373,16.808],[-11.7359,16.8103],[-11.7356,16.8134],[-11.7359,16.8169],[-11.7359,16.8181],[-11.7359,16.8193],[-11.7283,16.8204],[-11.7272,16.8247],[-11.7218,16.8257],[-11.7166,16.8268],[-11.7121,16.8268],[-11.705,16.8312],[-11.7024,16.8355],[-11.6984,16.8379],[-11.6938,16.8388],[-11.6846,16.8424],[-11.6733,16.8489],[-11.6652,16.8529],[-11.66,16.8548],[-11.659,16.8616],[-11.6585,16.8668],[-11.6599,16.8855],[-11.6614,16.8944],[-11.6637,16.9014],[-11.6666,16.9073],[-11.6705,16.9136],[-11.6773,16.9192],[-11.6885,16.9293],[-11.6951,16.9362],[-11.7032,16.9435],[-11.7087,16.9493],[-11.7167,16.9564],[-11.7188,16.9583],[-11.7204,16.9614],[-11.7204,16.9704],[-11.7234,16.9794],[-11.7274,16.9844],[-11.7374,16.9904],[-11.7454,16.9924],[-11.7504,16.9924],[-11.7554,16.9924],[-11.7604,16.9894],[-11.7684,16.9844],[-11.7754,16.9804],[-11.7834,16.9784],[-11.7894,16.9794],[-11.8004,16.9864],[-11.8044,16.9904],[-11.8074,16.9984],[-11.8064,17.0044],[-11.8034,17.0144],[-11.8124,17.0254],[-11.8244,17.0224],[-11.8324,17.0284],[-11.8414,17.0394],[-11.8458,17.0449],[-11.8534,17.0533],[-11.8524,17.0614],[-11.8492,17.0655],[-11.8516,17.0699],[-11.8644,17.0859],[-11.8656,17.0871],[-11.8674,17.0886],[-11.8707,17.09],[-11.8751,17.0917],[-11.8787,17.0916],[-11.8842,17.0917],[-11.8876,17.0925],[-11.8922,17.0941],[-11.8924,17.0942],[-11.8844,17.0944],[-11.7521,17.1431],[-11.5676,17.126],[-11.5293,17.1761],[-11.2929,17.3963],[-11.1181,17.3997],[-11.0342,17.4828],[-11.032,17.4765],[-11.0299,17.4716],[-11.0263,17.4661],[-11.0237,17.4616],[-11.0202,17.4547],[-11.0167,17.4483],[-11.0144,17.4436],[-11.0117,17.4374],[-11.0104,17.4329],[-11.0095,17.427],[-11.0084,17.4227],[-11.0068,17.4198],[-11.0016,17.4149],[-10.9983,17.4115],[-10.9947,17.4074],[-10.9928,17.4051],[-10.9898,17.4008],[-10.9882,17.3979],[-10.9852,17.3933],[-10.983,17.3894],[-10.9813,17.3852],[-10.9811,17.3804],[-10.9808,17.3742],[-10.9808,17.3706],[-10.981,17.3652],[-10.9819,17.3589],[-10.9818,17.3547],[-10.9823,17.3498],[-10.9828,17.3468],[-10.9855,17.342],[-10.9874,17.3374],[-10.9887,17.3315],[-10.9896,17.3258],[-10.9899,17.3225],[-10.9897,17.318],[-10.9874,17.3124],[-10.9818,17.3031],[-10.9786,17.2951],[-10.9769,17.2899],[-10.9792,17.2815],[-10.9806,17.2772],[-10.983,17.2707],[-10.9849,17.2647],[-10.9867,17.2606],[-10.9897,17.2531],[-10.9918,17.2496],[-10.9933,17.2427],[-10.995,17.2347],[-10.996,17.2289],[-10.9998,17.2212],[-11.0025,17.2104],[-11.0044,17.1969],[-11.0095,17.1784],[-11.0136,17.1655],[-11.0117,17.1553],[-11.0116,17.1505],[-11.0089,17.1456],[-11.0041,17.1401],[-10.9994,17.1375],[-10.9906,17.1335],[-10.9852,17.1283]]]},"properties":{"code":"035","name":"Kiffa (Moughataa)","level":"3","parent":"QJsZVxlFDVn","parentGraph":"WPviLRHrXcD/QJsZVxlFDVn","groups":[]}},{"type":"Feature","id":"wb7J6gwHFJr","geometry":{"type":"Polygon","coordinates":[[[-8.8561,15.8162],[-8.9105,15.6668],[-8.9403,15.5875],[-8.9549,15.5446],[-8.9967,15.5006],[-9.3295,15.5001],[-9.3336,15.4997],[-9.3325,15.5636],[-9.311,15.6873],[-9.3323,15.6992],[-9.4423,15.6055],[-9.4002,15.4401],[-9.4577,15.4372],[-9.5005,15.4146],[-9.5702,15.4317],[-9.6377,15.429],[-9.6879,15.4271],[-9.691,15.4259],[-9.6966,15.4234],[-9.7009,15.4192],[-9.7061,15.4169],[-9.712,15.4131],[-9.7189,15.4112],[-9.7255,15.4101],[-9.7336,15.4101],[-9.7399,15.4123],[-9.744,15.4144],[-9.7479,15.4164],[-9.7509,15.422],[-9.8282,15.4119],[-9.8259,15.4166],[-9.8295,15.423],[-9.8364,15.4294],[-9.8418,15.4344],[-9.8424,15.4389],[-9.847,15.4459],[-9.8485,15.4542],[-9.8513,15.4652],[-9.8512,15.4726],[-9.8544,15.483],[-9.8572,15.4901],[-9.8607,15.4974],[-9.8605,15.507],[-9.8681,15.5176],[-9.8741,15.5232],[-9.8795,15.5265],[-9.8857,15.5341],[-9.8931,15.5412],[-9.897,15.5465],[-9.9001,15.5522],[-9.9012,15.5604],[-9.9041,15.5688],[-9.9064,15.5759],[-9.9094,15.582],[-9.9108,15.5872],[-9.9103,15.5967],[-9.9087,15.607],[-9.9091,15.6156],[-9.9086,15.6232],[-9.9056,15.6292],[-9.905,15.6411],[-9.9059,15.6501],[-9.9069,15.6584],[-9.9084,15.6676],[-9.9048,15.6738],[-9.9035,15.6829],[-9.9031,15.6916],[-9.9035,15.7013],[-9.9047,15.7088],[-9.9082,15.7172],[-9.9102,15.7271],[-9.9129,15.7385],[-9.9141,15.7465],[-9.9147,15.755],[-9.9128,15.7625],[-9.9112,15.7666],[-9.9108,15.7708],[-9.9114,15.7729],[-9.9115,15.7768],[-9.9111,15.7864],[-9.9098,15.7928],[-9.9075,15.8004],[-9.9057,15.8077],[-9.9046,15.8129],[-9.9082,15.8223],[-9.9116,15.8307],[-9.9176,15.8394],[-9.923,15.847],[-9.9244,15.8525],[-9.923,15.8583],[-9.9188,15.8619],[-9.9134,15.8645],[-9.9112,15.8707],[-9.9114,15.8812],[-9.9114,15.8923],[-9.9152,15.8989],[-9.9167,15.9059],[-9.9144,15.9147],[-9.9122,15.9209],[-9.9126,15.9272],[-9.9137,15.9305],[-9.9146,15.9364],[-9.9143,15.9404],[-9.9157,15.9479],[-9.9139,15.9525],[-9.9121,15.9573],[-9.9116,15.9642],[-9.9101,15.9722],[-9.9105,15.9804],[-9.9115,15.9897],[-9.9118,15.9981],[-9.9125,16.0061],[-9.9131,16.0139],[-9.9145,16.0227],[-9.9155,16.0294],[-9.9163,16.0346],[-9.9166,16.0383],[-9.9165,16.0459],[-9.9171,16.0501],[-9.9419,16.1004],[-9.9424,16.1765],[-9.8284,16.2425],[-9.7514,16.2463],[-9.6404,16.2485],[-9.5005,16.2653],[-9.4297,16.2708],[-9.3274,16.2805],[-9.1593,16.3055],[-9.0898,16.3278],[-8.8943,16.3925],[-9.0229,16.1533],[-9.0675,16.0625],[-9.0308,15.9874],[-8.9673,15.8593],[-8.8561,15.8162]]]},"properties":{"code":"022","name":"Kobeni","level":"3","parent":"MgjFG58aYkF","parentGraph":"WPviLRHrXcD/MgjFG58aYkF","groups":[]}},{"type":"Feature","id":"NjZnKVoZVxW","geometry":{"type":"Polygon","coordinates":[[[-15.961,18.088],[-15.9652,18.0791],[-15.97,18.0683],[-15.9741,18.0698],[-15.9748,18.0702],[-15.9755,18.0709],[-15.9755,18.0717],[-15.9755,18.0724],[-15.9752,18.074],[-15.9746,18.0773],[-15.977,18.0777],[-15.9774,18.0784],[-15.9769,18.0788],[-15.9764,18.0797],[-15.976,18.0814],[-15.9749,18.0874],[-15.97,18.0866],[-15.968,18.0972],[-15.9684,18.0979],[-15.9682,18.0988],[-15.9756,18.1002],[-15.9748,18.1043],[-15.9714,18.1086],[-15.9724,18.1123],[-15.9752,18.1192],[-15.9778,18.1265],[-15.9815,18.1383],[-15.9964,18.1765],[-16.0312,18.2655],[-16.0312,18.2655],[-16.049,18.3113],[-16.0507,18.3157],[-16.053,18.3366],[-16.0567,18.3462],[-16.0635,18.3633],[-16.0565,18.4223],[-16.0567,18.4274],[-16.0572,18.4488],[-16.0583,18.4532],[-15.9234,18.4558],[-15.9222,18.4559],[-15.9373,18.2872],[-15.9453,18.1972],[-15.9472,18.1761],[-15.9519,18.1234],[-15.952,18.1227],[-15.9472,18.1186],[-15.948,18.1177],[-15.9416,18.1131],[-15.945,18.1086],[-15.9471,18.106],[-15.9529,18.099],[-15.9535,18.0983],[-15.9604,18.0884],[-15.961,18.088]]]},"properties":{"code":"142","name":"Ksar (Moughataa)","level":"3","parent":"hyPjisSm8Z5","parentGraph":"WPviLRHrXcD/hyPjisSm8Z5","groups":[]}},{"type":"Feature","id":"aGaIDrhIwyZ","geometry":{"type":"Polygon","coordinates":[[[-12.6834,15.6805],[-12.6684,15.5785],[-12.6066,15.5604],[-12.6478,15.4336],[-12.6537,15.4178],[-12.6954,15.3076],[-12.703,15.2859],[-12.7542,15.1391],[-12.7578,15.141],[-12.7585,15.1413],[-12.7594,15.1415],[-12.7629,15.1428],[-12.7635,15.1431],[-12.7665,15.1443],[-12.7689,15.145],[-12.7702,15.1453],[-12.7723,15.1461],[-12.7751,15.1468],[-12.7758,15.1471],[-12.778,15.1476],[-12.7807,15.1494],[-12.7839,15.1517],[-12.7839,15.1518],[-12.7842,15.152],[-12.7863,15.1547],[-12.7868,15.1562],[-12.787,15.1565],[-12.787,15.1568],[-12.787,15.1569],[-12.7876,15.1604],[-12.7876,15.1611],[-12.7879,15.1632],[-12.7878,15.1663],[-12.7871,15.1697],[-12.7864,15.1714],[-12.7858,15.1732],[-12.7846,15.1767],[-12.7846,15.1768],[-12.7845,15.1771],[-12.7844,15.1774],[-12.7832,15.1808],[-12.7813,15.1852],[-12.7811,15.1904],[-12.7822,15.1954],[-12.7824,15.1962],[-12.7834,15.1987],[-12.7845,15.2023],[-12.7848,15.2029],[-12.7849,15.2031],[-12.7865,15.206],[-12.7877,15.2079],[-12.7886,15.2088],[-12.7884,15.2096],[-12.7898,15.21],[-12.7903,15.2105],[-12.7937,15.2128],[-12.7953,15.2135],[-12.7976,15.2146],[-12.7975,15.2145],[-12.7992,15.2155],[-12.8011,15.2162],[-12.8042,15.2166],[-12.8069,15.2166],[-12.8095,15.2164],[-12.81,15.2164],[-12.8127,15.2161],[-12.8183,15.2152],[-12.8195,15.2146],[-12.8217,15.2132],[-12.823,15.2123],[-12.8252,15.2105],[-12.8288,15.2078],[-12.8293,15.2073],[-12.8293,15.2073],[-12.831,15.2057],[-12.8322,15.2046],[-12.8329,15.204],[-12.8366,15.2013],[-12.8372,15.2011],[-12.8382,15.2006],[-12.8393,15.2005],[-12.8405,15.2001],[-12.8412,15.2003],[-12.8414,15.2003],[-12.8415,15.2003],[-12.8434,15.2006],[-12.8451,15.202],[-12.8458,15.2024],[-12.8466,15.2031],[-12.8476,15.2039],[-12.8478,15.2041],[-12.8479,15.2042],[-12.8484,15.2048],[-12.8486,15.2058],[-12.8488,15.2072],[-12.849,15.2099],[-12.849,15.2099],[-12.8491,15.2102],[-12.85,15.212],[-12.8503,15.2125],[-12.8511,15.2145],[-12.852,15.2163],[-12.8533,15.2188],[-12.8548,15.2213],[-12.8569,15.2238],[-12.8571,15.2241],[-12.8572,15.2242],[-12.8573,15.2244],[-12.8592,15.2267],[-12.8603,15.228],[-12.8628,15.2298],[-12.8637,15.2308],[-12.8637,15.2309],[-12.8652,15.2322],[-12.8664,15.2333],[-12.8678,15.2342],[-12.8683,15.2345],[-12.8696,15.2354],[-12.871,15.2361],[-12.8742,15.237],[-12.8781,15.2383],[-12.881,15.24],[-12.8821,15.2406],[-12.8823,15.2408],[-12.8848,15.2424],[-12.8848,15.2424],[-12.8848,15.2425],[-12.8851,15.2427],[-12.8863,15.2437],[-12.8864,15.2438],[-12.8865,15.2438],[-12.8876,15.2448],[-12.8882,15.2455],[-12.889,15.2464],[-12.8892,15.2466],[-12.8893,15.247],[-12.8901,15.248],[-12.8922,15.2502],[-12.8934,15.2531],[-12.8936,15.2538],[-12.8938,15.2542],[-12.8944,15.2567],[-12.8943,15.2585],[-12.8943,15.2587],[-12.8942,15.2588],[-12.8941,15.2601],[-12.8939,15.2607],[-12.8938,15.2614],[-12.8934,15.2618],[-12.8934,15.2618],[-12.8932,15.262],[-12.8917,15.2641],[-12.8917,15.2641],[-12.8902,15.2652],[-12.8893,15.2656],[-12.8892,15.2657],[-12.8891,15.2657],[-12.8877,15.2664],[-12.8849,15.2675],[-12.8827,15.2677],[-12.8825,15.2678],[-12.882,15.2678],[-12.8784,15.2682],[-12.8748,15.2676],[-12.8726,15.2664],[-12.872,15.2656],[-12.8718,15.2655],[-12.8695,15.2631],[-12.8675,15.2612],[-12.8674,15.2611],[-12.8673,15.261],[-12.8668,15.2606],[-12.864,15.2579],[-12.8626,15.2562],[-12.8603,15.2551],[-12.8557,15.2541],[-12.8544,15.2538],[-12.8544,15.2538],[-12.8535,15.2537],[-12.8531,15.2536],[-12.8524,15.2535],[-12.8513,15.2532],[-12.849,15.2526],[-12.8486,15.2526],[-12.845,15.2531],[-12.8441,15.2543],[-12.8433,15.2561],[-12.8429,15.2573],[-12.8425,15.2575],[-12.842,15.2584],[-12.8407,15.2594],[-12.8402,15.2599],[-12.839,15.2612],[-12.8378,15.2626],[-12.8373,15.263],[-12.8355,15.2648],[-12.8349,15.2657],[-12.8344,15.2665],[-12.8329,15.2686],[-12.8311,15.2715],[-12.8309,15.2719],[-12.8302,15.2735],[-12.8296,15.2755],[-12.8287,15.2778],[-12.8288,15.2826],[-12.8292,15.2853],[-12.8293,15.286],[-12.8294,15.2864],[-12.8313,15.2902],[-12.8319,15.2913],[-12.8332,15.2936],[-12.8336,15.2944],[-12.8353,15.2975],[-12.8353,15.2975],[-12.8357,15.2979],[-12.8362,15.2999],[-12.8371,15.3027],[-12.8382,15.3056],[-12.8388,15.3076],[-12.839,15.3082],[-12.8412,15.3117],[-12.8427,15.3133],[-12.8431,15.3137],[-12.8442,15.3146],[-12.8452,15.3158],[-12.8475,15.3172],[-12.8478,15.3174],[-12.849,15.3182],[-12.8512,15.3194],[-12.8526,15.3202],[-12.8526,15.3202],[-12.8543,15.3211],[-12.8559,15.322],[-12.8563,15.3222],[-12.8582,15.3233],[-12.8582,15.3233],[-12.8605,15.3244],[-12.8614,15.3251],[-12.8655,15.3275],[-12.8698,15.3307],[-12.8733,15.333],[-12.8733,15.333],[-12.875,15.3344],[-12.8785,15.3361],[-12.8794,15.3365],[-12.8816,15.3374],[-12.882,15.3375],[-12.8842,15.3383],[-12.8863,15.3384],[-12.8863,15.3384],[-12.8863,15.3384],[-12.889,15.3384],[-12.8901,15.3386],[-12.8903,15.3386],[-12.8931,15.3389],[-12.8931,15.3389],[-12.8931,15.3388],[-12.8942,15.339],[-12.8982,15.3393],[-12.8995,15.3393],[-12.9021,15.3392],[-12.904,15.3394],[-12.9041,15.3394],[-12.9042,15.3394],[-12.9053,15.3395],[-12.9082,15.3409],[-12.9109,15.3421],[-12.9138,15.3434],[-12.9157,15.3445],[-12.9189,15.3458],[-12.9214,15.3466],[-12.9214,15.3467],[-12.9227,15.347],[-12.9251,15.3482],[-12.9263,15.3487],[-12.9283,15.3502],[-12.9306,15.3519],[-12.9329,15.3537],[-12.9351,15.3556],[-12.9361,15.3565],[-12.9372,15.3576],[-12.9381,15.3584],[-12.9383,15.3588],[-12.939,15.36],[-12.9398,15.3615],[-12.9408,15.3634],[-12.9417,15.3649],[-12.9424,15.3662],[-12.9427,15.3667],[-12.9427,15.367],[-12.9428,15.3673],[-12.9428,15.3692],[-12.9428,15.3721],[-12.9424,15.3746],[-12.9423,15.3761],[-12.9422,15.3767],[-12.942,15.3785],[-12.9415,15.3811],[-12.9414,15.3845],[-12.9409,15.3874],[-12.9409,15.3876],[-12.9409,15.3899],[-12.9409,15.3919],[-12.9409,15.3928],[-12.9409,15.3952],[-12.9409,15.3956],[-12.9411,15.3991],[-12.9411,15.3991],[-12.9411,15.3992],[-12.9417,15.4022],[-12.9419,15.403],[-12.942,15.4037],[-12.942,15.4041],[-12.9421,15.4048],[-12.9422,15.4068],[-12.9425,15.4096],[-12.9421,15.4117],[-12.9417,15.4143],[-12.9416,15.4152],[-12.9416,15.4167],[-12.941,15.4178],[-12.9408,15.4186],[-12.9403,15.4191],[-12.9397,15.4203],[-12.9388,15.4208],[-12.9381,15.4215],[-12.9374,15.4222],[-12.9372,15.4224],[-12.9367,15.4227],[-12.9333,15.4256],[-12.9317,15.4265],[-12.931,15.4271],[-12.93,15.4276],[-12.93,15.4276],[-12.9271,15.4296],[-12.9253,15.4313],[-12.9244,15.4322],[-12.9235,15.4334],[-12.9225,15.4354],[-12.9217,15.4379],[-12.9217,15.4385],[-12.9217,15.4387],[-12.9219,15.4406],[-12.9219,15.4411],[-12.9219,15.4411],[-12.9228,15.443],[-12.9236,15.444],[-12.9248,15.4451],[-12.9252,15.4455],[-12.926,15.4462],[-12.9287,15.4469],[-12.9299,15.4467],[-12.9311,15.4469],[-12.9335,15.4467],[-12.9349,15.4464],[-12.9362,15.4459],[-12.9382,15.4456],[-12.9417,15.4449],[-12.9449,15.444],[-12.945,15.444],[-12.9459,15.4438],[-12.9469,15.4436],[-12.9488,15.4433],[-12.951,15.4434],[-12.9522,15.4441],[-12.9527,15.4443],[-12.9543,15.4451],[-12.9547,15.4459],[-12.9561,15.4474],[-12.957,15.4496],[-12.9571,15.45],[-12.9572,15.4504],[-12.9573,15.451],[-12.9574,15.4516],[-12.9575,15.4547],[-12.9575,15.4548],[-12.9575,15.4562],[-12.9572,15.4574],[-12.9571,15.459],[-12.9569,15.4595],[-12.9566,15.4605],[-12.9561,15.463],[-12.9559,15.4646],[-12.9559,15.465],[-12.9558,15.4652],[-12.9556,15.4664],[-12.9554,15.4686],[-12.9555,15.4709],[-12.9552,15.4739],[-12.9553,15.476],[-12.9556,15.4789],[-12.9563,15.481],[-12.9563,15.4811],[-12.9563,15.4812],[-12.9564,15.4815],[-12.9565,15.4823],[-12.9567,15.4831],[-12.9574,15.4844],[-12.9583,15.4868],[-12.9585,15.4874],[-12.9588,15.4877],[-12.9588,15.4883],[-12.9592,15.4891],[-12.9591,15.4898],[-12.9591,15.4899],[-12.9591,15.4917],[-12.9592,15.4921],[-12.9591,15.4933],[-12.959,15.4939],[-12.959,15.4943],[-12.9589,15.4947],[-12.9588,15.4953],[-12.9586,15.4956],[-12.9584,15.4961],[-12.9573,15.4978],[-12.9564,15.4993],[-12.9564,15.4994],[-12.9562,15.5011],[-12.9577,15.5028],[-12.9594,15.5033],[-12.9617,15.5034],[-12.9624,15.5032],[-12.9651,15.5023],[-12.9674,15.5013],[-12.9696,15.5006],[-12.972,15.4996],[-12.9749,15.4993],[-12.9774,15.4994],[-12.9801,15.4993],[-12.9828,15.4995],[-12.986,15.4991],[-12.9876,15.4993],[-12.9889,15.4992],[-12.9917,15.499],[-12.9918,15.499],[-12.9919,15.499],[-12.9945,15.4976],[-12.9967,15.4971],[-12.9987,15.4969],[-12.9988,15.497],[-12.9987,15.496],[-13.0001,15.4951],[-13.003,15.4931],[-13.0062,15.4907],[-13.0087,15.488],[-13.0102,15.4856],[-13.0122,15.4829],[-13.0145,15.482],[-13.0168,15.4814],[-13.02,15.4811],[-13.0242,15.481],[-13.0278,15.481],[-13.0321,15.4802],[-13.0326,15.4801],[-13.0394,15.4794],[-13.0469,15.48],[-13.0501,15.4799],[-13.0549,15.4812],[-13.0596,15.4829],[-13.0663,15.4859],[-13.0695,15.4879],[-13.0738,15.4913],[-13.0811,15.4935],[-13.0831,15.4941],[-13.0833,15.4942],[-13.0894,15.4949],[-13.0934,15.4962],[-13.0961,15.4979],[-13.0988,15.5003],[-13.0993,15.5007],[-13.1008,15.5045],[-13.1002,15.5066],[-13.1002,15.5066],[-13.0994,15.5102],[-13.098,15.5146],[-13.0976,15.5198],[-13.0971,15.5232],[-13.0967,15.5242],[-13.0943,15.5301],[-13.0893,15.5381],[-13.0837,15.5456],[-13.082,15.5493],[-13.0819,15.5544],[-13.0832,15.5596],[-13.0842,15.5627],[-13.086,15.565],[-13.0877,15.5676],[-13.0894,15.5703],[-13.0902,15.5724],[-13.0888,15.574],[-13.0846,15.5756],[-13.0829,15.5769],[-13.0833,15.5804],[-13.0838,15.5832],[-13.0899,15.5856],[-13.0933,15.5867],[-13.0958,15.5869],[-13.0975,15.5882],[-13.1007,15.5905],[-13.1024,15.5923],[-13.107,15.5938],[-13.1117,15.5963],[-13.1163,15.5979],[-13.1191,15.5991],[-13.1241,15.6004],[-13.1281,15.601],[-13.1298,15.6015],[-13.1324,15.6029],[-13.1351,15.6038],[-13.142,15.6046],[-13.1442,15.6055],[-13.1463,15.6065],[-13.1494,15.6085],[-13.1522,15.6104],[-13.155,15.6122],[-13.1552,15.6126],[-13.1561,15.6132],[-13.1588,15.615],[-13.1609,15.6174],[-13.1637,15.6197],[-13.1675,15.6215],[-13.1711,15.6236],[-13.1738,15.6251],[-13.1763,15.6266],[-13.1814,15.6277],[-13.1867,15.6276],[-13.1884,15.6275],[-13.1042,15.6739],[-12.9494,15.7605],[-12.9246,15.793],[-12.8786,15.8514],[-12.7831,15.9141],[-12.7518,15.9354],[-12.7558,15.9224],[-12.7587,15.9091],[-12.7643,15.8888],[-12.7685,15.869],[-12.7708,15.8559],[-12.7706,15.8362],[-12.7718,15.831],[-12.7732,15.8216],[-12.7788,15.8134],[-12.7818,15.8044],[-12.7838,15.7984],[-12.7844,15.7915],[-12.7864,15.7855],[-12.7884,15.7815],[-12.7894,15.7745],[-12.7894,15.7655],[-12.7874,15.7595],[-12.7854,15.7575],[-12.7824,15.7545],[-12.7744,15.7435],[-12.7644,15.7365],[-12.7604,15.7325],[-12.7564,15.7275],[-12.7504,15.7215],[-12.7474,15.7165],[-12.7444,15.7105],[-12.7374,15.7055],[-12.7344,15.7005],[-12.7314,15.6955],[-12.7324,15.6875],[-12.7182,15.6857],[-12.6834,15.6835],[-12.6834,15.6805]]]},"properties":{"code":"042","name":"Maghama (Moughataa)","level":"3","parent":"sOkaC6gHjA0","parentGraph":"WPviLRHrXcD/sOkaC6gHjA0","groups":[]}},{"type":"Feature","id":"Hf0MBJoKAvK","geometry":{"type":"Polygon","coordinates":[[[-12.4104,17.3564],[-12.3463,17.2275],[-12.3557,17.2283],[-12.3617,17.2294],[-12.3678,17.2298],[-12.3765,17.2287],[-12.3792,17.227],[-12.3848,17.2231],[-12.3924,17.2206],[-12.3987,17.2183],[-12.4072,17.2153],[-12.4132,17.2108],[-12.42,17.207],[-12.4274,17.2018],[-12.4322,17.1953],[-12.4368,17.1921],[-12.4423,17.1917],[-12.4479,17.1919],[-12.4555,17.1911],[-12.4604,17.1894],[-12.4644,17.1879],[-12.4713,17.1836],[-12.4774,17.1786],[-12.4848,17.1734],[-12.4915,17.1645],[-12.4978,17.1556],[-12.5018,17.1485],[-12.5047,17.1408],[-12.5069,17.1328],[-12.5083,17.1281],[-12.5139,17.1223],[-12.5236,17.1175],[-12.5317,17.1137],[-12.5407,17.1112],[-12.5496,17.1112],[-12.5584,17.1111],[-12.5685,17.1092],[-12.5755,17.1039],[-12.5834,17.0964],[-12.5907,17.0876],[-12.5983,17.0815],[-12.6055,17.078],[-12.6202,17.0726],[-12.6324,17.0674],[-12.6427,17.059],[-12.6504,17.0536],[-12.6558,17.0504],[-12.6635,17.048],[-12.6749,17.0459],[-12.6846,17.0451],[-12.6973,17.0454],[-12.7068,17.0467],[-12.7164,17.0461],[-12.7254,17.0455],[-12.7352,17.0369],[-12.7414,17.0287],[-12.7467,17.0231],[-12.7533,17.0145],[-12.7594,17.0105],[-12.7657,17.0055],[-12.7739,16.9974],[-12.7796,16.9927],[-12.7892,16.9819],[-12.7951,16.9755],[-12.7984,16.9686],[-12.8028,16.9587],[-12.8077,16.9518],[-12.8113,16.9449],[-12.8133,16.9378],[-12.8154,16.9312],[-12.8194,16.924],[-12.9784,17.0672],[-13.2734,17.3308],[-13.4482,17.4987],[-13.7341,17.8016],[-13.453,18.0004],[-12.6694,18.5573],[-12.4794,18.2743],[-12.4975,18.0381],[-12.5155,17.8347],[-12.5454,17.4924],[-12.4104,17.3564]]]},"properties":{"code":"054","name":"Magtalahjar (Moughataa)","level":"3","parent":"IaKTA3Vi4w6","parentGraph":"WPviLRHrXcD/IaKTA3Vi4w6","groups":[]}},{"type":"Feature","id":"vyekgFAIVBP","geometry":{"type":"Polygon","coordinates":[[[-15.5008,17.6011],[-15.5014,17.3517],[-15.2609,17.4718],[-15.3148,17.3181],[-15.3148,17.318],[-15.3148,17.318],[-15.3148,17.318],[-15.3027,17.1326],[-15.3243,17.0819],[-15.3651,17.0135],[-15.3804,17.0004],[-15.3804,17.0004],[-15.3804,17.0004],[-15.4974,16.8437],[-15.8078,16.6915],[-15.8151,16.6917],[-15.822,16.6915],[-15.8298,16.6906],[-15.8354,16.6897],[-15.8449,16.6881],[-15.8519,16.6871],[-15.8592,16.6858],[-15.8661,16.6841],[-15.8725,16.6827],[-15.8795,16.6811],[-15.8876,16.6786],[-15.8971,16.6743],[-15.9046,16.6704],[-15.911,16.6672],[-15.9165,16.6646],[-15.9224,16.6586],[-15.9263,16.6558],[-15.9309,16.6532],[-15.9364,16.6493],[-15.9403,16.645],[-15.9451,16.6404],[-15.9493,16.6354],[-15.9526,16.6321],[-15.9755,16.6347],[-15.9927,16.6412],[-16.0134,16.6598],[-16.0205,16.6619],[-16.0295,16.671],[-16.036,16.6825],[-16.0483,16.6914],[-16.0582,16.6965],[-16.069,16.7095],[-16.0707,16.7152],[-16.0713,16.7173],[-16.0679,16.7281],[-16.0676,16.729],[-16.0747,16.7364],[-16.0829,16.7411],[-16.096,16.7825],[-16.0973,16.8004],[-16.0882,16.8184],[-16.0931,16.8286],[-16.1013,16.8401],[-16.1034,16.8484],[-16.0998,16.8699],[-16.1184,16.9124],[-16.1204,16.9266],[-16.1193,16.9369],[-16.1127,16.9495],[-16.1035,16.9627],[-16.0959,16.9846],[-16.076,17.0145],[-16.2682,17.0328],[-16.2641,17.0396],[-16.2614,17.0437],[-16.2573,17.0537],[-16.2542,17.0623],[-16.2514,17.0716],[-16.2485,17.0829],[-16.2449,17.0912],[-16.2405,17.102],[-16.2363,17.1139],[-16.2329,17.1254],[-16.2271,17.1348],[-16.2218,17.1458],[-16.2168,17.1555],[-16.2124,17.1673],[-16.2077,17.1793],[-16.2023,17.1869],[-16.1964,17.1967],[-16.1922,17.2056],[-16.1887,17.216],[-16.1841,17.2288],[-16.183,17.2322],[-16.1791,17.2422],[-16.1763,17.2511],[-16.1733,17.2626],[-16.1683,17.2766],[-16.1629,17.2936],[-16.0065,17.2926],[-15.8377,17.2736],[-15.8844,17.3451],[-15.8972,17.4524],[-15.8353,17.5292],[-15.7465,17.499],[-15.5008,17.6011]]]},"properties":{"code":"063","name":"Mederdra (Moughataa)","level":"3","parent":"vIMhkQoU0wE","parentGraph":"WPviLRHrXcD/vIMhkQoU0wE","groups":[]}},{"type":"Feature","id":"n8ElvbyrpOa","geometry":{"type":"Polygon","coordinates":[[[-11.5995,17.3115],[-11.5293,17.1761],[-11.5676,17.126],[-11.7521,17.1431],[-11.8844,17.0944],[-11.8924,17.0942],[-11.8942,17.0942],[-11.8999,17.094],[-11.9049,17.0903],[-11.923,17.0826],[-11.9521,17.0949],[-11.9521,17.0949],[-11.9851,17.1084],[-12.0012,17.1151],[-12.0353,17.1299],[-12.2005,17.1856],[-12.2074,17.1905],[-12.2145,17.1932],[-12.2208,17.1945],[-12.2265,17.1955],[-12.232,17.1963],[-12.2411,17.1997],[-12.2474,17.2023],[-12.2536,17.2054],[-12.26,17.2088],[-12.2643,17.212],[-12.2677,17.2153],[-12.2733,17.2191],[-12.2788,17.2226],[-12.2849,17.2255],[-12.2854,17.2259],[-12.2856,17.2263],[-12.2859,17.2264],[-12.2862,17.2266],[-12.3322,17.2279],[-12.3463,17.2275],[-12.4104,17.3564],[-12.5454,17.4924],[-12.5155,17.8347],[-12.4975,18.0381],[-12.4794,18.2743],[-12.6694,18.5573],[-12.3464,18.8969],[-12.1887,18.57],[-11.9424,18.0572],[-11.8048,18.0005],[-11.7987,17.9979],[-11.7815,17.9914],[-11.7644,17.985],[-11.7562,17.9816],[-11.7584,17.9756],[-11.7649,17.9503],[-11.7895,17.8618],[-11.8133,17.7735],[-11.7824,17.6776],[-11.7349,17.5836],[-11.6533,17.4197],[-11.5995,17.3115]]]},"properties":{"code":"091","name":"Moudjeria (Moughataa)","level":"3","parent":"vBWArtRFYYb","parentGraph":"WPviLRHrXcD/vBWArtRFYYb","groups":[]}},{"type":"Feature","id":"ruNvXyisBtH","geometry":{"type":"Polygon","coordinates":[[[-12.7694,16.4545],[-12.7724,16.4495],[-12.778,16.4491],[-12.7793,16.4486],[-12.7814,16.4435],[-12.7804,16.4415],[-12.7774,16.4385],[-12.7774,16.4355],[-12.7794,16.4285],[-12.7814,16.4255],[-12.7834,16.4205],[-12.7836,16.4199],[-12.7867,16.4145],[-12.7881,16.413],[-12.7914,16.4105],[-12.8009,16.4076],[-12.8017,16.4075],[-12.8088,16.4068],[-12.8104,16.406],[-12.8154,16.4005],[-12.8164,16.3985],[-12.8134,16.3915],[-12.8124,16.3875],[-12.8114,16.3825],[-12.8184,16.3805],[-12.8274,16.3805],[-12.8304,16.3795],[-12.8314,16.3775],[-12.8334,16.3755],[-12.8414,16.3725],[-12.8444,16.3715],[-12.8474,16.3715],[-12.8494,16.3675],[-12.8524,16.3615],[-12.8564,16.3555],[-12.8574,16.3525],[-12.8584,16.3475],[-12.8634,16.3435],[-12.8664,16.3405],[-12.8674,16.3385],[-12.8724,16.3315],[-12.875,16.3295],[-12.8764,16.3285],[-12.8841,16.3191],[-12.8854,16.3145],[-12.8854,16.3105],[-12.8864,16.3075],[-12.8947,16.2984],[-12.8954,16.2975],[-12.897,16.2959],[-12.8997,16.292],[-12.9014,16.2875],[-12.9024,16.2785],[-12.905,16.2761],[-12.9082,16.2727],[-12.9104,16.2705],[-12.9154,16.2665],[-12.9174,16.2645],[-12.9184,16.2605],[-12.9252,16.2513],[-12.9273,16.2472],[-12.9314,16.2405],[-12.9364,16.2355],[-12.9954,16.2225],[-13.0024,16.2215],[-13.0124,16.2125],[-13.0174,16.2105],[-13.0244,16.2105],[-13.0314,16.2095],[-13.0334,16.2095],[-13.0364,16.2165],[-13.0384,16.2195],[-13.0804,16.2355],[-13.1505,16.2325],[-13.2215,16.4045],[-13.1858,16.4197],[-13.1857,16.4507],[-13.1648,16.4507],[-13.1555,16.5415],[-13.1175,16.5755],[-12.9634,16.6059],[-12.9574,16.6073],[-12.9534,16.6096],[-12.9491,16.6132],[-12.9462,16.6164],[-12.9432,16.6207],[-12.9392,16.6262],[-12.9349,16.6316],[-12.9312,16.6364],[-12.9282,16.6405],[-12.9256,16.6481],[-12.9235,16.6516],[-12.9209,16.658],[-12.9189,16.6642],[-12.9153,16.6691],[-12.9128,16.6741],[-12.9103,16.6783],[-12.909,16.6833],[-12.9094,16.6876],[-12.9095,16.694],[-12.9088,16.698],[-12.9082,16.7018],[-12.9063,16.7063],[-12.9031,16.7115],[-12.8996,16.7147],[-12.8953,16.719],[-12.8918,16.723],[-12.8888,16.7284],[-12.8829,16.7354],[-12.8788,16.7405],[-12.8741,16.7455],[-12.8707,16.7502],[-12.8674,16.7544],[-12.8626,16.7598],[-12.8571,16.7647],[-12.8531,16.7707],[-12.8497,16.776],[-12.8477,16.7799],[-12.8447,16.7865],[-12.8431,16.7929],[-12.8406,16.8005],[-12.8379,16.8082],[-12.8347,16.8126],[-12.8309,16.8207],[-12.8303,16.8264],[-12.83,16.8322],[-12.8292,16.8366],[-12.8282,16.8412],[-12.8286,16.8454],[-12.8275,16.85],[-12.8264,16.8545],[-12.825,16.8539],[-12.8224,16.8532],[-12.8188,16.8497],[-12.8166,16.8457],[-12.8134,16.841],[-12.8121,16.8359],[-12.8126,16.829],[-12.8144,16.8241],[-12.8148,16.8203],[-12.8182,16.815],[-12.8224,16.8109],[-12.8238,16.8064],[-12.8226,16.8012],[-12.823,16.7979],[-12.8237,16.7929],[-12.8246,16.7875],[-12.8272,16.7822],[-12.8299,16.7773],[-12.8324,16.7731],[-12.8345,16.769],[-12.8352,16.7643],[-12.8329,16.7594],[-12.8314,16.7548],[-12.8316,16.747],[-12.8322,16.7427],[-12.8323,16.7382],[-12.8331,16.7315],[-12.8352,16.7261],[-12.8376,16.7215],[-12.8398,16.7166],[-12.8408,16.71],[-12.8414,16.7064],[-12.8419,16.7024],[-12.8422,16.6958],[-12.842,16.6898],[-12.8413,16.6851],[-12.839,16.6808],[-12.8354,16.6763],[-12.8322,16.6731],[-12.8271,16.669],[-12.8227,16.6648],[-12.8188,16.6613],[-12.8145,16.6595],[-12.809,16.659],[-12.8042,16.6584],[-12.7993,16.6573],[-12.7947,16.6559],[-12.79,16.6533],[-12.7856,16.6507],[-12.7816,16.6463],[-12.7787,16.6407],[-12.7757,16.6348],[-12.7738,16.6299],[-12.77,16.6234],[-12.7673,16.6178],[-12.7664,16.6141],[-12.7662,16.609],[-12.7633,16.6019],[-12.7606,16.595],[-12.7587,16.5908],[-12.7555,16.587],[-12.7531,16.5832],[-12.7529,16.5773],[-12.7544,16.574],[-12.7538,16.5692],[-12.7514,16.5643],[-12.7476,16.5603],[-12.7437,16.5574],[-12.7413,16.5565],[-12.7394,16.5555],[-12.7379,16.5531],[-12.7366,16.5506],[-12.7354,16.5477],[-12.7355,16.5448],[-12.7366,16.54],[-12.7393,16.5362],[-12.7417,16.5321],[-12.7433,16.5285],[-12.7445,16.5254],[-12.7465,16.5196],[-12.7479,16.5144],[-12.7496,16.5096],[-12.7517,16.507],[-12.7564,16.5015],[-12.761,16.4991],[-12.7659,16.4981],[-12.7707,16.4944],[-12.771,16.4932],[-12.7688,16.49],[-12.766,16.485],[-12.7672,16.4801],[-12.7692,16.4769],[-12.769,16.4715],[-12.7679,16.4668],[-12.766,16.4599],[-12.7684,16.4575],[-12.7694,16.4545]]]},"properties":{"code":"044","name":"Mounguel (Moughataa)","level":"3","parent":"sOkaC6gHjA0","parentGraph":"WPviLRHrXcD/sOkaC6gHjA0","groups":[]}},{"type":"Feature","id":"HN0IRIzbxCr","geometry":{"type":"Polygon","coordinates":[[[-13.6259,16.2925],[-13.6525,16.1945],[-13.688,16.1683],[-13.7074,16.1539],[-13.7209,16.144],[-13.721,16.1444],[-13.7201,16.1468],[-13.7191,16.1485],[-13.7171,16.1503],[-13.7154,16.1514],[-13.7138,16.1527],[-13.712,16.1542],[-13.7103,16.1563],[-13.7095,16.1568],[-13.7081,16.1586],[-13.7076,16.1593],[-13.707,16.16],[-13.7068,16.1606],[-13.7062,16.1616],[-13.706,16.1622],[-13.7056,16.1629],[-13.7047,16.1642],[-13.7038,16.1653],[-13.7025,16.1666],[-13.7007,16.1706],[-13.7005,16.172],[-13.7002,16.1729],[-13.7004,16.1755],[-13.7005,16.1756],[-13.7011,16.1773],[-13.7027,16.1792],[-13.7036,16.1802],[-13.7049,16.1811],[-13.7069,16.1818],[-13.7093,16.1827],[-13.7109,16.183],[-13.7129,16.1831],[-13.7151,16.1828],[-13.7179,16.1813],[-13.7224,16.1785],[-13.7276,16.1737],[-13.7315,16.1701],[-13.7357,16.1667],[-13.739,16.1624],[-13.7388,16.1625],[-13.7414,16.1595],[-13.7425,16.1582],[-13.7443,16.1574],[-13.7451,16.1572],[-13.7466,16.1569],[-13.7499,16.1533],[-13.7528,16.151],[-13.7575,16.1485],[-13.7619,16.147],[-13.766,16.1455],[-13.7694,16.1448],[-13.7716,16.1443],[-13.7759,16.1438],[-13.7793,16.1443],[-13.7822,16.1444],[-13.7854,16.1453],[-13.7856,16.1453],[-13.7878,16.1453],[-13.7897,16.1462],[-13.7918,16.1469],[-13.7939,16.147],[-13.7983,16.1462],[-13.7995,16.1458],[-13.8011,16.1454],[-13.8031,16.1441],[-13.8046,16.1432],[-13.8086,16.1417],[-13.8127,16.1401],[-13.8182,16.1375],[-13.8232,16.1344],[-13.8286,16.1308],[-13.8332,16.1259],[-13.8364,16.1214],[-13.8389,16.1179],[-13.8415,16.1148],[-13.8443,16.111],[-13.8445,16.1109],[-13.8445,16.1109],[-13.845,16.1102],[-13.8452,16.11],[-13.8459,16.1094],[-13.8459,16.1094],[-13.8461,16.1092],[-13.8467,16.1086],[-13.8472,16.1083],[-13.8472,16.1082],[-13.8485,16.1073],[-13.8494,16.1071],[-13.8507,16.1075],[-13.8516,16.1083],[-13.8517,16.1083],[-13.8523,16.1095],[-13.8535,16.1118],[-13.8538,16.1141],[-13.8548,16.1172],[-13.8549,16.1196],[-13.8552,16.1216],[-13.8553,16.1228],[-13.8551,16.1234],[-13.8557,16.1255],[-13.8566,16.1268],[-13.8595,16.1277],[-13.8627,16.1276],[-13.8631,16.1276],[-13.8645,16.1279],[-13.866,16.1285],[-13.8669,16.1294],[-13.8676,16.1309],[-13.8677,16.132],[-13.8681,16.1334],[-13.8683,16.1349],[-13.8686,16.1364],[-13.8691,16.1393],[-13.8697,16.1417],[-13.8703,16.1436],[-13.8716,16.1452],[-13.8759,16.1489],[-13.877,16.1505],[-13.8776,16.152],[-13.8784,16.1539],[-13.8787,16.1555],[-13.8787,16.1573],[-13.8787,16.1594],[-13.8788,16.1609],[-13.8785,16.1624],[-13.8785,16.1643],[-13.8777,16.1656],[-13.8771,16.1675],[-13.8762,16.1689],[-13.8751,16.1708],[-13.8742,16.1718],[-13.8741,16.1716],[-13.8727,16.1732],[-13.8707,16.1757],[-13.8693,16.1781],[-13.8688,16.1801],[-13.8687,16.1821],[-13.869,16.1855],[-13.8699,16.1877],[-13.8715,16.1897],[-13.8739,16.1915],[-13.8766,16.194],[-13.8783,16.1953],[-13.88,16.1962],[-13.8831,16.1976],[-13.8844,16.1978],[-13.8859,16.1977],[-13.8907,16.1955],[-13.8928,16.1943],[-13.8935,16.1937],[-13.8954,16.1923],[-13.8975,16.1912],[-13.8988,16.1905],[-13.9017,16.1905],[-13.9047,16.1908],[-13.9071,16.1919],[-13.9089,16.1925],[-13.912,16.1946],[-13.9142,16.1972],[-13.9153,16.199],[-13.9162,16.2017],[-13.9171,16.2044],[-13.9188,16.2092],[-13.9196,16.2122],[-13.9192,16.2128],[-13.9195,16.2167],[-13.9201,16.2169],[-13.9196,16.2201],[-13.9194,16.2222],[-13.9192,16.2233],[-13.9189,16.2241],[-13.9189,16.2258],[-13.9189,16.2259],[-13.9197,16.2269],[-13.9213,16.2286],[-13.9223,16.2288],[-13.9238,16.2288],[-13.9245,16.2286],[-13.9275,16.2273],[-13.9279,16.2271],[-13.9286,16.2268],[-13.931,16.2264],[-13.9325,16.2262],[-13.9339,16.2266],[-13.9348,16.2274],[-13.9355,16.2281],[-13.9361,16.2289],[-13.9372,16.2299],[-13.9392,16.2324],[-13.9406,16.2336],[-13.9408,16.2337],[-13.9412,16.2339],[-13.9416,16.2341],[-13.9428,16.2343],[-13.944,16.2341],[-13.9454,16.234],[-13.9489,16.2329],[-13.9516,16.2319],[-13.9551,16.2302],[-13.9575,16.2289],[-13.9599,16.2273],[-13.962,16.2259],[-13.9649,16.2242],[-13.9662,16.2237],[-13.9684,16.2229],[-13.9692,16.2226],[-13.9714,16.2218],[-13.9724,16.2216],[-13.9736,16.222],[-13.9737,16.2239],[-13.9724,16.2268],[-13.9714,16.2297],[-13.9711,16.2313],[-13.9711,16.2345],[-13.9708,16.2384],[-13.971,16.2395],[-13.9711,16.2421],[-13.9711,16.2448],[-13.9707,16.2481],[-13.9582,16.253],[-13.9556,16.254],[-13.9492,16.2564],[-13.8817,16.2886],[-13.8332,16.354],[-13.7506,16.4653],[-13.7121,16.366],[-13.6259,16.2925]]]},"properties":{"code":"055","name":"M’Bagne (Moughataa)","level":"3","parent":"IaKTA3Vi4w6","parentGraph":"WPviLRHrXcD/IaKTA3Vi4w6","groups":[]}},{"type":"Feature","id":"BwrYk52hkcM","geometry":{"type":"Polygon","coordinates":[[[-12.6338,16.4847],[-12.4316,16.4431],[-12.4324,16.436],[-12.435,16.4303],[-12.436,16.4222],[-12.4309,16.4169],[-12.4261,16.407],[-12.4205,16.4019],[-12.4181,16.392],[-12.4206,16.3833],[-12.4201,16.3758],[-12.4209,16.3688],[-12.4202,16.3616],[-12.4164,16.3519],[-12.4125,16.3389],[-12.411,16.3302],[-12.4097,16.3238],[-12.4083,16.3161],[-12.4089,16.3067],[-12.4096,16.3017],[-12.4118,16.2973],[-12.4153,16.291],[-12.4178,16.282],[-12.4168,16.2764],[-12.4171,16.2709],[-12.4169,16.2652],[-12.4174,16.2618],[-12.421,16.2601],[-12.4227,16.2587],[-12.4262,16.2582],[-12.4297,16.2568],[-12.4325,16.253],[-12.4322,16.2471],[-12.4283,16.2426],[-12.4268,16.2367],[-12.4294,16.2335],[-12.4314,16.2205],[-12.4293,16.2168],[-12.4285,16.21],[-12.4269,16.2039],[-12.4225,16.1991],[-12.4167,16.1977],[-12.4096,16.1995],[-12.405,16.2016],[-12.3994,16.2059],[-12.3933,16.2102],[-12.3848,16.2146],[-12.3786,16.2167],[-12.3742,16.2199],[-12.3687,16.2255],[-12.3612,16.2316],[-12.3548,16.2386],[-12.3474,16.2433],[-12.3416,16.2474],[-12.3338,16.2509],[-12.3259,16.2532],[-12.3173,16.2553],[-12.3116,16.2565],[-12.3031,16.2584],[-12.296,16.2591],[-12.2922,16.2575],[-12.2872,16.2535],[-12.2845,16.2499],[-12.2806,16.2456],[-12.276,16.2435],[-12.2668,16.2407],[-12.2607,16.2411],[-12.2516,16.2397],[-12.2464,16.2345],[-12.2429,16.2292],[-12.2407,16.2225],[-12.2397,16.2153],[-12.2388,16.2083],[-12.2389,16.1974],[-12.2379,16.1929],[-12.2373,16.1851],[-12.236,16.1764],[-12.2359,16.1666],[-12.2366,16.1605],[-12.2387,16.1542],[-12.2362,16.148],[-12.2319,16.1383],[-12.222,16.122],[-12.2133,16.1235],[-12.2028,16.126],[-12.1954,16.1229],[-12.1832,16.1205],[-12.1753,16.1191],[-12.1652,16.1166],[-12.161,16.1124],[-12.154,16.1094],[-12.1485,16.115],[-12.1421,16.1196],[-12.1341,16.1205],[-12.126,16.1177],[-12.1155,16.1151],[-12.109,16.1127],[-12.1023,16.1092],[-12.0933,16.1046],[-12.085,16.1009],[-12.0768,16.0932],[-12.073,16.0877],[-12.0655,16.0804],[-12.0619,16.0752],[-12.0596,16.0701],[-12.0581,16.065],[-12.0575,16.0596],[-12.0476,16.056],[-12.0358,16.0548],[-12.0242,16.0557],[-12.0168,16.0593],[-12.0114,16.0646],[-12.0037,16.0569],[-12.0019,16.0518],[-12.0018,16.0417],[-12.0028,16.0346],[-12.0044,16.0268],[-12.0073,16.0185],[-12.0112,16.0104],[-12.0158,16.0004],[-12.0146,15.9957],[-12.0095,15.9897],[-12.01,15.9836],[-12.0056,15.9743],[-12.0041,15.9653],[-12.0042,15.9609],[-12.0045,15.954],[-12.0055,15.9497],[-12.0067,15.9462],[-12.0054,15.9395],[-12.0144,15.9395],[-12.0244,15.9355],[-12.0374,15.9285],[-12.0544,15.9215],[-12.0694,15.9165],[-12.08,15.9133],[-12.0914,15.9085],[-12.1025,15.9025],[-12.1099,15.899],[-12.1164,15.896],[-12.1284,15.8925],[-12.1474,15.8845],[-12.1564,15.8875],[-12.1654,15.8895],[-12.1754,15.8915],[-12.1882,15.8985],[-12.1947,15.8949],[-12.2007,15.8906],[-12.2053,15.8868],[-12.2078,15.8845],[-12.2113,15.8842],[-12.2141,15.8837],[-12.2166,15.8837],[-12.2195,15.8846],[-12.2225,15.885],[-12.2261,15.8848],[-12.2305,15.8847],[-12.2337,15.8836],[-12.2363,15.8821],[-12.2388,15.8798],[-12.2408,15.8775],[-12.2421,15.8764],[-12.2442,15.8759],[-12.2457,15.875],[-12.2479,15.8733],[-12.2497,15.872],[-12.2528,15.8694],[-12.2559,15.8662],[-12.2588,15.8645],[-12.2654,15.8625],[-12.268,15.8548],[-12.2773,15.8264],[-12.2889,15.8084],[-12.3157,15.79],[-12.4014,15.7075],[-12.4054,15.7039],[-12.4084,15.7015],[-12.4354,15.6855],[-12.4664,15.6625],[-12.4694,15.6595],[-12.4724,15.6565],[-12.4754,15.6495],[-12.4794,15.6285],[-12.4844,15.6185],[-12.4914,15.5835],[-12.4944,15.5685],[-12.5254,15.5466],[-12.5314,15.5426],[-12.5354,15.5396],[-12.6066,15.5604],[-12.6684,15.5785],[-12.6834,15.6805],[-12.6834,15.6835],[-12.7182,15.6857],[-12.7324,15.6875],[-12.7314,15.6955],[-12.7344,15.7005],[-12.7374,15.7055],[-12.7444,15.7105],[-12.7474,15.7165],[-12.7504,15.7215],[-12.7564,15.7275],[-12.7604,15.7325],[-12.7644,15.7365],[-12.7744,15.7435],[-12.7824,15.7545],[-12.7854,15.7575],[-12.7874,15.7595],[-12.7894,15.7655],[-12.7894,15.7745],[-12.7884,15.7815],[-12.7864,15.7855],[-12.7844,15.7915],[-12.7838,15.7984],[-12.7818,15.8044],[-12.7788,15.8134],[-12.7732,15.8216],[-12.7718,15.831],[-12.7706,15.8362],[-12.7708,15.8559],[-12.7685,15.869],[-12.7643,15.8888],[-12.7587,15.9091],[-12.7558,15.9224],[-12.7518,15.9354],[-12.743,15.9494],[-12.7374,15.9615],[-12.7328,15.9703],[-12.7284,15.9815],[-12.7288,15.9813],[-12.7264,15.9945],[-12.7305,16.0019],[-12.9273,16.1677],[-12.9954,16.2225],[-12.9364,16.2355],[-12.9314,16.2405],[-12.9273,16.2472],[-12.9252,16.2513],[-12.9184,16.2605],[-12.9174,16.2645],[-12.9154,16.2665],[-12.9104,16.2705],[-12.9082,16.2727],[-12.905,16.2761],[-12.9024,16.2785],[-12.9014,16.2875],[-12.8997,16.292],[-12.897,16.2959],[-12.8954,16.2975],[-12.8947,16.2984],[-12.8864,16.3075],[-12.8854,16.3105],[-12.8854,16.3145],[-12.8841,16.3191],[-12.8764,16.3285],[-12.875,16.3295],[-12.8724,16.3315],[-12.8674,16.3385],[-12.8664,16.3405],[-12.8634,16.3435],[-12.8584,16.3475],[-12.8574,16.3525],[-12.8564,16.3555],[-12.8524,16.3615],[-12.8494,16.3675],[-12.8474,16.3715],[-12.8444,16.3715],[-12.8414,16.3725],[-12.8334,16.3755],[-12.8314,16.3775],[-12.8304,16.3795],[-12.8274,16.3805],[-12.8184,16.3805],[-12.8114,16.3825],[-12.8124,16.3875],[-12.8134,16.3915],[-12.8164,16.3985],[-12.8154,16.4005],[-12.8104,16.406],[-12.8088,16.4068],[-12.8017,16.4075],[-12.8009,16.4076],[-12.7914,16.4105],[-12.7881,16.413],[-12.7867,16.4145],[-12.7836,16.4199],[-12.7834,16.4205],[-12.7814,16.4255],[-12.7794,16.4285],[-12.7774,16.4355],[-12.7774,16.4385],[-12.7804,16.4415],[-12.7814,16.4435],[-12.7793,16.4486],[-12.778,16.4491],[-12.7724,16.4495],[-12.7694,16.4545],[-12.7684,16.4575],[-12.766,16.4599],[-12.7614,16.4605],[-12.7554,16.4615],[-12.7494,16.4635],[-12.7454,16.4635],[-12.7424,16.4645],[-12.7364,16.4625],[-12.7344,16.4605],[-12.7304,16.4585],[-12.7252,16.4563],[-12.7101,16.459],[-12.7045,16.4639],[-12.6976,16.4684],[-12.6829,16.48],[-12.675,16.4845],[-12.6663,16.491],[-12.6597,16.4901],[-12.6504,16.4886],[-12.6338,16.4847]]]},"properties":{"code":"043","name":"M’Bout (Moughataa)","level":"3","parent":"sOkaC6gHjA0","parentGraph":"WPviLRHrXcD/sOkaC6gHjA0","groups":[]}},{"type":"Feature","id":"YOu5NS7dVwo","geometry":{"type":"Polygon","coordinates":[[[-14.6371,21.1708],[-15.473,20.7397],[-15.5522,20.6988],[-15.593,20.6778],[-15.5936,20.6775],[-16.0045,20.5113],[-16.4151,20.6107],[-16.4344,20.6166],[-16.4351,20.6181],[-16.4345,20.6271],[-16.433,20.6327],[-16.4308,20.6393],[-16.429,20.6441],[-16.4298,20.6473],[-16.4321,20.6492],[-16.4346,20.6426],[-16.4377,20.6384],[-16.4415,20.6398],[-16.442,20.6323],[-16.4458,20.634],[-16.4491,20.6362],[-16.4526,20.6423],[-16.4584,20.6454],[-16.4645,20.6468],[-16.4645,20.654],[-16.4644,20.6578],[-16.4651,20.6621],[-16.4676,20.6626],[-16.4687,20.6563],[-16.4711,20.6544],[-16.4748,20.6589],[-16.4786,20.6649],[-16.4827,20.6692],[-16.4874,20.6747],[-16.4909,20.6788],[-16.4954,20.6819],[-16.4945,20.6876],[-16.4943,20.6967],[-16.4943,20.7099],[-16.4903,20.716],[-16.4877,20.7234],[-16.4915,20.7257],[-16.4979,20.7255],[-16.5033,20.7243],[-16.5094,20.7255],[-16.515,20.7269],[-16.5244,20.7292],[-16.5258,20.7336],[-16.5302,20.7393],[-16.5342,20.7321],[-16.5355,20.7214],[-16.5352,20.7123],[-16.5341,20.7043],[-16.537,20.6954],[-16.5405,20.6878],[-16.5389,20.6766],[-16.5324,20.6671],[-16.5314,20.6563],[-16.5324,20.6489],[-16.5337,20.6378],[-16.5369,20.6275],[-16.5377,20.6185],[-16.5387,20.6068],[-16.534,20.5973],[-16.532,20.5823],[-16.5313,20.5797],[-16.531,20.5771],[-16.5308,20.5753],[-16.532,20.5723],[-16.5334,20.5716],[-16.5347,20.57],[-16.5359,20.5692],[-16.5375,20.5682],[-16.5375,20.5658],[-16.5368,20.5626],[-16.5359,20.5591],[-16.5348,20.5563],[-16.5354,20.5544],[-16.5372,20.5522],[-16.5385,20.5546],[-16.5409,20.5559],[-16.5428,20.5591],[-16.5447,20.5628],[-16.5458,20.566],[-16.5465,20.568],[-16.5485,20.5695],[-16.5527,20.5703],[-16.5545,20.5694],[-16.5588,20.571],[-16.5625,20.574],[-16.5658,20.5771],[-16.5679,20.5772],[-16.5703,20.5794],[-16.5722,20.5804],[-16.5748,20.5815],[-16.5822,20.5846],[-16.5883,20.5875],[-16.5939,20.5921],[-16.5978,20.5966],[-16.6046,20.608],[-16.6129,20.6132],[-16.6202,20.6176],[-16.6245,20.6228],[-16.628,20.6273],[-16.6317,20.6317],[-16.6361,20.6386],[-16.64,20.6469],[-16.6447,20.6535],[-16.6533,20.6592],[-16.6604,20.661],[-16.6684,20.6643],[-16.6719,20.6675],[-16.6746,20.6727],[-16.6788,20.6753],[-16.6864,20.677],[-16.6884,20.6811],[-16.6893,20.6854],[-16.6882,20.6894],[-16.685,20.6907],[-16.6826,20.6952],[-16.6807,20.698],[-16.6788,20.7033],[-16.6809,20.7047],[-16.6812,20.7065],[-16.6801,20.7092],[-16.6791,20.7126],[-16.678,20.7202],[-16.6759,20.725],[-16.6757,20.7295],[-16.6753,20.7372],[-16.675,20.7426],[-16.6789,20.7471],[-16.6827,20.7483],[-16.6859,20.7461],[-16.6846,20.7435],[-16.6817,20.7419],[-16.6856,20.7414],[-16.6904,20.7436],[-16.6957,20.7442],[-16.6987,20.7471],[-16.7044,20.7504],[-16.7071,20.7545],[-16.709,20.7589],[-16.7131,20.7654],[-16.7191,20.7691],[-16.7234,20.774],[-16.7216,20.7802],[-16.7295,20.7892],[-16.7275,20.7954],[-16.7284,20.798],[-16.7319,20.8036],[-16.7312,20.8079],[-16.7331,20.8126],[-16.7384,20.8179],[-16.741,20.8235],[-16.7442,20.8271],[-16.7518,20.8303],[-16.7604,20.8339],[-16.7641,20.8411],[-16.7646,20.849],[-16.7649,20.8534],[-16.7637,20.8584],[-16.7642,20.8664],[-16.7646,20.8734],[-16.7675,20.8779],[-16.773,20.8845],[-16.778,20.8908],[-16.7792,20.8932],[-16.7801,20.898],[-16.7801,20.9059],[-16.7812,20.9133],[-16.7818,20.9205],[-16.7829,20.9293],[-16.7859,20.9359],[-16.7908,20.9371],[-16.7955,20.9342],[-16.7974,20.9311],[-16.7966,20.9271],[-16.7987,20.9267],[-16.8027,20.93],[-16.8073,20.9332],[-16.8116,20.9356],[-16.8162,20.938],[-16.8176,20.9429],[-16.8214,20.9501],[-16.8225,20.9547],[-16.8227,20.9597],[-16.8221,20.9627],[-16.8217,20.9682],[-16.8202,20.9725],[-16.8211,20.9771],[-16.8252,20.9835],[-16.8281,20.9916],[-16.8339,20.9967],[-16.8391,21.0009],[-16.8424,21.0043],[-16.844,21.0081],[-16.8453,21.0159],[-16.8466,21.0212],[-16.8511,21.0249],[-16.8564,21.0286],[-16.8596,21.0311],[-16.8665,21.0341],[-16.868,21.0378],[-16.8697,21.0408],[-16.8688,21.0442],[-16.8682,21.0472],[-16.8673,21.0531],[-16.8671,21.0605],[-16.8712,21.064],[-16.8741,21.0686],[-16.8795,21.0712],[-16.8816,21.0752],[-16.8823,21.0798],[-16.8823,21.0857],[-16.8827,21.0928],[-16.883,21.0986],[-16.8834,21.1059],[-16.8846,21.1115],[-16.8866,21.1202],[-16.8881,21.1232],[-16.8891,21.1265],[-16.8922,21.1287],[-16.8954,21.1323],[-16.8982,21.1378],[-16.9012,21.144],[-16.9074,21.1474],[-16.9114,21.1498],[-16.9153,21.153],[-16.9171,21.1585],[-16.9195,21.1608],[-16.9239,21.1624],[-16.9304,21.1595],[-16.9336,21.1567],[-16.9343,21.1506],[-16.9372,21.1463],[-16.9387,21.1411],[-16.9393,21.1368],[-16.9422,21.1335],[-16.9452,21.1306],[-16.9441,21.1267],[-16.9429,21.1229],[-16.9457,21.1206],[-16.9465,21.119],[-16.9451,21.1139],[-16.9419,21.1103],[-16.9373,21.1065],[-16.9373,21.1041],[-16.938,21.1043],[-16.9409,21.1049],[-16.9439,21.1073],[-16.9468,21.1073],[-16.9506,21.1068],[-16.9555,21.1064],[-16.9612,21.1063],[-16.9656,21.1039],[-16.9697,21.1004],[-16.971,21.0958],[-16.9721,21.0898],[-16.973,21.0844],[-16.974,21.079],[-16.9743,21.0739],[-16.9755,21.0679],[-16.9773,21.063],[-16.9812,21.0598],[-16.986,21.0555],[-16.9879,21.0502],[-16.991,21.043],[-16.9981,21.0397],[-17.0029,21.0353],[-17.0051,21.0328],[-17.0066,21.0297],[-17.0074,21.0279],[-17.0089,21.0284],[-17.0094,21.0303],[-17.0086,21.0327],[-17.0086,21.0348],[-17.0088,21.0385],[-17.0109,21.0411],[-17.0136,21.044],[-17.0169,21.0465],[-17.0201,21.0486],[-17.0242,21.0485],[-17.0281,21.0478],[-17.0308,21.0438],[-17.0317,21.0402],[-17.032,21.0367],[-17.0307,21.033],[-17.0285,21.0286],[-17.0268,21.025],[-17.0236,21.0224],[-17.0254,21.0207],[-17.0273,21.0174],[-17.0259,21.0146],[-17.0233,21.0127],[-17.0222,21.0108],[-17.0219,21.0079],[-17.0219,21.0048],[-17.0221,21.0013],[-17.0209,20.9985],[-17.0203,20.9967],[-17.0193,20.9937],[-17.0199,20.9904],[-17.0198,20.9879],[-17.0186,20.9887],[-17.0178,20.9912],[-17.0178,20.9944],[-17.0185,20.9971],[-17.0186,20.9998],[-17.0186,21.0013],[-17.0173,21.0057],[-17.0161,21.0101],[-17.0164,21.0135],[-17.0183,21.0152],[-17.0209,21.0167],[-17.0236,21.0163],[-17.0248,21.0174],[-17.0236,21.0192],[-17.0206,21.0209],[-17.0177,21.0215],[-17.0157,21.0219],[-17.0133,21.0214],[-17.0114,21.0182],[-17.0119,21.0144],[-17.013,21.0101],[-17.014,21.0053],[-17.0139,21.0013],[-17.014,20.9968],[-17.0141,20.9945],[-17.0157,20.9913],[-17.016,20.9893],[-17.017,20.9863],[-17.0173,20.9834],[-17.0163,20.9793],[-17.0151,20.976],[-17.0153,20.9715],[-17.0162,20.9679],[-17.0171,20.9646],[-17.0181,20.9612],[-17.0201,20.9583],[-17.0222,20.9555],[-17.0224,20.9532],[-17.0212,20.9509],[-17.0204,20.9484],[-17.0212,20.9441],[-17.0216,20.9396],[-17.0209,20.9367],[-17.0217,20.9319],[-17.0239,20.9288],[-17.0234,20.9254],[-17.0225,20.923],[-17.0225,20.9194],[-17.0249,20.9177],[-17.0278,20.9182],[-17.0303,20.9177],[-17.0328,20.9176],[-17.036,20.9174],[-17.0388,20.9157],[-17.0413,20.9135],[-17.0447,20.912],[-17.0486,20.9122],[-17.0477,20.9137],[-17.045,20.9157],[-17.0439,20.9175],[-17.0444,20.9188],[-17.0475,20.918],[-17.0498,20.9163],[-17.0518,20.915],[-17.0543,20.9126],[-17.0563,20.9098],[-17.0586,20.9067],[-17.0602,20.9037],[-17.0618,20.8998],[-17.0635,20.8963],[-17.0646,20.8928],[-17.0645,20.8896],[-17.0639,20.8876],[-17.0629,20.886],[-17.0632,20.8822],[-17.062,20.8785],[-17.0593,20.8758],[-17.0567,20.8734],[-17.0518,20.8711],[-17.0477,20.8695],[-17.0438,20.8672],[-17.0383,20.865],[-17.036,20.8631],[-17.034,20.8603],[-17.0339,20.8591],[-17.0351,20.8562],[-17.0368,20.8549],[-17.0384,20.8526],[-17.0379,20.8506],[-17.0387,20.8459],[-17.0395,20.8423],[-17.0398,20.8391],[-17.0401,20.836],[-17.0414,20.8325],[-17.0422,20.8297],[-17.0428,20.8254],[-17.0431,20.8223],[-17.0442,20.8178],[-17.0453,20.8143],[-17.0476,20.8088],[-17.0486,20.8036],[-17.0497,20.8015],[-17.0492,20.7981],[-17.0489,20.7943],[-17.0492,20.79],[-17.0492,20.787],[-17.049,20.7824],[-17.0486,20.7784],[-17.0484,20.7724],[-17.0725,20.835],[-17.0713,20.849],[-17.071,20.8688],[-17.073,20.8813],[-17.0739,20.9017],[-17.0683,20.9218],[-17.0608,20.943],[-17.0544,20.9627],[-17.0491,20.9802],[-17.0454,21.0011],[-17.0454,21.0014],[-17.0422,21.0436],[-17.0279,21.0714],[-17.0149,21.1014],[-17.0072,21.121],[-16.9979,21.1469],[-16.9953,21.1682],[-16.9478,21.3342],[-15.5584,21.3357],[-14.6895,21.3357],[-14.6371,21.1708]]]},"properties":{"code":"081","name":"Nouadhibou (Moughataa)","level":"3","parent":"qFfoNFjq4t3","parentGraph":"WPviLRHrXcD/qFfoNFjq4t3","groups":[]}},{"type":"Feature","id":"dJjdhrHHuR7","geometry":{"type":"Polygon","coordinates":[[[-15.8444,18.0459],[-15.8446,18.0312],[-15.8446,18.0306],[-15.8446,18.0258],[-15.8447,18.0258],[-15.8446,18.0312],[-15.872,18.0309],[-15.8744,18.0309],[-15.8748,18.0309],[-15.8768,18.0308],[-15.8894,18.0306],[-15.8917,18.0303],[-15.9057,18.0284],[-15.9103,18.0287],[-15.9228,18.0296],[-15.9239,18.0301],[-15.9273,18.0315],[-15.9338,18.0347],[-15.9369,18.03],[-15.9401,18.025],[-15.9474,18.0293],[-15.9502,18.0244],[-15.9544,18.0263],[-15.9572,18.0279],[-15.9561,18.03],[-15.9602,18.0301],[-15.9602,18.0301],[-15.956,18.03],[-15.9542,18.0334],[-15.9502,18.0403],[-15.9501,18.0409],[-15.9466,18.0471],[-15.9463,18.0477],[-15.9453,18.0495],[-15.9448,18.0505],[-15.9392,18.0609],[-15.9387,18.0622],[-15.9385,18.0623],[-15.9378,18.0647],[-15.9373,18.0662],[-15.9371,18.0668],[-15.9368,18.0677],[-15.9366,18.0683],[-15.9362,18.0698],[-15.936,18.0704],[-15.9358,18.071],[-15.9358,18.071],[-15.9358,18.071],[-15.9652,18.0791],[-15.961,18.088],[-15.9604,18.0884],[-15.9535,18.0983],[-15.9529,18.099],[-15.9471,18.106],[-15.945,18.1086],[-15.9416,18.1131],[-15.948,18.1177],[-15.9472,18.1186],[-15.952,18.1227],[-15.9519,18.1234],[-15.9472,18.1761],[-15.9453,18.1972],[-15.9373,18.2872],[-15.9222,18.4559],[-15.8737,18.4568],[-15.8882,18.4133],[-15.8924,18.176],[-15.8924,18.176],[-15.8925,18.1722],[-15.8925,18.1719],[-15.8891,18.1685],[-15.8773,18.1569],[-15.8688,18.1485],[-15.8621,18.1381],[-15.8286,18.0866],[-15.826,18.0826],[-15.8442,18.0587],[-15.8443,18.0522],[-15.8444,18.0459]]]},"properties":{"code":"13","name":"Nouakchott  Nord","level":"2","parent":"WPviLRHrXcD","parentGraph":"WPviLRHrXcD","groups":[]}},{"type":"Feature","id":"hyPjisSm8Z5","geometry":{"type":"Polygon","coordinates":[[[-15.9366,18.0683],[-15.9368,18.0677],[-15.9371,18.0668],[-15.9373,18.0662],[-15.9378,18.0647],[-15.9385,18.0623],[-15.9387,18.0622],[-15.9392,18.0609],[-15.9448,18.0505],[-15.9453,18.0495],[-15.9463,18.0477],[-15.9466,18.0471],[-15.9501,18.0409],[-15.9502,18.0403],[-15.9542,18.0334],[-15.956,18.03],[-15.9602,18.0301],[-15.9602,18.0301],[-15.9561,18.03],[-15.9572,18.0279],[-15.9544,18.0263],[-15.9502,18.0244],[-15.9474,18.0293],[-15.9401,18.025],[-15.9369,18.03],[-15.9338,18.0347],[-15.9273,18.0315],[-15.9239,18.0301],[-15.9228,18.0296],[-15.9103,18.0287],[-15.9057,18.0284],[-15.8917,18.0303],[-15.8894,18.0306],[-15.8768,18.0308],[-15.8748,18.0309],[-15.8744,18.0309],[-15.872,18.0309],[-15.8446,18.0312],[-15.8447,18.0258],[-15.8446,18.0258],[-15.8462,17.903],[-15.8462,17.903],[-15.9495,17.9048],[-15.9602,17.905],[-15.9602,17.905],[-15.991,17.9056],[-15.9904,17.8225],[-16.0356,17.8223],[-16.0352,17.8248],[-16.0388,17.8389],[-16.039,17.8397],[-16.0387,17.8421],[-16.0371,17.8547],[-16.036,17.865],[-16.0362,17.8755],[-16.0362,17.8861],[-16.0366,17.8875],[-16.0415,17.9094],[-16.0336,17.9449],[-16.0295,17.9634],[-16.0322,18.0522],[-16.0323,18.0534],[-16.0113,18.058],[-15.9913,18.0702],[-15.9851,18.0741],[-15.9832,18.0755],[-15.9827,18.076],[-15.9823,18.0771],[-15.9821,18.0784],[-15.9771,18.0777],[-15.977,18.0777],[-15.9746,18.0773],[-15.9752,18.074],[-15.9755,18.0724],[-15.9755,18.0717],[-15.9755,18.0709],[-15.9748,18.0702],[-15.9741,18.0698],[-15.97,18.0683],[-15.9652,18.0791],[-15.9358,18.071],[-15.9358,18.071],[-15.9358,18.071],[-15.936,18.0704],[-15.9362,18.0698],[-15.9366,18.0683]]]},"properties":{"code":"14","name":"Nouakchott Ouest","level":"2","parent":"WPviLRHrXcD","parentGraph":"WPviLRHrXcD","groups":[]}},{"type":"Feature","id":"S3N5qYBbks9","geometry":{"type":"Polygon","coordinates":[[[-15.9652,18.0791],[-15.97,18.0683],[-15.9741,18.0698],[-15.9748,18.0702],[-15.9755,18.0709],[-15.9755,18.0717],[-15.9755,18.0724],[-15.9752,18.074],[-15.9746,18.0773],[-15.977,18.0777],[-15.9771,18.0777],[-15.9821,18.0784],[-15.9823,18.0771],[-15.9827,18.076],[-15.9832,18.0755],[-15.9851,18.0741],[-15.9913,18.0702],[-16.0113,18.058],[-16.0323,18.0534],[-16.0327,18.0661],[-16.0337,18.0978],[-16.0337,18.0984],[-16.0355,18.1613],[-16.042,18.1824],[-16.0475,18.2003],[-16.0396,18.2455],[-16.0403,18.2544],[-16.0397,18.2611],[-16.0394,18.2647],[-16.0397,18.2735],[-16.0494,18.3044],[-16.0507,18.3157],[-16.053,18.3366],[-16.0567,18.3462],[-16.0635,18.3633],[-16.0565,18.4223],[-16.0567,18.4274],[-16.0572,18.4488],[-16.0583,18.4532],[-15.9234,18.4558],[-15.9222,18.4559],[-15.9373,18.2872],[-15.9453,18.1972],[-15.9472,18.1761],[-15.9519,18.1234],[-15.952,18.1227],[-15.9472,18.1186],[-15.948,18.1177],[-15.9416,18.1131],[-15.945,18.1086],[-15.9471,18.106],[-15.9529,18.099],[-15.9535,18.0983],[-15.9604,18.0884],[-15.961,18.088],[-15.9652,18.0791]]]},"properties":{"code":"15","name":"Nouakchott Sud","level":"2","parent":"WPviLRHrXcD","parentGraph":"WPviLRHrXcD","groups":[]}},{"type":"Feature","id":"hwCkfkbZbKz","geometry":{"type":"Polygon","coordinates":[[[-7.1111,16.8672],[-6.9619,16.7077],[-6.8774,16.7171],[-6.89,16.67],[-6.7841,16.6551],[-6.8039,16.5188],[-6.8045,16.0443],[-6.8692,16.049],[-7.1254,16.0977],[-7.1499,16.1009],[-7.182,16.1505],[-7.2828,16.1005],[-7.2659,16.093],[-7.38,16.0321],[-7.8297,15.7919],[-7.8099,15.8482],[-7.8416,16.166],[-7.857,16.3208],[-7.865,16.4],[-7.8254,16.558],[-7.9348,16.6005],[-7.9274,16.6373],[-7.7567,16.6809],[-7.6653,16.7042],[-7.4402,16.789],[-7.3523,16.7897],[-7.2935,16.8412],[-7.2873,16.8466],[-7.2516,17.0237],[-7.168,16.928],[-7.1111,16.8672]]]},"properties":{"code":"014","name":"Néma (Moughataa)","level":"3","parent":"h7D2Q040y1I","parentGraph":"WPviLRHrXcD/h7D2Q040y1I","groups":[]}},{"type":"Feature","id":"fAdnQAsBDXE","geometry":{"type":"Polygon","coordinates":[[[-15.0045,17.9584],[-15.1435,17.8598],[-15.2352,17.7519],[-15.2677,17.5754],[-15.2609,17.4718],[-15.5014,17.3517],[-15.5008,17.6011],[-15.7465,17.499],[-15.8353,17.5292],[-15.8972,17.4524],[-15.8844,17.3451],[-15.8377,17.2736],[-16.0065,17.2926],[-16.1629,17.2936],[-16.1595,17.3053],[-16.1567,17.3131],[-16.152,17.3254],[-16.1479,17.3352],[-16.1432,17.3457],[-16.1375,17.3596],[-16.1327,17.3716],[-16.1295,17.3829],[-16.1261,17.3936],[-16.1212,17.4057],[-16.1141,17.4219],[-16.1104,17.4376],[-16.1063,17.4501],[-16.1014,17.4624],[-16.1016,17.4715],[-16.0967,17.4844],[-16.0929,17.4949],[-16.0888,17.5118],[-16.0852,17.5228],[-16.0808,17.5359],[-16.0767,17.5498],[-16.0743,17.5618],[-16.0715,17.5721],[-16.0687,17.5827],[-16.0665,17.5954],[-16.0647,17.6046],[-16.0605,17.6178],[-16.0555,17.6334],[-16.0555,17.6448],[-16.0508,17.6614],[-16.0479,17.6767],[-16.0451,17.6881],[-16.0429,17.7007],[-16.0403,17.7166],[-16.0378,17.7366],[-16.0394,17.7651],[-16.0386,17.7752],[-16.0381,17.7885],[-16.0379,17.8013],[-16.0373,17.8119],[-16.0356,17.8223],[-15.9904,17.8225],[-15.991,17.9056],[-15.9602,17.905],[-15.9602,17.905],[-15.9495,17.9048],[-15.8462,17.903],[-15.8462,17.903],[-15.8446,18.0258],[-15.8446,18.0306],[-15.8446,18.0312],[-15.8444,18.0459],[-15.8443,18.0522],[-15.8442,18.0587],[-15.826,18.0826],[-15.8286,18.0866],[-15.8621,18.1381],[-15.8688,18.1485],[-15.8769,18.1565],[-15.8773,18.1569],[-15.8891,18.1685],[-15.8925,18.1719],[-15.8925,18.1722],[-15.8924,18.176],[-15.8924,18.176],[-15.8882,18.4133],[-15.8737,18.4568],[-15.6133,18.6932],[-15.4136,19.0001],[-15.2202,19.0003],[-14.2625,19.0013],[-15.0142,18.0949],[-15.029,18.0326],[-15.0179,18.0007],[-15.0045,17.9584]]]},"properties":{"code":"064","name":"Ouad Naga (Moughataa)","level":"3","parent":"vIMhkQoU0wE","parentGraph":"WPviLRHrXcD/vIMhkQoU0wE","groups":[]}},{"type":"Feature","id":"B6aW35xqrM3","geometry":{"type":"Polygon","coordinates":[[[-7.466,20.6921],[-11.7532,20.4951],[-11.9861,20.7315],[-11.7909,20.9061],[-12.4621,21.1207],[-12.4597,21.1578],[-12.4588,21.1721],[-12.4584,21.1838],[-12.4588,21.1994],[-12.4565,21.2087],[-12.4556,21.2212],[-12.4543,21.2269],[-12.4496,21.2374],[-12.4449,21.2527],[-12.4394,21.2646],[-12.4275,21.2727],[-12.4189,21.282],[-12.4079,21.291],[-12.4053,21.3038],[-12.4039,21.314],[-12.4027,21.3286],[-12.3962,21.3382],[-12.3891,21.3446],[-12.3829,21.3537],[-11.6211,21.5145],[-10.7622,21.5812],[-6.4934,24.3306],[-6.3638,23.186],[-6.3658,23.1815],[-7.466,20.6921]]]},"properties":{"code":"074","name":"Ouadane (Moughataa)","level":"3","parent":"A4OOjOp6OZM","parentGraph":"WPviLRHrXcD/A4OOjOp6OZM","groups":[]}},{"type":"Feature","id":"JnVRT9q61Gr","geometry":{"type":"Polygon","coordinates":[[[-5.9902,20.0267],[-6.8262,16.9078],[-6.8774,16.7171],[-6.9619,16.7077],[-7.1111,16.8672],[-7.168,16.928],[-7.2516,17.0237],[-7.2873,16.8466],[-7.2935,16.8412],[-7.3523,16.7897],[-7.4402,16.789],[-7.6653,16.7042],[-7.7567,16.6809],[-7.9274,16.6373],[-8.2893,17.0234],[-8.5983,17.3514],[-9.1176,17.2773],[-8.4944,18.3608],[-7.8799,19.7533],[-7.466,20.6921],[-6.3658,23.1815],[-6.3638,23.186],[-6.0812,20.8245],[-6.0408,20.4895],[-6.024,20.3512],[-6.0008,20.1237],[-5.9902,20.0267]]]},"properties":{"code":"015","name":"Oualata (Moughataa)","level":"3","parent":"h7D2Q040y1I","parentGraph":"WPviLRHrXcD/h7D2Q040y1I","groups":[]}},{"type":"Feature","id":"ABgCRapgsz4","geometry":{"type":"Polygon","coordinates":[[[-11.7703,16.0554],[-11.7614,16.0475],[-11.7584,16.0505],[-11.7554,16.0505],[-11.7494,16.0475],[-11.7374,16.0445],[-11.7324,16.0375],[-11.7264,16.0325],[-11.7124,16.0305],[-11.6994,16.0335],[-11.6949,16.0228],[-11.6804,16.0195],[-11.6744,16.0125],[-11.6674,16.0023],[-11.585,15.966],[-11.635,15.9025],[-11.5714,15.8585],[-11.5804,15.8515],[-11.5887,15.8365],[-11.5964,15.8225],[-11.6004,15.8125],[-11.6004,15.7925],[-11.6094,15.7805],[-11.6134,15.7675],[-11.6204,15.7545],[-11.628,15.7495],[-11.6354,15.7445],[-11.6424,15.7385],[-11.6494,15.7295],[-11.6534,15.7245],[-11.6564,15.7185],[-11.6614,15.7065],[-11.6624,15.6985],[-11.6624,15.6855],[-11.6614,15.6795],[-11.6664,15.6655],[-11.6674,15.6555],[-11.6671,15.6471],[-11.6674,15.6385],[-11.6674,15.6315],[-11.6714,15.6205],[-11.6744,15.6125],[-11.6794,15.5995],[-11.6858,15.5917],[-11.6736,15.5798],[-11.6704,15.5754],[-11.6661,15.5691],[-11.6627,15.5635],[-11.6605,15.5565],[-11.6588,15.5488],[-11.658,15.5422],[-11.6593,15.5344],[-11.6617,15.5263],[-11.6722,15.5298],[-11.6757,15.53],[-11.682,15.5301],[-11.6869,15.53],[-11.6904,15.5298],[-11.6978,15.5288],[-11.7008,15.5298],[-11.7012,15.5256],[-11.7009,15.5215],[-11.7009,15.5163],[-11.6991,15.5105],[-11.6997,15.5051],[-11.7007,15.4999],[-11.7023,15.4952],[-11.7091,15.4912],[-11.7172,15.489],[-11.7224,15.4772],[-11.7282,15.4737],[-11.7326,15.4691],[-11.7373,15.4629],[-11.741,15.455],[-11.7419,15.4475],[-11.7429,15.4397],[-11.7412,15.4344],[-11.7397,15.4293],[-11.7383,15.4244],[-11.7375,15.4191],[-11.738,15.412],[-11.7391,15.4083],[-11.7413,15.4037],[-11.7422,15.3979],[-11.7437,15.3936],[-11.7466,15.3844],[-11.7493,15.3775],[-11.7508,15.3735],[-11.7529,15.3707],[-11.7538,15.3657],[-11.7537,15.3609],[-11.7547,15.3596],[-11.7552,15.3526],[-11.7574,15.3475],[-11.7598,15.3422],[-11.762,15.3366],[-11.7668,15.33],[-11.7724,15.3224],[-11.7758,15.3171],[-11.78,15.3111],[-11.7812,15.3042],[-11.7813,15.2969],[-11.7859,15.2927],[-11.7889,15.2909],[-11.7922,15.2893],[-11.7966,15.2868],[-11.7975,15.2818],[-11.7979,15.2766],[-11.7996,15.272],[-11.8003,15.2674],[-11.8,15.2644],[-11.798,15.2573],[-11.7971,15.2512],[-11.7965,15.2467],[-11.7964,15.2422],[-11.7968,15.239],[-11.7979,15.235],[-11.7986,15.2308],[-11.799,15.2259],[-11.8002,15.2227],[-11.802,15.2161],[-11.8022,15.2132],[-11.8028,15.2089],[-11.8059,15.2055],[-11.8077,15.2032],[-11.8121,15.2003],[-11.8143,15.1981],[-11.818,15.1954],[-11.8218,15.1926],[-11.9024,15.3046],[-11.9515,15.3421],[-11.9994,15.3796],[-12.0094,15.3906],[-12.0654,15.4206],[-12.0554,15.4636],[-12.0758,15.4986],[-12.0964,15.5336],[-12.1254,15.5735],[-12.1314,15.6028],[-12.1336,15.6277],[-12.1411,15.6425],[-12.1449,15.6599],[-12.1572,15.6876],[-12.1634,15.7105],[-12.1664,15.7345],[-12.1724,15.7395],[-12.2051,15.7791],[-12.2074,15.7885],[-12.2134,15.8005],[-12.268,15.8548],[-12.2654,15.8625],[-12.2588,15.8645],[-12.2559,15.8662],[-12.2528,15.8694],[-12.2497,15.872],[-12.2479,15.8733],[-12.2457,15.875],[-12.2442,15.8759],[-12.2421,15.8764],[-12.2408,15.8775],[-12.2388,15.8798],[-12.2363,15.8821],[-12.2337,15.8836],[-12.2305,15.8847],[-12.2261,15.8848],[-12.2225,15.885],[-12.2195,15.8846],[-12.2166,15.8837],[-12.2141,15.8837],[-12.2113,15.8842],[-12.2078,15.8845],[-12.2053,15.8868],[-12.2007,15.8906],[-12.1947,15.8949],[-12.1882,15.8985],[-12.1754,15.8915],[-12.1654,15.8895],[-12.1564,15.8875],[-12.1474,15.8845],[-12.1284,15.8925],[-12.1164,15.896],[-12.1099,15.899],[-12.1025,15.9025],[-12.0914,15.9085],[-12.08,15.9133],[-12.0694,15.9165],[-12.0544,15.9215],[-12.0374,15.9285],[-12.0244,15.9355],[-12.0144,15.9395],[-12.0054,15.9395],[-12.0004,15.9391],[-11.9854,15.9375],[-11.9764,15.9375],[-11.9704,15.9345],[-11.9654,15.9285],[-11.9584,15.9215],[-11.9554,15.9155],[-11.9544,15.9115],[-11.9524,15.9065],[-11.9484,15.9015],[-11.9444,15.9005],[-11.9394,15.9025],[-11.9284,15.9065],[-11.9194,15.9085],[-11.9104,15.9095],[-11.9034,15.9115],[-11.8924,15.9145],[-11.8854,15.9155],[-11.8794,15.9165],[-11.8734,15.9145],[-11.8684,15.9135],[-11.8604,15.9105],[-11.8514,15.9085],[-11.8434,15.9085],[-11.8354,15.9075],[-11.8304,15.9075],[-11.8304,15.9175],[-11.8344,15.9215],[-11.8374,15.9255],[-11.8384,15.9305],[-11.8384,15.9375],[-11.8354,15.9425],[-11.8284,15.9455],[-11.8184,15.9475],[-11.8179,15.9465],[-11.8134,15.9465],[-11.8074,15.9495],[-11.8074,15.9545],[-11.8024,15.9605],[-11.7974,15.9605],[-11.7944,15.9675],[-11.7964,15.9735],[-11.7974,15.9805],[-11.7984,15.9845],[-11.7995,15.9864],[-11.8014,15.9885],[-11.8084,15.9935],[-11.8154,16.0035],[-11.8184,16.0085],[-11.8164,16.0145],[-11.8154,16.0205],[-11.8137,16.0241],[-11.8134,16.0295],[-11.8184,16.0365],[-11.8184,16.0435],[-11.8047,16.0409],[-11.8038,16.0361],[-11.801,16.0324],[-11.7972,16.0313],[-11.7854,16.0285],[-11.7821,16.0419],[-11.781,16.046],[-11.7787,16.0498],[-11.7761,16.0533],[-11.7703,16.0554]]]},"properties":{"code":"101","name":"Ould Yenge (Moughataa)","level":"3","parent":"RMWcX7zmOX0","parentGraph":"WPviLRHrXcD/RMWcX7zmOX0","groups":[]}},{"type":"Feature","id":"vBWArtRFYYb","geometry":{"type":"Polygon","coordinates":[[[-7.8799,19.7533],[-8.4944,18.3608],[-9.1176,17.2773],[-9.5011,17.4566],[-9.724,17.5584],[-10.3392,17.5196],[-11.001,17.7004],[-11.0839,17.7236],[-11.0761,17.7604],[-11.0076,18.1298],[-10.9707,18.3115],[-10.9761,18.3104],[-10.9806,18.3066],[-10.9845,18.3028],[-10.9924,18.2981],[-10.9972,18.2956],[-11.0046,18.2916],[-11.009,18.288],[-11.0138,18.2857],[-11.0188,18.2857],[-11.0241,18.2885],[-11.0263,18.2935],[-11.0306,18.2977],[-11.0338,18.2997],[-11.0415,18.3004],[-11.0466,18.2979],[-11.0532,18.2947],[-11.059,18.2922],[-11.0672,18.2879],[-11.0723,18.2857],[-11.0789,18.2831],[-11.0857,18.2801],[-11.0912,18.2791],[-11.0995,18.2734],[-11.1024,18.2683],[-11.1041,18.2645],[-11.1062,18.2607],[-11.1106,18.2541],[-11.1157,18.2538],[-11.1236,18.2535],[-11.131,18.2513],[-11.1371,18.2477],[-11.1448,18.2397],[-11.1491,18.2352],[-11.1536,18.2309],[-11.158,18.2193],[-11.1618,18.2125],[-11.1668,18.2081],[-11.1721,18.2016],[-11.1751,18.1943],[-11.1792,18.1882],[-11.186,18.1816],[-11.1903,18.1765],[-11.1988,18.1669],[-11.2048,18.1606],[-11.2071,18.157],[-11.2063,18.1526],[-11.2047,18.1501],[-11.2009,18.15],[-11.1932,18.1538],[-11.1848,18.1572],[-11.1797,18.1604],[-11.1742,18.1633],[-11.1687,18.1596],[-11.1717,18.1527],[-11.1753,18.1495],[-11.1806,18.1451],[-11.1867,18.139],[-11.1906,18.1353],[-11.197,18.1322],[-11.2012,18.1282],[-11.2035,18.1262],[-11.2063,18.1239],[-11.2052,18.1172],[-11.2024,18.1113],[-11.2006,18.1065],[-11.1985,18.1013],[-11.1982,18.0978],[-11.1988,18.0936],[-11.2008,18.0913],[-11.2037,18.0889],[-11.207,18.0893],[-11.2078,18.0945],[-11.2124,18.0995],[-11.2168,18.1007],[-11.2232,18.1011],[-11.2286,18.1001],[-11.2356,18.0995],[-11.2404,18.0985],[-11.2458,18.0986],[-11.2498,18.1016],[-11.2546,18.1038],[-11.2591,18.104],[-11.2658,18.1021],[-11.2738,18.097],[-11.2784,18.0934],[-11.2846,18.0873],[-11.2876,18.0836],[-11.2925,18.0799],[-11.2955,18.0782],[-11.3008,18.0771],[-11.3054,18.076],[-11.3123,18.0739],[-11.3163,18.071],[-11.3216,18.0671],[-11.326,18.0639],[-11.3291,18.0622],[-11.3328,18.0601],[-11.3384,18.0555],[-11.341,18.054],[-11.3466,18.0572],[-11.3461,18.0613],[-11.3447,18.0672],[-11.3459,18.0719],[-11.3473,18.0751],[-11.3522,18.0764],[-11.3543,18.0764],[-11.3597,18.0771],[-11.363,18.0769],[-11.3685,18.0767],[-11.3758,18.0748],[-11.3823,18.0705],[-11.3843,18.0688],[-11.3872,18.0714],[-11.3888,18.0737],[-11.3911,18.0749],[-11.3949,18.0779],[-11.3982,18.0807],[-11.4039,18.0857],[-11.4082,18.0882],[-11.4123,18.0899],[-11.4177,18.0885],[-11.4273,18.0861],[-11.432,18.085],[-11.4375,18.083],[-11.4455,18.0799],[-11.4509,18.0778],[-11.4555,18.077],[-11.4581,18.077],[-11.4612,18.077],[-11.4645,18.0773],[-11.4692,18.079],[-11.47,18.0812],[-11.4718,18.0839],[-11.4768,18.0828],[-11.4806,18.0806],[-11.4887,18.0779],[-11.4898,18.0729],[-11.4899,18.0691],[-11.4938,18.0647],[-11.4971,18.06],[-11.4994,18.0545],[-11.4997,18.0512],[-11.4985,18.0461],[-11.4968,18.0403],[-11.4953,18.0372],[-11.4952,18.0332],[-11.4964,18.0301],[-11.501,18.0323],[-11.5047,18.0354],[-11.5096,18.0434],[-11.5097,18.0478],[-11.5153,18.0451],[-11.5198,18.0419],[-11.5232,18.0386],[-11.5303,18.0369],[-11.5371,18.0416],[-11.5405,18.0414],[-11.5448,18.0423],[-11.5485,18.0428],[-11.5513,18.044],[-11.5534,18.0465],[-11.5554,18.048],[-11.558,18.0485],[-11.5576,18.0437],[-11.557,18.0394],[-11.5562,18.0319],[-11.5552,18.0285],[-11.5563,18.0243],[-11.5574,18.0202],[-11.5585,18.0158],[-11.5572,18.0112],[-11.5549,18.0072],[-11.55,18.0026],[-11.5467,18.0026],[-11.5459,18.0008],[-11.5549,17.9954],[-11.5589,17.9953],[-11.5648,17.9936],[-11.5683,17.9932],[-11.5734,17.9905],[-11.5797,17.9849],[-11.5831,17.9777],[-11.5839,17.974],[-11.5864,17.9678],[-11.5887,17.9639],[-11.5908,17.961],[-11.5948,17.9559],[-11.5968,17.9519],[-11.5981,17.9475],[-11.5955,17.9427],[-11.5907,17.9404],[-11.5847,17.9402],[-11.5782,17.9411],[-11.5743,17.9412],[-11.5694,17.9396],[-11.5692,17.9392],[-11.5677,17.9357],[-11.5662,17.9301],[-11.5652,17.926],[-11.5644,17.9229],[-11.5643,17.9183],[-11.5638,17.9149],[-11.5597,17.9085],[-11.5556,17.9028],[-11.5535,17.8984],[-11.5513,17.8959],[-11.549,17.8932],[-11.5469,17.8911],[-11.5443,17.8888],[-11.5409,17.8854],[-11.5388,17.8827],[-11.5344,17.8794],[-11.5318,17.8768],[-11.5274,17.8732],[-11.52,17.8721],[-11.5138,17.8692],[-11.511,17.866],[-11.5092,17.8643],[-11.5029,17.8628],[-11.4988,17.8604],[-11.4953,17.8582],[-11.4888,17.8548],[-11.4847,17.8505],[-11.4868,17.8414],[-11.4874,17.8393],[-11.4872,17.8384],[-11.4866,17.836],[-11.4892,17.8274],[-11.4917,17.8236],[-11.4935,17.8208],[-11.4948,17.8189],[-11.4961,17.8178],[-11.4981,17.8165],[-11.4995,17.816],[-11.4995,17.816],[-11.5019,17.8164],[-11.5032,17.8169],[-11.5047,17.8171],[-11.5061,17.8175],[-11.5076,17.8177],[-11.5101,17.8176],[-11.5114,17.8181],[-11.5136,17.8198],[-11.5155,17.821],[-11.5169,17.8224],[-11.518,17.8235],[-11.5195,17.8245],[-11.5212,17.8251],[-11.5221,17.8253],[-11.5233,17.8256],[-11.5248,17.8257],[-11.5262,17.8256],[-11.5283,17.8242],[-11.5294,17.823],[-11.53,17.8219],[-11.5303,17.8202],[-11.53,17.8186],[-11.5295,17.8176],[-11.5288,17.8166],[-11.5265,17.8136],[-11.5264,17.8127],[-11.5263,17.8118],[-11.5264,17.8106],[-11.526,17.8095],[-11.5256,17.808],[-11.5251,17.8063],[-11.5245,17.8052],[-11.5237,17.8037],[-11.5232,17.8025],[-11.5223,17.8013],[-11.5218,17.7999],[-11.5207,17.7983],[-11.5202,17.797],[-11.5174,17.794],[-11.5168,17.7932],[-11.5161,17.7921],[-11.5156,17.791],[-11.5152,17.7901],[-11.5149,17.7893],[-11.5143,17.7887],[-11.5127,17.7875],[-11.5117,17.7867],[-11.5106,17.7861],[-11.5079,17.7846],[-11.5065,17.7838],[-11.5052,17.7829],[-11.504,17.782],[-11.5029,17.7808],[-11.5018,17.78],[-11.5005,17.7792],[-11.5001,17.779],[-11.5001,17.779],[-11.4984,17.778],[-11.4978,17.7771],[-11.4966,17.7752],[-11.4955,17.7738],[-11.4948,17.7728],[-11.4943,17.7718],[-11.4937,17.7702],[-11.4922,17.7683],[-11.4921,17.7682],[-11.4921,17.7682],[-11.4908,17.7672],[-11.4904,17.7665],[-11.4919,17.7661],[-11.4924,17.7653],[-11.4922,17.7638],[-11.4915,17.7624],[-11.4914,17.7611],[-11.4915,17.7603],[-11.4923,17.7589],[-11.4926,17.7577],[-11.4913,17.7575],[-11.4895,17.7576],[-11.4886,17.758],[-11.4875,17.7589],[-11.4862,17.7582],[-11.4836,17.7553],[-11.4831,17.7548],[-11.4826,17.7543],[-11.4815,17.7531],[-11.4809,17.7521],[-11.4812,17.7513],[-11.4824,17.7501],[-11.4832,17.7488],[-11.4848,17.7474],[-11.4863,17.7466],[-11.4879,17.7456],[-11.4887,17.7446],[-11.4881,17.7436],[-11.4866,17.7433],[-11.4854,17.7431],[-11.4842,17.7432],[-11.482,17.7435],[-11.4798,17.7438],[-11.4781,17.7439],[-11.4768,17.7435],[-11.4757,17.7431],[-11.4738,17.7416],[-11.4732,17.7407],[-11.4689,17.7358],[-11.4676,17.7344],[-11.4667,17.7333],[-11.4662,17.7323],[-11.466,17.7311],[-11.4655,17.7295],[-11.4651,17.7289],[-11.463,17.728],[-11.4616,17.7274],[-11.4605,17.7265],[-11.4595,17.7256],[-11.4585,17.7246],[-11.4578,17.7237],[-11.4569,17.7228],[-11.4558,17.7215],[-11.4546,17.7196],[-11.4535,17.7183],[-11.453,17.7175],[-11.4523,17.7163],[-11.452,17.7148],[-11.452,17.7134],[-11.4516,17.712],[-11.4508,17.7106],[-11.4499,17.7095],[-11.4488,17.7082],[-11.4482,17.7072],[-11.4478,17.7066],[-11.4473,17.706],[-11.4471,17.7057],[-11.4468,17.7048],[-11.4467,17.7033],[-11.4478,17.7027],[-11.449,17.7021],[-11.4509,17.7006],[-11.452,17.7004],[-11.4532,17.6999],[-11.4529,17.6992],[-11.452,17.6984],[-11.451,17.6981],[-11.4504,17.6977],[-11.449,17.6976],[-11.4473,17.6983],[-11.4462,17.6984],[-11.4451,17.6986],[-11.4445,17.6992],[-11.4439,17.6997],[-11.4433,17.7003],[-11.442,17.7012],[-11.4404,17.7015],[-11.4399,17.7015],[-11.4392,17.7011],[-11.4388,17.7005],[-11.4389,17.6996],[-11.4392,17.6985],[-11.4397,17.6974],[-11.4404,17.697],[-11.4404,17.6962],[-11.4401,17.6954],[-11.4396,17.6946],[-11.4387,17.6938],[-11.4377,17.6927],[-11.4367,17.6919],[-11.4349,17.6901],[-11.4338,17.6886],[-11.4267,17.6775],[-11.4262,17.6769],[-11.4257,17.6762],[-11.4252,17.6753],[-11.4247,17.6747],[-11.4242,17.674],[-11.4239,17.6735],[-11.4235,17.6732],[-11.4229,17.6718],[-11.4216,17.6708],[-11.4204,17.6696],[-11.4194,17.6688],[-11.4192,17.6677],[-11.4192,17.6669],[-11.4199,17.6663],[-11.4209,17.6665],[-11.4218,17.6662],[-11.4247,17.6644],[-11.4258,17.6635],[-11.4267,17.6628],[-11.427,17.6618],[-11.4269,17.6606],[-11.4268,17.6595],[-11.4264,17.6588],[-11.4258,17.6572],[-11.4256,17.6552],[-11.4257,17.6534],[-11.4257,17.652],[-11.4253,17.651],[-11.4245,17.65],[-11.4234,17.649],[-11.4224,17.648],[-11.4216,17.6469],[-11.421,17.6455],[-11.4205,17.644],[-11.42,17.6428],[-11.419,17.6394],[-11.4082,17.6238],[-11.4062,17.6208],[-11.4061,17.6201],[-11.4044,17.6158],[-11.4085,17.6123],[-11.4117,17.6102],[-11.4126,17.6096],[-11.4169,17.6087],[-11.4227,17.6057],[-11.4283,17.602],[-11.433,17.6001],[-11.4391,17.5977],[-11.4437,17.5955],[-11.4486,17.5892],[-11.4532,17.5832],[-11.4566,17.5801],[-11.462,17.5816],[-11.465,17.5831],[-11.469,17.583],[-11.4725,17.5811],[-11.4774,17.5792],[-11.4803,17.5778],[-11.4833,17.5755],[-11.4871,17.5706],[-11.4901,17.5692],[-11.4924,17.5715],[-11.4932,17.5747],[-11.4941,17.5783],[-11.4961,17.582],[-11.4982,17.5842],[-11.5016,17.5861],[-11.504,17.5871],[-11.5057,17.5864],[-11.5085,17.5856],[-11.5107,17.5857],[-11.5117,17.5819],[-11.5107,17.5781],[-11.507,17.5709],[-11.505,17.5661],[-11.5054,17.5607],[-11.5081,17.5565],[-11.5115,17.5569],[-11.5142,17.5604],[-11.517,17.5622],[-11.52,17.5619],[-11.5203,17.5566],[-11.5183,17.5519],[-11.5149,17.5491],[-11.5129,17.547],[-11.5139,17.545],[-11.5177,17.5431],[-11.5172,17.5405],[-11.5136,17.5401],[-11.508,17.5418],[-11.504,17.5437],[-11.5004,17.545],[-11.4965,17.5446],[-11.4932,17.5427],[-11.4909,17.5395],[-11.4902,17.538],[-11.4857,17.5378],[-11.4865,17.5425],[-11.4872,17.5466],[-11.4877,17.5492],[-11.4862,17.5511],[-11.481,17.5522],[-11.4784,17.5521],[-11.4691,17.5532],[-11.4664,17.5562],[-11.461,17.5566],[-11.4564,17.5546],[-11.4529,17.5529],[-11.4489,17.5495],[-11.4474,17.5423],[-11.4501,17.5383],[-11.4542,17.5367],[-11.4596,17.5327],[-11.4611,17.5293],[-11.4627,17.525],[-11.4625,17.5205],[-11.4609,17.5129],[-11.4592,17.5089],[-11.4623,17.5073],[-11.4662,17.5087],[-11.4705,17.5106],[-11.477,17.5125],[-11.4826,17.5158],[-11.4849,17.5202],[-11.4874,17.5247],[-11.4899,17.5277],[-11.4935,17.5293],[-11.499,17.5289],[-11.5019,17.523],[-11.5014,17.5164],[-11.4993,17.5106],[-11.4962,17.5031],[-11.4928,17.4972],[-11.4912,17.4924],[-11.4966,17.4905],[-11.501,17.492],[-11.5112,17.4982],[-11.5167,17.4992],[-11.5163,17.4922],[-11.5126,17.4847],[-11.5065,17.4771],[-11.5029,17.4705],[-11.5041,17.4645],[-11.5098,17.4634],[-11.514,17.4629],[-11.511,17.4573],[-11.5086,17.4526],[-11.5049,17.4453],[-11.502,17.4421],[-11.4962,17.4408],[-11.4916,17.4406],[-11.4914,17.4376],[-11.4884,17.4329],[-11.4843,17.4303],[-11.4812,17.4278],[-11.4801,17.4241],[-11.485,17.4204],[-11.4902,17.4173],[-11.495,17.4129],[-11.4984,17.4068],[-11.5028,17.4024],[-11.5075,17.3974],[-11.5119,17.3935],[-11.5163,17.3913],[-11.5165,17.3817],[-11.5167,17.3746],[-11.5211,17.3711],[-11.5235,17.3648],[-11.5234,17.3567],[-11.5235,17.3489],[-11.5297,17.3446],[-11.5362,17.3435],[-11.5456,17.342],[-11.5556,17.3389],[-11.5632,17.337],[-11.5671,17.3341],[-11.5738,17.3279],[-11.5819,17.3227],[-11.5908,17.3174],[-11.5995,17.3115],[-11.5293,17.1761],[-11.5676,17.126],[-11.7521,17.1431],[-11.8844,17.0944],[-11.8924,17.0942],[-11.8942,17.0942],[-11.8999,17.094],[-11.9049,17.0903],[-11.923,17.0826],[-11.9521,17.0949],[-11.9521,17.0949],[-11.9851,17.1084],[-12.0012,17.1151],[-12.0353,17.1299],[-12.2005,17.1856],[-12.2074,17.1905],[-12.2145,17.1932],[-12.2208,17.1945],[-12.2265,17.1955],[-12.232,17.1963],[-12.2411,17.1997],[-12.2474,17.2023],[-12.2536,17.2054],[-12.26,17.2088],[-12.2643,17.212],[-12.2677,17.2153],[-12.2733,17.2191],[-12.2788,17.2226],[-12.2849,17.2255],[-12.2854,17.2259],[-12.2856,17.2263],[-12.2859,17.2264],[-12.2862,17.2266],[-12.3322,17.2279],[-12.3463,17.2275],[-12.4104,17.3564],[-12.5454,17.4924],[-12.5155,17.8347],[-12.4975,18.0381],[-12.4794,18.2743],[-12.6694,18.5573],[-12.3464,18.8969],[-11.8645,19.189],[-11.6701,19.3295],[-11.5938,19.2974],[-11.444,19.2339],[-11.4077,19.464],[-11.0031,19.7536],[-7.8799,19.7533]]]},"properties":{"code":"09","name":"Tagant","level":"2","parent":"WPviLRHrXcD","parentGraph":"WPviLRHrXcD","groups":[]}},{"type":"Feature","id":"xdpkCHcp26s","geometry":{"type":"Polygon","coordinates":[[[-11.001,17.7004],[-10.3392,17.5196],[-9.724,17.5584],[-9.9192,17.0866],[-9.957,17.0005],[-10.0003,16.8867],[-9.9534,16.5675],[-10.0979,16.5489],[-10.3987,16.5127],[-10.429,16.515],[-10.5657,16.5199],[-10.7607,16.5267],[-10.76,16.53],[-10.761,16.5373],[-10.7594,16.5396],[-10.7569,16.5432],[-10.7549,16.5449],[-10.7501,16.5483],[-10.7453,16.5508],[-10.7642,16.593],[-10.7716,16.5914],[-10.7789,16.59],[-10.7854,16.5911],[-10.7898,16.5936],[-10.7973,16.5963],[-10.8047,16.5971],[-10.8096,16.5976],[-10.9378,16.6594],[-10.9638,16.6755],[-10.9454,16.6799],[-10.8759,16.6805],[-10.8756,16.6827],[-10.8733,16.6876],[-10.8723,16.6936],[-10.8692,16.7011],[-10.8686,16.7096],[-10.8751,16.7161],[-10.8801,16.7165],[-10.8851,16.7208],[-10.8861,16.7279],[-10.8884,16.7353],[-10.8934,16.7406],[-10.898,16.7465],[-10.9056,16.7521],[-10.9126,16.7556],[-10.9208,16.7568],[-10.9263,16.7562],[-10.9353,16.7565],[-10.9407,16.7619],[-10.9422,16.7698],[-10.9444,16.7777],[-10.9451,16.7845],[-10.9493,16.7904],[-10.958,16.7962],[-10.9668,16.8001],[-10.9733,16.8068],[-10.9727,16.8112],[-10.9735,16.8171],[-10.9817,16.8227],[-10.9815,16.8267],[-10.9859,16.8327],[-10.9873,16.8403],[-10.9882,16.8471],[-10.9871,16.8587],[-10.9838,16.8649],[-10.9835,16.8735],[-10.987,16.8823],[-10.9897,16.8884],[-10.9907,16.8939],[-10.9888,16.9017],[-10.986,16.9069],[-10.985,16.9137],[-10.9889,16.9204],[-10.991,16.9277],[-10.9926,16.9346],[-10.9933,16.943],[-10.9946,16.9539],[-10.9951,16.9628],[-10.9936,16.9694],[-10.9935,16.975],[-10.9955,16.9838],[-10.9957,16.9921],[-10.9955,17.0036],[-10.9937,17.0115],[-10.9917,17.0189],[-10.9903,17.0265],[-10.9893,17.0319],[-10.9883,17.0403],[-10.9858,17.0496],[-10.9846,17.0573],[-10.982,17.0677],[-10.9816,17.0749],[-10.9804,17.088],[-10.9809,17.0953],[-10.9803,17.1043],[-10.9803,17.1132],[-10.9803,17.1208],[-10.9852,17.1283],[-10.9906,17.1335],[-10.9994,17.1375],[-11.0041,17.1401],[-11.0089,17.1456],[-11.0116,17.1505],[-11.0117,17.1553],[-11.0136,17.1655],[-11.0095,17.1784],[-11.0044,17.1969],[-11.0025,17.2104],[-10.9998,17.2212],[-10.996,17.2289],[-10.995,17.2347],[-10.9933,17.2427],[-10.9918,17.2496],[-10.9897,17.2531],[-10.9867,17.2606],[-10.9849,17.2647],[-10.983,17.2707],[-10.9806,17.2772],[-10.9792,17.2815],[-10.9769,17.2899],[-10.9786,17.2951],[-10.9818,17.3031],[-10.9874,17.3124],[-10.9897,17.318],[-10.9899,17.3225],[-10.9896,17.3258],[-10.9887,17.3315],[-10.9874,17.3374],[-10.9855,17.342],[-10.9828,17.3468],[-10.9823,17.3498],[-10.9818,17.3547],[-10.9819,17.3589],[-10.981,17.3652],[-10.9808,17.3706],[-10.9808,17.3742],[-10.9811,17.3804],[-10.9813,17.3852],[-10.983,17.3894],[-10.9852,17.3933],[-10.9882,17.3979],[-10.9898,17.4008],[-10.9928,17.4051],[-10.9947,17.4074],[-10.9983,17.4115],[-11.0016,17.4149],[-11.0068,17.4198],[-11.0084,17.4227],[-11.0095,17.427],[-11.0104,17.4329],[-11.0117,17.4374],[-11.0144,17.4436],[-11.0167,17.4483],[-11.0202,17.4547],[-11.0237,17.4616],[-11.0263,17.4661],[-11.0299,17.4716],[-11.032,17.4765],[-11.0342,17.4828],[-11.0352,17.4911],[-11.0403,17.5],[-11.0441,17.5058],[-11.0461,17.511],[-11.048,17.5161],[-11.0508,17.5233],[-11.0541,17.5281],[-11.0568,17.5323],[-11.0579,17.5352],[-11.0595,17.5414],[-11.0632,17.5501],[-11.067,17.5588],[-11.0682,17.5634],[-11.0691,17.5697],[-11.0694,17.5768],[-11.0675,17.5833],[-11.0681,17.5919],[-11.068,17.5965],[-11.0675,17.6007],[-11.0666,17.6065],[-11.0672,17.6128],[-11.0687,17.6176],[-11.0695,17.6225],[-11.0704,17.6263],[-11.0725,17.6318],[-11.0748,17.6374],[-11.0793,17.6447],[-11.0819,17.6512],[-11.0854,17.6573],[-11.0888,17.6612],[-11.0908,17.6647],[-11.0939,17.674],[-11.0929,17.6795],[-11.0907,17.6834],[-11.0903,17.6889],[-11.0874,17.6987],[-11.0849,17.7117],[-11.0839,17.7236],[-11.001,17.7004]]]},"properties":{"code":"023","name":"Tamchekett","level":"3","parent":"MgjFG58aYkF","parentGraph":"WPviLRHrXcD/MgjFG58aYkF","groups":[]}},{"type":"Feature","id":"So0ye1jB32Q","geometry":{"type":"Polygon","coordinates":[[[-7.659,15.6413],[-7.6597,15.5006],[-8.3567,15.5006],[-8.3612,15.5093],[-8.3645,15.5157],[-8.3686,15.5227],[-8.3731,15.5312],[-8.3774,15.54],[-8.3849,15.5529],[-8.3907,15.5654],[-8.3972,15.5763],[-8.4028,15.5889],[-8.4074,15.6048],[-8.4095,15.6152],[-8.4138,15.6238],[-8.4192,15.6872],[-8.4353,15.8435],[-8.4396,15.8784],[-8.5417,16.0497],[-8.5673,16.1508],[-8.5977,16.2709],[-8.5956,16.273],[-8.5887,16.2809],[-8.5856,16.2879],[-8.5814,16.2945],[-8.5807,16.3004],[-8.5847,16.3083],[-8.589,16.3185],[-8.5929,16.3251],[-8.5994,16.3327],[-8.6061,16.3437],[-8.6114,16.3514],[-8.6174,16.3608],[-8.6246,16.3704],[-8.6333,16.3859],[-8.639,16.3989],[-8.6431,16.409],[-8.6454,16.4161],[-8.6448,16.4216],[-8.6431,16.4404],[-8.6473,16.4481],[-8.652,16.459],[-8.6537,16.468],[-8.6572,16.4767],[-8.6598,16.4868],[-8.6633,16.4939],[-8.6675,16.5011],[-8.6724,16.508],[-8.6815,16.5127],[-8.6895,16.5139],[-8.7005,16.5145],[-8.7101,16.5153],[-8.7178,16.5164],[-8.7272,16.5182],[-8.7336,16.5205],[-8.742,16.5255],[-8.749,16.5327],[-8.2893,17.0234],[-7.9274,16.6373],[-7.9348,16.6005],[-7.8254,16.558],[-7.865,16.4],[-7.857,16.3208],[-7.8416,16.166],[-7.8099,15.8482],[-7.8297,15.7919],[-7.7623,15.7323],[-7.659,15.6413]]]},"properties":{"code":"016","name":"Timbédra (Moughataa)","level":"3","parent":"h7D2Q040y1I","parentGraph":"WPviLRHrXcD/h7D2Q040y1I","groups":[]}},{"type":"Feature","id":"GCg4A0EFCIG","geometry":{"type":"Polygon","coordinates":[[[-11.6211,21.5145],[-12.3829,21.3537],[-13.0165,21.5731],[-13.029,21.5797],[-13.1037,22.3074],[-13.1268,22.5499],[-13.1318,22.6564],[-13.1505,22.756],[-13.1055,22.893],[-13.0813,23.0002],[-13.044,23.0808],[-12.9642,23.1928],[-12.9207,23.2558],[-12.8228,23.3554],[-12.7439,23.3962],[-12.6864,23.4018],[-12.3618,23.4259],[-12.1542,23.442],[-12.0004,23.454],[-12.0004,24.9999],[-12.0005,25.9998],[-8.6674,25.9998],[-8.6674,27.2898],[-7.3819,26.5504],[-6.9376,26.2907],[-6.0901,25.785],[-5.7114,25.5535],[-4.8062,24.9999],[-5.8354,24.9999],[-6.5662,24.9859],[-6.5269,24.6328],[-6.4939,24.3303],[-10.7622,21.5812],[-11.6211,21.5145]]]},"properties":{"code":"11","name":"Tiris Zemmour","level":"2","parent":"WPviLRHrXcD","parentGraph":"WPviLRHrXcD","groups":[]}},{"type":"Feature","id":"vIMhkQoU0wE","geometry":{"type":"Polygon","coordinates":[[[-14.2625,19.0013],[-13.3324,19.0003],[-13.2062,19.0003],[-12.6694,18.5573],[-13.453,18.0004],[-13.7341,17.8016],[-13.9595,17.6044],[-14.2798,17.1515],[-14.3205,17.0884],[-14.7346,16.8158],[-14.7535,16.8076],[-14.8297,16.7571],[-14.8502,16.7453],[-14.8683,16.7387],[-14.8845,16.7298],[-14.8997,16.7166],[-14.9523,16.6477],[-14.9531,16.6503],[-14.9532,16.653],[-14.9532,16.6554],[-14.9532,16.6573],[-14.9524,16.6593],[-14.9513,16.6615],[-14.9506,16.6643],[-14.9494,16.6671],[-14.9491,16.6692],[-14.9486,16.6717],[-14.9489,16.6741],[-14.9501,16.676],[-14.9515,16.6775],[-14.9533,16.6789],[-14.9558,16.6801],[-14.9583,16.6807],[-14.9608,16.6818],[-14.9638,16.6833],[-14.9658,16.6842],[-14.9677,16.6853],[-14.9696,16.6867],[-14.9713,16.6875],[-14.9735,16.6891],[-14.975,16.69],[-14.9767,16.6908],[-14.9787,16.6914],[-14.9815,16.6923],[-14.9838,16.6929],[-14.9863,16.693],[-14.9877,16.6927],[-14.99,16.692],[-14.9913,16.691],[-14.9927,16.6897],[-14.9941,16.6883],[-14.995,16.6872],[-14.996,16.6857],[-14.997,16.6841],[-14.9974,16.6825],[-14.9982,16.6801],[-14.9982,16.6785],[-14.9982,16.6764],[-14.9983,16.6744],[-14.9978,16.6726],[-14.9976,16.6712],[-14.9974,16.6706],[-14.9974,16.6685],[-14.9974,16.6663],[-14.9974,16.6638],[-14.9978,16.6618],[-14.998,16.6601],[-14.9982,16.6581],[-14.9982,16.6565],[-14.9982,16.6546],[-14.9984,16.6523],[-14.9984,16.6503],[-14.9985,16.6484],[-14.9989,16.6472],[-14.9999,16.6464],[-15,16.6464],[-15,16.6465],[-15,16.6464],[-15.0007,16.6457],[-15.0018,16.6439],[-15.0028,16.6426],[-15.0043,16.6409],[-15.0063,16.6392],[-15.0086,16.6375],[-15.0103,16.6362],[-15.012,16.6355],[-15.0139,16.6346],[-15.0161,16.6341],[-15.0189,16.6335],[-15.0207,16.633],[-15.0228,16.6319],[-15.0248,16.6311],[-15.0269,16.6298],[-15.0282,16.6292],[-15.0305,16.6284],[-15.0309,16.6283],[-15.0347,16.6288],[-15.0394,16.627],[-15.0401,16.627],[-15.0425,16.6282],[-15.0438,16.6287],[-15.0465,16.6294],[-15.0486,16.6295],[-15.05,16.6283],[-15.051,16.6268],[-15.0552,16.6277],[-15.0564,16.6282],[-15.0565,16.6284],[-15.0576,16.6308],[-15.0585,16.6322],[-15.0601,16.634],[-15.0617,16.6357],[-15.0637,16.6378],[-15.0651,16.6395],[-15.0669,16.6423],[-15.0675,16.6442],[-15.0678,16.6467],[-15.0686,16.6498],[-15.0686,16.6524],[-15.0694,16.6555],[-15.0712,16.6593],[-15.074,16.6631],[-15.0765,16.6656],[-15.0779,16.6673],[-15.0799,16.6694],[-15.0814,16.6703],[-15.0826,16.6713],[-15.0845,16.6716],[-15.0876,16.6732],[-15.09,16.6737],[-15.0927,16.6739],[-15.0955,16.6741],[-15.0974,16.6738],[-15.0999,16.6724],[-15.1017,16.6701],[-15.1049,16.667],[-15.1069,16.665],[-15.1084,16.6633],[-15.11,16.6612],[-15.1115,16.6596],[-15.1132,16.6577],[-15.1148,16.6556],[-15.1171,16.6531],[-15.1177,16.6514],[-15.1193,16.6491],[-15.1207,16.6471],[-15.1214,16.6457],[-15.1224,16.6438],[-15.1223,16.6404],[-15.1223,16.6396],[-15.122,16.6374],[-15.1219,16.6351],[-15.1208,16.6327],[-15.1203,16.632],[-15.1195,16.6304],[-15.1168,16.6287],[-15.115,16.6278],[-15.1123,16.6273],[-15.109,16.6273],[-15.1048,16.6267],[-15.1018,16.6267],[-15.0981,16.6263],[-15.0959,16.625],[-15.0935,16.6226],[-15.0918,16.6208],[-15.0908,16.6193],[-15.089,16.6177],[-15.0873,16.6154],[-15.0858,16.6117],[-15.085,16.6083],[-15.0853,16.6064],[-15.0857,16.6044],[-15.087,16.6015],[-15.0886,16.6],[-15.0898,16.5985],[-15.0905,16.5974],[-15.0924,16.5954],[-15.0942,16.5943],[-15.0961,16.5931],[-15.0986,16.5916],[-15.1009,16.5897],[-15.1017,16.5888],[-15.1031,16.5873],[-15.1055,16.5851],[-15.1077,16.5827],[-15.1099,16.5805],[-15.1121,16.5787],[-15.1139,16.578],[-15.1155,16.5772],[-15.1175,16.576],[-15.1194,16.5753],[-15.1223,16.575],[-15.1246,16.5747],[-15.1272,16.575],[-15.13,16.5752],[-15.1323,16.5757],[-15.1337,16.5761],[-15.1349,16.5765],[-15.1372,16.5765],[-15.1389,16.5768],[-15.1423,16.5785],[-15.1466,16.5798],[-15.1489,16.5809],[-15.1514,16.5821],[-15.1538,16.5828],[-15.1556,16.5835],[-15.1576,16.5839],[-15.1595,16.5848],[-15.1615,16.5858],[-15.1635,16.5862],[-15.1665,16.5865],[-15.169,16.5867],[-15.1722,16.5861],[-15.1747,16.5843],[-15.1765,16.5826],[-15.1783,16.5786],[-15.1797,16.576],[-15.1806,16.5745],[-15.183,16.5734],[-15.1862,16.5724],[-15.1889,16.5715],[-15.1921,16.5702],[-15.196,16.5688],[-15.2007,16.567],[-15.2054,16.5643],[-15.2093,16.5625],[-15.2125,16.5606],[-15.2157,16.5579],[-15.2181,16.5563],[-15.2201,16.5542],[-15.2216,16.5528],[-15.2225,16.5517],[-15.2245,16.5509],[-15.2264,16.5502],[-15.2288,16.55],[-15.2309,16.5497],[-15.2336,16.5493],[-15.2357,16.5492],[-15.2379,16.5503],[-15.2409,16.5515],[-15.244,16.5534],[-15.2463,16.5547],[-15.2481,16.5565],[-15.2493,16.5579],[-15.2507,16.5599],[-15.2524,16.5622],[-15.2553,16.5651],[-15.2598,16.5666],[-15.2641,16.5661],[-15.2667,16.5662],[-15.2674,16.5661],[-15.2704,16.5652],[-15.2723,16.5653],[-15.2744,16.5656],[-15.2758,16.5656],[-15.2781,16.5663],[-15.2808,16.5676],[-15.2843,16.5682],[-15.2877,16.5699],[-15.2898,16.5702],[-15.293,16.5715],[-15.2942,16.5718],[-15.2973,16.5716],[-15.2999,16.5716],[-15.3024,16.5717],[-15.3064,16.5718],[-15.3107,16.5718],[-15.3136,16.5717],[-15.3169,16.5706],[-15.3202,16.5698],[-15.3234,16.5673],[-15.3252,16.5659],[-15.3269,16.5654],[-15.3286,16.5635],[-15.3313,16.5611],[-15.3352,16.5587],[-15.3382,16.5578],[-15.3421,16.5567],[-15.3438,16.5562],[-15.3467,16.5564],[-15.3491,16.5566],[-15.3516,16.5568],[-15.354,16.557],[-15.3599,16.5565],[-15.3631,16.5559],[-15.3647,16.5546],[-15.3667,16.5524],[-15.3693,16.5499],[-15.3722,16.5471],[-15.3745,16.5447],[-15.377,16.5426],[-15.3794,16.5417],[-15.3824,16.5398],[-15.3861,16.5379],[-15.3879,16.5368],[-15.3907,16.5351],[-15.3942,16.534],[-15.3962,16.5334],[-15.4011,16.533],[-15.4042,16.5329],[-15.4075,16.5334],[-15.4103,16.5341],[-15.4137,16.5346],[-15.4166,16.5348],[-15.4189,16.5358],[-15.4221,16.5369],[-15.4262,16.5394],[-15.4282,16.5413],[-15.4298,16.5434],[-15.4305,16.5447],[-15.4313,16.5462],[-15.4315,16.5489],[-15.4323,16.5516],[-15.4327,16.5546],[-15.4332,16.5575],[-15.4341,16.5603],[-15.4341,16.5624],[-15.4357,16.5654],[-15.4365,16.5668],[-15.4366,16.5669],[-15.4365,16.5669],[-15.4387,16.5706],[-15.44,16.5729],[-15.4421,16.5758],[-15.4433,16.5773],[-15.4448,16.5789],[-15.4466,16.5812],[-15.4486,16.5827],[-15.4503,16.5839],[-15.451,16.5845],[-15.4517,16.5852],[-15.455,16.5868],[-15.4556,16.5871],[-15.4594,16.5881],[-15.4623,16.5886],[-15.465,16.589],[-15.4689,16.5885],[-15.4714,16.5876],[-15.474,16.586],[-15.4758,16.5845],[-15.4773,16.5818],[-15.4785,16.5806],[-15.4798,16.5794],[-15.4814,16.5778],[-15.4837,16.5759],[-15.4857,16.5748],[-15.4892,16.5729],[-15.4926,16.5719],[-15.4957,16.571],[-15.4986,16.5701],[-15.4997,16.5697],[-15.503,16.5685],[-15.506,16.5673],[-15.5078,16.5659],[-15.5119,16.5634],[-15.5143,16.5609],[-15.515,16.5599],[-15.5162,16.5583],[-15.518,16.5558],[-15.5187,16.5541],[-15.5191,16.5532],[-15.5202,16.5498],[-15.5199,16.5448],[-15.5197,16.5426],[-15.5181,16.5401],[-15.5177,16.5397],[-15.5157,16.5374],[-15.5142,16.5354],[-15.5128,16.5342],[-15.5106,16.5322],[-15.5091,16.5294],[-15.5085,16.5278],[-15.5085,16.5273],[-15.5084,16.5253],[-15.5101,16.5228],[-15.5129,16.5213],[-15.5152,16.5197],[-15.5167,16.5182],[-15.5184,16.5177],[-15.5213,16.5163],[-15.5246,16.515],[-15.528,16.5145],[-15.5305,16.5135],[-15.5328,16.513],[-15.5341,16.5127],[-15.5361,16.5118],[-15.5386,16.5111],[-15.5389,16.511],[-15.5421,16.5106],[-15.5425,16.5105],[-15.5452,16.5098],[-15.5535,16.5083],[-15.5536,16.5082],[-15.5564,16.5079],[-15.5597,16.5076],[-15.5621,16.5079],[-15.5656,16.5083],[-15.5677,16.5091],[-15.5701,16.5096],[-15.5723,16.5104],[-15.5747,16.5106],[-15.5771,16.5119],[-15.5796,16.5129],[-15.5812,16.5143],[-15.5832,16.5154],[-15.5847,16.5161],[-15.5856,16.5176],[-15.5859,16.5179],[-15.588,16.5194],[-15.5914,16.5206],[-15.5932,16.5215],[-15.5942,16.5226],[-15.5949,16.5232],[-15.5971,16.5244],[-15.5974,16.5244],[-15.5993,16.5246],[-15.6017,16.5243],[-15.6039,16.5237],[-15.6062,16.5232],[-15.6075,16.5231],[-15.6091,16.5224],[-15.6107,16.5224],[-15.6135,16.5224],[-15.6162,16.5224],[-15.6191,16.5224],[-15.6213,16.5221],[-15.6239,16.5215],[-15.6244,16.5212],[-15.6256,16.5206],[-15.6261,16.5204],[-15.6277,16.5186],[-15.6297,16.5168],[-15.6298,16.5144],[-15.6295,16.5124],[-15.6281,16.5097],[-15.6267,16.5081],[-15.6252,16.5064],[-15.6245,16.5047],[-15.6249,16.5024],[-15.6255,16.5],[-15.626,16.4977],[-15.626,16.4977],[-15.6264,16.496],[-15.6274,16.4937],[-15.6283,16.491],[-15.629,16.4897],[-15.633,16.4871],[-15.6348,16.4859],[-15.6375,16.4847],[-15.64,16.4834],[-15.6416,16.4824],[-15.6438,16.4812],[-15.6459,16.4809],[-15.6499,16.48],[-15.6527,16.479],[-15.656,16.4781],[-15.6589,16.4775],[-15.6609,16.4771],[-15.6616,16.477],[-15.6638,16.477],[-15.6671,16.4766],[-15.6706,16.4762],[-15.6743,16.4765],[-15.6774,16.4764],[-15.6794,16.4761],[-15.6855,16.4751],[-15.6868,16.4747],[-15.6899,16.4748],[-15.6924,16.474],[-15.6943,16.4716],[-15.696,16.4692],[-15.6969,16.4684],[-15.6976,16.4678],[-15.7001,16.4673],[-15.7032,16.4674],[-15.7061,16.4684],[-15.7082,16.4701],[-15.7105,16.4715],[-15.7131,16.473],[-15.7147,16.4738],[-15.717,16.4755],[-15.7189,16.4772],[-15.7201,16.4782],[-15.7217,16.4793],[-15.7231,16.4802],[-15.7252,16.4816],[-15.7266,16.4827],[-15.7282,16.4834],[-15.7298,16.4843],[-15.7318,16.4856],[-15.7341,16.4863],[-15.7365,16.4865],[-15.739,16.4865],[-15.7423,16.4867],[-15.7456,16.4865],[-15.7459,16.4864],[-15.7513,16.4865],[-15.756,16.4866],[-15.7597,16.4865],[-15.763,16.4861],[-15.7674,16.487],[-15.7722,16.4883],[-15.7766,16.4892],[-15.7767,16.4892],[-15.7798,16.4901],[-15.7806,16.4904],[-15.7818,16.4907],[-15.7833,16.4914],[-15.7844,16.4913],[-15.786,16.4921],[-15.7893,16.4934],[-15.7941,16.4954],[-15.7966,16.497],[-15.7983,16.4979],[-15.8001,16.4984],[-15.8017,16.4993],[-15.8039,16.5006],[-15.8038,16.5008],[-15.8038,16.5008],[-15.8021,16.5008],[-15.7999,16.5002],[-15.7982,16.5002],[-15.7982,16.5011],[-15.8011,16.502],[-15.803,16.5018],[-15.8063,16.5022],[-15.8087,16.5029],[-15.8111,16.5029],[-15.8122,16.5031],[-15.8145,16.5035],[-15.8161,16.5032],[-15.8162,16.5032],[-15.8177,16.5029],[-15.8177,16.5028],[-15.8183,16.5026],[-15.8203,16.5024],[-15.8232,16.5012],[-15.8261,16.5009],[-15.8276,16.5007],[-15.8301,16.5005],[-15.8324,16.4992],[-15.8333,16.4987],[-15.834,16.4982],[-15.8353,16.4974],[-15.8379,16.4958],[-15.8392,16.4949],[-15.8406,16.494],[-15.843,16.4925],[-15.8446,16.4915],[-15.8468,16.4902],[-15.848,16.4895],[-15.851,16.488],[-15.8538,16.4871],[-15.8562,16.4869],[-15.8575,16.4875],[-15.8581,16.4882],[-15.8589,16.4899],[-15.8588,16.4914],[-15.8591,16.4936],[-15.8595,16.4956],[-15.8589,16.4982],[-15.8589,16.5009],[-15.8589,16.5023],[-15.8598,16.5041],[-15.8617,16.5064],[-15.8657,16.5086],[-15.8664,16.5089],[-15.8676,16.5093],[-15.8695,16.5102],[-15.8712,16.5106],[-15.8726,16.5106],[-15.8736,16.5108],[-15.8762,16.5113],[-15.8784,16.5118],[-15.8805,16.5121],[-15.8825,16.5127],[-15.8862,16.5131],[-15.8893,16.5126],[-15.8929,16.5122],[-15.8959,16.5115],[-15.8994,16.5108],[-15.9014,16.5106],[-15.9035,16.5096],[-15.9066,16.5093],[-15.9106,16.5095],[-15.9128,16.5091],[-15.9162,16.5076],[-15.9188,16.5056],[-15.9199,16.504],[-15.9212,16.5035],[-15.9236,16.5021],[-15.9273,16.5009],[-15.9314,16.4999],[-15.9334,16.4979],[-15.9352,16.4962],[-15.9373,16.494],[-15.9401,16.4917],[-15.9428,16.4895],[-15.945,16.4879],[-15.948,16.486],[-15.9498,16.4852],[-15.9522,16.484],[-15.9543,16.4827],[-15.9563,16.4815],[-15.959,16.481],[-15.9614,16.4803],[-15.9634,16.4802],[-15.9655,16.4802],[-15.9668,16.4807],[-15.9674,16.4812],[-15.9695,16.4813],[-15.9704,16.483],[-15.9715,16.4867],[-15.9747,16.4879],[-15.976,16.4894],[-15.979,16.4909],[-15.9798,16.492],[-15.9818,16.4927],[-15.9841,16.4938],[-15.9851,16.4949],[-15.9884,16.4965],[-15.9916,16.4979],[-15.9944,16.4992],[-15.9996,16.5006],[-16.0009,16.501],[-16.0018,16.5013],[-16.0028,16.5013],[-16.0028,16.5013],[-16.0054,16.5005],[-16.008,16.4988],[-16.0115,16.4958],[-16.0174,16.4906],[-16.0181,16.4901],[-16.018,16.4901],[-16.0182,16.4901],[-16.0215,16.4875],[-16.0249,16.4847],[-16.0306,16.4802],[-16.0353,16.4781],[-16.0407,16.4763],[-16.0439,16.4753],[-16.0492,16.4756],[-16.052,16.4765],[-16.0528,16.4769],[-16.0562,16.4792],[-16.0593,16.4842],[-16.0611,16.4873],[-16.0628,16.4893],[-16.0646,16.4915],[-16.0674,16.4956],[-16.0699,16.4985],[-16.0701,16.4991],[-16.0705,16.4993],[-16.0731,16.5028],[-16.073,16.5028],[-16.074,16.5036],[-16.0765,16.5061],[-16.0841,16.5113],[-16.0898,16.5137],[-16.0946,16.5161],[-16.0988,16.5191],[-16.1001,16.5211],[-16.1009,16.5245],[-16.1002,16.5287],[-16.0997,16.5308],[-16.0987,16.533],[-16.098,16.531],[-16.0976,16.5318],[-16.0973,16.5345],[-16.0988,16.5363],[-16.0993,16.5391],[-16.1004,16.5444],[-16.103,16.5486],[-16.1066,16.5519],[-16.108,16.553],[-16.1133,16.5538],[-16.1158,16.5538],[-16.1181,16.5538],[-16.1197,16.5538],[-16.1216,16.5536],[-16.124,16.5529],[-16.1247,16.5527],[-16.1278,16.5513],[-16.1286,16.5509],[-16.1287,16.5509],[-16.13,16.5505],[-16.1359,16.5504],[-16.1419,16.5497],[-16.149,16.5472],[-16.1533,16.5451],[-16.1564,16.5428],[-16.1589,16.5395],[-16.1615,16.5368],[-16.1625,16.5358],[-16.1668,16.5306],[-16.1687,16.5282],[-16.1722,16.5245],[-16.1736,16.5235],[-16.1756,16.5226],[-16.1786,16.5223],[-16.1808,16.5221],[-16.1838,16.5202],[-16.1852,16.518],[-16.1871,16.5161],[-16.1898,16.5149],[-16.1972,16.515],[-16.2014,16.5143],[-16.2073,16.5131],[-16.2126,16.513],[-16.2177,16.5143],[-16.2235,16.5171],[-16.2285,16.5198],[-16.231,16.5213],[-16.2315,16.5214],[-16.2316,16.5217],[-16.2318,16.5217],[-16.2329,16.5221],[-16.2326,16.5223],[-16.2333,16.5223],[-16.2365,16.523],[-16.2402,16.524],[-16.2436,16.5246],[-16.2463,16.5246],[-16.2496,16.5242],[-16.2524,16.5234],[-16.2551,16.5229],[-16.2581,16.5225],[-16.2621,16.521],[-16.2712,16.5172],[-16.2762,16.5135],[-16.2785,16.5116],[-16.2808,16.5085],[-16.2822,16.5062],[-16.284,16.5031],[-16.2848,16.5007],[-16.2851,16.496],[-16.2851,16.4917],[-16.2839,16.4874],[-16.2838,16.4845],[-16.2835,16.4796],[-16.2837,16.4771],[-16.2851,16.4741],[-16.2853,16.4735],[-16.287,16.4711],[-16.2885,16.4703],[-16.2896,16.4698],[-16.2932,16.469],[-16.2988,16.4667],[-16.3021,16.4628],[-16.3039,16.4591],[-16.3054,16.4541],[-16.306,16.4506],[-16.3073,16.4416],[-16.3081,16.4334],[-16.308,16.424],[-16.3083,16.4194],[-16.3082,16.4135],[-16.3082,16.4105],[-16.3093,16.4063],[-16.3112,16.4039],[-16.3146,16.4023],[-16.3195,16.4027],[-16.3227,16.4026],[-16.3245,16.402],[-16.3267,16.4004],[-16.3285,16.3982],[-16.3303,16.3937],[-16.3321,16.3876],[-16.3329,16.382],[-16.3333,16.373],[-16.3332,16.3668],[-16.3321,16.3596],[-16.3306,16.3544],[-16.3304,16.3499],[-16.331,16.3457],[-16.3317,16.3439],[-16.3339,16.3418],[-16.3376,16.3381],[-16.3394,16.3368],[-16.3415,16.3334],[-16.3433,16.3313],[-16.3458,16.3299],[-16.348,16.3297],[-16.3482,16.3297],[-16.3488,16.331],[-16.3495,16.331],[-16.352,16.3293],[-16.3583,16.3228],[-16.3617,16.3172],[-16.3648,16.3111],[-16.3664,16.3048],[-16.3676,16.2989],[-16.3676,16.2952],[-16.3666,16.2917],[-16.3643,16.2882],[-16.3615,16.2852],[-16.3583,16.2823],[-16.3549,16.2769],[-16.3535,16.274],[-16.3528,16.2696],[-16.3528,16.2663],[-16.354,16.2634],[-16.356,16.2608],[-16.3598,16.2583],[-16.3631,16.2563],[-16.3651,16.2533],[-16.3669,16.2491],[-16.3692,16.2456],[-16.3702,16.2426],[-16.3714,16.236],[-16.3725,16.2309],[-16.374,16.2262],[-16.3765,16.2225],[-16.3792,16.2197],[-16.3819,16.2171],[-16.386,16.2119],[-16.3882,16.21],[-16.3929,16.2079],[-16.3974,16.2072],[-16.4011,16.2074],[-16.4048,16.2086],[-16.409,16.2117],[-16.4125,16.2128],[-16.4166,16.2128],[-16.4197,16.2123],[-16.4203,16.2125],[-16.4208,16.2122],[-16.4215,16.2121],[-16.4255,16.2109],[-16.4275,16.2104],[-16.4279,16.2104],[-16.4297,16.21],[-16.4307,16.2097],[-16.4347,16.2067],[-16.4411,16.2008],[-16.4455,16.1941],[-16.4486,16.1892],[-16.4504,16.1852],[-16.4528,16.1839],[-16.4526,16.1832],[-16.4522,16.1833],[-16.4519,16.1827],[-16.4521,16.1824],[-16.453,16.1822],[-16.4532,16.1816],[-16.4525,16.181],[-16.4536,16.1783],[-16.4536,16.1781],[-16.4542,16.1751],[-16.4545,16.1716],[-16.4547,16.1678],[-16.4542,16.1616],[-16.4528,16.1573],[-16.4525,16.1551],[-16.4524,16.1523],[-16.4522,16.1511],[-16.4519,16.1497],[-16.4521,16.1485],[-16.4528,16.1477],[-16.4532,16.1474],[-16.4534,16.1449],[-16.4534,16.1446],[-16.4528,16.1416],[-16.4537,16.1387],[-16.4535,16.1367],[-16.4524,16.133],[-16.4509,16.131],[-16.4506,16.1301],[-16.4515,16.1269],[-16.4538,16.1224],[-16.4551,16.1192],[-16.4553,16.1169],[-16.4547,16.1156],[-16.4533,16.1141],[-16.4512,16.111],[-16.4499,16.1103],[-16.4467,16.1092],[-16.4436,16.1073],[-16.4424,16.1055],[-16.442,16.1045],[-16.4417,16.102],[-16.4419,16.1008],[-16.4433,16.0985],[-16.4461,16.0961],[-16.4499,16.0941],[-16.4527,16.0913],[-16.4562,16.0891],[-16.4574,16.0873],[-16.4589,16.083],[-16.4601,16.08],[-16.4611,16.0782],[-16.4625,16.0771],[-16.4643,16.0772],[-16.4652,16.0771],[-16.467,16.0753],[-16.4686,16.0738],[-16.4713,16.0689],[-16.4735,16.0653],[-16.4756,16.0632],[-16.4778,16.0608],[-16.4788,16.0593],[-16.4786,16.0576],[-16.4781,16.0563],[-16.4773,16.0542],[-16.4751,16.0524],[-16.4751,16.0498],[-16.4754,16.0466],[-16.4768,16.0458],[-16.4779,16.0455],[-16.479,16.0424],[-16.4801,16.0388],[-16.4803,16.0374],[-16.4814,16.0367],[-16.4824,16.0373],[-16.4837,16.0375],[-16.4862,16.038],[-16.488,16.0376],[-16.4891,16.0361],[-16.4917,16.034],[-16.4942,16.0325],[-16.4966,16.0308],[-16.4984,16.0296],[-16.5014,16.0276],[-16.5037,16.0277],[-16.506,16.0272],[-16.5082,16.0251],[-16.5102,16.0237],[-16.5127,16.0231],[-16.5136,16.0229],[-16.5108,16.0494],[-16.51,16.1018],[-16.5095,16.1269],[-16.5105,16.1455],[-16.5121,16.1625],[-16.5125,16.1755],[-16.5136,16.191],[-16.5143,16.2031],[-16.5138,16.2199],[-16.5136,16.2293],[-16.5159,16.2435],[-16.5177,16.2628],[-16.52,16.2774],[-16.5163,16.2931],[-16.5092,16.3161],[-16.5045,16.3378],[-16.4892,16.3722],[-16.4834,16.3892],[-16.4755,16.4052],[-16.4693,16.4242],[-16.4635,16.4472],[-16.4566,16.4707],[-16.4532,16.4862],[-16.451,16.5065],[-16.4496,16.5268],[-16.4489,16.5466],[-16.4481,16.5615],[-16.4464,16.5789],[-16.4451,16.5905],[-16.4429,16.6062],[-16.4292,16.6479],[-16.4193,16.6732],[-16.4082,16.7016],[-16.3953,16.7317],[-16.3836,16.7599],[-16.3757,16.7853],[-16.3672,16.8058],[-16.3531,16.8419],[-16.3365,16.8767],[-16.3248,16.9093],[-16.3132,16.9343],[-16.3019,16.964],[-16.293,16.9836],[-16.276,17.0156],[-16.2682,17.0328],[-16.2641,17.0396],[-16.2614,17.0437],[-16.2573,17.0537],[-16.2542,17.0623],[-16.2514,17.0716],[-16.2485,17.0829],[-16.2449,17.0912],[-16.2405,17.102],[-16.2363,17.1139],[-16.2329,17.1254],[-16.2271,17.1348],[-16.2218,17.1458],[-16.2168,17.1555],[-16.2124,17.1673],[-16.2077,17.1793],[-16.2023,17.1869],[-16.1964,17.1967],[-16.1922,17.2056],[-16.1887,17.216],[-16.1841,17.2288],[-16.183,17.2322],[-16.1791,17.2422],[-16.1763,17.2511],[-16.1733,17.2626],[-16.1683,17.2766],[-16.1629,17.2936],[-16.1595,17.3053],[-16.1567,17.3131],[-16.152,17.3254],[-16.1479,17.3352],[-16.1432,17.3457],[-16.1375,17.3596],[-16.1327,17.3716],[-16.1295,17.3829],[-16.1261,17.3936],[-16.1212,17.4057],[-16.1141,17.4219],[-16.1104,17.4376],[-16.1063,17.4501],[-16.1014,17.4624],[-16.1016,17.4715],[-16.0967,17.4844],[-16.0929,17.4949],[-16.0888,17.5118],[-16.0852,17.5228],[-16.0808,17.5359],[-16.0767,17.5498],[-16.0743,17.5618],[-16.0715,17.5721],[-16.0687,17.5827],[-16.0665,17.5954],[-16.0647,17.6046],[-16.0605,17.6178],[-16.0555,17.6334],[-16.0555,17.6448],[-16.0508,17.6614],[-16.0479,17.6767],[-16.0451,17.6881],[-16.0429,17.7007],[-16.0403,17.7166],[-16.0378,17.7366],[-16.0394,17.7651],[-16.0386,17.7752],[-16.0381,17.7885],[-16.0379,17.8013],[-16.0373,17.8119],[-16.0356,17.8223],[-15.9904,17.8225],[-15.991,17.9056],[-15.9602,17.905],[-15.9602,17.905],[-15.9495,17.9048],[-15.8462,17.903],[-15.8462,17.903],[-15.8446,18.0258],[-15.8446,18.0306],[-15.8446,18.0312],[-15.8444,18.0459],[-15.8443,18.0522],[-15.8442,18.0587],[-15.826,18.0826],[-15.8286,18.0866],[-15.8621,18.1381],[-15.8688,18.1485],[-15.8769,18.1565],[-15.8773,18.1569],[-15.8891,18.1685],[-15.8925,18.1719],[-15.8925,18.1722],[-15.8924,18.176],[-15.8924,18.176],[-15.8882,18.4133],[-15.8737,18.4568],[-15.6133,18.6932],[-15.4136,19.0001],[-15.2202,19.0003],[-14.2625,19.0013]]]},"properties":{"code":"06","name":"Trarza","level":"2","parent":"WPviLRHrXcD","parentGraph":"WPviLRHrXcD","groups":[]}}]}
