{"type":"FeatureCollection","features":[{"type":"Feature","id":"NmLIx68MjRi","geometry":{"type":"Polygon","coordinates":[[[7.3797,5.0597],[7.378,5.0569],[7.3656,5.113],[7.3148,5.0881],[7.35,5.1282],[7.3797,5.0597]]]},"properties":{"code":null,"name":"ab Aba North Local Government Area","level":"3","parent":"FHlOerryBjk","parentGraph":"s5DPBsdoE8b/FHlOerryBjk","groups":["FbBkTDMs9Kb","u9sz1k03gFY"]}},{"type":"Feature","id":"FQhClVW8Xg4","geometry":{"type":"Polygon","coordinates":[[[7.3656,5.113],[7.378,5.0569],[7.3247,5.0384],[7.3,5.074],[7.3148,5.0881],[7.3656,5.113]]]},"properties":{"code":null,"name":"ab Aba South Local Government Area","level":"3","parent":"FHlOerryBjk","parentGraph":"s5DPBsdoE8b/FHlOerryBjk","groups":["zAywu9z1ZWc","FbBkTDMs9Kb","u9sz1k03gFY"]}},{"type":"Feature","id":"FHlOerryBjk","geometry":{"type":"Polygon","coordinates":[[[7.5336,5.973],[7.5417,5.8278],[7.7694,5.8137],[7.8044,5.7314],[7.8779,5.6904],[7.8883,5.548],[7.9523,5.3528],[7.8971,5.365],[7.8945,5.3696],[7.7681,5.4556],[7.7395,5.5135],[7.6455,5.526],[7.6249,5.3645],[7.6379,5.313],[7.5289,5.3108],[7.5287,5.0828],[7.4629,4.9818],[7.4964,4.8174],[7.4108,4.8692],[7.3287,4.8821],[7.2153,4.8603],[7.1531,4.9053],[7.1779,4.9832],[7.2719,5.1211],[7.2516,5.1948],[7.3016,5.3608],[7.4042,5.5324],[7.3932,5.8251],[7.3782,5.8639],[7.2688,5.9065],[7.2501,5.9263],[7.3637,6.0207],[7.4952,6.0183],[7.5336,5.973]]]},"properties":{"code":null,"name":"ab Abia State","level":"2","parent":"s5DPBsdoE8b","parentGraph":"s5DPBsdoE8b","groups":["VZ50tpviPWt","aCdSdgaf2uc","FDdJ6PFtOPk","u9sz1k03gFY"]}},{"type":"Feature","id":"YmDVu2Zobjx","geometry":{"type":"Polygon","coordinates":[[[7.8872,5.5584],[7.9008,5.5133],[7.9523,5.3528],[7.8971,5.365],[7.8945,5.3696],[7.7681,5.4556],[7.7395,5.5135],[7.6414,5.5133],[7.635,5.6414],[7.7389,5.6121],[7.7727,5.4825],[7.8872,5.5584]]]},"properties":{"code":null,"name":"ab Arochukwu Local Government Area","level":"3","parent":"FHlOerryBjk","parentGraph":"s5DPBsdoE8b/FHlOerryBjk","groups":["FbBkTDMs9Kb","u9sz1k03gFY"]}},{"type":"Feature","id":"mM1oE6m2BPZ","geometry":{"type":"Polygon","coordinates":[[[7.6663,5.8183],[7.675,5.8178],[7.686,5.7213],[7.635,5.6414],[7.6414,5.5133],[7.6301,5.4021],[7.5481,5.4871],[7.5195,5.5593],[7.4545,5.6631],[7.5465,5.6748],[7.5327,5.8377],[7.6663,5.8183]]]},"properties":{"code":null,"name":"ab Bende Local Government Area","level":"3","parent":"FHlOerryBjk","parentGraph":"s5DPBsdoE8b/FHlOerryBjk","groups":["FbBkTDMs9Kb","u9sz1k03gFY"]}},{"type":"Feature","id":"XrdEDixLBo6","geometry":{"type":"Polygon","coordinates":[[[7.6416,5.3163],[7.6178,5.311],[7.5225,5.284],[7.5098,5.282],[7.506,5.4129],[7.5261,5.4723],[7.5481,5.4871],[7.6301,5.4021],[7.6416,5.3163]]]},"properties":{"code":null,"name":"ab Ikwuano Local Government Area","level":"3","parent":"FHlOerryBjk","parentGraph":"s5DPBsdoE8b/FHlOerryBjk","groups":["FbBkTDMs9Kb","u9sz1k03gFY"]}},{"type":"Feature","id":"noxZsS0SI3j","geometry":{"type":"Polygon","coordinates":[[[7.506,5.4129],[7.5098,5.282],[7.4875,5.2728],[7.4523,5.3363],[7.291,5.3232],[7.317,5.3925],[7.3185,5.3958],[7.3597,5.4451],[7.506,5.4129]]]},"properties":{"code":null,"name":"ab Isiala-Ngwa North Local Government Area","level":"3","parent":"FHlOerryBjk","parentGraph":"s5DPBsdoE8b/FHlOerryBjk","groups":["FbBkTDMs9Kb","u9sz1k03gFY"]}},{"type":"Feature","id":"PvCx4O9hUyE","geometry":{"type":"Polygon","coordinates":[[[7.4523,5.3363],[7.4875,5.2728],[7.3806,5.1841],[7.3725,5.2188],[7.3753,5.2862],[7.2616,5.2158],[7.2873,5.3115],[7.291,5.3232],[7.4523,5.3363]]]},"properties":{"code":null,"name":"ab Isiala-Ngwa South Local Government Area","level":"3","parent":"FHlOerryBjk","parentGraph":"s5DPBsdoE8b/FHlOerryBjk","groups":["FbBkTDMs9Kb","u9sz1k03gFY"]}},{"type":"Feature","id":"VVYnLplahao","geometry":{"type":"Polygon","coordinates":[[[7.5274,5.8691],[7.5327,5.8377],[7.5465,5.6748],[7.4545,5.6631],[7.3802,5.6744],[7.3843,5.6814],[7.3855,5.8469],[7.3757,5.8658],[7.5274,5.8691]]]},"properties":{"code":null,"name":"ab Isuikwuato Local Government Area","level":"3","parent":"FHlOerryBjk","parentGraph":"s5DPBsdoE8b/FHlOerryBjk","groups":["FbBkTDMs9Kb","u9sz1k03gFY"]}},{"type":"Feature","id":"CaNeJHeZmUR","geometry":{"type":"Polygon","coordinates":[[[7.8872,5.5584],[7.7727,5.4825],[7.7389,5.6121],[7.635,5.6414],[7.686,5.7213],[7.675,5.8178],[7.7694,5.8137],[7.8044,5.7314],[7.8779,5.6904],[7.8872,5.5584]]]},"properties":{"code":null,"name":"ab Ohafia Local Government Area","level":"3","parent":"FHlOerryBjk","parentGraph":"s5DPBsdoE8b/FHlOerryBjk","groups":["zAywu9z1ZWc","FbBkTDMs9Kb","u9sz1k03gFY"]}},{"type":"Feature","id":"R72wK9F1YKO","geometry":{"type":"Polygon","coordinates":[[[7.3725,5.2188],[7.3806,5.1841],[7.35,5.1282],[7.3148,5.0881],[7.3,5.074],[7.2849,5.0624],[7.2561,5.0976],[7.2648,5.1808],[7.2516,5.1948],[7.2616,5.2158],[7.3753,5.2862],[7.3725,5.2188]]]},"properties":{"code":null,"name":"ab Osisioma Ngwa Local Government Area","level":"3","parent":"FHlOerryBjk","parentGraph":"s5DPBsdoE8b/FHlOerryBjk","groups":["FbBkTDMs9Kb","u9sz1k03gFY"]}},{"type":"Feature","id":"hbPiBm4baVQ","geometry":{"type":"Polygon","coordinates":[[[7.3247,5.0384],[7.378,5.0569],[7.3797,5.0597],[7.4108,4.9928],[7.2967,4.9587],[7.2849,5.0624],[7.3,5.074],[7.3247,5.0384]]]},"properties":{"code":null,"name":"ab Ugwunagbo Local Government Area","level":"3","parent":"FHlOerryBjk","parentGraph":"s5DPBsdoE8b/FHlOerryBjk","groups":["FbBkTDMs9Kb","u9sz1k03gFY"]}},{"type":"Feature","id":"MOb01aK42zX","geometry":{"type":"Polygon","coordinates":[[[7.4759,4.927],[7.49,4.8551],[7.4964,4.8174],[7.493,4.8154],[7.3223,4.8797],[7.3227,4.8828],[7.2967,4.9587],[7.4108,4.9928],[7.4935,5.023],[7.4759,4.927]]]},"properties":{"code":null,"name":"ab Ukwa East Local Government Area","level":"3","parent":"FHlOerryBjk","parentGraph":"s5DPBsdoE8b/FHlOerryBjk","groups":["FbBkTDMs9Kb","u9sz1k03gFY"]}},{"type":"Feature","id":"VIBkrLoSn6m","geometry":{"type":"Polygon","coordinates":[[[7.3227,4.8828],[7.3223,4.8797],[7.1861,4.8647],[7.1548,4.9167],[7.1863,4.992],[7.2561,5.0976],[7.2849,5.0624],[7.2967,4.9587],[7.3227,4.8828]]]},"properties":{"code":null,"name":"ab Ukwa West Local Government Area","level":"3","parent":"FHlOerryBjk","parentGraph":"s5DPBsdoE8b/FHlOerryBjk","groups":["zAywu9z1ZWc","FbBkTDMs9Kb","u9sz1k03gFY"]}},{"type":"Feature","id":"Nya0Lyr9MV5","geometry":{"type":"Polygon","coordinates":[[[7.5195,5.5593],[7.5481,5.4871],[7.5261,5.4723],[7.4024,5.5269],[7.403,5.5733],[7.4006,5.6189],[7.3802,5.6744],[7.4545,5.6631],[7.5195,5.5593]]]},"properties":{"code":null,"name":"ab Umuahia North Local Government Area","level":"3","parent":"FHlOerryBjk","parentGraph":"s5DPBsdoE8b/FHlOerryBjk","groups":["zAywu9z1ZWc","FbBkTDMs9Kb","u9sz1k03gFY"]}},{"type":"Feature","id":"gtiaV7dAXXP","geometry":{"type":"Polygon","coordinates":[[[7.4024,5.5269],[7.5261,5.4723],[7.506,5.4129],[7.3597,5.4451],[7.3837,5.499],[7.3839,5.4999],[7.4024,5.5269]]]},"properties":{"code":null,"name":"ab Umuahia South Local Government Area","level":"3","parent":"FHlOerryBjk","parentGraph":"s5DPBsdoE8b/FHlOerryBjk","groups":["FbBkTDMs9Kb","u9sz1k03gFY"]}},{"type":"Feature","id":"OgjFloqKoqk","geometry":{"type":"Polygon","coordinates":[[[11.9161,7.4444],[11.8657,7.5581],[11.8402,7.7641],[11.6954,7.9184],[11.6213,7.9375],[11.5315,7.8409],[11.441,7.9558],[11.4001,8.0643],[11.4802,8.1666],[11.6237,8.3066],[11.7632,8.4919],[11.862,8.5761],[11.8629,8.7022],[11.9597,8.886],[11.9758,8.9443],[11.939,9.035],[11.8292,9.1058],[11.831,9.2024],[11.7687,9.3268],[11.7126,9.3805],[11.6375,9.3979],[11.5259,9.592],[11.6804,9.6294],[11.9252,9.7843],[11.9456,10.0448],[12.0479,10.0292],[12.1653,10.0534],[12.3813,10.3026],[12.5235,10.3245],[12.6188,10.36],[12.6714,10.4445],[12.7631,10.4649],[12.8734,10.5822],[13.011,10.5695],[13.2226,10.4438],[13.312,10.4634],[13.3358,10.5875],[13.4135,10.8017],[13.4181,10.9299],[13.5385,10.9066],[13.6918,10.939],[13.6745,10.8589],[13.6082,10.7647],[13.5299,10.5996],[13.5532,10.4894],[13.5272,10.4628],[13.5096,10.3074],[13.417,10.1322],[13.3155,10.1098],[13.248,10.0158],[13.2753,9.974],[13.2292,9.9007],[13.2354,9.8472],[13.2979,9.797],[13.2658,9.7548],[13.2479,9.6041],[13.2193,9.5426],[13.0433,9.5055],[12.8547,9.3849],[12.9024,9.3523],[12.9038,9.2324],[12.8787,9.1505],[12.8783,9.0314],[12.7904,8.9174],[12.8089,8.7894],[12.7132,8.7309],[12.6734,8.6408],[12.5887,8.5979],[12.4802,8.6224],[12.4115,8.4833],[12.237,8.4289],[12.2255,8.375],[12.2577,8.1705],[12.206,8.0887],[12.2218,8],[12.1529,7.8862],[12.0964,7.8363],[12.0424,7.7318],[12.0229,7.6387],[12.0394,7.5231],[11.9161,7.4444]]]},"properties":{"code":null,"name":"ad Adamawa State","level":"2","parent":"s5DPBsdoE8b","parentGraph":"s5DPBsdoE8b","groups":["VZ50tpviPWt","aCdSdgaf2uc","u9sz1k03gFY"]}},{"type":"Feature","id":"agAcarLl8in","geometry":{"type":"Polygon","coordinates":[[[12.3879,9.5149],[12.377,9.4758],[12.5217,9.3026],[12.4357,9.2399],[12.4179,9.2387],[12.332,9.2443],[12.1745,9.1653],[12.1452,9.1817],[11.8274,9.1846],[11.821,9.2251],[11.8017,9.2579],[11.9621,9.4205],[12.1439,9.4416],[12.1756,9.6364],[12.2381,9.6428],[12.3551,9.6584],[12.3879,9.5149]]]},"properties":{"code":null,"name":"ad Demsa Local Government Area","level":"3","parent":"OgjFloqKoqk","parentGraph":"s5DPBsdoE8b/OgjFloqKoqk","groups":["FbBkTDMs9Kb","u9sz1k03gFY","j6UuBZKGhUp"]}},{"type":"Feature","id":"MTrbt9Enp9l","geometry":{"type":"Polygon","coordinates":[[[13.1956,9.5605],[13.2231,9.5482],[13.0433,9.5055],[12.8547,9.3849],[12.9024,9.3523],[12.8783,9.0314],[12.7904,8.9174],[12.7951,8.8728],[12.5409,8.7577],[12.3043,8.8439],[12.2093,9.027],[12.1247,9.0392],[12.1745,9.1653],[12.332,9.2443],[12.4179,9.2387],[12.5171,9.0984],[12.6863,9.0904],[12.7132,9.2271],[12.7024,9.3274],[12.7561,9.5574],[12.7909,9.6085],[12.827,9.7345],[13.1956,9.5605]]]},"properties":{"code":null,"name":"ad Fufore Local Government Area","level":"3","parent":"OgjFloqKoqk","parentGraph":"s5DPBsdoE8b/OgjFloqKoqk","groups":["FbBkTDMs9Kb","u9sz1k03gFY","j6UuBZKGhUp"]}},{"type":"Feature","id":"uH7aGHolUPO","geometry":{"type":"Polygon","coordinates":[[[12.147,8.4487],[12.3521,8.4644],[12.237,8.4289],[12.2544,8.2456],[12.0699,8.2045],[11.9185,8.2692],[11.6877,8.3882],[11.862,8.5761],[11.8666,8.6241],[11.8622,8.6706],[12.0332,8.6554],[12.0636,8.6017],[12.0218,8.5106],[12.059,8.4562],[12.147,8.4487]]]},"properties":{"code":null,"name":"ad Ganye Local Government Area","level":"3","parent":"OgjFloqKoqk","parentGraph":"s5DPBsdoE8b/OgjFloqKoqk","groups":["FbBkTDMs9Kb","u9sz1k03gFY","j6UuBZKGhUp"]}},{"type":"Feature","id":"gR02KHxwEkC","geometry":{"type":"Polygon","coordinates":[[[12.7561,9.5574],[12.7024,9.3274],[12.7132,9.2271],[12.5966,9.231],[12.5684,9.3017],[12.5217,9.3026],[12.377,9.4758],[12.3879,9.5149],[12.547,9.6067],[12.6575,9.5442],[12.7909,9.6085],[12.7561,9.5574]]]},"properties":{"code":null,"name":"ad Gombi Local Government Area","level":"3","parent":"OgjFloqKoqk","parentGraph":"s5DPBsdoE8b/OgjFloqKoqk","groups":["FbBkTDMs9Kb","u9sz1k03gFY","j6UuBZKGhUp"]}},{"type":"Feature","id":"nTbVPkvXnYg","geometry":{"type":"Polygon","coordinates":[[[12.0484,10.0292],[12.0878,9.707],[12.1135,9.6346],[12.0506,9.6483],[11.8343,9.7214],[11.9252,9.7843],[11.9456,10.0448],[12.0484,10.0292]]]},"properties":{"code":null,"name":"ad Guyuk Local Government Area","level":"3","parent":"OgjFloqKoqk","parentGraph":"s5DPBsdoE8b/OgjFloqKoqk","groups":["FbBkTDMs9Kb","u9sz1k03gFY","j6UuBZKGhUp"]}},{"type":"Feature","id":"xO0Hru6SBFb","geometry":{"type":"Polygon","coordinates":[[[13.3131,10.4711],[13.3005,10.3157],[13.2389,10.1775],[13.1595,10.0209],[13.0422,9.9672],[12.9474,10.0024],[12.9036,10.1677],[12.6973,10.4454],[12.7284,10.4482],[12.8734,10.5822],[13.011,10.5695],[13.2226,10.4438],[13.3131,10.4711]]]},"properties":{"code":null,"name":"ad Hong Local Government Area","level":"3","parent":"OgjFloqKoqk","parentGraph":"s5DPBsdoE8b/OgjFloqKoqk","groups":["FbBkTDMs9Kb","u9sz1k03gFY","j6UuBZKGhUp"]}},{"type":"Feature","id":"oAhWtMSiDTs","geometry":{"type":"Polygon","coordinates":[[[12.3521,8.4644],[12.147,8.4487],[12.1694,8.6783],[12.2132,8.7909],[12.3043,8.8439],[12.5409,8.7577],[12.7951,8.8728],[12.8089,8.7894],[12.7132,8.7309],[12.6734,8.6408],[12.5887,8.5979],[12.4802,8.6224],[12.4115,8.4833],[12.3521,8.4644]]]},"properties":{"code":null,"name":"ad Jada Local Government Area","level":"3","parent":"OgjFloqKoqk","parentGraph":"s5DPBsdoE8b/OgjFloqKoqk","groups":["FbBkTDMs9Kb","u9sz1k03gFY","j6UuBZKGhUp"]}},{"type":"Feature","id":"nJtkRzcJ64r","geometry":{"type":"Polygon","coordinates":[[[11.6322,9.4049],[11.5259,9.592],[11.6261,9.6065],[11.8343,9.7214],[12.0506,9.6483],[12.031,9.4779],[11.8035,9.4857],[11.6322,9.4049]]]},"properties":{"code":null,"name":"ad Lamurde Local Government Area","level":"3","parent":"OgjFloqKoqk","parentGraph":"s5DPBsdoE8b/OgjFloqKoqk","groups":["FbBkTDMs9Kb","u9sz1k03gFY","j6UuBZKGhUp"]}},{"type":"Feature","id":"sfBIqMYf2Me","geometry":{"type":"Polygon","coordinates":[[[13.591,10.6987],[13.4141,10.8083],[13.4443,10.9333],[13.5385,10.9066],[13.6918,10.939],[13.591,10.6987]]]},"properties":{"code":null,"name":"ad Madagali Local Government Area","level":"3","parent":"OgjFloqKoqk","parentGraph":"s5DPBsdoE8b/OgjFloqKoqk","groups":["FbBkTDMs9Kb","u9sz1k03gFY","j6UuBZKGhUp"]}},{"type":"Feature","id":"v1qQNHi2SLe","geometry":{"type":"Polygon","coordinates":[[[13.2231,9.5482],[13.1956,9.5605],[13.2081,9.7502],[13.1723,9.8386],[13.1595,10.0209],[13.2389,10.1775],[13.3054,10.0972],[13.248,10.0158],[13.2753,9.974],[13.2354,9.8472],[13.2979,9.797],[13.2658,9.7548],[13.2231,9.5482]]]},"properties":{"code":null,"name":"ad Maiha Local Government Area","level":"3","parent":"OgjFloqKoqk","parentGraph":"s5DPBsdoE8b/OgjFloqKoqk","groups":["FbBkTDMs9Kb","u9sz1k03gFY","j6UuBZKGhUp"]}},{"type":"Feature","id":"Gnc1yMuFCPD","geometry":{"type":"Polygon","coordinates":[[[12.1452,9.1817],[12.1745,9.1653],[12.1247,9.0392],[12.2093,9.027],[12.3043,8.8439],[12.2132,8.7909],[12.1694,8.6783],[12.147,8.4487],[12.059,8.4562],[12.0218,8.5106],[12.0636,8.6017],[12.0332,8.6554],[11.8622,8.6706],[11.862,8.6738],[11.9758,8.9443],[11.939,9.035],[11.8558,9.0737],[11.8261,9.1239],[11.8255,9.1318],[11.8274,9.1846],[12.1452,9.1817]]]},"properties":{"code":null,"name":"ad Mayo-Belwa Local Government Area","level":"3","parent":"OgjFloqKoqk","parentGraph":"s5DPBsdoE8b/OgjFloqKoqk","groups":["FbBkTDMs9Kb","u9sz1k03gFY","j6UuBZKGhUp"]}},{"type":"Feature","id":"AG1tY8HEJdp","geometry":{"type":"Polygon","coordinates":[[[13.5211,10.4326],[13.4916,10.4632],[13.3171,10.4997],[13.4141,10.8083],[13.591,10.6987],[13.5299,10.5996],[13.5532,10.4894],[13.5211,10.4326]]]},"properties":{"code":null,"name":"ad Michika Local Government Area","level":"3","parent":"OgjFloqKoqk","parentGraph":"s5DPBsdoE8b/OgjFloqKoqk","groups":["FbBkTDMs9Kb","u9sz1k03gFY","j6UuBZKGhUp"]}},{"type":"Feature","id":"f5Jrkz6QYek","geometry":{"type":"Polygon","coordinates":[[[13.4814,10.2576],[13.3765,10.2554],[13.316,10.1102],[13.3054,10.0972],[13.2389,10.1775],[13.3005,10.3157],[13.3131,10.4711],[13.3171,10.4997],[13.4916,10.4632],[13.5211,10.4326],[13.4814,10.2576]]]},"properties":{"code":null,"name":"ad Mubi North Local Government Area","level":"3","parent":"OgjFloqKoqk","parentGraph":"s5DPBsdoE8b/OgjFloqKoqk","groups":["FbBkTDMs9Kb","u9sz1k03gFY","j6UuBZKGhUp"]}},{"type":"Feature","id":"GznoYjquR5l","geometry":{"type":"Polygon","coordinates":[[[13.316,10.1102],[13.3765,10.2554],[13.4814,10.2576],[13.417,10.1322],[13.316,10.1102]]]},"properties":{"code":null,"name":"ad Mubi South Local Government Area","level":"3","parent":"OgjFloqKoqk","parentGraph":"s5DPBsdoE8b/OgjFloqKoqk","groups":["FbBkTDMs9Kb","u9sz1k03gFY","j6UuBZKGhUp"]}},{"type":"Feature","id":"BSGaVgpmuaq","geometry":{"type":"Polygon","coordinates":[[[12.1756,9.6364],[12.1439,9.4416],[11.9621,9.4205],[11.8017,9.2579],[11.7464,9.36],[11.6527,9.3967],[11.6322,9.4049],[11.8035,9.4857],[12.031,9.4779],[12.0506,9.6483],[12.1135,9.6346],[12.1756,9.6364]]]},"properties":{"code":null,"name":"ad Numan Local Government Area","level":"3","parent":"OgjFloqKoqk","parentGraph":"s5DPBsdoE8b/OgjFloqKoqk","groups":["FbBkTDMs9Kb","u9sz1k03gFY","j6UuBZKGhUp"]}},{"type":"Feature","id":"TjCLys8YgKo","geometry":{"type":"Polygon","coordinates":[[[12.2381,9.6428],[12.1756,9.6364],[12.1135,9.6346],[12.0878,9.707],[12.0484,10.0292],[12.1653,10.0534],[12.3525,10.2741],[12.4155,10.3144],[12.4229,10.2389],[12.3523,10.0374],[12.3034,9.8003],[12.3551,9.6584],[12.2381,9.6428]]]},"properties":{"code":null,"name":"ad Shelleng Local Government Area","level":"3","parent":"OgjFloqKoqk","parentGraph":"s5DPBsdoE8b/OgjFloqKoqk","groups":["FbBkTDMs9Kb","u9sz1k03gFY","j6UuBZKGhUp"]}},{"type":"Feature","id":"DJzgYjMWAEh","geometry":{"type":"Polygon","coordinates":[[[12.5739,10.044],[12.7834,10.0424],[12.9474,10.0024],[13.0422,9.9672],[13.1595,10.0209],[13.1723,9.8386],[13.2081,9.7502],[13.1956,9.5605],[12.827,9.7345],[12.7909,9.6085],[12.6575,9.5442],[12.547,9.6067],[12.3879,9.5149],[12.3551,9.6584],[12.3034,9.8003],[12.3523,10.0374],[12.5739,10.044]]]},"properties":{"code":null,"name":"ad Song Local Government Area","level":"3","parent":"OgjFloqKoqk","parentGraph":"s5DPBsdoE8b/OgjFloqKoqk","groups":["FbBkTDMs9Kb","u9sz1k03gFY","j6UuBZKGhUp"]}},{"type":"Feature","id":"o5V62YZjB6t","geometry":{"type":"Polygon","coordinates":[[[11.9185,8.2692],[12.0699,8.2045],[12.2544,8.2456],[12.2577,8.1705],[12.206,8.0887],[12.2218,8],[12.0964,7.8363],[12.0229,7.6387],[12.0394,7.5231],[11.9161,7.4444],[11.8657,7.5581],[11.8402,7.7641],[11.6954,7.9184],[11.6213,7.9375],[11.5218,7.8486],[11.441,7.9558],[11.4029,8.0695],[11.6877,8.3882],[11.9185,8.2692]]]},"properties":{"code":null,"name":"ad Toungo Local Government Area","level":"3","parent":"OgjFloqKoqk","parentGraph":"s5DPBsdoE8b/OgjFloqKoqk","groups":["FbBkTDMs9Kb","u9sz1k03gFY","j6UuBZKGhUp"]}},{"type":"Feature","id":"cGlWN2vidCC","geometry":{"type":"Polygon","coordinates":[[[12.5684,9.3017],[12.5966,9.231],[12.5138,9.2007],[12.4357,9.2399],[12.5217,9.3026],[12.5684,9.3017]]]},"properties":{"code":null,"name":"ad Yola North Local Government Area","level":"3","parent":"OgjFloqKoqk","parentGraph":"s5DPBsdoE8b/OgjFloqKoqk","groups":["FbBkTDMs9Kb","u9sz1k03gFY","j6UuBZKGhUp"]}},{"type":"Feature","id":"GArKPmuMV50","geometry":{"type":"Polygon","coordinates":[[[12.4357,9.2399],[12.5138,9.2007],[12.5966,9.231],[12.7132,9.2271],[12.6863,9.0904],[12.5171,9.0984],[12.4179,9.2387],[12.4357,9.2399]]]},"properties":{"code":null,"name":"ad Yola South Local Government Area","level":"3","parent":"OgjFloqKoqk","parentGraph":"s5DPBsdoE8b/OgjFloqKoqk","groups":["FbBkTDMs9Kb","u9sz1k03gFY","j6UuBZKGhUp"]}},{"type":"Feature","id":"MknZt95LesH","geometry":{"type":"Polygon","coordinates":[[[7.7904,4.8815],[7.7758,4.9028],[7.7211,4.9657],[7.7624,4.9889],[7.7028,4.9849],[7.6669,5.0294],[7.7848,5.1],[7.7937,5.0795],[7.8172,5.0049],[7.7904,4.8815]]]},"properties":{"code":null,"name":"ak Abak Local Government Area","level":"3","parent":"qLiKWoddwFu","parentGraph":"s5DPBsdoE8b/qLiKWoddwFu","groups":["FbBkTDMs9Kb","u9sz1k03gFY"]}},{"type":"Feature","id":"qLiKWoddwFu","geometry":{"type":"Polygon","coordinates":[[[7.8945,5.3696],[7.8971,5.365],[7.8647,5.3238],[7.9015,5.2584],[7.9787,5.2673],[8.0588,5.2241],[8.0551,5.0912],[8.1367,4.9284],[8.3179,4.751],[8.3273,4.6445],[8.2831,4.5377],[7.9856,4.5421],[7.7338,4.5102],[7.6731,4.5201],[7.6099,4.473],[7.5335,4.5457],[7.5333,4.5459],[7.538,4.7235],[7.4964,4.8174],[7.4629,4.9818],[7.5287,5.0828],[7.5289,5.3108],[7.6379,5.313],[7.6249,5.3645],[7.6455,5.526],[7.7395,5.5135],[7.7681,5.4556],[7.8945,5.3696]]]},"properties":{"code":null,"name":"ak Akwa-Ibom State","level":"2","parent":"s5DPBsdoE8b","parentGraph":"s5DPBsdoE8b","groups":["VZ50tpviPWt","BkQO4T3Oxvm","FDdJ6PFtOPk","u9sz1k03gFY","aCdSdgaf2uc","XagGgkCkfOf"]}},{"type":"Feature","id":"gI48C9UcOmu","geometry":{"type":"MultiPolygon","coordinates":[[[[7.6455,4.5254],[7.6847,4.5329],[7.6806,4.5228],[7.6455,4.5254]]],[[[7.8161,4.5494],[7.8284,4.5221],[7.6896,4.5166],[7.8161,4.5494]]]]},"properties":{"code":null,"name":"ak Eastern Obolo Local Government Area","level":"3","parent":"qLiKWoddwFu","parentGraph":"s5DPBsdoE8b/qLiKWoddwFu","groups":["FbBkTDMs9Kb","u9sz1k03gFY"]}},{"type":"Feature","id":"VAUw4GObZiJ","geometry":{"type":"Polygon","coordinates":[[[8.0201,4.6858],[8.0098,4.5833],[7.8912,4.5446],[7.8766,4.6997],[7.879,4.7068],[8.0201,4.6858]]]},"properties":{"code":null,"name":"ak Eket Local Government Area","level":"3","parent":"qLiKWoddwFu","parentGraph":"s5DPBsdoE8b/qLiKWoddwFu","groups":["FbBkTDMs9Kb","u9sz1k03gFY"]}},{"type":"Feature","id":"vAjS3WBzBB3","geometry":{"type":"Polygon","coordinates":[[[8.0912,4.6724],[8.1422,4.6432],[8.1324,4.5963],[8.0098,4.5833],[8.0201,4.6858],[8.0443,4.6942],[8.0912,4.6724]]]},"properties":{"code":null,"name":"ak Esit Eket Local Government Area","level":"3","parent":"qLiKWoddwFu","parentGraph":"s5DPBsdoE8b/qLiKWoddwFu","groups":["zAywu9z1ZWc","FbBkTDMs9Kb","u9sz1k03gFY"]}},{"type":"Feature","id":"DGbAz9uZOBi","geometry":{"type":"Polygon","coordinates":[[[7.6011,5.1587],[7.7529,5.1394],[7.7848,5.1],[7.6669,5.0294],[7.629,5.0351],[7.6104,5.0351],[7.5721,5.0465],[7.525,5.0742],[7.5177,5.1467],[7.6011,5.1587]]]},"properties":{"code":null,"name":"ak Essien Udim Local Government Area","level":"3","parent":"qLiKWoddwFu","parentGraph":"s5DPBsdoE8b/qLiKWoddwFu","groups":["FbBkTDMs9Kb","u9sz1k03gFY"]}},{"type":"Feature","id":"xfLkspXI6N5","geometry":{"type":"Polygon","coordinates":[[[7.629,5.0351],[7.6669,5.0294],[7.7028,4.9849],[7.6663,4.9332],[7.5551,4.9244],[7.49,4.8551],[7.4759,4.927],[7.6104,5.0351],[7.629,5.0351]]]},"properties":{"code":null,"name":"ak Etim Ekpo Local Government Area","level":"3","parent":"qLiKWoddwFu","parentGraph":"s5DPBsdoE8b/qLiKWoddwFu","groups":["FbBkTDMs9Kb","u9sz1k03gFY"]}},{"type":"Feature","id":"Rbsn0XmQBtz","geometry":{"type":"Polygon","coordinates":[[[7.879,4.7068],[7.8078,4.701],[7.8084,4.8773],[7.8359,4.9653],[7.8683,4.7921],[7.879,4.7068]]]},"properties":{"code":null,"name":"ak Etinan Local Government Area","level":"3","parent":"qLiKWoddwFu","parentGraph":"s5DPBsdoE8b/qLiKWoddwFu","groups":["FbBkTDMs9Kb","u9sz1k03gFY"]}},{"type":"Feature","id":"zpuL1cuc0Cp","geometry":{"type":"Polygon","coordinates":[[[7.8284,4.5221],[7.8161,4.5494],[7.8912,4.5446],[8.0098,4.5833],[8.1324,4.5963],[8.2598,4.5905],[8.2738,4.5338],[7.9856,4.5421],[7.8284,4.5221]]]},"properties":{"code":null,"name":"ak Ibeno Local Government Area","level":"3","parent":"qLiKWoddwFu","parentGraph":"s5DPBsdoE8b/qLiKWoddwFu","groups":["FbBkTDMs9Kb","u9sz1k03gFY"]}},{"type":"Feature","id":"BnM53CW3AqV","geometry":{"type":"Polygon","coordinates":[[[7.9767,4.9666],[7.9992,4.8896],[7.9728,4.8236],[7.9473,4.8174],[7.8562,4.9878],[7.9767,4.9666]]]},"properties":{"code":null,"name":"ak Ibesikpo Asutan Local Government Area","level":"3","parent":"qLiKWoddwFu","parentGraph":"s5DPBsdoE8b/qLiKWoddwFu","groups":["zAywu9z1ZWc","FbBkTDMs9Kb","u9sz1k03gFY"]}},{"type":"Feature","id":"xGiiF6VCAbn","geometry":{"type":"Polygon","coordinates":[[[7.9952,5.2606],[7.8524,5.0247],[7.8291,5.0368],[7.8304,5.2369],[7.8082,5.2897],[7.8093,5.2932],[7.8773,5.3502],[7.9015,5.2584],[7.9952,5.2606]]]},"properties":{"code":null,"name":"ak Ibiono Ibom Local Government Area","level":"3","parent":"qLiKWoddwFu","parentGraph":"s5DPBsdoE8b/qLiKWoddwFu","groups":["FbBkTDMs9Kb","u9sz1k03gFY"]}},{"type":"Feature","id":"rnJDFjrHjSG","geometry":{"type":"Polygon","coordinates":[[[7.5721,5.0465],[7.6104,5.0351],[7.4759,4.927],[7.4935,5.023],[7.525,5.0742],[7.5721,5.0465]]]},"properties":{"code":null,"name":"ak Ika Local Government Area","level":"3","parent":"qLiKWoddwFu","parentGraph":"s5DPBsdoE8b/qLiKWoddwFu","groups":["FbBkTDMs9Kb","u9sz1k03gFY"]}},{"type":"Feature","id":"m4qW9wF3Kll","geometry":{"type":"Polygon","coordinates":[[[7.8082,5.2897],[7.8304,5.2369],[7.8291,5.0368],[7.7937,5.0795],[7.7848,5.1],[7.7529,5.1394],[7.6992,5.2576],[7.6959,5.2589],[7.6625,5.2884],[7.8093,5.2932],[7.8082,5.2897]]]},"properties":{"code":null,"name":"ak Ikono Local Government Area","level":"3","parent":"qLiKWoddwFu","parentGraph":"s5DPBsdoE8b/qLiKWoddwFu","groups":["FbBkTDMs9Kb","u9sz1k03gFY"]}},{"type":"Feature","id":"IzltXcJbPvr","geometry":{"type":"Polygon","coordinates":[[[7.6847,4.5329],[7.6455,4.5254],[7.6445,4.5252],[7.5958,4.5193],[7.5335,4.5457],[7.5333,4.5459],[7.5234,4.5674],[7.5237,4.6586],[7.6621,4.6999],[7.7354,4.615],[7.6847,4.5329]]]},"properties":{"code":null,"name":"ak Ikot Abasi Local Government Area","level":"3","parent":"qLiKWoddwFu","parentGraph":"s5DPBsdoE8b/qLiKWoddwFu","groups":["zAywu9z1ZWc","FbBkTDMs9Kb","u9sz1k03gFY"]}},{"type":"Feature","id":"NgcZB6JYmC0","geometry":{"type":"Polygon","coordinates":[[[7.6992,5.2576],[7.7529,5.1394],[7.6011,5.1587],[7.6959,5.2589],[7.6992,5.2576]]]},"properties":{"code":null,"name":"ak Ikot Ekpene Local Government Area","level":"3","parent":"qLiKWoddwFu","parentGraph":"s5DPBsdoE8b/qLiKWoddwFu","groups":["FbBkTDMs9Kb","u9sz1k03gFY"]}},{"type":"Feature","id":"M3D1SW7tTia","geometry":{"type":"Polygon","coordinates":[[[7.8945,5.3696],[7.8971,5.365],[7.8773,5.3502],[7.8093,5.2932],[7.6625,5.2884],[7.6416,5.3163],[7.6301,5.4021],[7.6414,5.5133],[7.7395,5.5135],[7.7681,5.4556],[7.8945,5.3696]]]},"properties":{"code":null,"name":"ak Ini Local Government Area","level":"3","parent":"qLiKWoddwFu","parentGraph":"s5DPBsdoE8b/qLiKWoddwFu","groups":["zAywu9z1ZWc","FbBkTDMs9Kb","u9sz1k03gFY"]}},{"type":"Feature","id":"chV97vQcggT","geometry":{"type":"Polygon","coordinates":[[[7.9286,5.0694],[7.8529,5.0245],[7.8524,5.0247],[7.9952,5.2606],[8.0588,5.2241],[8.054,5.1119],[7.9286,5.0694]]]},"properties":{"code":null,"name":"ak Itu Local Government Area","level":"3","parent":"qLiKWoddwFu","parentGraph":"s5DPBsdoE8b/qLiKWoddwFu","groups":["zAywu9z1ZWc","FbBkTDMs9Kb","u9sz1k03gFY"]}},{"type":"Feature","id":"iXSM6GwyHCY","geometry":{"type":"Polygon","coordinates":[[[8.2626,4.5899],[8.262,4.5899],[8.2598,4.5905],[8.1324,4.5963],[8.1422,4.6432],[8.219,4.7109],[8.2958,4.7459],[8.3245,4.677],[8.2626,4.5899]]]},"properties":{"code":null,"name":"ak Mbo Local Government Area","level":"3","parent":"qLiKWoddwFu","parentGraph":"s5DPBsdoE8b/qLiKWoddwFu","groups":["FbBkTDMs9Kb","u9sz1k03gFY"]}},{"type":"Feature","id":"LbA7JUgAJ2f","geometry":{"type":"Polygon","coordinates":[[[7.7904,4.8815],[7.8084,4.8773],[7.8078,4.701],[7.8161,4.5494],[7.6896,4.5166],[7.6806,4.5228],[7.6847,4.5329],[7.7354,4.615],[7.6621,4.6999],[7.7904,4.8815]]]},"properties":{"code":null,"name":"ak Mkpat Enin Local Government Area","level":"3","parent":"qLiKWoddwFu","parentGraph":"s5DPBsdoE8b/qLiKWoddwFu","groups":["FbBkTDMs9Kb","u9sz1k03gFY"]}},{"type":"Feature","id":"razBnhTAvlJ","geometry":{"type":"Polygon","coordinates":[[[8.0765,4.8645],[8.0318,4.731],[7.9778,4.8064],[7.9728,4.8236],[7.9992,4.8896],[8.0765,4.8645]]]},"properties":{"code":null,"name":"ak Nsit Atai Local Government Area","level":"3","parent":"qLiKWoddwFu","parentGraph":"s5DPBsdoE8b/qLiKWoddwFu","groups":["FbBkTDMs9Kb","u9sz1k03gFY"]}},{"type":"Feature","id":"h5oRiRm565v","geometry":{"type":"Polygon","coordinates":[[[7.8562,4.9878],[7.9473,4.8174],[7.8683,4.7921],[7.8359,4.9653],[7.8562,4.9878]]]},"properties":{"code":null,"name":"ak Nsit Ibom Local Government Area","level":"3","parent":"qLiKWoddwFu","parentGraph":"s5DPBsdoE8b/qLiKWoddwFu","groups":["FbBkTDMs9Kb","u9sz1k03gFY"]}},{"type":"Feature","id":"m05T1Vgqgav","geometry":{"type":"Polygon","coordinates":[[[7.9778,4.8064],[8.0318,4.731],[8.0443,4.6942],[8.0201,4.6858],[7.879,4.7068],[7.8683,4.7921],[7.9473,4.8174],[7.9728,4.8236],[7.9778,4.8064]]]},"properties":{"code":null,"name":"ak Nsit Ubium Local Government Area","level":"3","parent":"qLiKWoddwFu","parentGraph":"s5DPBsdoE8b/qLiKWoddwFu","groups":["FbBkTDMs9Kb","u9sz1k03gFY"]}},{"type":"Feature","id":"SzCMTWR5n0f","geometry":{"type":"Polygon","coordinates":[[[7.6178,5.311],[7.6416,5.3163],[7.6625,5.2884],[7.6959,5.2589],[7.6011,5.1587],[7.5177,5.1467],[7.5225,5.284],[7.6178,5.311]]]},"properties":{"code":null,"name":"ak Obot Akara Local Government Area","level":"3","parent":"qLiKWoddwFu","parentGraph":"s5DPBsdoE8b/qLiKWoddwFu","groups":["FbBkTDMs9Kb","u9sz1k03gFY"]}},{"type":"Feature","id":"jVbeHAv16lH","geometry":{"type":"Polygon","coordinates":[[[8.2206,4.8447],[8.1909,4.7835],[8.0912,4.6724],[8.0443,4.6942],[8.0318,4.731],[8.0765,4.8645],[8.1398,4.9251],[8.1906,4.8802],[8.2206,4.8447]]]},"properties":{"code":null,"name":"ak Okobo Local Government Area","level":"3","parent":"qLiKWoddwFu","parentGraph":"s5DPBsdoE8b/qLiKWoddwFu","groups":["FbBkTDMs9Kb","u9sz1k03gFY"]}},{"type":"Feature","id":"SfVPbLG5FJm","geometry":{"type":"Polygon","coordinates":[[[7.8766,4.6997],[7.8912,4.5446],[7.8161,4.5494],[7.8078,4.701],[7.879,4.7068],[7.8766,4.6997]]]},"properties":{"code":null,"name":"ak Onna Local Government Area","level":"3","parent":"qLiKWoddwFu","parentGraph":"s5DPBsdoE8b/qLiKWoddwFu","groups":["FbBkTDMs9Kb","u9sz1k03gFY"]}},{"type":"Feature","id":"QsPs42Eh0KL","geometry":{"type":"Polygon","coordinates":[[[8.3245,4.677],[8.2958,4.7459],[8.232,4.7646],[8.1909,4.7835],[8.2206,4.8447],[8.3179,4.751],[8.3245,4.677]]]},"properties":{"code":null,"name":"ak Oron Local Government Area","level":"3","parent":"qLiKWoddwFu","parentGraph":"s5DPBsdoE8b/qLiKWoddwFu","groups":["FbBkTDMs9Kb","u9sz1k03gFY"]}},{"type":"Feature","id":"jgHgTm8cgD6","geometry":{"type":"Polygon","coordinates":[[[7.7758,4.9028],[7.7904,4.8815],[7.6621,4.6999],[7.5237,4.6586],[7.521,4.7743],[7.6277,4.8253],[7.7211,4.9657],[7.7758,4.9028]]]},"properties":{"code":null,"name":"ak Oruk Anam Local Government Area","level":"3","parent":"qLiKWoddwFu","parentGraph":"s5DPBsdoE8b/qLiKWoddwFu","groups":["FbBkTDMs9Kb","u9sz1k03gFY"]}},{"type":"Feature","id":"oPBJJ5icMUq","geometry":{"type":"Polygon","coordinates":[[[8.232,4.7646],[8.2958,4.7459],[8.219,4.7109],[8.2037,4.7164],[8.1909,4.7835],[8.232,4.7646]]]},"properties":{"code":null,"name":"ak Udung Uko Local Government Area","level":"3","parent":"qLiKWoddwFu","parentGraph":"s5DPBsdoE8b/qLiKWoddwFu","groups":["FbBkTDMs9Kb","u9sz1k03gFY"]}},{"type":"Feature","id":"DO04b12uwvI","geometry":{"type":"Polygon","coordinates":[[[7.7624,4.9889],[7.7211,4.9657],[7.6277,4.8253],[7.521,4.7743],[7.5128,4.793],[7.4964,4.8174],[7.49,4.8551],[7.5551,4.9244],[7.6663,4.9332],[7.7028,4.9849],[7.7624,4.9889]]]},"properties":{"code":null,"name":"ak Ukanafun Local Government Area","level":"3","parent":"qLiKWoddwFu","parentGraph":"s5DPBsdoE8b/qLiKWoddwFu","groups":["FbBkTDMs9Kb","u9sz1k03gFY"]}},{"type":"Feature","id":"kWdeL5ZH2WW","geometry":{"type":"Polygon","coordinates":[[[8.1398,4.9251],[8.0765,4.8645],[7.9992,4.8896],[7.9767,4.9666],[8.0151,4.9922],[7.9286,5.0694],[8.054,5.1119],[8.1398,4.9251]]]},"properties":{"code":null,"name":"ak Uruan Local Government Area","level":"3","parent":"qLiKWoddwFu","parentGraph":"s5DPBsdoE8b/qLiKWoddwFu","groups":["FbBkTDMs9Kb","u9sz1k03gFY"]}},{"type":"Feature","id":"LS6DYNHhJR9","geometry":{"type":"Polygon","coordinates":[[[7.8529,5.0245],[7.9286,5.0694],[8.0151,4.9922],[7.9767,4.9666],[7.8562,4.9878],[7.8359,4.9653],[7.8084,4.8773],[7.7904,4.8815],[7.8172,5.0049],[7.7937,5.0795],[7.8291,5.0368],[7.8524,5.0247],[7.8529,5.0245]]]},"properties":{"code":null,"name":"ak Uyo Local Government Area","level":"3","parent":"qLiKWoddwFu","parentGraph":"s5DPBsdoE8b/qLiKWoddwFu","groups":["FbBkTDMs9Kb","u9sz1k03gFY"]}},{"type":"Feature","id":"S1PsGJvdud6","geometry":{"type":"Polygon","coordinates":[[[7.1326,5.9626],[7.1236,5.9153],[7.0716,5.9233],[7.0344,5.918],[7.0371,5.9299],[6.96,5.9979],[7.0201,6.0348],[7.1326,5.9626]]]},"properties":{"code":null,"name":"an Aguata Local Government Area","level":"3","parent":"Nko8QFDmYmq","parentGraph":"s5DPBsdoE8b/Nko8QFDmYmq","groups":["FbBkTDMs9Kb","u9sz1k03gFY"]}},{"type":"Feature","id":"ePx1ECcPAwd","geometry":{"type":"Polygon","coordinates":[[[6.7538,6.1237],[6.7486,6.186],[6.8377,6.3687],[6.9411,6.4635],[6.9651,6.4186],[6.9414,6.3057],[6.7933,6.1356],[6.7538,6.1237]]]},"properties":{"code":null,"name":"an Anambra East Local Government Area","level":"3","parent":"Nko8QFDmYmq","parentGraph":"s5DPBsdoE8b/Nko8QFDmYmq","groups":["FbBkTDMs9Kb","u9sz1k03gFY"]}},{"type":"Feature","id":"MrJa5BgCqh3","geometry":{"type":"Polygon","coordinates":[[[6.8377,6.3687],[6.7486,6.186],[6.7314,6.2582],[6.6726,6.4884],[6.6656,6.5229],[6.6643,6.5275],[6.7966,6.5707],[6.8232,6.6948],[6.9059,6.7762],[6.9152,6.7111],[6.9117,6.6202],[6.8377,6.3687]]]},"properties":{"code":null,"name":"an Anambra West Local Government Area","level":"3","parent":"Nko8QFDmYmq","parentGraph":"s5DPBsdoE8b/Nko8QFDmYmq","groups":["FbBkTDMs9Kb","u9sz1k03gFY"]}},{"type":"Feature","id":"Nko8QFDmYmq","geometry":{"type":"Polygon","coordinates":[[[7.3637,6.0207],[7.2501,5.9263],[7.1641,5.9034],[7.0538,5.9226],[6.9466,5.888],[6.8932,5.756],[6.777,5.7828],[6.6687,5.6944],[6.6121,5.7184],[6.6594,5.8005],[6.7338,5.9926],[6.7605,6.1488],[6.6726,6.4884],[6.6656,6.5229],[6.6643,6.5275],[6.7494,6.5293],[6.7966,6.5707],[6.8232,6.6948],[6.9059,6.7762],[6.9145,6.7113],[6.9907,6.7084],[7.115,6.649],[7.0254,6.5174],[7.0122,6.4505],[7.0899,6.4145],[7.1465,6.3051],[7.1387,6.2248],[7.179,6.241],[7.2499,6.0526],[7.3637,6.0207]]]},"properties":{"code":null,"name":"an Anambra state","level":"2","parent":"s5DPBsdoE8b","parentGraph":"s5DPBsdoE8b","groups":["YK4xBFnvTfi","aCdSdgaf2uc","cx3yME7a4oR","u9sz1k03gFY","XagGgkCkfOf"]}},{"type":"Feature","id":"TXx3n80tf9o","geometry":{"type":"Polygon","coordinates":[[[7.0531,6.0866],[7.0201,6.0348],[6.96,5.9979],[6.938,6.0095],[6.9612,6.094],[6.9662,6.1167],[7.0061,6.1634],[7.0129,6.1744],[7.0531,6.0866]]]},"properties":{"code":null,"name":"an Anaocha Local Government Area","level":"3","parent":"Nko8QFDmYmq","parentGraph":"s5DPBsdoE8b/Nko8QFDmYmq","groups":["zAywu9z1ZWc","FbBkTDMs9Kb","u9sz1k03gFY"]}},{"type":"Feature","id":"X05kjVjpK5Y","geometry":{"type":"Polygon","coordinates":[[[7.1317,6.287],[7.1322,6.2283],[7.0974,6.2274],[6.9959,6.227],[6.9801,6.2503],[6.9438,6.3022],[6.9414,6.3057],[6.9651,6.4186],[7.0221,6.4406],[7.0899,6.4145],[7.1317,6.287]]]},"properties":{"code":null,"name":"an Awka North Local Government Area","level":"3","parent":"Nko8QFDmYmq","parentGraph":"s5DPBsdoE8b/Nko8QFDmYmq","groups":["FbBkTDMs9Kb","u9sz1k03gFY"]}},{"type":"Feature","id":"Q2npDNVPZIN","geometry":{"type":"Polygon","coordinates":[[[7.0974,6.2274],[7.1322,6.2283],[7.1405,6.2256],[7.0531,6.0866],[7.0129,6.1744],[6.9959,6.227],[7.0974,6.2274]]]},"properties":{"code":null,"name":"an Awka South Local Government Area","level":"3","parent":"Nko8QFDmYmq","parentGraph":"s5DPBsdoE8b/Nko8QFDmYmq","groups":["zAywu9z1ZWc","FbBkTDMs9Kb","u9sz1k03gFY"]}},{"type":"Feature","id":"bFPhh99vupF","geometry":{"type":"Polygon","coordinates":[[[7.0129,6.4639],[7.0221,6.4406],[6.9651,6.4186],[6.9411,6.4635],[6.8377,6.3687],[6.9117,6.6202],[6.9152,6.7111],[6.9907,6.7084],[7.115,6.649],[7.0129,6.4639]]]},"properties":{"code":null,"name":"an Ayamelum Local Government Area","level":"3","parent":"Nko8QFDmYmq","parentGraph":"s5DPBsdoE8b/Nko8QFDmYmq","groups":["FbBkTDMs9Kb","u9sz1k03gFY"]}},{"type":"Feature","id":"qrvs4qJ8ecG","geometry":{"type":"Polygon","coordinates":[[[6.9062,6.1433],[6.8984,6.1431],[6.8843,6.1455],[6.9438,6.3022],[6.9801,6.2503],[6.9062,6.1433]]]},"properties":{"code":null,"name":"an Dunukofia Local Government Area","level":"3","parent":"Nko8QFDmYmq","parentGraph":"s5DPBsdoE8b/Nko8QFDmYmq","groups":["FbBkTDMs9Kb","u9sz1k03gFY"]}},{"type":"Feature","id":"JWNGE36YAWM","geometry":{"type":"Polygon","coordinates":[[[6.8397,5.9352],[6.8082,5.9001],[6.773,6.0504],[6.8744,6.0516],[6.8397,5.9352]]]},"properties":{"code":null,"name":"an Ekwusigo Local Government Area","level":"3","parent":"Nko8QFDmYmq","parentGraph":"s5DPBsdoE8b/Nko8QFDmYmq","groups":["zAywu9z1ZWc","FbBkTDMs9Kb","u9sz1k03gFY"]}},{"type":"Feature","id":"mkWCHtt0cmw","geometry":{"type":"Polygon","coordinates":[[[6.8984,6.1431],[6.9062,6.1433],[6.9662,6.1167],[6.9612,6.094],[6.9532,6.0964],[6.804,6.08],[6.8188,6.1229],[6.8571,6.1228],[6.8843,6.1455],[6.8984,6.1431]]]},"properties":{"code":null,"name":"an Idemili North Local Government Area","level":"3","parent":"Nko8QFDmYmq","parentGraph":"s5DPBsdoE8b/Nko8QFDmYmq","groups":["zAywu9z1ZWc","FbBkTDMs9Kb","u9sz1k03gFY"]}},{"type":"Feature","id":"GRJR80tAACR","geometry":{"type":"Polygon","coordinates":[[[6.9532,6.0964],[6.9612,6.094],[6.938,6.0095],[6.937,6.0095],[6.916,6.0183],[6.8744,6.0516],[6.773,6.0504],[6.7691,6.0595],[6.7789,6.0918],[6.804,6.08],[6.9532,6.0964]]]},"properties":{"code":null,"name":"an Idemili South Local Government Area","level":"3","parent":"Nko8QFDmYmq","parentGraph":"s5DPBsdoE8b/Nko8QFDmYmq","groups":["FbBkTDMs9Kb","u9sz1k03gFY"]}},{"type":"Feature","id":"Oc0CsckdG6w","geometry":{"type":"Polygon","coordinates":[[[6.9458,5.8861],[6.9321,5.8319],[6.8586,5.7498],[6.773,5.7809],[6.8082,5.9001],[6.9458,5.8861]]]},"properties":{"code":null,"name":"an Ihiala Local Government Area","level":"3","parent":"Nko8QFDmYmq","parentGraph":"s5DPBsdoE8b/Nko8QFDmYmq","groups":["FbBkTDMs9Kb","u9sz1k03gFY"]}},{"type":"Feature","id":"myFehhoZraL","geometry":{"type":"Polygon","coordinates":[[[7.0061,6.1634],[6.9662,6.1167],[6.9062,6.1433],[6.9801,6.2503],[6.9959,6.227],[7.0129,6.1744],[7.0061,6.1634]]]},"properties":{"code":null,"name":"an Njikoka Local Government Area","level":"3","parent":"Nko8QFDmYmq","parentGraph":"s5DPBsdoE8b/Nko8QFDmYmq","groups":["FbBkTDMs9Kb","u9sz1k03gFY"]}},{"type":"Feature","id":"VhQ9XNIC1YF","geometry":{"type":"Polygon","coordinates":[[[6.916,6.0183],[6.937,6.0095],[6.8397,5.9352],[6.8744,6.0516],[6.916,6.0183]]]},"properties":{"code":null,"name":"an Nnewi North Local Government Area","level":"3","parent":"Nko8QFDmYmq","parentGraph":"s5DPBsdoE8b/Nko8QFDmYmq","groups":["FbBkTDMs9Kb","u9sz1k03gFY"]}},{"type":"Feature","id":"Nk6Zp0MHp87","geometry":{"type":"Polygon","coordinates":[[[7.0371,5.9299],[7.0344,5.918],[6.9458,5.8861],[6.8082,5.9001],[6.8397,5.9352],[6.937,6.0095],[6.938,6.0095],[6.96,5.9979],[7.0371,5.9299]]]},"properties":{"code":null,"name":"an Nnewi South Local Government Area","level":"3","parent":"Nko8QFDmYmq","parentGraph":"s5DPBsdoE8b/Nko8QFDmYmq","groups":["FbBkTDMs9Kb","u9sz1k03gFY"]}},{"type":"Feature","id":"kIIc6z1MTiT","geometry":{"type":"Polygon","coordinates":[[[6.7691,6.0595],[6.773,6.0504],[6.8082,5.9001],[6.773,5.7809],[6.6687,5.6944],[6.63,5.6977],[6.6121,5.7184],[6.725,5.982],[6.7376,6.0582],[6.7644,6.0549],[6.7691,6.0595]]]},"properties":{"code":null,"name":"an Ogbaru Local Government Area","level":"3","parent":"Nko8QFDmYmq","parentGraph":"s5DPBsdoE8b/Nko8QFDmYmq","groups":["zAywu9z1ZWc","FbBkTDMs9Kb","u9sz1k03gFY"]}},{"type":"Feature","id":"LOymDyfJtxx","geometry":{"type":"Polygon","coordinates":[[[6.8188,6.1229],[6.804,6.08],[6.7789,6.0918],[6.7429,6.0987],[6.7495,6.1101],[6.7538,6.1237],[6.7933,6.1356],[6.8188,6.1229]]]},"properties":{"code":null,"name":"an Onitsha North Local Government Area","level":"3","parent":"Nko8QFDmYmq","parentGraph":"s5DPBsdoE8b/Nko8QFDmYmq","groups":["FbBkTDMs9Kb","u9sz1k03gFY"]}},{"type":"Feature","id":"RNxEQZTdN6y","geometry":{"type":"Polygon","coordinates":[[[6.7644,6.0549],[6.7376,6.0582],[6.7429,6.0987],[6.7789,6.0918],[6.7691,6.0595],[6.7644,6.0549]]]},"properties":{"code":null,"name":"an Onitsha South Local Government Area","level":"3","parent":"Nko8QFDmYmq","parentGraph":"s5DPBsdoE8b/Nko8QFDmYmq","groups":["FbBkTDMs9Kb","u9sz1k03gFY"]}},{"type":"Feature","id":"YqiVViq60lt","geometry":{"type":"Polygon","coordinates":[[[7.269,6.0388],[7.1773,6.0322],[7.1326,5.9626],[7.0201,6.0348],[7.0531,6.0866],[7.1405,6.2256],[7.179,6.241],[7.269,6.0388]]]},"properties":{"code":null,"name":"an Orumba North Local Government Area","level":"3","parent":"Nko8QFDmYmq","parentGraph":"s5DPBsdoE8b/Nko8QFDmYmq","groups":["FbBkTDMs9Kb","u9sz1k03gFY"]}},{"type":"Feature","id":"Lf4lWFshJs4","geometry":{"type":"Polygon","coordinates":[[[7.3504,6.0238],[7.3637,6.0207],[7.2501,5.9263],[7.2257,5.9226],[7.1436,5.9094],[7.1236,5.9153],[7.1326,5.9626],[7.1773,6.0322],[7.269,6.0388],[7.3504,6.0238]]]},"properties":{"code":null,"name":"an Orumba South Local Government Area","level":"3","parent":"Nko8QFDmYmq","parentGraph":"s5DPBsdoE8b/Nko8QFDmYmq","groups":["FbBkTDMs9Kb","u9sz1k03gFY"]}},{"type":"Feature","id":"zclzKDIkAYR","geometry":{"type":"Polygon","coordinates":[[[6.8571,6.1228],[6.8188,6.1229],[6.7933,6.1356],[6.9414,6.3057],[6.9438,6.3022],[6.8843,6.1455],[6.8571,6.1228]]]},"properties":{"code":null,"name":"an Oyi Local Government Area","level":"3","parent":"Nko8QFDmYmq","parentGraph":"s5DPBsdoE8b/Nko8QFDmYmq","groups":["FbBkTDMs9Kb","u9sz1k03gFY"]}},{"type":"Feature","id":"v3GUZsQb0Un","geometry":{"type":"Polygon","coordinates":[[[10.8477,10.1971],[10.7399,10.1456],[10.7603,10.0468],[10.9815,9.8829],[10.998,9.8375],[11.0198,9.7053],[11.0687,9.5864],[11.0042,9.5871],[10.9003,9.6043],[10.7291,9.5266],[10.6345,9.5393],[10.5605,9.4967],[10.528,9.5119],[10.3579,9.6164],[9.9356,9.8056],[9.9771,9.9577],[10.0361,10.0404],[10.2921,10.0231],[10.3176,10.3059],[10.4032,10.2957],[10.5183,10.1883],[10.6494,10.1412],[10.8477,10.1971]]]},"properties":{"code":null,"name":"ba Alkaleri Local Government Area","level":"3","parent":"ziJ3yxfgb3m","parentGraph":"s5DPBsdoE8b/ziJ3yxfgb3m","groups":["FbBkTDMs9Kb","u9sz1k03gFY","j6UuBZKGhUp"]}},{"type":"Feature","id":"c8JDsLKbFBR","geometry":{"type":"Polygon","coordinates":[[[10.2648,10.476],[10.3176,10.3059],[10.2921,10.0231],[10.0361,10.0404],[9.9771,9.9577],[9.9356,9.8056],[9.8752,9.8375],[9.6319,10.0669],[9.6318,10.2315],[9.644,10.3147],[9.6063,10.5422],[9.8326,10.5059],[9.8852,10.3987],[9.974,10.389],[10.2648,10.476]]]},"properties":{"code":null,"name":"ba Bauchi Local Government Area","level":"3","parent":"ziJ3yxfgb3m","parentGraph":"s5DPBsdoE8b/ziJ3yxfgb3m","groups":["zAywu9z1ZWc","FbBkTDMs9Kb","u9sz1k03gFY","j6UuBZKGhUp"]}},{"type":"Feature","id":"ziJ3yxfgb3m","geometry":{"type":"Polygon","coordinates":[[[11.0143,11.2948],[10.9577,11.231],[10.86,11.1788],[10.7619,11.0796],[10.6987,11.0655],[10.6532,11.0114],[10.5955,10.814],[10.5339,10.711],[10.653,10.6632],[10.6998,10.5032],[10.816,10.4614],[10.8497,10.3824],[10.8349,10.1703],[10.7399,10.1456],[10.724,10.0891],[10.7603,10.0468],[10.9815,9.8829],[11.0112,9.7229],[11.0687,9.5864],[11.0042,9.5871],[10.9003,9.6043],[10.7291,9.5266],[10.6345,9.5393],[10.5605,9.4967],[10.3579,9.6164],[10.1792,9.6925],[9.8653,9.843],[9.8116,9.7913],[9.8627,9.7262],[9.8588,9.6716],[9.782,9.6509],[9.7353,9.5673],[9.6646,9.5446],[9.5023,9.5352],[9.3365,9.5633],[9.2868,9.5931],[9.2329,9.6884],[9.1695,9.7112],[9.1997,9.8235],[9.1992,9.9375],[9.1545,10.0184],[8.9602,9.9865],[8.9605,10.0237],[8.9578,10.2266],[8.9118,10.3219],[8.785,10.3356],[8.6992,10.4069],[8.7413,10.5492],[8.8205,10.685],[8.807,10.7435],[8.7445,10.8127],[8.7309,10.9544],[8.7639,11.0833],[8.8568,11.0957],[8.9637,11.2325],[9.0714,11.3216],[9.1356,11.3078],[9.2247,11.3424],[9.4578,11.2895],[9.5491,11.3012],[9.5779,11.2427],[9.829,11.2567],[9.8807,11.1443],[9.8675,11.0189],[9.9021,10.9645],[9.9943,10.9456],[10.0847,10.9678],[10.2098,10.9425],[10.1924,11.0261],[10.258,11.0781],[10.3765,11.1285],[10.3776,11.1953],[10.234,11.2042],[10.0387,11.2369],[9.9903,11.2662],[9.9047,11.3844],[9.8801,11.4652],[9.818,11.4504],[9.7901,11.4957],[9.8306,11.5754],[9.7987,11.7145],[9.627,11.7112],[9.6347,11.779],[9.6867,11.8513],[9.7863,11.8586],[9.8746,11.907],[10.1712,12.0212],[10.1615,12.0868],[10.2885,12.4244],[10.3994,12.4535],[10.4307,12.3925],[10.6094,12.5025],[10.7344,12.4042],[10.7623,12.2165],[10.8132,12.1425],[10.8405,11.8877],[10.9754,11.5549],[10.9388,11.3252],[11.0143,11.2948]]]},"properties":{"code":null,"name":"ba Bauchi State","level":"2","parent":"s5DPBsdoE8b","parentGraph":"s5DPBsdoE8b","groups":["VZ50tpviPWt","noO9vWjq7bk","aCdSdgaf2uc","FDdJ6PFtOPk","u9sz1k03gFY"]}},{"type":"Feature","id":"notdTGbsKLX","geometry":{"type":"Polygon","coordinates":[[[9.8114,9.6586],[9.7274,9.5651],[9.5023,9.5352],[9.4171,9.5576],[9.5014,9.7119],[9.7012,9.7218],[9.8114,9.6586]]]},"properties":{"code":null,"name":"ba Bogoro Local Government Area","level":"3","parent":"ziJ3yxfgb3m","parentGraph":"s5DPBsdoE8b/ziJ3yxfgb3m","groups":["FbBkTDMs9Kb","u9sz1k03gFY","j6UuBZKGhUp"]}},{"type":"Feature","id":"guLLcevRGdK","geometry":{"type":"Polygon","coordinates":[[[10.9747,11.4955],[10.9459,11.3773],[10.8475,11.4438],[10.7859,11.4387],[10.7295,11.4999],[10.6814,11.5367],[10.6461,11.6656],[10.8871,11.7734],[10.9754,11.5549],[10.9747,11.4955]]]},"properties":{"code":null,"name":"ba Dambam Local Government Area","level":"3","parent":"ziJ3yxfgb3m","parentGraph":"s5DPBsdoE8b/ziJ3yxfgb3m","groups":["FbBkTDMs9Kb","u9sz1k03gFY","j6UuBZKGhUp"]}},{"type":"Feature","id":"kSyEE6ut2en","geometry":{"type":"Polygon","coordinates":[[[10.8475,11.4438],[10.9459,11.3773],[10.9388,11.3252],[11.0143,11.2948],[10.9756,11.2552],[10.7619,11.0796],[10.6532,11.0114],[10.5652,10.7739],[10.4974,10.8584],[10.3271,10.9365],[10.2756,11.0816],[10.3926,11.1744],[10.6184,11.2598],[10.6369,11.3883],[10.7859,11.4387],[10.8475,11.4438]]]},"properties":{"code":null,"name":"ba Darazo Local Government Area","level":"3","parent":"ziJ3yxfgb3m","parentGraph":"s5DPBsdoE8b/ziJ3yxfgb3m","groups":["FbBkTDMs9Kb","u9sz1k03gFY","j6UuBZKGhUp"]}},{"type":"Feature","id":"WqHLYB673fH","geometry":{"type":"Polygon","coordinates":[[[9.3905,9.8985],[9.353,9.985],[9.4246,10.1078],[9.4787,10.1256],[9.5722,10.0741],[9.596,9.9185],[9.3905,9.8985]]]},"properties":{"code":null,"name":"ba Dass Local Government Area","level":"3","parent":"ziJ3yxfgb3m","parentGraph":"s5DPBsdoE8b/ziJ3yxfgb3m","groups":["FbBkTDMs9Kb","u9sz1k03gFY","j6UuBZKGhUp"]}},{"type":"Feature","id":"G9oXC1A26tX","geometry":{"type":"Polygon","coordinates":[[[10.7564,12.3362],[10.7623,12.2165],[10.8132,12.1425],[10.8486,11.8648],[10.8871,11.7734],[10.6461,11.6656],[10.5882,11.6458],[10.4751,11.788],[10.454,11.8098],[10.5167,11.8619],[10.4435,11.8815],[10.4426,11.8817],[10.4065,12.0345],[10.4291,12.1311],[10.3315,12.1707],[10.4003,12.2763],[10.548,12.361],[10.5808,12.3274],[10.7564,12.3362]]]},"properties":{"code":null,"name":"ba Gamawa Local Government Area","level":"3","parent":"ziJ3yxfgb3m","parentGraph":"s5DPBsdoE8b/ziJ3yxfgb3m","groups":["FbBkTDMs9Kb","u9sz1k03gFY","j6UuBZKGhUp"]}},{"type":"Feature","id":"iMIRFfrdgQM","geometry":{"type":"Polygon","coordinates":[[[10.3271,10.9365],[10.4974,10.8584],[10.5652,10.7739],[10.5665,10.6993],[10.4751,10.6168],[10.3748,10.6108],[10.2648,10.476],[9.974,10.389],[9.8852,10.3987],[9.8326,10.5059],[9.6063,10.5422],[9.5667,10.6723],[9.6092,10.83],[9.6279,11.0455],[9.8675,11.0215],[9.9021,10.9645],[10.0847,10.9678],[10.2098,10.9425],[10.1924,11.0261],[10.2756,11.0816],[10.3271,10.9365]]]},"properties":{"code":null,"name":"ba Ganjuwa Local Government Area","level":"3","parent":"ziJ3yxfgb3m","parentGraph":"s5DPBsdoE8b/ziJ3yxfgb3m","groups":["zAywu9z1ZWc","FbBkTDMs9Kb","u9sz1k03gFY","j6UuBZKGhUp"]}},{"type":"Feature","id":"G7oLibKGcIG","geometry":{"type":"Polygon","coordinates":[[[10.3737,11.5146],[10.3255,11.486],[10.3436,11.4081],[10.2896,11.1991],[10.1131,11.2288],[10.1747,11.3751],[10.2476,11.4321],[10.215,11.5653],[10.2155,11.5818],[10.3761,11.5763],[10.3737,11.5146]]]},"properties":{"code":null,"name":"ba Giade Local Government Area","level":"3","parent":"ziJ3yxfgb3m","parentGraph":"s5DPBsdoE8b/ziJ3yxfgb3m","groups":["FbBkTDMs9Kb","u9sz1k03gFY","j6UuBZKGhUp"]}},{"type":"Feature","id":"W8AHKgEFoS0","geometry":{"type":"Polygon","coordinates":[[[10.4435,11.8815],[10.5167,11.8619],[10.454,11.8098],[10.1992,11.7591],[10.076,11.8023],[9.9937,11.762],[9.9716,11.7633],[9.8425,11.7624],[9.7591,11.7215],[9.6889,11.7019],[9.6442,11.7032],[9.6347,11.779],[9.6867,11.8513],[9.7863,11.8586],[9.9283,11.9282],[10.0513,11.9664],[10.171,12.0371],[10.2696,11.9081],[10.4426,11.8817],[10.4435,11.8815]]]},"properties":{"code":null,"name":"ba Itas/Gadau Local Government Area","level":"3","parent":"ziJ3yxfgb3m","parentGraph":"s5DPBsdoE8b/ziJ3yxfgb3m","groups":["FbBkTDMs9Kb","u9sz1k03gFY","j6UuBZKGhUp"]}},{"type":"Feature","id":"O0Lq1m0a0KS","geometry":{"type":"Polygon","coordinates":[[[9.9716,11.7633],[9.9937,11.762],[10.1239,11.6945],[10.046,11.6254],[9.9833,11.6405],[9.9034,11.5574],[9.8178,11.5516],[9.7987,11.7145],[9.7591,11.7215],[9.8425,11.7624],[9.9716,11.7633]]]},"properties":{"code":null,"name":"ba Jama'are Local Government Area","level":"3","parent":"ziJ3yxfgb3m","parentGraph":"s5DPBsdoE8b/ziJ3yxfgb3m","groups":["FbBkTDMs9Kb","u9sz1k03gFY","j6UuBZKGhUp"]}},{"type":"Feature","id":"g8mqPshZTIb","geometry":{"type":"Polygon","coordinates":[[[10.4751,11.788],[10.5882,11.6458],[10.6461,11.6656],[10.6814,11.5367],[10.5652,11.4852],[10.4049,11.472],[10.3737,11.5146],[10.3761,11.5763],[10.2155,11.5818],[10.1321,11.5589],[10.0388,11.5976],[9.9641,11.5032],[9.9859,11.3881],[9.9514,11.3181],[9.8801,11.4652],[9.813,11.455],[9.8178,11.5516],[9.9034,11.5574],[9.9833,11.6405],[10.046,11.6254],[10.1239,11.6945],[9.9937,11.762],[10.076,11.8023],[10.1992,11.7591],[10.454,11.8098],[10.4751,11.788]]]},"properties":{"code":null,"name":"ba Katagum Local Government Area","level":"3","parent":"ziJ3yxfgb3m","parentGraph":"s5DPBsdoE8b/ziJ3yxfgb3m","groups":["FbBkTDMs9Kb","u9sz1k03gFY","j6UuBZKGhUp"]}},{"type":"Feature","id":"eKQiMUBtDb7","geometry":{"type":"Polygon","coordinates":[[[10.8347,10.4214],[10.8477,10.1971],[10.6494,10.1412],[10.5183,10.1883],[10.4032,10.2957],[10.3176,10.3059],[10.2648,10.476],[10.3748,10.6108],[10.4751,10.6168],[10.5665,10.6993],[10.653,10.6632],[10.6998,10.5032],[10.8347,10.4214]]]},"properties":{"code":null,"name":"ba Kirfi Local Government Area","level":"3","parent":"ziJ3yxfgb3m","parentGraph":"s5DPBsdoE8b/ziJ3yxfgb3m","groups":["FbBkTDMs9Kb","u9sz1k03gFY","j6UuBZKGhUp"]}},{"type":"Feature","id":"eACbQ5aruhW","geometry":{"type":"Polygon","coordinates":[[[10.7295,11.4999],[10.7859,11.4387],[10.6369,11.3883],[10.6184,11.2598],[10.3926,11.1744],[10.2896,11.1991],[10.3436,11.4081],[10.3255,11.486],[10.3737,11.5146],[10.4049,11.472],[10.5652,11.4852],[10.6814,11.5367],[10.7295,11.4999]]]},"properties":{"code":null,"name":"ba Misau Local Government Area","level":"3","parent":"ziJ3yxfgb3m","parentGraph":"s5DPBsdoE8b/ziJ3yxfgb3m","groups":["FbBkTDMs9Kb","u9sz1k03gFY","j6UuBZKGhUp"]}},{"type":"Feature","id":"DWhH6AQSCsj","geometry":{"type":"Polygon","coordinates":[[[9.6339,11.2396],[9.6052,11.1249],[9.6279,11.0455],[9.6092,10.83],[9.445,10.7805],[9.2703,10.7686],[9.1785,10.735],[9.0273,10.7332],[8.8962,10.81],[8.7894,10.7614],[8.7445,10.8127],[8.7318,10.9627],[8.7716,11.0864],[8.8568,11.0957],[9.0315,11.2966],[9.0801,11.323],[9.2247,11.3424],[9.4578,11.2895],[9.5491,11.3012],[9.6339,11.2396]]]},"properties":{"code":null,"name":"ba Ningi Local Government Area","level":"3","parent":"ziJ3yxfgb3m","parentGraph":"s5DPBsdoE8b/ziJ3yxfgb3m","groups":["zAywu9z1ZWc","FbBkTDMs9Kb","u9sz1k03gFY","j6UuBZKGhUp"]}},{"type":"Feature","id":"CqzyFbSzhJn","geometry":{"type":"Polygon","coordinates":[[[9.6318,10.2315],[9.6319,10.0669],[9.8752,9.8375],[9.8116,9.7913],[9.8627,9.7262],[9.8114,9.6586],[9.7012,9.7218],[9.5014,9.7119],[9.4171,9.5576],[9.3841,9.5605],[9.2938,9.5869],[9.1638,9.7586],[9.195,9.8153],[9.3152,9.8283],[9.3905,9.8985],[9.596,9.9185],[9.5722,10.0741],[9.4787,10.1256],[9.5988,10.1683],[9.6318,10.2315]]]},"properties":{"code":null,"name":"ba Tafawa-Balewa Local Government Area","level":"3","parent":"ziJ3yxfgb3m","parentGraph":"s5DPBsdoE8b/ziJ3yxfgb3m","groups":["zAywu9z1ZWc","FbBkTDMs9Kb","u9sz1k03gFY","j6UuBZKGhUp"]}},{"type":"Feature","id":"MVIVSuywQVu","geometry":{"type":"Polygon","coordinates":[[[9.6092,10.83],[9.5667,10.6723],[9.6063,10.5422],[9.644,10.3147],[9.6318,10.2315],[9.5988,10.1683],[9.4787,10.1256],[9.4246,10.1078],[9.353,9.985],[9.3905,9.8985],[9.3152,9.8283],[9.195,9.8153],[9.1992,9.9375],[9.1545,10.0184],[8.9602,9.9865],[8.9605,10.0237],[8.9616,10.1428],[8.9118,10.3219],[8.785,10.3356],[8.6992,10.4069],[8.7413,10.5492],[8.8126,10.6529],[8.7894,10.7614],[8.8962,10.81],[9.0273,10.7332],[9.1785,10.735],[9.2703,10.7686],[9.445,10.7805],[9.6092,10.83]]]},"properties":{"code":null,"name":"ba Toro Local Government Area","level":"3","parent":"ziJ3yxfgb3m","parentGraph":"s5DPBsdoE8b/ziJ3yxfgb3m","groups":["FbBkTDMs9Kb","u9sz1k03gFY","j6UuBZKGhUp"]}},{"type":"Feature","id":"lkOqJRpJNWN","geometry":{"type":"Polygon","coordinates":[[[9.8675,11.0215],[9.6279,11.0455],[9.6052,11.1249],[9.6339,11.2396],[9.6515,11.2409],[9.829,11.2567],[9.8807,11.1443],[9.8675,11.0215]]]},"properties":{"code":null,"name":"ba Warji Local Government Area","level":"3","parent":"ziJ3yxfgb3m","parentGraph":"s5DPBsdoE8b/ziJ3yxfgb3m","groups":["FbBkTDMs9Kb","u9sz1k03gFY","j6UuBZKGhUp"]}},{"type":"Feature","id":"DOz124ajI0p","geometry":{"type":"Polygon","coordinates":[[[10.7564,12.3362],[10.5808,12.3274],[10.548,12.361],[10.4003,12.2763],[10.3315,12.1707],[10.4291,12.1311],[10.4065,12.0345],[10.4426,11.8817],[10.2696,11.9081],[10.171,12.0371],[10.1615,12.0868],[10.2164,12.2481],[10.2558,12.3782],[10.3433,12.4449],[10.4307,12.3925],[10.6094,12.5025],[10.7344,12.4042],[10.7564,12.3362]]]},"properties":{"code":null,"name":"ba Zaki Local Government Area","level":"3","parent":"ziJ3yxfgb3m","parentGraph":"s5DPBsdoE8b/ziJ3yxfgb3m","groups":["FbBkTDMs9Kb","u9sz1k03gFY","j6UuBZKGhUp"]}},{"type":"Feature","id":"R6mcmVN1GJD","geometry":{"type":"Polygon","coordinates":[[[8.069,6.6992],[7.988,6.695],[7.9679,6.5619],[7.9156,6.5249],[7.8276,6.6303],[7.8542,6.8077],[7.9123,6.8246],[7.8828,6.9058],[7.9783,6.982],[8.0535,6.9734],[8.0868,6.9692],[8.0908,6.943],[8.1187,6.8002],[8.1566,6.7604],[8.1381,6.7388],[8.069,6.6992]]]},"properties":{"code":null,"name":"be Ado Local Government Area","level":"3","parent":"MXrZyuS9E7A","parentGraph":"s5DPBsdoE8b/MXrZyuS9E7A","groups":["FbBkTDMs9Kb","u9sz1k03gFY"]}},{"type":"Feature","id":"NU5b5JHDyoj","geometry":{"type":"Polygon","coordinates":[[[8.0666,7.9104],[8.232,7.8488],[8.1112,7.7681],[8.0632,7.6917],[7.8471,7.7645],[7.7554,7.7454],[7.6685,7.8799],[7.6651,8.0202],[7.9499,7.96],[8.0666,7.9104]]]},"properties":{"code":null,"name":"be Agatu Local Government Area","level":"3","parent":"MXrZyuS9E7A","parentGraph":"s5DPBsdoE8b/MXrZyuS9E7A","groups":["zAywu9z1ZWc","FbBkTDMs9Kb","u9sz1k03gFY"]}},{"type":"Feature","id":"z9HdEaKEpsg","geometry":{"type":"Polygon","coordinates":[[[7.8471,7.7645],[8.0632,7.6917],[8.0769,7.6118],[7.9972,7.5381],[7.8205,7.4283],[7.7837,7.4461],[7.7547,7.6411],[7.7554,7.7454],[7.8471,7.7645]]]},"properties":{"code":null,"name":"be Apa Local Government Area","level":"3","parent":"MXrZyuS9E7A","parentGraph":"s5DPBsdoE8b/MXrZyuS9E7A","groups":["FbBkTDMs9Kb","u9sz1k03gFY"]}},{"type":"Feature","id":"MXrZyuS9E7A","geometry":{"type":"Polygon","coordinates":[[[9.1695,7.9144],[9.1083,7.8184],[9.3585,7.8669],[9.4906,7.859],[9.6114,7.8306],[9.7663,7.6607],[9.9014,7.5387],[9.9226,7.4762],[9.875,7.3138],[9.8647,7.1952],[9.7593,7.1114],[9.7058,7.0119],[9.6763,6.7971],[9.6794,6.6972],[9.6451,6.5234],[9.5848,6.4716],[9.4688,6.4505],[9.2901,6.6752],[9.1933,6.6878],[9.0615,6.6541],[8.9714,6.6757],[8.9813,6.7388],[8.9728,6.7793],[8.8139,6.8741],[8.7115,6.8944],[8.6156,6.8548],[8.6279,6.782],[8.5269,6.7377],[8.4004,6.7436],[8.2919,6.6757],[8.2646,6.7124],[8.2509,6.7811],[8.1511,6.7589],[8.0914,6.6974],[7.988,6.695],[7.9517,6.5287],[7.9004,6.5313],[7.8276,6.6303],[7.8647,6.734],[7.8502,6.8247],[7.7571,6.8834],[7.6876,6.8376],[7.5358,6.9609],[7.4937,7.0746],[7.6319,7.0047],[7.6528,7.0993],[7.8102,7.1998],[7.8815,7.4267],[7.7837,7.4461],[7.7637,7.5354],[7.7426,7.7859],[7.6685,7.8799],[7.6651,8.0202],[7.9499,7.96],[8.1702,7.8576],[8.2721,7.8438],[8.412,7.7628],[8.4318,7.8024],[8.3559,7.9899],[8.3911,8.0993],[8.519,8.142],[8.7252,8.0751],[8.8696,8.0453],[8.9789,8.0471],[9.1695,7.9144]]]},"properties":{"code":null,"name":"be Benue State","level":"2","parent":"s5DPBsdoE8b","parentGraph":"s5DPBsdoE8b","groups":["VZ50tpviPWt","aCdSdgaf2uc","iIx71rUFpk3","FDdJ6PFtOPk","u9sz1k03gFY"]}},{"type":"Feature","id":"YeiyHttkjGy","geometry":{"type":"Polygon","coordinates":[[[9.0362,7.6565],[9.1666,7.5498],[9.267,7.539],[9.3121,7.4903],[9.2852,7.3805],[9.3167,7.2192],[9.3079,7.1321],[9.1983,7.0553],[9.057,7.0918],[9.0406,7.1197],[9.1662,7.3018],[9.0846,7.4641],[8.9085,7.4565],[8.9188,7.6085],[8.9523,7.6783],[9.0362,7.6565]]]},"properties":{"code":null,"name":"be Buruku Local Government Area","level":"3","parent":"MXrZyuS9E7A","parentGraph":"s5DPBsdoE8b/MXrZyuS9E7A","groups":["FbBkTDMs9Kb","u9sz1k03gFY"]}},{"type":"Feature","id":"XkAgF2SCYLI","geometry":{"type":"Polygon","coordinates":[[[8.9085,7.4565],[9.0846,7.4641],[9.1662,7.3018],[9.0406,7.1197],[9.0238,7.1895],[8.9263,7.2197],[8.7657,7.0903],[8.7133,7.1061],[8.6275,7.2441],[8.6136,7.3629],[8.6946,7.5119],[8.7503,7.5548],[8.7674,7.5742],[8.8245,7.456],[8.9085,7.4565]]]},"properties":{"code":null,"name":"be Gboko Local Government Area","level":"3","parent":"MXrZyuS9E7A","parentGraph":"s5DPBsdoE8b/MXrZyuS9E7A","groups":["FbBkTDMs9Kb","u9sz1k03gFY"]}},{"type":"Feature","id":"l1FzCRjKHOg","geometry":{"type":"Polygon","coordinates":[[[8.9899,8.0508],[9.1695,7.9144],[9.1273,7.9175],[9.0652,7.9102],[9.0033,7.8279],[9.0362,7.6565],[8.9523,7.6783],[8.8768,7.6785],[8.7679,7.6534],[8.675,7.6523],[8.6658,7.7658],[8.5769,7.8517],[8.4286,7.8107],[8.3559,7.9899],[8.3911,8.0993],[8.4968,8.142],[8.7252,8.0751],[8.9899,8.0508]]]},"properties":{"code":null,"name":"be Guma Local Government Area","level":"3","parent":"MXrZyuS9E7A","parentGraph":"s5DPBsdoE8b/MXrZyuS9E7A","groups":["FbBkTDMs9Kb","u9sz1k03gFY"]}},{"type":"Feature","id":"eWlGoLbfLr7","geometry":{"type":"Polygon","coordinates":[[[8.7503,7.5548],[8.6946,7.5119],[8.6136,7.3629],[8.4932,7.2122],[8.4415,6.9842],[8.411,7.0073],[8.3575,7.0341],[8.2672,7.0872],[8.1609,7.2571],[8.1281,7.3561],[8.2413,7.4435],[8.3405,7.6028],[8.4046,7.6431],[8.5236,7.5509],[8.6017,7.5696],[8.675,7.6523],[8.7679,7.6534],[8.7674,7.5742],[8.7503,7.5548]]]},"properties":{"code":null,"name":"be Gwer East Local Government Area","level":"3","parent":"MXrZyuS9E7A","parentGraph":"s5DPBsdoE8b/MXrZyuS9E7A","groups":["zAywu9z1ZWc","FbBkTDMs9Kb","u9sz1k03gFY"]}},{"type":"Feature","id":"cZxafI86D2Y","geometry":{"type":"Polygon","coordinates":[[[8.232,7.8488],[8.3837,7.7756],[8.4046,7.6431],[8.3405,7.6028],[8.2413,7.4435],[8.1281,7.3561],[8.1061,7.4389],[8.0769,7.6118],[8.0632,7.6917],[8.1112,7.7681],[8.232,7.8488]]]},"properties":{"code":null,"name":"be Gwer West Local Government Area","level":"3","parent":"MXrZyuS9E7A","parentGraph":"s5DPBsdoE8b/MXrZyuS9E7A","groups":["FbBkTDMs9Kb","u9sz1k03gFY"]}},{"type":"Feature","id":"AL7eUjryxNi","geometry":{"type":"Polygon","coordinates":[[[9.8757,7.2821],[9.5738,7.1248],[9.5221,6.9934],[9.4437,7.0617],[9.3079,7.1321],[9.3167,7.2192],[9.2852,7.3805],[9.3121,7.4903],[9.4653,7.585],[9.5986,7.4003],[9.6226,7.4039],[9.8411,7.5957],[9.9226,7.4762],[9.8757,7.2821]]]},"properties":{"code":null,"name":"be Katsina-Ala Local Government Area","level":"3","parent":"MXrZyuS9E7A","parentGraph":"s5DPBsdoE8b/MXrZyuS9E7A","groups":["zAywu9z1ZWc","FbBkTDMs9Kb","u9sz1k03gFY"]}},{"type":"Feature","id":"KUYwdQS66vH","geometry":{"type":"Polygon","coordinates":[[[8.9506,6.7925],[8.9228,6.811],[8.8139,6.8741],[8.7115,6.8944],[8.6165,6.8431],[8.5188,6.8962],[8.4415,6.9842],[8.4932,7.2122],[8.6136,7.3629],[8.6275,7.2441],[8.7133,7.1061],[8.7657,7.0903],[8.8902,6.9824],[8.9627,6.8555],[8.9506,6.7925]]]},"properties":{"code":null,"name":"be Konshisha Local Government Area","level":"3","parent":"MXrZyuS9E7A","parentGraph":"s5DPBsdoE8b/MXrZyuS9E7A","groups":["FbBkTDMs9Kb","u9sz1k03gFY"]}},{"type":"Feature","id":"raMi3uSwcqz","geometry":{"type":"Polygon","coordinates":[[[9.4688,6.4505],[9.2901,6.6752],[9.2333,6.6887],[9.1688,6.6785],[9.1306,6.6686],[9.1873,6.8702],[9.2611,6.8775],[9.4437,7.0617],[9.5221,6.9934],[9.5738,7.1248],[9.8757,7.2821],[9.879,7.2514],[9.7593,7.1114],[9.7058,7.0119],[9.6794,6.6972],[9.6451,6.5234],[9.5848,6.4716],[9.4688,6.4505]]]},"properties":{"code":null,"name":"be Kwande Local Government Area","level":"3","parent":"MXrZyuS9E7A","parentGraph":"s5DPBsdoE8b/MXrZyuS9E7A","groups":["FbBkTDMs9Kb","u9sz1k03gFY"]}},{"type":"Feature","id":"MgmX3e0u0CY","geometry":{"type":"Polygon","coordinates":[[[9.1273,7.9175],[9.1695,7.9144],[9.1083,7.8184],[9.3861,7.8656],[9.3739,7.7022],[9.4653,7.585],[9.3121,7.4903],[9.267,7.539],[9.1666,7.5498],[9.0362,7.6565],[9.0033,7.8279],[9.0652,7.9102],[9.1273,7.9175]]]},"properties":{"code":null,"name":"be Logo Local Government Area","level":"3","parent":"MXrZyuS9E7A","parentGraph":"s5DPBsdoE8b/MXrZyuS9E7A","groups":["FbBkTDMs9Kb","u9sz1k03gFY"]}},{"type":"Feature","id":"qXeCZBlULbN","geometry":{"type":"Polygon","coordinates":[[[8.6658,7.7658],[8.675,7.6523],[8.6017,7.5696],[8.5236,7.5509],[8.4046,7.6431],[8.3837,7.7756],[8.4286,7.8107],[8.5769,7.8517],[8.6658,7.7658]]]},"properties":{"code":null,"name":"be Makurdi Local Government Area","level":"3","parent":"MXrZyuS9E7A","parentGraph":"s5DPBsdoE8b/MXrZyuS9E7A","groups":["FbBkTDMs9Kb","u9sz1k03gFY"]}},{"type":"Feature","id":"AhMtxuQDl0d","geometry":{"type":"Polygon","coordinates":[[[8.3575,7.0341],[8.411,7.0073],[8.3419,6.8891],[8.0908,6.943],[8.0868,6.9692],[8.1935,6.9952],[8.2672,7.0872],[8.3575,7.0341]]]},"properties":{"code":null,"name":"be Obi Local Government Area","level":"3","parent":"MXrZyuS9E7A","parentGraph":"s5DPBsdoE8b/MXrZyuS9E7A","groups":["FbBkTDMs9Kb","u9sz1k03gFY"]}},{"type":"Feature","id":"gnuDlIMv2na","geometry":{"type":"Polygon","coordinates":[[[7.7573,6.8834],[7.6601,6.8519],[7.5824,6.9067],[7.5375,6.9587],[7.4937,7.0746],[7.6319,7.0047],[7.6878,7.1156],[7.7642,7.0416],[7.7208,6.9433],[7.7573,6.8834]]]},"properties":{"code":null,"name":"be Ogbadibo Local Government Area","level":"3","parent":"MXrZyuS9E7A","parentGraph":"s5DPBsdoE8b/MXrZyuS9E7A","groups":["zAywu9z1ZWc","FbBkTDMs9Kb","u9sz1k03gFY"]}},{"type":"Feature","id":"yVy6pUvXxvU","geometry":{"type":"Polygon","coordinates":[[[7.9719,7.0731],[7.7875,7.1734],[7.8355,7.2753],[7.8474,7.3482],[7.9856,7.3158],[8.1059,7.2359],[8.0947,7.1407],[7.9719,7.0731]]]},"properties":{"code":null,"name":"be Ohimini Local Government Area","level":"3","parent":"MXrZyuS9E7A","parentGraph":"s5DPBsdoE8b/MXrZyuS9E7A","groups":["FbBkTDMs9Kb","u9sz1k03gFY"]}},{"type":"Feature","id":"tOZbj1G5WhA","geometry":{"type":"Polygon","coordinates":[[[8.5188,6.8962],[8.6165,6.8431],[8.6279,6.782],[8.5269,6.7377],[8.4004,6.7436],[8.2919,6.6757],[8.2226,6.8022],[8.1566,6.7604],[8.1187,6.8002],[8.0908,6.943],[8.3419,6.8891],[8.411,7.0073],[8.4415,6.9842],[8.5188,6.8962]]]},"properties":{"code":null,"name":"be Oju Local Government Area","level":"3","parent":"MXrZyuS9E7A","parentGraph":"s5DPBsdoE8b/MXrZyuS9E7A","groups":["zAywu9z1ZWc","FbBkTDMs9Kb","u9sz1k03gFY"]}},{"type":"Feature","id":"Po7gAwTAK3M","geometry":{"type":"Polygon","coordinates":[[[7.7875,7.1734],[7.9719,7.0731],[8.0535,6.9734],[7.9783,6.982],[7.8828,6.9058],[7.9123,6.8246],[7.8542,6.8077],[7.8271,6.8592],[7.7573,6.8834],[7.7208,6.9433],[7.7642,7.0416],[7.6878,7.1156],[7.7875,7.1734]]]},"properties":{"code":null,"name":"be Okpokwu Local Government Area","level":"3","parent":"MXrZyuS9E7A","parentGraph":"s5DPBsdoE8b/MXrZyuS9E7A","groups":["FbBkTDMs9Kb","u9sz1k03gFY"]}},{"type":"Feature","id":"NOzrBbK5XWV","geometry":{"type":"Polygon","coordinates":[[[8.1061,7.4389],[8.1281,7.3561],[8.1609,7.2571],[8.2672,7.0872],[8.1935,6.9952],[8.0868,6.9692],[8.0535,6.9734],[7.9719,7.0731],[8.0947,7.1407],[8.1059,7.2359],[7.9856,7.3158],[7.8474,7.3482],[7.8815,7.4267],[7.8205,7.4283],[7.9972,7.5381],[8.0769,7.6118],[8.1061,7.4389]]]},"properties":{"code":null,"name":"be Otukpo Local Government Area","level":"3","parent":"MXrZyuS9E7A","parentGraph":"s5DPBsdoE8b/MXrZyuS9E7A","groups":["FbBkTDMs9Kb","u9sz1k03gFY"]}},{"type":"Feature","id":"wQdK2eUxycm","geometry":{"type":"Polygon","coordinates":[[[8.8768,7.6785],[8.9523,7.6783],[8.9188,7.6085],[8.9085,7.4565],[8.8245,7.456],[8.7674,7.5742],[8.7679,7.6534],[8.8768,7.6785]]]},"properties":{"code":null,"name":"be Tarka Local Government Area","level":"3","parent":"MXrZyuS9E7A","parentGraph":"s5DPBsdoE8b/MXrZyuS9E7A","groups":["FbBkTDMs9Kb","u9sz1k03gFY"]}},{"type":"Feature","id":"mGqDapo7wKU","geometry":{"type":"Polygon","coordinates":[[[9.6226,7.4039],[9.5986,7.4003],[9.4653,7.585],[9.3739,7.7022],[9.3861,7.8656],[9.6114,7.8306],[9.7824,7.6457],[9.8233,7.6089],[9.8411,7.5957],[9.6226,7.4039]]]},"properties":{"code":null,"name":"be Ukum Local Government Area","level":"3","parent":"MXrZyuS9E7A","parentGraph":"s5DPBsdoE8b/MXrZyuS9E7A","groups":["FbBkTDMs9Kb","u9sz1k03gFY"]}},{"type":"Feature","id":"jbmVrnNa4hY","geometry":{"type":"Polygon","coordinates":[[[9.057,7.0918],[9.1983,7.0553],[9.3079,7.1321],[9.4437,7.0617],[9.2611,6.8775],[9.1873,6.8702],[9.1349,6.9673],[8.9114,6.9835],[8.8902,6.9824],[8.7657,7.0903],[8.9263,7.2197],[9.0238,7.1895],[9.0406,7.1197],[9.057,7.0918]]]},"properties":{"code":null,"name":"be Ushongo Local Government Area","level":"3","parent":"MXrZyuS9E7A","parentGraph":"s5DPBsdoE8b/MXrZyuS9E7A","groups":["FbBkTDMs9Kb","u9sz1k03gFY"]}},{"type":"Feature","id":"H5nm1I86Gpk","geometry":{"type":"Polygon","coordinates":[[[8.9114,6.9835],[9.1349,6.9673],[9.1873,6.8702],[9.1306,6.6686],[8.9714,6.6757],[8.9506,6.7925],[8.9627,6.8555],[8.8902,6.9824],[8.9114,6.9835]]]},"properties":{"code":null,"name":"be Vandeikya Local Government Area","level":"3","parent":"MXrZyuS9E7A","parentGraph":"s5DPBsdoE8b/MXrZyuS9E7A","groups":["FbBkTDMs9Kb","u9sz1k03gFY"]}},{"type":"Feature","id":"E61wS75qRs5","geometry":{"type":"Polygon","coordinates":[[[13.4861,13.3082],[13.4253,13.2919],[13.3584,13.1517],[13.2504,13.0775],[13.1755,13.0753],[13.0055,13.2688],[12.832,13.3988],[12.8771,13.497],[12.924,13.4833],[13.0475,13.5414],[13.2,13.5115],[13.2482,13.613],[13.3591,13.7127],[13.3567,13.5762],[13.4132,13.4772],[13.3868,13.4125],[13.4861,13.3082]]]},"properties":{"code":null,"name":"bo Abadam Local Government Area","level":"3","parent":"RLySnRCE1Gy","parentGraph":"s5DPBsdoE8b/RLySnRCE1Gy","groups":["FbBkTDMs9Kb","u9sz1k03gFY","j6UuBZKGhUp"]}},{"type":"Feature","id":"oGiYVoQA2gU","geometry":{"type":"Polygon","coordinates":[[[13.4141,10.8083],[13.3171,10.4997],[13.3131,10.4711],[13.2226,10.4438],[13.011,10.5695],[12.8734,10.5822],[12.7284,10.4482],[12.6525,10.5862],[12.4953,10.6562],[12.63,10.762],[12.6621,10.7169],[12.898,10.6916],[13.0922,10.691],[13.1078,10.7204],[13.1203,10.8171],[13.4141,10.8083]]]},"properties":{"code":null,"name":"bo Askira/Uba Local Government Area","level":"3","parent":"RLySnRCE1Gy","parentGraph":"s5DPBsdoE8b/RLySnRCE1Gy","groups":["FbBkTDMs9Kb","u9sz1k03gFY","j6UuBZKGhUp"]}},{"type":"Feature","id":"Xi7jSTKECe1","geometry":{"type":"Polygon","coordinates":[[[13.9739,11.3021],[13.8661,11.2922],[13.8195,11.3566],[13.6427,11.4456],[13.5173,11.479],[13.6186,11.5408],[13.7488,11.5102],[13.7651,11.6421],[13.8509,11.7697],[13.9304,11.7241],[14.1117,11.7076],[14.2087,11.7963],[14.3952,11.8472],[14.6013,11.766],[14.5525,11.7178],[14.6317,11.6515],[14.6372,11.5289],[14.4515,11.4587],[14.424,11.4093],[14.2481,11.3324],[14.2092,11.2836],[14.0996,11.2519],[13.9739,11.3021]]]},"properties":{"code":null,"name":"bo Bama Local Government Area","level":"3","parent":"RLySnRCE1Gy","parentGraph":"s5DPBsdoE8b/RLySnRCE1Gy","groups":["zAywu9z1ZWc","FbBkTDMs9Kb","u9sz1k03gFY","j6UuBZKGhUp"]}},{"type":"Feature","id":"t7PoK1sZwld","geometry":{"type":"Polygon","coordinates":[[[11.8985,10.6168],[11.8613,10.5554],[11.9247,10.275],[11.8721,10.2447],[11.8138,10.1894],[11.7112,10.2418],[11.6292,10.3723],[11.7128,10.4933],[11.7011,10.5943],[11.7931,10.6601],[11.9043,10.7072],[11.8985,10.6168]]]},"properties":{"code":null,"name":"bo Bayo Local Government Area","level":"3","parent":"RLySnRCE1Gy","parentGraph":"s5DPBsdoE8b/RLySnRCE1Gy","groups":["FbBkTDMs9Kb","u9sz1k03gFY","j6UuBZKGhUp"]}},{"type":"Feature","id":"tibO57aNd3I","geometry":{"type":"Polygon","coordinates":[[[12.6003,10.8083],[12.63,10.762],[12.4953,10.6562],[12.3525,10.5494],[12.2698,10.6025],[12.2205,10.5728],[12.1137,10.6452],[12.0603,10.5532],[11.8985,10.6168],[11.9043,10.7072],[11.7931,10.6601],[11.8008,10.8115],[11.8813,10.9317],[12.1045,11.0008],[12.1945,11.0868],[12.3277,11.0191],[12.6003,10.8083]]]},"properties":{"code":null,"name":"bo Biu Local Government Area","level":"3","parent":"RLySnRCE1Gy","parentGraph":"s5DPBsdoE8b/RLySnRCE1Gy","groups":["zAywu9z1ZWc","FbBkTDMs9Kb","u9sz1k03gFY","j6UuBZKGhUp"]}},{"type":"Feature","id":"RLySnRCE1Gy","geometry":{"type":"Polygon","coordinates":[[[13.6918,10.939],[13.5385,10.9066],[13.4181,10.9299],[13.4135,10.8017],[13.3358,10.5875],[13.312,10.4634],[13.2226,10.4438],[13.011,10.5695],[12.8734,10.5822],[12.7631,10.4649],[12.6714,10.4445],[12.6188,10.36],[12.5235,10.3245],[12.3813,10.3026],[12.1653,10.0534],[12.0479,10.0292],[11.9456,10.0448],[11.853,10.1056],[11.8026,10.2044],[11.7112,10.2418],[11.6292,10.3723],[11.7128,10.4933],[11.7011,10.5943],[11.7502,10.6053],[11.8052,10.6777],[11.8008,10.8115],[11.8384,10.9009],[11.8813,10.9317],[12.0625,10.9799],[12.1611,11.0382],[12.1949,11.0873],[12.1859,11.2479],[12.3004,11.4409],[12.3737,11.5114],[12.3761,11.5981],[12.3255,11.6577],[12.2464,11.6544],[12.2335,11.6909],[12.3098,11.8364],[12.2825,11.9548],[12.3255,12.2695],[12.2986,12.4222],[12.3206,12.4735],[12.3963,12.5292],[12.4896,12.6729],[12.4819,12.7323],[12.3809,12.822],[12.3609,12.883],[12.3864,13.0767],[12.4804,13.0648],[12.4947,13.129],[12.5424,13.1405],[12.5891,13.2778],[12.6765,13.2743],[12.6929,13.3132],[12.8197,13.3931],[12.8771,13.497],[12.9062,13.4811],[13.0649,13.5472],[13.1865,13.5302],[13.2482,13.613],[13.3591,13.7127],[13.3567,13.5762],[13.4132,13.4772],[13.3868,13.4125],[13.4588,13.3436],[13.5893,13.1726],[13.6947,13.0995],[13.7105,13.0468],[13.7732,13.0652],[13.8503,13.1385],[13.8718,13.1172],[13.7708,12.9556],[13.7942,12.9508],[13.812,12.76],[13.7827,12.6689],[13.9744,12.5281],[13.9852,12.4702],[14.0851,12.4488],[14.1779,12.464],[14.2248,12.3591],[14.4352,12.3612],[14.5193,12.3245],[14.5499,12.2327],[14.6786,12.1511],[14.6231,12.0179],[14.6579,11.955],[14.6073,11.8698],[14.6102,11.7803],[14.5534,11.7264],[14.6317,11.6515],[14.6372,11.5289],[14.4515,11.4587],[14.424,11.4093],[14.2481,11.3324],[14.2092,11.2836],[14.0996,11.2519],[13.9894,11.3115],[13.885,11.126],[13.7915,11.0063],[13.7074,10.9788],[13.6918,10.939]]]},"properties":{"code":null,"name":"bo Borno State","level":"2","parent":"s5DPBsdoE8b","parentGraph":"s5DPBsdoE8b","groups":["aCdSdgaf2uc","FDdJ6PFtOPk","u9sz1k03gFY"]}},{"type":"Feature","id":"Ftj90GxMqCn","geometry":{"type":"Polygon","coordinates":[[[13.1078,10.7204],[13.0922,10.691],[12.898,10.6916],[12.6621,10.7169],[12.63,10.762],[12.6003,10.8083],[12.6824,10.8961],[12.7968,10.9601],[12.9905,10.9858],[13.1203,10.8171],[13.1078,10.7204]]]},"properties":{"code":null,"name":"bo Chibok Local Government Area","level":"3","parent":"RLySnRCE1Gy","parentGraph":"s5DPBsdoE8b/RLySnRCE1Gy","groups":["FbBkTDMs9Kb","u9sz1k03gFY","j6UuBZKGhUp"]}},{"type":"Feature","id":"ZAAC4l8kAzH","geometry":{"type":"Polygon","coordinates":[[[12.7064,11.2587],[12.8008,11.2823],[12.9231,11.191],[12.9665,11.2645],[13.1161,11.3399],[13.137,11.4244],[13.2158,11.4291],[13.3395,11.319],[13.4361,11.2829],[13.4625,11.095],[13.4216,10.9935],[13.4443,10.9333],[13.4141,10.8083],[13.1203,10.8171],[12.9905,10.9858],[12.7968,10.9601],[12.6824,10.8961],[12.6003,10.8083],[12.3277,11.0191],[12.1945,11.0868],[12.1859,11.2479],[12.3004,11.4409],[12.3765,11.5171],[12.4727,11.4082],[12.7064,11.2587]]]},"properties":{"code":null,"name":"bo Damboa Local Government Area","level":"3","parent":"RLySnRCE1Gy","parentGraph":"s5DPBsdoE8b/RLySnRCE1Gy","groups":["zAywu9z1ZWc","FbBkTDMs9Kb","u9sz1k03gFY","j6UuBZKGhUp"]}},{"type":"Feature","id":"r5wSAYYsyqy","geometry":{"type":"Polygon","coordinates":[[[14.4086,12.0498],[14.3952,11.8472],[14.2087,11.7963],[14.1117,11.7076],[13.9304,11.7241],[13.8509,11.7697],[13.9154,11.8373],[13.9255,12.0635],[13.9803,12.1168],[14.0655,12.1715],[14.1971,11.9933],[14.4086,12.0498]]]},"properties":{"code":null,"name":"bo Dikwa Local Government Area","level":"3","parent":"RLySnRCE1Gy","parentGraph":"s5DPBsdoE8b/RLySnRCE1Gy","groups":["FbBkTDMs9Kb","u9sz1k03gFY","j6UuBZKGhUp"]}},{"type":"Feature","id":"m3N2zMOYXTZ","geometry":{"type":"Polygon","coordinates":[[[13.0422,12.8102],[13.0521,12.7428],[12.9253,12.3905],[12.7277,12.4165],[12.6421,12.4836],[12.5539,12.4946],[12.4408,12.5818],[12.4892,12.6786],[12.6998,12.7937],[12.8954,13.0302],[12.976,12.9088],[12.9861,12.8168],[13.0422,12.8102]]]},"properties":{"code":null,"name":"bo Gubio Local Government Area","level":"3","parent":"RLySnRCE1Gy","parentGraph":"s5DPBsdoE8b/RLySnRCE1Gy","groups":["FbBkTDMs9Kb","u9sz1k03gFY","j6UuBZKGhUp"]}},{"type":"Feature","id":"kdeO9XKxYaA","geometry":{"type":"Polygon","coordinates":[[[13.3948,13.074],[13.4304,12.9068],[13.4859,12.8201],[13.6366,12.675],[13.591,12.617],[13.4689,12.5798],[13.3417,12.6344],[13.2856,12.6759],[13.191,12.8562],[13.1225,12.8692],[13.0422,12.8102],[12.9861,12.8168],[12.976,12.9088],[12.8954,13.0302],[12.9984,13.094],[13.1755,13.0753],[13.2504,13.0775],[13.3584,13.1517],[13.3948,13.074]]]},"properties":{"code":null,"name":"bo Guzamala Local Government Area","level":"3","parent":"RLySnRCE1Gy","parentGraph":"s5DPBsdoE8b/RLySnRCE1Gy","groups":["FbBkTDMs9Kb","u9sz1k03gFY","j6UuBZKGhUp"]}},{"type":"Feature","id":"s0vZTopivtV","geometry":{"type":"Polygon","coordinates":[[[13.6918,10.939],[13.5385,10.9066],[13.4443,10.9333],[13.4216,10.9935],[13.4625,11.095],[13.4361,11.2829],[13.5173,11.479],[13.6427,11.4456],[13.8195,11.3566],[13.8661,11.2922],[13.9739,11.3021],[13.885,11.126],[13.7915,11.0063],[13.6918,10.939]]]},"properties":{"code":null,"name":"bo Gwoza Local Government Area","level":"3","parent":"RLySnRCE1Gy","parentGraph":"s5DPBsdoE8b/RLySnRCE1Gy","groups":["FbBkTDMs9Kb","u9sz1k03gFY","j6UuBZKGhUp"]}},{"type":"Feature","id":"SOwTzNzeQC5","geometry":{"type":"Polygon","coordinates":[[[12.7284,10.4482],[12.6973,10.4454],[12.6188,10.36],[12.4155,10.3144],[12.3525,10.2741],[12.2082,10.2577],[12.0699,10.3439],[12.1072,10.4898],[12.0603,10.5532],[12.1137,10.6452],[12.2205,10.5728],[12.2698,10.6025],[12.3525,10.5494],[12.4953,10.6562],[12.6525,10.5862],[12.7284,10.4482]]]},"properties":{"code":null,"name":"bo Hawul Local Government Area","level":"3","parent":"RLySnRCE1Gy","parentGraph":"s5DPBsdoE8b/RLySnRCE1Gy","groups":["FbBkTDMs9Kb","u9sz1k03gFY","j6UuBZKGhUp"]}},{"type":"Feature","id":"oVxhljsN4G2","geometry":{"type":"Polygon","coordinates":[[[13.22,12.1581],[13.3166,12.0615],[13.3311,11.9585],[13.4062,11.8623],[13.3642,11.8234],[13.3025,11.7968],[13.3712,11.7286],[13.2953,11.69],[13.2612,11.7391],[13.174,11.6973],[13.0948,11.7129],[13.137,11.8023],[13.2587,11.8056],[13.2288,11.8978],[13.1569,11.9557],[13.1533,12.0978],[13.22,12.1581]]]},"properties":{"code":null,"name":"bo Jere Local Government Area","level":"3","parent":"RLySnRCE1Gy","parentGraph":"s5DPBsdoE8b/RLySnRCE1Gy","groups":["FbBkTDMs9Kb","u9sz1k03gFY","j6UuBZKGhUp"]}},{"type":"Feature","id":"DMpOAwpoTyo","geometry":{"type":"Polygon","coordinates":[[[12.7422,11.8443],[12.7557,11.7349],[12.702,11.6588],[12.8008,11.2823],[12.7064,11.2587],[12.4727,11.4082],[12.3765,11.5171],[12.3255,11.6577],[12.237,11.6595],[12.3098,11.8364],[12.2942,11.9196],[12.5415,11.931],[12.7029,11.887],[12.7422,11.8443]]]},"properties":{"code":null,"name":"bo Kaga Local Government Area","level":"3","parent":"RLySnRCE1Gy","parentGraph":"s5DPBsdoE8b/RLySnRCE1Gy","groups":["FbBkTDMs9Kb","u9sz1k03gFY","j6UuBZKGhUp"]}},{"type":"Feature","id":"AOVucxvGlXM","geometry":{"type":"Polygon","coordinates":[[[14.6013,11.766],[14.3952,11.8472],[14.4086,12.0498],[14.4526,12.2708],[14.4315,12.3606],[14.5193,12.3245],[14.5499,12.2327],[14.6786,12.1511],[14.6231,12.0179],[14.6579,11.955],[14.6073,11.8698],[14.6013,11.766]]]},"properties":{"code":null,"name":"bo Kala/Balge Local Government Area","level":"3","parent":"RLySnRCE1Gy","parentGraph":"s5DPBsdoE8b/RLySnRCE1Gy","groups":["FbBkTDMs9Kb","u9sz1k03gFY","j6UuBZKGhUp"]}},{"type":"Feature","id":"Nk9ApK5fW3m","geometry":{"type":"Polygon","coordinates":[[[13.22,12.1581],[13.1533,12.0978],[13.1569,11.9557],[13.137,11.8023],[13.0948,11.7129],[13.174,11.6973],[13.2612,11.7391],[13.2953,11.69],[13.3712,11.7286],[13.3025,11.7968],[13.3642,11.8234],[13.3536,11.7767],[13.6205,11.7875],[13.7556,11.823],[13.8509,11.7697],[13.7651,11.6421],[13.7488,11.5102],[13.6186,11.5408],[13.5173,11.479],[13.4361,11.2829],[13.3395,11.319],[13.2158,11.4291],[13.137,11.4244],[13.1161,11.3399],[12.9665,11.2645],[12.9231,11.191],[12.8008,11.2823],[12.702,11.6588],[12.7557,11.7349],[12.7422,11.8443],[12.9452,11.867],[13.0547,11.9238],[13.0373,12.0193],[13.0847,12.1443],[13.1877,12.2046],[13.22,12.1581]]]},"properties":{"code":null,"name":"bo Konduga Local Government Area","level":"3","parent":"RLySnRCE1Gy","parentGraph":"s5DPBsdoE8b/RLySnRCE1Gy","groups":["FbBkTDMs9Kb","u9sz1k03gFY","j6UuBZKGhUp"]}},{"type":"Feature","id":"Oy4Ck6tkIqh","geometry":{"type":"Polygon","coordinates":[[[13.7952,12.7188],[13.6366,12.675],[13.4859,12.8201],[13.4304,12.9068],[13.3948,13.074],[13.3584,13.1517],[13.4253,13.2919],[13.4861,13.3082],[13.5893,13.1726],[13.7229,13.1231],[13.7105,13.0468],[13.8093,13.0624],[13.7809,12.8212],[13.7952,12.7188]]]},"properties":{"code":null,"name":"bo Kukawa Local Government Area","level":"3","parent":"RLySnRCE1Gy","parentGraph":"s5DPBsdoE8b/RLySnRCE1Gy","groups":["FbBkTDMs9Kb","u9sz1k03gFY","j6UuBZKGhUp"]}},{"type":"Feature","id":"b0xcmTeb9Dz","geometry":{"type":"Polygon","coordinates":[[[12.0603,10.5532],[12.1072,10.4898],[12.0699,10.3439],[11.9289,10.2412],[11.8721,10.2447],[11.9247,10.275],[11.8613,10.5554],[11.8985,10.6168],[12.0603,10.5532]]]},"properties":{"code":null,"name":"bo Kwaya Kusar Local Government Area","level":"3","parent":"RLySnRCE1Gy","parentGraph":"s5DPBsdoE8b/RLySnRCE1Gy","groups":["FbBkTDMs9Kb","u9sz1k03gFY","j6UuBZKGhUp"]}},{"type":"Feature","id":"sZVX8SrFngT","geometry":{"type":"Polygon","coordinates":[[[13.5413,12.2708],[13.7015,12.1304],[13.7831,12.1421],[13.839,12.2063],[13.9803,12.1168],[13.9255,12.0635],[13.9154,11.8373],[13.8509,11.7697],[13.7556,11.823],[13.6205,11.7875],[13.3536,11.7767],[13.3642,11.8234],[13.4062,11.8623],[13.3311,11.9585],[13.3166,12.0615],[13.3474,12.157],[13.3058,12.3392],[13.397,12.255],[13.5413,12.2708]]]},"properties":{"code":null,"name":"bo Mafa Local Government Area","level":"3","parent":"RLySnRCE1Gy","parentGraph":"s5DPBsdoE8b/RLySnRCE1Gy","groups":["FbBkTDMs9Kb","u9sz1k03gFY","j6UuBZKGhUp"]}},{"type":"Feature","id":"JFc9t100xwS","geometry":{"type":"Polygon","coordinates":[[[12.9253,12.3905],[13.1877,12.2046],[13.0847,12.1443],[13.0373,12.0193],[13.0547,11.9238],[12.9452,11.867],[12.7422,11.8443],[12.7029,11.887],[12.5415,11.931],[12.2942,11.9196],[12.2847,12.0105],[12.2874,12.0276],[12.3255,12.2695],[12.3006,12.4299],[12.4408,12.5818],[12.5539,12.4946],[12.6421,12.4836],[12.7277,12.4165],[12.9253,12.3905]]]},"properties":{"code":null,"name":"bo Magumeri Local Government Area","level":"3","parent":"RLySnRCE1Gy","parentGraph":"s5DPBsdoE8b/RLySnRCE1Gy","groups":["FbBkTDMs9Kb","u9sz1k03gFY","j6UuBZKGhUp"]}},{"type":"Feature","id":"DFZEhJCgoyk","geometry":{"type":"Polygon","coordinates":[[[13.2587,11.8056],[13.137,11.8023],[13.1569,11.9557],[13.2288,11.8978],[13.2587,11.8056]]]},"properties":{"code":null,"name":"bo Maiduguri Local Government Area","level":"3","parent":"RLySnRCE1Gy","parentGraph":"s5DPBsdoE8b/RLySnRCE1Gy","groups":["zAywu9z1ZWc","FbBkTDMs9Kb","u9sz1k03gFY","j6UuBZKGhUp"]}},{"type":"Feature","id":"jJVgiRuuq5V","geometry":{"type":"Polygon","coordinates":[[[14.1762,12.4191],[14.0655,12.1715],[13.9803,12.1168],[13.839,12.2063],[13.7831,12.1421],[13.7015,12.1304],[13.5413,12.2708],[13.5638,12.4004],[13.6687,12.4103],[13.7887,12.4765],[13.7821,12.5523],[13.8291,12.6528],[13.9744,12.5281],[13.9852,12.4702],[14.0653,12.4387],[14.1779,12.464],[14.1762,12.4191]]]},"properties":{"code":null,"name":"bo Marte Local Government Area","level":"3","parent":"RLySnRCE1Gy","parentGraph":"s5DPBsdoE8b/RLySnRCE1Gy","groups":["FbBkTDMs9Kb","u9sz1k03gFY","j6UuBZKGhUp"]}},{"type":"Feature","id":"etIBINYvvhX","geometry":{"type":"Polygon","coordinates":[[[12.832,13.3988],[13.0055,13.2688],[13.1755,13.0753],[12.9984,13.094],[12.8954,13.0302],[12.6998,12.7937],[12.4892,12.6786],[12.4819,12.7323],[12.3809,12.822],[12.3666,12.9347],[12.3816,12.9935],[12.3864,13.0767],[12.4804,13.0648],[12.5891,13.2778],[12.832,13.3988]]]},"properties":{"code":null,"name":"bo Mobbar Local Government Area","level":"3","parent":"RLySnRCE1Gy","parentGraph":"s5DPBsdoE8b/RLySnRCE1Gy","groups":["FbBkTDMs9Kb","u9sz1k03gFY","j6UuBZKGhUp"]}},{"type":"Feature","id":"CkAEv8rbu8I","geometry":{"type":"Polygon","coordinates":[[[13.8291,12.6528],[13.7821,12.5523],[13.7887,12.4765],[13.6687,12.4103],[13.5638,12.4004],[13.5413,12.2708],[13.397,12.255],[13.3058,12.3392],[13.3138,12.4457],[13.3622,12.5148],[13.4689,12.5798],[13.591,12.617],[13.6366,12.675],[13.7952,12.7188],[13.8291,12.6528]]]},"properties":{"code":null,"name":"bo Monguno Local Government Area","level":"3","parent":"RLySnRCE1Gy","parentGraph":"s5DPBsdoE8b/RLySnRCE1Gy","groups":["zAywu9z1ZWc","FbBkTDMs9Kb","u9sz1k03gFY","j6UuBZKGhUp"]}},{"type":"Feature","id":"y5JLBMBMK13","geometry":{"type":"Polygon","coordinates":[[[14.4315,12.3606],[14.4526,12.2708],[14.4086,12.0498],[14.1971,11.9933],[14.0655,12.1715],[14.1762,12.4191],[14.2248,12.3591],[14.4315,12.3606]]]},"properties":{"code":null,"name":"bo Ngala Local Government Area","level":"3","parent":"RLySnRCE1Gy","parentGraph":"s5DPBsdoE8b/RLySnRCE1Gy","groups":["FbBkTDMs9Kb","u9sz1k03gFY","j6UuBZKGhUp"]}},{"type":"Feature","id":"iMXR5pjNO0p","geometry":{"type":"Polygon","coordinates":[[[13.3417,12.6344],[13.4689,12.5798],[13.3622,12.5148],[13.3138,12.4457],[13.3058,12.3392],[13.3474,12.157],[13.3166,12.0615],[13.22,12.1581],[13.1877,12.2046],[12.9253,12.3905],[13.0521,12.7428],[13.0422,12.8102],[13.1225,12.8692],[13.191,12.8562],[13.2856,12.6759],[13.3417,12.6344]]]},"properties":{"code":null,"name":"bo Nganzai Local Government Area","level":"3","parent":"RLySnRCE1Gy","parentGraph":"s5DPBsdoE8b/RLySnRCE1Gy","groups":["FbBkTDMs9Kb","u9sz1k03gFY","j6UuBZKGhUp"]}},{"type":"Feature","id":"tWZrMpZmrDm","geometry":{"type":"Polygon","coordinates":[[[12.0699,10.3439],[12.2082,10.2577],[12.3525,10.2741],[12.1653,10.0534],[12.0484,10.0292],[11.9456,10.0448],[11.8512,10.1095],[11.8138,10.1894],[11.8721,10.2447],[11.9289,10.2412],[12.0699,10.3439]]]},"properties":{"code":null,"name":"bo Shani Local Government Area","level":"3","parent":"RLySnRCE1Gy","parentGraph":"s5DPBsdoE8b/RLySnRCE1Gy","groups":["FbBkTDMs9Kb","u9sz1k03gFY","j6UuBZKGhUp"]}},{"type":"Feature","id":"ns3vF75Y0bF","geometry":{"type":"MultiPolygon","coordinates":[[[[6.0957,4.3568],[6.2129,4.3113],[6.218,4.2802],[6.0846,4.2726],[6.0957,4.3568]]],[[[6.3212,4.4268],[6.4127,4.306],[6.2354,4.2968],[6.312,4.3722],[6.3212,4.4268]]],[[[6.5798,4.4882],[6.5917,4.3727],[6.5673,4.3606],[6.534,4.4667],[6.5798,4.4882]]],[[[5.4552,4.9182],[5.5246,4.8179],[5.6091,4.8168],[5.742,4.7468],[5.6647,4.6729],[5.5862,4.6893],[5.4713,4.8674],[5.4552,4.9182]]],[[[6.6973,4.4504],[6.6973,4.4502],[6.6245,4.631],[6.5851,4.6418],[6.5954,4.5415],[6.6652,4.484],[6.7002,4.3394],[6.6298,4.3188],[6.5943,4.3535],[6.6038,4.4634],[6.5457,4.4783],[6.5831,4.3263],[6.4444,4.3159],[6.356,4.3749],[6.3379,4.4799],[6.2633,4.3848],[6.2339,4.4096],[6.2143,4.3245],[6.1691,4.3201],[6.1366,4.4226],[6.0979,4.4154],[5.9783,4.3109],[5.7449,4.4829],[5.667,4.5562],[5.5855,4.6876],[5.6696,4.6735],[5.766,4.7695],[5.696,4.8113],[5.6102,4.8033],[5.5006,4.8463],[5.3765,5.126],[5.4526,5.1403],[5.6421,5.0243],[5.6947,5.0249],[5.8157,5.0912],[5.9114,5.1112],[5.9392,5.166],[6.0043,5.117],[6.2057,5.1832],[6.2107,5.2367],[6.2843,5.2399],[6.3104,5.2998],[6.411,5.3005],[6.5125,5.3498],[6.4999,5.3898],[6.6075,5.3704],[6.6181,5.3141],[6.5349,5.1821],[6.4902,5.185],[6.396,4.9983],[6.4308,4.9761],[6.3903,4.8883],[6.3941,4.7952],[6.4475,4.7719],[6.4632,4.7125],[6.6011,4.7532],[6.6427,4.652],[6.7118,4.6073],[6.6973,4.4504]]]]},"properties":{"code":null,"name":"by Bayelsa State","level":"2","parent":"s5DPBsdoE8b","parentGraph":"s5DPBsdoE8b","groups":["VZ50tpviPWt","aCdSdgaf2uc","FDdJ6PFtOPk","u9sz1k03gFY"]}},{"type":"Feature","id":"wqEr1A8RSHh","geometry":{"type":"MultiPolygon","coordinates":[[[[6.0957,4.3568],[6.218,4.2802],[6.0846,4.2726],[6.0957,4.3568]]],[[[6.2884,4.3901],[6.2891,4.3905],[6.2893,4.3907],[6.2884,4.3901]]],[[[6.3212,4.4268],[6.4127,4.306],[6.2354,4.2968],[6.3212,4.4268]]],[[[6.4299,4.3863],[6.4301,4.3865],[6.4387,4.3934],[6.439,4.3938],[6.4392,4.394],[6.4396,4.3943],[6.4467,4.4033],[6.4471,4.4035],[6.457,4.4114],[6.5309,4.4365],[6.5831,4.3263],[6.4444,4.3159],[6.4299,4.3863]]],[[[5.9629,4.3766],[6.0356,4.4697],[6.0666,4.2873],[5.9783,4.3109],[5.9629,4.3766]]],[[[6.5798,4.4882],[6.5917,4.3727],[6.5296,4.4424],[6.5798,4.4882]]],[[[6.5452,4.4783],[6.5452,4.4785],[6.5235,4.5303],[6.5452,4.4783]]],[[[6.0373,4.4708],[6.1194,4.5446],[6.069,4.3918],[6.0373,4.4708]]],[[[6.1542,4.567],[6.1698,4.4574],[6.2338,4.4096],[6.1973,4.3082],[6.0998,4.3427],[6.1515,4.3848],[6.1254,4.4843],[6.154,4.5668],[6.1542,4.567]]],[[[6.6973,4.4504],[6.6973,4.4502],[6.6245,4.631],[6.5954,4.5415],[6.6652,4.484],[6.7002,4.3394],[6.5943,4.3535],[6.6038,4.4634],[6.523,4.5314],[6.4634,4.6319],[6.4544,4.7147],[6.5688,4.7536],[6.6214,4.727],[6.6427,4.652],[6.7118,4.6073],[6.6973,4.4504]]]]},"properties":{"code":null,"name":"by Brass Local Government Area","level":"3","parent":"ns3vF75Y0bF","parentGraph":"s5DPBsdoE8b/ns3vF75Y0bF","groups":["FbBkTDMs9Kb","u9sz1k03gFY"]}},{"type":"Feature","id":"hMI05a23sKJ","geometry":{"type":"MultiPolygon","coordinates":[[[[5.6791,4.7787],[5.6098,4.736],[5.5649,4.7232],[5.4812,4.8496],[5.6791,4.7787]]],[[[5.9894,4.9261],[5.9478,4.8742],[5.8032,4.8126],[5.5006,4.8463],[5.3765,5.126],[5.4526,5.1403],[5.6421,5.0243],[5.8883,5.1031],[5.961,5.1609],[5.9894,4.9261]]]]},"properties":{"code":null,"name":"by Ekeremor Local Government Area","level":"3","parent":"ns3vF75Y0bF","parentGraph":"s5DPBsdoE8b/ns3vF75Y0bF","groups":["zAywu9z1ZWc","FbBkTDMs9Kb","u9sz1k03gFY"]}},{"type":"Feature","id":"z2oxy84B0Nd","geometry":{"type":"Polygon","coordinates":[[[6.1346,4.9327],[6.1361,4.9911],[6.2655,5.1953],[6.3848,5.1995],[6.4048,5.1403],[6.2715,5.0487],[6.2492,4.9752],[6.1346,4.9327]]]},"properties":{"code":null,"name":"by Kolokuma/Opokuma Local Government Area","level":"3","parent":"ns3vF75Y0bF","parentGraph":"s5DPBsdoE8b/ns3vF75Y0bF","groups":["FbBkTDMs9Kb","u9sz1k03gFY"]}},{"type":"Feature","id":"vrwifbRv2Pq","geometry":{"type":"MultiPolygon","coordinates":[[[[6.2338,4.4096],[6.1698,4.4574],[6.1542,4.567],[6.1894,4.6165],[6.1876,4.4444],[6.2338,4.4096]]],[[[6.5309,4.4365],[6.457,4.4114],[6.4548,4.4103],[6.4544,4.4101],[6.4246,4.3835],[6.4002,4.3766],[6.3985,4.3762],[6.3498,4.3863],[6.3298,4.5982],[6.4634,4.6319],[6.523,4.5314],[6.5235,4.5303],[6.5452,4.4785],[6.5309,4.4365]]],[[[6.1894,4.617],[6.1903,4.62],[6.2587,4.6678],[6.3287,4.5982],[6.3448,4.5054],[6.3021,4.4158],[6.207,4.4581],[6.1894,4.617]]]]},"properties":{"code":null,"name":"by Nembe Local Government Area","level":"3","parent":"ns3vF75Y0bF","parentGraph":"s5DPBsdoE8b/ns3vF75Y0bF","groups":["FbBkTDMs9Kb","u9sz1k03gFY"]}},{"type":"Feature","id":"NrTQtP47M50","geometry":{"type":"Polygon","coordinates":[[[6.4544,4.7147],[6.4634,4.6319],[6.3298,4.5982],[6.3287,4.5982],[6.2587,4.6678],[6.1903,4.62],[6.2165,4.8271],[6.4306,4.9752],[6.4205,4.9372],[6.3941,4.7952],[6.4544,4.7147]]]},"properties":{"code":null,"name":"by Ogbia Local Government Area","level":"3","parent":"ns3vF75Y0bF","parentGraph":"s5DPBsdoE8b/ns3vF75Y0bF","groups":["zAywu9z1ZWc","FbBkTDMs9Kb","u9sz1k03gFY"]}},{"type":"Feature","id":"IFOh0atDC1J","geometry":{"type":"Polygon","coordinates":[[[6.3848,5.1995],[6.2655,5.1953],[6.1361,4.9911],[6.0906,4.9898],[6.0587,4.8383],[5.9845,4.8188],[5.9894,4.9261],[5.961,5.1609],[5.9755,5.1484],[6.0279,5.1104],[6.2057,5.1832],[6.2939,5.2661],[6.5125,5.3498],[6.4999,5.3898],[6.5311,5.3912],[6.4957,5.2637],[6.3848,5.1995]]]},"properties":{"code":null,"name":"by Sagbama Local Government Area","level":"3","parent":"ns3vF75Y0bF","parentGraph":"s5DPBsdoE8b/ns3vF75Y0bF","groups":["zAywu9z1ZWc","FbBkTDMs9Kb","u9sz1k03gFY"]}},{"type":"Feature","id":"lousIlV80fh","geometry":{"type":"MultiPolygon","coordinates":[[[[5.6098,4.736],[5.6791,4.7787],[5.779,4.8056],[5.6647,4.6729],[5.6098,4.736]]],[[[6.0906,4.9898],[6.1361,4.9911],[6.1346,4.9327],[6.2165,4.8271],[6.1903,4.62],[6.1894,4.617],[6.1894,4.6165],[6.1542,4.567],[6.154,4.5668],[6.1529,4.5657],[6.1205,4.5452],[6.1194,4.5446],[6.0373,4.4708],[6.0356,4.4697],[5.9629,4.3766],[5.9616,4.3727],[5.849,4.4105],[5.667,4.5562],[5.5855,4.6876],[5.6696,4.6735],[5.8032,4.8126],[5.9478,4.8742],[5.9894,4.9261],[5.9845,4.8188],[6.0587,4.8383],[6.0906,4.9898]]]]},"properties":{"code":null,"name":"by Southern Ijaw Local Government Area","level":"3","parent":"ns3vF75Y0bF","parentGraph":"s5DPBsdoE8b/ns3vF75Y0bF","groups":["zAywu9z1ZWc","FbBkTDMs9Kb","u9sz1k03gFY"]}},{"type":"Feature","id":"sUwhbVY2D0o","geometry":{"type":"Polygon","coordinates":[[[8.1185,5.9708],[8.1249,5.9199],[8.0458,5.8986],[8.0146,5.7952],[7.9125,5.7699],[7.977,5.9015],[7.9682,5.9585],[7.9668,5.9605],[8.0107,6.0051],[8.0758,5.9411],[8.1185,5.9708]]]},"properties":{"code":null,"name":"cr Abi Local Government Area","level":"3","parent":"caG44DzHu6F","parentGraph":"s5DPBsdoE8b/caG44DzHu6F","groups":["FbBkTDMs9Kb","u9sz1k03gFY"]}},{"type":"Feature","id":"JJNOwLhzjRt","geometry":{"type":"Polygon","coordinates":[[[8.5857,5.714],[8.8557,5.6559],[8.9045,5.5676],[8.8381,5.4393],[8.8165,5.1849],[8.673,4.9682],[8.4519,4.9805],[8.3764,5.0941],[8.361,5.0941],[8.2868,5.1828],[8.0973,5.2771],[8.2157,5.3863],[8.1215,5.6486],[8.3051,5.7322],[8.3718,5.7835],[8.4556,5.7432],[8.5857,5.714]]]},"properties":{"code":null,"name":"cr Akamkpa Local Government Area","level":"3","parent":"caG44DzHu6F","parentGraph":"s5DPBsdoE8b/caG44DzHu6F","groups":["FbBkTDMs9Kb","u9sz1k03gFY"]}},{"type":"Feature","id":"QDiBopYlkjc","geometry":{"type":"Polygon","coordinates":[[[8.3764,5.0941],[8.4519,4.9805],[8.673,4.9682],[8.6213,4.8533],[8.5714,4.8089],[8.5443,4.8033],[8.4613,4.7554],[8.4182,4.7274],[8.3484,4.7791],[8.3055,4.9228],[8.3922,4.9576],[8.3377,4.9959],[8.3524,5.0833],[8.3518,5.0837],[8.361,5.0941],[8.3764,5.0941]]]},"properties":{"code":null,"name":"cr Akpabuyo Local Government Area","level":"3","parent":"caG44DzHu6F","parentGraph":"s5DPBsdoE8b/caG44DzHu6F","groups":["FbBkTDMs9Kb","u9sz1k03gFY"]}},{"type":"Feature","id":"W2QpO5bmah4","geometry":{"type":"Polygon","coordinates":[[[8.4613,4.7554],[8.5443,4.8033],[8.4895,4.6898],[8.4613,4.7554]]]},"properties":{"code":null,"name":"cr Bakassi Local Government Area","level":"3","parent":"caG44DzHu6F","parentGraph":"s5DPBsdoE8b/caG44DzHu6F","groups":["FbBkTDMs9Kb","u9sz1k03gFY"]}},{"type":"Feature","id":"Nmoti6l5OVN","geometry":{"type":"Polygon","coordinates":[[[8.9611,6.6229],[8.8291,6.5824],[8.8212,6.6992],[8.8717,6.7439],[8.9228,6.811],[8.9506,6.7925],[8.9714,6.6757],[8.9611,6.6229]]]},"properties":{"code":null,"name":"cr Bekwarra Local Government Area","level":"3","parent":"caG44DzHu6F","parentGraph":"s5DPBsdoE8b/caG44DzHu6F","groups":["FbBkTDMs9Kb","u9sz1k03gFY"]}},{"type":"Feature","id":"tFjkRJfZefX","geometry":{"type":"Polygon","coordinates":[[[8.1215,5.6486],[8.2157,5.3863],[8.0973,5.2771],[7.9911,5.3115],[7.9888,5.3555],[7.9644,5.5212],[7.9008,5.5133],[7.8872,5.5584],[7.8779,5.6904],[7.8936,5.7428],[7.9125,5.7699],[8.0146,5.7952],[8.1215,5.6486]]]},"properties":{"code":null,"name":"cr Biase Local Government Area","level":"3","parent":"caG44DzHu6F","parentGraph":"s5DPBsdoE8b/caG44DzHu6F","groups":["FbBkTDMs9Kb","u9sz1k03gFY"]}},{"type":"Feature","id":"Z1CBbXtt8Mr","geometry":{"type":"Polygon","coordinates":[[[8.3524,5.0833],[8.3377,4.9959],[8.3922,4.9576],[8.3055,4.9228],[8.2695,4.9482],[8.2928,5.074],[8.3518,5.0837],[8.3524,5.0833]]]},"properties":{"code":null,"name":"cr Calabar Municipal Local Government Area","level":"3","parent":"caG44DzHu6F","parentGraph":"s5DPBsdoE8b/caG44DzHu6F","groups":["zAywu9z1ZWc","FbBkTDMs9Kb","u9sz1k03gFY"]}},{"type":"Feature","id":"T92hNiuxwbb","geometry":{"type":"Polygon","coordinates":[[[8.2695,4.9482],[8.3055,4.9228],[8.3484,4.7791],[8.3179,4.751],[8.2206,4.8447],[8.1906,4.8802],[8.2695,4.9482]]]},"properties":{"code":null,"name":"cr Calabar South Local Government Area","level":"3","parent":"caG44DzHu6F","parentGraph":"s5DPBsdoE8b/caG44DzHu6F","groups":["FbBkTDMs9Kb","u9sz1k03gFY"]}},{"type":"Feature","id":"caG44DzHu6F","geometry":{"type":"Polygon","coordinates":[[[8.9813,6.7388],[8.9714,6.6757],[9.0615,6.6541],[9.1933,6.6878],[9.2901,6.6752],[9.4688,6.4505],[9.4338,6.3158],[9.3532,6.3511],[9.2655,6.1842],[9.2133,6.1689],[9.1525,6.0901],[8.841,5.824],[8.8695,5.7934],[8.8222,5.6893],[8.9021,5.604],[8.9045,5.5676],[8.8381,5.4393],[8.8141,5.291],[8.8165,5.1849],[8.7448,5.1042],[8.699,4.9904],[8.605,4.8848],[8.6295,4.8262],[8.5452,4.8047],[8.5087,4.6938],[8.4558,4.7017],[8.3572,4.7862],[8.3179,4.751],[8.1367,4.9284],[8.0551,5.0912],[8.0588,5.2241],[7.9787,5.2673],[7.9015,5.2584],[7.8647,5.3238],[7.8971,5.365],[7.9523,5.3528],[7.8883,5.548],[7.8779,5.6904],[7.916,5.8223],[7.977,5.9015],[7.9724,5.9921],[8.0491,6.0012],[8.0758,5.9411],[8.2124,6.0329],[8.2476,6.0126],[8.2738,6.1064],[8.3861,6.2456],[8.3689,6.3304],[8.444,6.4162],[8.3757,6.5564],[8.3,6.629],[8.2919,6.6757],[8.4004,6.7436],[8.5269,6.7377],[8.6279,6.782],[8.6156,6.8548],[8.7115,6.8944],[8.8139,6.8741],[8.9728,6.7793],[8.9813,6.7388]]]},"properties":{"code":null,"name":"cr Cross River State","level":"2","parent":"s5DPBsdoE8b","parentGraph":"s5DPBsdoE8b","groups":["aCdSdgaf2uc","FDdJ6PFtOPk","u9sz1k03gFY"]}},{"type":"Feature","id":"GIpyAYxZomS","geometry":{"type":"Polygon","coordinates":[[[8.9607,5.9554],[8.9723,5.9351],[8.841,5.824],[8.8695,5.7934],[8.8222,5.6893],[8.8557,5.6559],[8.5857,5.714],[8.6193,5.8286],[8.6763,5.8453],[8.815,6.0414],[8.9607,5.9554]]]},"properties":{"code":null,"name":"cr Etung Local Government Area","level":"3","parent":"caG44DzHu6F","parentGraph":"s5DPBsdoE8b/caG44DzHu6F","groups":["FbBkTDMs9Kb","u9sz1k03gFY"]}},{"type":"Feature","id":"LN2ZesUts0H","geometry":{"type":"Polygon","coordinates":[[[8.7105,6.3288],[8.7384,6.2335],[8.7096,6.1422],[8.815,6.0414],[8.6763,5.8453],[8.6193,5.8286],[8.5857,5.714],[8.4556,5.7432],[8.436,5.8643],[8.5122,6.0029],[8.4495,6.0478],[8.4039,6.2045],[8.4519,6.2784],[8.4699,6.3564],[8.5778,6.3288],[8.6889,6.3608],[8.7105,6.3288]]]},"properties":{"code":null,"name":"cr Ikom Local Government Area","level":"3","parent":"caG44DzHu6F","parentGraph":"s5DPBsdoE8b/caG44DzHu6F","groups":["zAywu9z1ZWc","FbBkTDMs9Kb","u9sz1k03gFY"]}},{"type":"Feature","id":"g6KmQ0Xq4rM","geometry":{"type":"Polygon","coordinates":[[[9.2333,6.6887],[9.2901,6.6752],[9.4688,6.4505],[9.4338,6.3158],[9.3532,6.3511],[9.3376,6.2897],[9.2965,6.3178],[9.2523,6.4776],[9.1926,6.5044],[9.1138,6.4688],[9.0768,6.5582],[9.166,6.655],[9.1688,6.6785],[9.2333,6.6887]]]},"properties":{"code":null,"name":"cr Obanliku Local Government Area","level":"3","parent":"caG44DzHu6F","parentGraph":"s5DPBsdoE8b/caG44DzHu6F","groups":["FbBkTDMs9Kb","u9sz1k03gFY"]}},{"type":"Feature","id":"vhAuczG0Jnn","geometry":{"type":"Polygon","coordinates":[[[8.4519,6.2784],[8.4039,6.2045],[8.4495,6.0478],[8.5122,6.0029],[8.436,5.8643],[8.4556,5.7432],[8.3718,5.7835],[8.3051,5.7322],[8.195,5.9334],[8.1367,5.9708],[8.1348,5.9759],[8.2476,6.0126],[8.3234,6.1788],[8.3984,6.2807],[8.4519,6.2784]]]},"properties":{"code":null,"name":"cr Obubra Local Government Area","level":"3","parent":"caG44DzHu6F","parentGraph":"s5DPBsdoE8b/caG44DzHu6F","groups":["FbBkTDMs9Kb","u9sz1k03gFY"]}},{"type":"Feature","id":"UHsx7L74QSF","geometry":{"type":"Polygon","coordinates":[[[9.166,6.655],[9.0768,6.5582],[9.1138,6.4688],[8.9697,6.4382],[8.9243,6.4725],[8.9798,6.5414],[8.9611,6.6229],[8.9714,6.6757],[9.1306,6.6686],[9.1688,6.6785],[9.166,6.655]]]},"properties":{"code":null,"name":"cr Obudu Local Government Area","level":"3","parent":"caG44DzHu6F","parentGraph":"s5DPBsdoE8b/caG44DzHu6F","groups":["zAywu9z1ZWc","FbBkTDMs9Kb","u9sz1k03gFY"]}},{"type":"Feature","id":"LuVepgkLEc9","geometry":{"type":"Polygon","coordinates":[[[7.9888,5.3555],[7.9911,5.3115],[8.0973,5.2771],[8.2868,5.1828],[8.361,5.0941],[8.3518,5.0837],[8.2928,5.074],[8.2695,4.9482],[8.1906,4.8802],[8.1398,4.9251],[8.054,5.1119],[8.0588,5.2241],[7.9952,5.2606],[7.9015,5.2584],[7.8773,5.3502],[7.8971,5.365],[7.9523,5.3528],[7.9008,5.5133],[7.9644,5.5212],[7.9888,5.3555]]]},"properties":{"code":null,"name":"cr Odukpani Local Government Area","level":"3","parent":"caG44DzHu6F","parentGraph":"s5DPBsdoE8b/caG44DzHu6F","groups":["FbBkTDMs9Kb","u9sz1k03gFY"]}},{"type":"Feature","id":"Y6XWMM7TpjM","geometry":{"type":"Polygon","coordinates":[[[8.8291,6.5824],[8.9611,6.6229],[8.9798,6.5414],[8.9243,6.4725],[8.861,6.4699],[8.82,6.5593],[8.7747,6.5287],[8.6889,6.3608],[8.5778,6.3288],[8.4699,6.3564],[8.5135,6.5161],[8.5863,6.5154],[8.8212,6.6992],[8.8291,6.5824]]]},"properties":{"code":null,"name":"cr Ogoja Local Government Area","level":"3","parent":"caG44DzHu6F","parentGraph":"s5DPBsdoE8b/caG44DzHu6F","groups":["FbBkTDMs9Kb","u9sz1k03gFY"]}},{"type":"Feature","id":"HRntm3mF9dY","geometry":{"type":"Polygon","coordinates":[[[8.1367,5.9708],[8.195,5.9334],[8.3051,5.7322],[8.1215,5.6486],[8.0146,5.7952],[8.0458,5.8986],[8.1249,5.9199],[8.1185,5.9708],[8.1348,5.9759],[8.1367,5.9708]]]},"properties":{"code":null,"name":"cr Yakurr Local Government Area","level":"3","parent":"caG44DzHu6F","parentGraph":"s5DPBsdoE8b/caG44DzHu6F","groups":["zAywu9z1ZWc","FbBkTDMs9Kb","u9sz1k03gFY"]}},{"type":"Feature","id":"fKxXiBDQCWZ","geometry":{"type":"Polygon","coordinates":[[[8.8717,6.7439],[8.8212,6.6992],[8.5863,6.5154],[8.5135,6.5161],[8.4699,6.3564],[8.4519,6.2784],[8.3984,6.2807],[8.3766,6.3159],[8.444,6.4162],[8.4023,6.5146],[8.2919,6.6757],[8.4004,6.7436],[8.5269,6.7377],[8.6279,6.782],[8.6165,6.8431],[8.7115,6.8944],[8.8139,6.8741],[8.9228,6.811],[8.8717,6.7439]]]},"properties":{"code":null,"name":"cr Yala Local Government Area","level":"3","parent":"caG44DzHu6F","parentGraph":"s5DPBsdoE8b/caG44DzHu6F","groups":["zAywu9z1ZWc","FbBkTDMs9Kb","u9sz1k03gFY"]}},{"type":"Feature","id":"j52EIwzpmlX","geometry":{"type":"Polygon","coordinates":[[[6.6141,6.2494],[6.5276,6.2976],[6.3716,6.2393],[6.3817,6.3253],[6.3593,6.3926],[6.5712,6.4961],[6.5637,6.3224],[6.6141,6.2494]]]},"properties":{"code":null,"name":"de Aniocha North Local Government Area","level":"3","parent":"m0rZG06GdPe","parentGraph":"s5DPBsdoE8b/m0rZG06GdPe","groups":["FbBkTDMs9Kb","u9sz1k03gFY"]}},{"type":"Feature","id":"Vv50GrOQBgt","geometry":{"type":"Polygon","coordinates":[[[6.5276,6.2976],[6.6141,6.2494],[6.6445,6.1013],[6.5651,6.0564],[6.5657,5.9908],[6.4847,5.9891],[6.4035,5.984],[6.3137,6.013],[6.3469,6.1204],[6.3716,6.2393],[6.5276,6.2976]]]},"properties":{"code":null,"name":"de Aniocha South Local Government Area","level":"3","parent":"m0rZG06GdPe","parentGraph":"s5DPBsdoE8b/m0rZG06GdPe","groups":["FbBkTDMs9Kb","u9sz1k03gFY"]}},{"type":"Feature","id":"j2dzYRMDmxH","geometry":{"type":"MultiPolygon","coordinates":[[[[5.9836,5.1733],[5.9755,5.1484],[5.961,5.1609],[5.8883,5.1031],[5.8743,5.1931],[5.9836,5.1733]]],[[[5.8164,5.1871],[5.7583,5.2098],[5.8412,5.2609],[5.8164,5.1871]]]]},"properties":{"code":null,"name":"de Bomadi Local Government Area","level":"3","parent":"m0rZG06GdPe","parentGraph":"s5DPBsdoE8b/m0rZG06GdPe","groups":["FbBkTDMs9Kb","u9sz1k03gFY"]}},{"type":"Feature","id":"Db3Zb7bSyXz","geometry":{"type":"MultiPolygon","coordinates":[[[[5.3247,5.3658],[5.4416,5.3632],[5.4995,5.2888],[5.4632,5.1616],[5.3518,5.1768],[5.3247,5.3658]]],[[[5.7156,5.3735],[5.7323,5.3223],[5.9284,5.3832],[5.9187,5.339],[5.8043,5.3359],[5.7327,5.2743],[5.8412,5.2609],[5.7583,5.2098],[5.8164,5.1871],[5.8743,5.1931],[5.8883,5.1031],[5.6421,5.0243],[5.4526,5.1403],[5.5001,5.2884],[5.4639,5.3474],[5.5543,5.3885],[5.6045,5.3331],[5.7156,5.3735]]],[[[5.711,5.3892],[5.7112,5.3892],[5.7119,5.3887],[5.7121,5.3885],[5.6722,5.3418],[5.6135,5.3801],[5.6945,5.4145],[5.711,5.3892]]],[[[5.2288,5.4526],[5.3003,5.4669],[5.4313,5.4006],[5.3501,5.3929],[5.2288,5.4526]]]]},"properties":{"code":null,"name":"de Burutu Local Government Area","level":"3","parent":"m0rZG06GdPe","parentGraph":"s5DPBsdoE8b/m0rZG06GdPe","groups":["FbBkTDMs9Kb","u9sz1k03gFY"]}},{"type":"Feature","id":"m0rZG06GdPe","geometry":{"type":"MultiPolygon","coordinates":[[[[5.3247,5.3658],[5.4319,5.3623],[5.4903,5.3003],[5.4566,5.2384],[5.452,5.1519],[5.3591,5.1704],[5.3247,5.3658]]],[[[5.6599,5.4285],[5.718,5.3865],[5.6722,5.3418],[5.6126,5.3795],[5.6599,5.4285]]],[[[5.5391,5.5062],[5.5534,5.4724],[5.6245,5.4932],[5.6648,5.4493],[5.6078,5.3852],[5.5312,5.3999],[5.5087,5.4515],[5.5391,5.5062]]],[[[5.2387,5.6029],[5.3296,5.5852],[5.3591,5.5007],[5.4326,5.3887],[5.3501,5.3929],[5.2293,5.4504],[5.1582,5.5377],[5.2387,5.6029]]],[[[5.4881,5.6042],[5.5041,5.5918],[5.4407,5.4646],[5.4024,5.5507],[5.4881,5.6042]]],[[[5.6135,5.6244],[5.6579,5.5674],[5.5332,5.5206],[5.4654,5.403],[5.4185,5.4257],[5.4966,5.5692],[5.6135,5.6244]]],[[[5.4121,5.6391],[5.3963,5.5344],[5.3576,5.5619],[5.4121,5.6391]]],[[[5.459,5.7452],[5.4568,5.6871],[5.3809,5.6029],[5.308,5.6385],[5.3292,5.7107],[5.406,5.7006],[5.459,5.7452]]],[[[5.2929,5.9048],[5.3393,5.7432],[5.2907,5.6187],[5.1819,5.5943],[5.0822,5.7188],[5.0919,5.7963],[5.1395,5.8007],[5.2929,5.9048]]],[[[6.6726,6.4884],[6.7605,6.1488],[6.7338,5.9926],[6.6594,5.8005],[6.6121,5.7184],[6.6258,5.6555],[6.5516,5.5194],[6.5509,5.4431],[6.4999,5.3898],[6.5125,5.3498],[6.411,5.3005],[6.3104,5.2998],[6.2843,5.2399],[6.2107,5.2367],[6.2057,5.1832],[6.0043,5.117],[5.9392,5.166],[5.9114,5.1112],[5.8157,5.0912],[5.6947,5.0249],[5.6421,5.0243],[5.4526,5.1403],[5.4574,5.2356],[5.5001,5.2884],[5.4639,5.3474],[5.5543,5.3885],[5.6045,5.3331],[5.6703,5.3385],[5.7191,5.3859],[5.6918,5.4204],[5.7273,5.5108],[5.6621,5.5443],[5.6372,5.6051],[5.5098,5.6207],[5.5167,5.7063],[5.461,5.7485],[5.3556,5.6968],[5.3345,5.8465],[5.2907,5.9167],[5.0915,5.8121],[5.0662,5.7696],[5.0037,5.8563],[5.1152,6.127],[5.2326,6.045],[5.2321,5.9032],[5.3252,5.9565],[5.3201,6.0155],[5.468,6.0199],[5.533,5.9814],[5.6458,6.05],[5.7988,5.9657],[5.9018,5.8683],[5.8688,5.8033],[5.918,5.7389],[6.0318,5.7653],[6.2147,5.9378],[6.2213,6.0185],[6.1232,6.0942],[6.0818,6.2302],[6.0518,6.2553],[6.0831,6.3429],[6.1405,6.3401],[6.1927,6.2771],[6.2578,6.3502],[6.3765,6.4004],[6.5087,6.4831],[6.622,6.4866],[6.6656,6.5229],[6.6726,6.4884]]]]},"properties":{"code":null,"name":"de Delta State","level":"2","parent":"s5DPBsdoE8b","parentGraph":"s5DPBsdoE8b","groups":["u9sz1k03gFY","aCdSdgaf2uc"]}},{"type":"Feature","id":"PFKM91IcOjj","geometry":{"type":"MultiPolygon","coordinates":[[[[5.8934,5.7419],[5.9893,5.7527],[6.0556,5.6312],[5.9783,5.5679],[5.9053,5.6088],[5.8404,5.7019],[5.8905,5.7685],[5.8934,5.7419]]],[[[6.1549,5.7404],[6.0609,5.7432],[6.034,5.767],[6.1097,5.8421],[6.1549,5.7404]]]]},"properties":{"code":null,"name":"de Ethiope East Local Government Area","level":"3","parent":"m0rZG06GdPe","parentGraph":"s5DPBsdoE8b/m0rZG06GdPe","groups":["FbBkTDMs9Kb","u9sz1k03gFY"]}},{"type":"Feature","id":"KDBaiIrHbfC","geometry":{"type":"Polygon","coordinates":[[[6.1746,6.2864],[6.2305,6.3236],[6.2814,6.2608],[6.1878,6.2373],[6.1416,6.1689],[6.2312,6.0923],[6.3469,6.1204],[6.3137,6.013],[6.2237,6.0087],[6.1549,6.0551],[6.0518,6.2553],[6.0831,6.3429],[6.1746,6.2864]]]},"properties":{"code":null,"name":"de Ika South Local Government Area","level":"3","parent":"m0rZG06GdPe","parentGraph":"s5DPBsdoE8b/m0rZG06GdPe","groups":["FbBkTDMs9Kb","u9sz1k03gFY"]}},{"type":"Feature","id":"o3CXmTb1F5b","geometry":{"type":"Polygon","coordinates":[[[6.3595,5.4371],[6.2997,5.545],[6.1931,5.5445],[6.0857,5.3933],[6.0472,5.4488],[6.1146,5.5857],[6.2068,5.6193],[6.3201,5.6334],[6.3687,5.5549],[6.3595,5.4371]]]},"properties":{"code":null,"name":"de Isoko North Local Government Area","level":"3","parent":"m0rZG06GdPe","parentGraph":"s5DPBsdoE8b/m0rZG06GdPe","groups":["FbBkTDMs9Kb","u9sz1k03gFY"]}},{"type":"Feature","id":"CTbnkHELJH7","geometry":{"type":"Polygon","coordinates":[[[6.2997,5.545],[6.3595,5.4371],[6.2768,5.2761],[6.1676,5.2256],[6.1106,5.2783],[6.0857,5.3933],[6.1931,5.5445],[6.2997,5.545]]]},"properties":{"code":null,"name":"de Isoko South Local Government Area","level":"3","parent":"m0rZG06GdPe","parentGraph":"s5DPBsdoE8b/m0rZG06GdPe","groups":["FbBkTDMs9Kb","u9sz1k03gFY"]}},{"type":"Feature","id":"aiGlXCcpxN3","geometry":{"type":"Polygon","coordinates":[[[6.725,5.982],[6.6121,5.7184],[6.6258,5.6555],[6.4999,5.3898],[6.5125,5.3498],[6.2939,5.2661],[6.2768,5.2761],[6.3595,5.4371],[6.3687,5.5549],[6.3201,5.6334],[6.4629,5.6937],[6.4326,5.7329],[6.4763,5.8656],[6.44,5.8902],[6.4847,5.9891],[6.5657,5.9908],[6.725,5.982]]]},"properties":{"code":null,"name":"de Ndokwa East Local Government Area","level":"3","parent":"m0rZG06GdPe","parentGraph":"s5DPBsdoE8b/m0rZG06GdPe","groups":["FbBkTDMs9Kb","u9sz1k03gFY"]}},{"type":"Feature","id":"hmsWjDD64So","geometry":{"type":"Polygon","coordinates":[[[6.4035,5.984],[6.4847,5.9891],[6.44,5.8902],[6.4763,5.8656],[6.4326,5.7329],[6.4629,5.6937],[6.3201,5.6334],[6.2068,5.6193],[6.1604,5.7263],[6.3582,5.7983],[6.3177,5.9056],[6.2493,5.9587],[6.2204,5.9675],[6.2237,6.0087],[6.3137,6.013],[6.4035,5.984]]]},"properties":{"code":null,"name":"de Ndokwa West Local Government Area","level":"3","parent":"m0rZG06GdPe","parentGraph":"s5DPBsdoE8b/m0rZG06GdPe","groups":["FbBkTDMs9Kb","u9sz1k03gFY"]}},{"type":"Feature","id":"x5mCQh9oTQL","geometry":{"type":"Polygon","coordinates":[[[6.6726,6.4884],[6.7314,6.2582],[6.6445,6.1013],[6.6141,6.2494],[6.5637,6.3224],[6.5712,6.4961],[6.6656,6.5229],[6.6726,6.4884]]]},"properties":{"code":null,"name":"de Oshimili North Local Government Area","level":"3","parent":"m0rZG06GdPe","parentGraph":"s5DPBsdoE8b/m0rZG06GdPe","groups":["FbBkTDMs9Kb","u9sz1k03gFY"]}},{"type":"Feature","id":"h087AwKU4GS","geometry":{"type":"Polygon","coordinates":[[[6.7495,6.1101],[6.7429,6.0987],[6.7376,6.0582],[6.725,5.982],[6.5657,5.9908],[6.5651,6.0564],[6.6445,6.1013],[6.7314,6.2582],[6.7486,6.186],[6.7538,6.1237],[6.7495,6.1101]]]},"properties":{"code":null,"name":"de Oshimili South Local Government Area","level":"3","parent":"m0rZG06GdPe","parentGraph":"s5DPBsdoE8b/m0rZG06GdPe","groups":["FbBkTDMs9Kb","u9sz1k03gFY"]}},{"type":"Feature","id":"aE3iGQ5DRBT","geometry":{"type":"Polygon","coordinates":[[[5.8289,5.5432],[5.884,5.4684],[5.8289,5.4035],[5.7805,5.4398],[5.751,5.49],[5.7506,5.49],[5.775,5.5016],[5.8289,5.5432]]]},"properties":{"code":null,"name":"de Udu Local Government Area","level":"3","parent":"m0rZG06GdPe","parentGraph":"s5DPBsdoE8b/m0rZG06GdPe","groups":["FbBkTDMs9Kb","u9sz1k03gFY"]}},{"type":"Feature","id":"jnXelZv9CyG","geometry":{"type":"Polygon","coordinates":[[[6.0609,5.7432],[6.1549,5.7404],[6.1604,5.7263],[6.2068,5.6193],[6.1146,5.5857],[6.0472,5.4488],[6.0857,5.3933],[6.1106,5.2783],[6.1676,5.2256],[6.0587,5.2047],[6.0059,5.265],[6.0147,5.3669],[5.97,5.5036],[5.8457,5.5584],[5.8534,5.594],[5.9053,5.6088],[5.9783,5.5679],[6.0556,5.6312],[5.9893,5.7527],[6.034,5.767],[6.0609,5.7432]]]},"properties":{"code":null,"name":"de Ughelli North Local Government Area","level":"3","parent":"m0rZG06GdPe","parentGraph":"s5DPBsdoE8b/m0rZG06GdPe","groups":["FbBkTDMs9Kb","u9sz1k03gFY"]}},{"type":"Feature","id":"g4LlG8QT4hc","geometry":{"type":"Polygon","coordinates":[[[5.8457,5.5584],[5.97,5.5036],[6.0147,5.3669],[6.0059,5.265],[6.0587,5.2047],[5.9836,5.1733],[5.8743,5.1931],[5.8164,5.1871],[5.8412,5.2609],[5.7327,5.2743],[5.8043,5.3359],[5.9187,5.339],[5.9284,5.3832],[5.7323,5.3223],[5.7156,5.3735],[5.6967,5.4143],[5.7805,5.4398],[5.8289,5.4035],[5.884,5.4684],[5.8289,5.5432],[5.8457,5.5584]]]},"properties":{"code":null,"name":"de Ughelli South Local Government Area","level":"3","parent":"m0rZG06GdPe","parentGraph":"s5DPBsdoE8b/m0rZG06GdPe","groups":["FbBkTDMs9Kb","u9sz1k03gFY"]}},{"type":"Feature","id":"GOx4cJj7YMe","geometry":{"type":"Polygon","coordinates":[[[6.2493,5.9587],[6.3177,5.9056],[6.3582,5.7983],[6.1604,5.7263],[6.1549,5.7404],[6.1097,5.8421],[6.2204,5.9675],[6.2493,5.9587]]]},"properties":{"code":null,"name":"de Ukwuani Local Government Area","level":"3","parent":"m0rZG06GdPe","parentGraph":"s5DPBsdoE8b/m0rZG06GdPe","groups":["FbBkTDMs9Kb","u9sz1k03gFY"]}},{"type":"Feature","id":"URjJ5g5H80D","geometry":{"type":"Polygon","coordinates":[[[5.8243,5.5808],[5.8534,5.594],[5.8457,5.5584],[5.8289,5.5432],[5.775,5.5016],[5.6978,5.5766],[5.7721,5.6248],[5.8243,5.5808]]]},"properties":{"code":null,"name":"de Uvwie Local Government Area","level":"3","parent":"m0rZG06GdPe","parentGraph":"s5DPBsdoE8b/m0rZG06GdPe","groups":["FbBkTDMs9Kb","u9sz1k03gFY"]}},{"type":"Feature","id":"JUzxUM1VCqi","geometry":{"type":"MultiPolygon","coordinates":[[[[5.2486,5.7069],[5.1142,5.6649],[5.0919,5.7963],[5.2486,5.7069]]],[[[5.3312,5.7881],[5.3309,5.7879],[5.2999,5.6975],[5.259,5.7094],[5.2491,5.7091],[5.1766,5.7281],[5.1452,5.813],[5.2935,5.9046],[5.3312,5.7881]]],[[[5.4024,6.0166],[5.533,5.9814],[5.5571,6.0142],[5.5462,5.9473],[5.498,5.9288],[5.5708,5.7782],[5.5211,5.8066],[5.5213,5.8141],[5.5085,5.7866],[5.4638,5.8055],[5.3296,5.8099],[5.2904,5.9171],[5.0915,5.8121],[5.0662,5.7696],[5.0037,5.8563],[5.0503,5.9692],[5.1152,6.127],[5.2325,6.0386],[5.2321,5.9032],[5.3252,5.9565],[5.3201,6.0155],[5.4024,6.0166]]]]},"properties":{"code":null,"name":"de Warri North Local Government Area","level":"3","parent":"m0rZG06GdPe","parentGraph":"s5DPBsdoE8b/m0rZG06GdPe","groups":["FbBkTDMs9Kb","u9sz1k03gFY"]}},{"type":"Feature","id":"xcLWuab7vTk","geometry":{"type":"MultiPolygon","coordinates":[[[[5.7079,5.4779],[5.646,5.4838],[5.6423,5.4886],[5.606,5.5098],[5.6998,5.5326],[5.7079,5.4779]]],[[[5.5602,5.5316],[5.5305,5.5525],[5.5107,5.5773],[5.6016,5.5901],[5.6447,5.5315],[5.5602,5.5316]]],[[[5.6564,5.6194],[5.6978,5.5766],[5.775,5.5016],[5.7506,5.49],[5.7085,5.4781],[5.6544,5.6257],[5.6564,5.6194]]],[[[5.5211,5.8066],[5.5708,5.7782],[5.6394,5.6979],[5.6632,5.6387],[5.5781,5.5821],[5.4924,5.6427],[5.5081,5.6543],[5.5213,5.8141],[5.5211,5.8066]]]]},"properties":{"code":null,"name":"de Warri South Local Government Area","level":"3","parent":"m0rZG06GdPe","parentGraph":"s5DPBsdoE8b/m0rZG06GdPe","groups":["FbBkTDMs9Kb","u9sz1k03gFY"]}},{"type":"Feature","id":"FkmxvfXOoEn","geometry":{"type":"MultiPolygon","coordinates":[[[[5.751,5.49],[5.7805,5.4398],[5.6967,5.4143],[5.7085,5.4781],[5.7506,5.49],[5.751,5.49]]],[[[5.5391,5.5062],[5.6454,5.4866],[5.6078,5.3852],[5.5312,5.3999],[5.5391,5.5062]]],[[[5.6014,5.512],[5.6018,5.512],[5.606,5.5098],[5.6423,5.4886],[5.6014,5.512]]],[[[5.5305,5.5525],[5.5602,5.5316],[5.4654,5.403],[5.4185,5.4257],[5.5107,5.5773],[5.5305,5.5525]]],[[[5.4313,5.4006],[5.3003,5.4669],[5.2288,5.4526],[5.1582,5.5377],[5.2072,5.5998],[5.3727,5.5788],[5.3532,5.5271],[5.4313,5.4006]]],[[[5.4881,5.6042],[5.4407,5.4646],[5.4018,5.5496],[5.4881,5.6042]]],[[[5.4121,5.6391],[5.4751,5.5888],[5.3576,5.5619],[5.4121,5.6391]]],[[[5.259,5.7094],[5.2999,5.6975],[5.2907,5.6187],[5.1819,5.5943],[5.1142,5.6649],[5.2486,5.7069],[5.2491,5.7091],[5.259,5.7094]]],[[[5.459,5.7452],[5.4568,5.6871],[5.3809,5.6029],[5.308,5.6385],[5.3292,5.7107],[5.459,5.7452]]],[[[5.4638,5.8055],[5.5085,5.7866],[5.4079,5.7058],[5.3225,5.7204],[5.3813,5.8227],[5.4638,5.8055]]]]},"properties":{"code":null,"name":"de Warri South West Local Government Area","level":"3","parent":"m0rZG06GdPe","parentGraph":"s5DPBsdoE8b/m0rZG06GdPe","groups":["FbBkTDMs9Kb","u9sz1k03gFY"]}},{"type":"Feature","id":"p0fs5SPuL7W","geometry":{"type":"Polygon","coordinates":[[[7.9682,5.9585],[7.977,5.9015],[7.9125,5.7699],[7.8936,5.7428],[7.8533,5.934],[7.9169,5.956],[7.9173,5.9589],[7.9668,5.9605],[7.9682,5.9585]]]},"properties":{"code":null,"name":"eb Afikpo North Local Government Area","level":"3","parent":"xWSEoKmrbBW","parentGraph":"s5DPBsdoE8b/xWSEoKmrbBW","groups":["FbBkTDMs9Kb","u9sz1k03gFY"]}},{"type":"Feature","id":"boiupsBy2Jw","geometry":{"type":"Polygon","coordinates":[[[7.8533,5.934],[7.8936,5.7428],[7.8779,5.6904],[7.8044,5.7314],[7.7694,5.8137],[7.675,5.8178],[7.6663,5.8183],[7.7274,5.9078],[7.8533,5.934]]]},"properties":{"code":null,"name":"eb Afikpo South Local Government Area","level":"3","parent":"xWSEoKmrbBW","parentGraph":"s5DPBsdoE8b/xWSEoKmrbBW","groups":["FbBkTDMs9Kb","u9sz1k03gFY"]}},{"type":"Feature","id":"xWSEoKmrbBW","geometry":{"type":"Polygon","coordinates":[[[8.2646,6.7124],[8.2919,6.6757],[8.3,6.629],[8.3757,6.5564],[8.444,6.4162],[8.3689,6.3304],[8.3861,6.2456],[8.2738,6.1064],[8.2476,6.0126],[8.2124,6.0329],[8.0758,5.9411],[8.0491,6.0012],[7.9724,5.9921],[7.977,5.9015],[7.916,5.8223],[7.8779,5.6904],[7.8044,5.7314],[7.7694,5.8137],[7.5417,5.8278],[7.5336,5.973],[7.5923,5.9893],[7.6709,5.9197],[7.6779,6.0318],[7.734,6.1039],[7.6907,6.2897],[7.7351,6.3885],[7.7353,6.4825],[7.6948,6.6334],[7.8276,6.6303],[7.9004,6.5313],[7.9517,6.5287],[7.988,6.695],[8.0914,6.6974],[8.1511,6.7589],[8.2509,6.7811],[8.2646,6.7124]]]},"properties":{"code":null,"name":"eb Ebonyi State","level":"2","parent":"s5DPBsdoE8b","parentGraph":"s5DPBsdoE8b","groups":["noO9vWjq7bk","aCdSdgaf2uc","FDdJ6PFtOPk","u9sz1k03gFY"]}},{"type":"Feature","id":"BRE8G5Aioht","geometry":{"type":"Polygon","coordinates":[[[8.3203,6.1955],[8.3234,6.1788],[8.2476,6.0126],[8.1348,5.9759],[8.1185,5.9708],[8.0758,5.9411],[8.0107,6.0051],[8.0049,6.0232],[8.1086,6.0954],[8.1482,6.1682],[8.3016,6.2175],[8.3203,6.1955]]]},"properties":{"code":null,"name":"eb Ikwo Local Government Area","level":"3","parent":"xWSEoKmrbBW","parentGraph":"s5DPBsdoE8b/xWSEoKmrbBW","groups":["zAywu9z1ZWc","FbBkTDMs9Kb","u9sz1k03gFY"]}},{"type":"Feature","id":"ayJOmJIa9zz","geometry":{"type":"Polygon","coordinates":[[[7.6828,5.9191],[7.7274,5.9078],[7.6663,5.8183],[7.5327,5.8377],[7.5274,5.8691],[7.5336,5.973],[7.5923,5.9893],[7.6828,5.9191]]]},"properties":{"code":null,"name":"eb Ivo Local Government Area","level":"3","parent":"xWSEoKmrbBW","parentGraph":"s5DPBsdoE8b/xWSEoKmrbBW","groups":["FbBkTDMs9Kb","u9sz1k03gFY"]}},{"type":"Feature","id":"KX8XFw30wV5","geometry":{"type":"Polygon","coordinates":[[[8.4023,6.5146],[8.444,6.4162],[8.3766,6.3159],[8.1766,6.2943],[8.1636,6.3293],[8.1735,6.6184],[8.1381,6.7388],[8.1566,6.7604],[8.2226,6.8022],[8.2919,6.6757],[8.4023,6.5146]]]},"properties":{"code":null,"name":"eb Izzi Local Government Area","level":"3","parent":"xWSEoKmrbBW","parentGraph":"s5DPBsdoE8b/xWSEoKmrbBW","groups":["FbBkTDMs9Kb","u9sz1k03gFY"]}},{"type":"Feature","id":"eZ8BGQE35Gc","geometry":{"type":"Polygon","coordinates":[[[7.9169,5.956],[7.8533,5.934],[7.7274,5.9078],[7.6828,5.9191],[7.6783,6.0067],[7.7107,6.0674],[7.8933,6.0049],[7.9173,5.9589],[7.9169,5.956]]]},"properties":{"code":null,"name":"eb Ohaozara Local Government Area","level":"3","parent":"xWSEoKmrbBW","parentGraph":"s5DPBsdoE8b/xWSEoKmrbBW","groups":["zAywu9z1ZWc","FbBkTDMs9Kb","u9sz1k03gFY"]}},{"type":"Feature","id":"oWKBmHlff8o","geometry":{"type":"Polygon","coordinates":[[[8.0901,6.533],[8.0216,6.3185],[7.9209,6.3392],[7.9156,6.5249],[7.9679,6.5619],[7.988,6.695],[8.069,6.6992],[8.0901,6.533]]]},"properties":{"code":null,"name":"eb Ohaukwu Local Government Area","level":"3","parent":"xWSEoKmrbBW","parentGraph":"s5DPBsdoE8b/xWSEoKmrbBW","groups":["FbBkTDMs9Kb","u9sz1k03gFY"]}},{"type":"Feature","id":"Um8AzghPVOs","geometry":{"type":"Polygon","coordinates":[[[7.9142,6.0296],[8.0049,6.0232],[8.0107,6.0051],[7.9668,5.9605],[7.9173,5.9589],[7.8933,6.0049],[7.7107,6.0674],[7.7116,6.2258],[7.8727,6.1994],[7.8782,6.1768],[7.9142,6.0296]]]},"properties":{"code":null,"name":"eb Onicha Local Government Area","level":"3","parent":"xWSEoKmrbBW","parentGraph":"s5DPBsdoE8b/xWSEoKmrbBW","groups":["zAywu9z1ZWc","FbBkTDMs9Kb","u9sz1k03gFY"]}},{"type":"Feature","id":"Y9WsQVR0EOg","geometry":{"type":"Polygon","coordinates":[[[6.0792,7.5392],[6.1216,7.5119],[6.1111,7.4408],[6.2341,7.4531],[6.3888,7.3799],[6.323,7.3121],[6.2462,7.3471],[6.2363,7.191],[6.1768,7.1068],[6.0453,7.2291],[5.952,7.2155],[5.8906,7.2492],[5.9665,7.3398],[5.9235,7.4597],[5.9777,7.5108],[5.9902,7.5189],[6.0224,7.5634],[6.0283,7.5735],[6.0792,7.5392]]]},"properties":{"code":null,"name":"ed Akoko-Edo Local Government Area","level":"3","parent":"aMQcvAoEFh0","parentGraph":"s5DPBsdoE8b/aMQcvAoEFh0","groups":["zAywu9z1ZWc","FbBkTDMs9Kb","u9sz1k03gFY"]}},{"type":"Feature","id":"aMQcvAoEFh0","geometry":{"type":"Polygon","coordinates":[[[6.6643,6.5275],[6.6656,6.5229],[6.622,6.4866],[6.5087,6.4831],[6.3765,6.4004],[6.2578,6.3502],[6.1927,6.2771],[6.1405,6.3401],[6.0831,6.3429],[6.0518,6.2553],[6.0818,6.2302],[6.1232,6.0942],[6.2213,6.0185],[6.2147,5.9378],[6.0318,5.7653],[5.918,5.7389],[5.8688,5.8033],[5.9018,5.8683],[5.7988,5.9657],[5.6458,6.05],[5.533,5.9814],[5.468,6.0199],[5.3201,6.0155],[5.3252,5.9565],[5.2321,5.9032],[5.2326,6.045],[5.1152,6.127],[4.9786,6.2855],[5.016,6.368],[5.0635,6.3819],[5.1245,6.5295],[5.0728,6.6],[5.0842,6.6977],[5.2282,6.877],[5.5134,6.8698],[5.509,6.7998],[5.5429,6.7115],[5.6159,6.7632],[5.713,6.7481],[5.7568,6.8869],[5.7788,7.022],[5.8234,7.0606],[5.8817,7.2382],[5.9447,7.2846],[5.9618,7.4237],[5.9235,7.4597],[6.0283,7.5735],[6.126,7.5242],[6.1111,7.4408],[6.1661,7.425],[6.2589,7.4668],[6.3555,7.3764],[6.4453,7.3852],[6.5039,7.2518],[6.6251,7.2819],[6.6984,7.1748],[6.6707,6.9584],[6.6049,6.8231],[6.6106,6.6994],[6.6643,6.5275]]]},"properties":{"code":null,"name":"ed Edo State","level":"2","parent":"s5DPBsdoE8b","parentGraph":"s5DPBsdoE8b","groups":["eJ63aphJlNS","aCdSdgaf2uc","FDdJ6PFtOPk","u9sz1k03gFY","XagGgkCkfOf"]}},{"type":"Feature","id":"fJIUHN5HMoA","geometry":{"type":"Polygon","coordinates":[[[5.6254,6.4061],[5.6183,6.3533],[5.5008,6.2712],[5.5034,6.3399],[5.6243,6.407],[5.6254,6.4061]]]},"properties":{"code":null,"name":"ed Egor Local Government Area","level":"3","parent":"aMQcvAoEFh0","parentGraph":"s5DPBsdoE8b/aMQcvAoEFh0","groups":["FbBkTDMs9Kb","u9sz1k03gFY"]}},{"type":"Feature","id":"G8Wq5Z8HpxB","geometry":{"type":"Polygon","coordinates":[[[6.2411,6.7958],[6.3588,6.7971],[6.3547,6.7556],[6.2134,6.725],[6.2424,6.6327],[6.1826,6.5753],[6.1443,6.6908],[6.2261,6.8233],[6.2411,6.7958]]]},"properties":{"code":null,"name":"ed Esan Central Local Government Area","level":"3","parent":"aMQcvAoEFh0","parentGraph":"s5DPBsdoE8b/aMQcvAoEFh0","groups":["FbBkTDMs9Kb","u9sz1k03gFY"]}},{"type":"Feature","id":"YCyy6zv95vX","geometry":{"type":"Polygon","coordinates":[[[6.5098,6.7791],[6.413,6.7599],[6.4165,6.7025],[6.321,6.6503],[6.2424,6.6327],[6.2134,6.725],[6.3547,6.7556],[6.3588,6.7971],[6.4708,6.91],[6.5098,6.7791]]]},"properties":{"code":null,"name":"ed Esan North-East Local Government Area","level":"3","parent":"aMQcvAoEFh0","parentGraph":"s5DPBsdoE8b/aMQcvAoEFh0","groups":["zAywu9z1ZWc","FbBkTDMs9Kb","u9sz1k03gFY"]}},{"type":"Feature","id":"aLjFNCBwEG6","geometry":{"type":"Polygon","coordinates":[[[6.6238,6.7782],[6.6106,6.6994],[6.6643,6.5275],[6.6656,6.5229],[6.5712,6.4961],[6.3593,6.3926],[6.2691,6.3555],[6.2636,6.5436],[6.3256,6.5863],[6.321,6.6503],[6.4165,6.7025],[6.413,6.7599],[6.5098,6.7791],[6.6238,6.7782]]]},"properties":{"code":null,"name":"ed Esan South-East Local Government Area","level":"3","parent":"aMQcvAoEFh0","parentGraph":"s5DPBsdoE8b/aMQcvAoEFh0","groups":["FbBkTDMs9Kb","u9sz1k03gFY"]}},{"type":"Feature","id":"YTdPBKzEn7A","geometry":{"type":"Polygon","coordinates":[[[6.1826,6.5753],[6.1784,6.4868],[6.0831,6.4624],[6.0481,6.5322],[6.0651,6.6501],[5.9878,6.7551],[6.0195,6.7644],[6.1412,6.8116],[6.2261,6.8233],[6.1443,6.6908],[6.1826,6.5753]]]},"properties":{"code":null,"name":"ed Esan West Local Government Area","level":"3","parent":"aMQcvAoEFh0","parentGraph":"s5DPBsdoE8b/aMQcvAoEFh0","groups":["FbBkTDMs9Kb","u9sz1k03gFY"]}},{"type":"Feature","id":"fS9gbjMUC1e","geometry":{"type":"Polygon","coordinates":[[[6.6707,6.9596],[6.6049,6.8231],[6.6238,6.7782],[6.5098,6.7791],[6.4708,6.91],[6.3467,6.9338],[6.3916,7.0135],[6.394,7.1484],[6.4845,7.1347],[6.5303,6.9912],[6.6707,6.9596]]]},"properties":{"code":null,"name":"ed Etsako Central Local Government Area","level":"3","parent":"aMQcvAoEFh0","parentGraph":"s5DPBsdoE8b/aMQcvAoEFh0","groups":["FbBkTDMs9Kb","u9sz1k03gFY"]}},{"type":"Feature","id":"JBTIrRMGE5V","geometry":{"type":"Polygon","coordinates":[[[6.4766,7.3235],[6.5039,7.2518],[6.6251,7.2819],[6.6704,7.2188],[6.6975,7.1622],[6.6962,7.101],[6.6735,7.0333],[6.6707,6.9596],[6.5303,6.9912],[6.4845,7.1347],[6.394,7.1484],[6.2361,7.1891],[6.2363,7.191],[6.2462,7.3471],[6.323,7.3121],[6.3888,7.3799],[6.4766,7.3235]]]},"properties":{"code":null,"name":"ed Etsako East Local Government Area","level":"3","parent":"aMQcvAoEFh0","parentGraph":"s5DPBsdoE8b/aMQcvAoEFh0","groups":["FbBkTDMs9Kb","u9sz1k03gFY"]}},{"type":"Feature","id":"K2EYBivPhbg","geometry":{"type":"Polygon","coordinates":[[[6.2361,7.1891],[6.394,7.1484],[6.3916,7.0135],[6.3467,6.9338],[6.4708,6.91],[6.3588,6.7971],[6.2411,6.7958],[6.2261,6.8233],[6.1412,6.8116],[6.1861,6.9479],[6.1768,7.1068],[6.2363,7.191],[6.2361,7.1891]]]},"properties":{"code":null,"name":"ed Etsako West Local Government Area","level":"3","parent":"aMQcvAoEFh0","parentGraph":"s5DPBsdoE8b/aMQcvAoEFh0","groups":["FbBkTDMs9Kb","u9sz1k03gFY"]}},{"type":"Feature","id":"JkbHQYwtK4k","geometry":{"type":"Polygon","coordinates":[[[6.321,6.6503],[6.3256,6.5863],[6.2636,6.5436],[6.2691,6.3555],[6.2495,6.3442],[6.2446,6.3563],[6.2043,6.4015],[6.111,6.3902],[6.0831,6.4624],[6.1784,6.4868],[6.1826,6.5753],[6.2424,6.6327],[6.321,6.6503]]]},"properties":{"code":null,"name":"ed Igueben Local Government Area","level":"3","parent":"aMQcvAoEFh0","parentGraph":"s5DPBsdoE8b/aMQcvAoEFh0","groups":["FbBkTDMs9Kb","u9sz1k03gFY"]}},{"type":"Feature","id":"UUiUqD3dfhg","geometry":{"type":"Polygon","coordinates":[[[5.7946,6.2496],[5.7387,6.2006],[5.6998,6.0824],[5.7229,6.0082],[5.6458,6.05],[5.5571,6.0142],[5.533,5.9814],[5.4024,6.0166],[5.4288,6.0899],[5.4803,6.0859],[5.5869,6.2069],[5.6183,6.3533],[5.6254,6.4061],[5.7946,6.2496]]]},"properties":{"code":null,"name":"ed Ikpoba-Okha Local Government Area","level":"3","parent":"aMQcvAoEFh0","parentGraph":"s5DPBsdoE8b/aMQcvAoEFh0","groups":["FbBkTDMs9Kb","u9sz1k03gFY"]}},{"type":"Feature","id":"WPtJktvrF3V","geometry":{"type":"Polygon","coordinates":[[[5.5869,6.2069],[5.4803,6.0859],[5.4288,6.0899],[5.5008,6.2712],[5.6183,6.3533],[5.5869,6.2069]]]},"properties":{"code":null,"name":"ed Oredo Local Government Area","level":"3","parent":"aMQcvAoEFh0","parentGraph":"s5DPBsdoE8b/aMQcvAoEFh0","groups":["FbBkTDMs9Kb","u9sz1k03gFY"]}},{"type":"Feature","id":"o0OGcdhCdIH","geometry":{"type":"Polygon","coordinates":[[[6.2446,6.3563],[6.2495,6.3442],[6.2305,6.3236],[6.1746,6.2864],[6.0831,6.3429],[6.0518,6.2553],[6.1549,6.0551],[6.2237,6.0087],[6.2204,5.9675],[6.1097,5.8421],[6.034,5.767],[5.9893,5.7527],[5.8934,5.7419],[5.8905,5.7685],[5.8831,5.7882],[5.9018,5.8683],[5.8133,5.9486],[5.7229,6.0082],[5.6998,6.0824],[5.7387,6.2006],[5.7946,6.2496],[5.9242,6.2419],[6.111,6.3902],[6.2043,6.4015],[6.2446,6.3563]]]},"properties":{"code":null,"name":"ed Orhionmwon Local Government Area","level":"3","parent":"aMQcvAoEFh0","parentGraph":"s5DPBsdoE8b/aMQcvAoEFh0","groups":["zAywu9z1ZWc","FbBkTDMs9Kb","u9sz1k03gFY"]}},{"type":"Feature","id":"GloR2gOeVio","geometry":{"type":"Polygon","coordinates":[[[5.5378,6.842],[5.5429,6.7115],[5.6159,6.7632],[5.722,6.7687],[5.8468,6.7859],[5.7559,6.5702],[5.6117,6.4387],[5.6243,6.407],[5.5034,6.3399],[5.5008,6.2712],[5.4288,6.0899],[5.4024,6.0166],[5.3201,6.0155],[5.3252,5.9565],[5.2321,5.9032],[5.2325,6.0386],[5.3146,6.2225],[5.3996,6.2588],[5.4328,6.3251],[5.4112,6.4285],[5.4612,6.5229],[5.3509,6.6977],[5.4251,6.8693],[5.5378,6.842]]]},"properties":{"code":null,"name":"ed Ovia North-East Local Government Area","level":"3","parent":"aMQcvAoEFh0","parentGraph":"s5DPBsdoE8b/aMQcvAoEFh0","groups":["FbBkTDMs9Kb","u9sz1k03gFY"]}},{"type":"Feature","id":"DzqgZ9xkWdA","geometry":{"type":"Polygon","coordinates":[[[5.4251,6.8693],[5.3509,6.6977],[5.4612,6.5229],[5.4112,6.4285],[5.4328,6.3251],[5.3996,6.2588],[5.3146,6.2225],[5.2325,6.0386],[5.1152,6.127],[4.9832,6.2971],[4.9947,6.313],[5.0635,6.3819],[5.1245,6.5295],[5.0728,6.6459],[5.0968,6.7183],[5.2282,6.877],[5.4251,6.8693]]]},"properties":{"code":null,"name":"ed Ovia South-West Local Government Area","level":"3","parent":"aMQcvAoEFh0","parentGraph":"s5DPBsdoE8b/aMQcvAoEFh0","groups":["FbBkTDMs9Kb","u9sz1k03gFY"]}},{"type":"Feature","id":"n0sjYRHtZJ8","geometry":{"type":"Polygon","coordinates":[[[5.952,7.2155],[6.0453,7.2291],[6.1768,7.1068],[6.1861,6.9479],[6.1412,6.8116],[6.0195,6.7644],[5.9412,6.958],[5.9619,7.0159],[5.8818,7.063],[5.8294,7.0744],[5.8906,7.2492],[5.952,7.2155]]]},"properties":{"code":null,"name":"ed Owan East Local Government Area","level":"3","parent":"aMQcvAoEFh0","parentGraph":"s5DPBsdoE8b/aMQcvAoEFh0","groups":["FbBkTDMs9Kb","u9sz1k03gFY"]}},{"type":"Feature","id":"gqSdBEisK44","geometry":{"type":"Polygon","coordinates":[[[5.8818,7.063],[5.9619,7.0159],[5.9412,6.958],[6.0195,6.7644],[5.9878,6.7551],[5.8983,6.7778],[5.8468,6.7859],[5.722,6.7687],[5.7788,7.022],[5.8294,7.0744],[5.8818,7.063]]]},"properties":{"code":null,"name":"ed Owan West Local Government Area","level":"3","parent":"aMQcvAoEFh0","parentGraph":"s5DPBsdoE8b/aMQcvAoEFh0","groups":["zAywu9z1ZWc","FbBkTDMs9Kb","u9sz1k03gFY"]}},{"type":"Feature","id":"NoZSZQVIWIz","geometry":{"type":"Polygon","coordinates":[[[5.8983,6.7778],[5.9878,6.7551],[6.0651,6.6501],[6.0481,6.5322],[6.0831,6.4624],[6.111,6.3902],[5.9242,6.2419],[5.7946,6.2496],[5.6254,6.4061],[5.6243,6.407],[5.6117,6.4387],[5.7559,6.5702],[5.8468,6.7859],[5.8983,6.7778]]]},"properties":{"code":null,"name":"ed Uhunmwonde Local Government Area","level":"3","parent":"aMQcvAoEFh0","parentGraph":"s5DPBsdoE8b/aMQcvAoEFh0","groups":["zAywu9z1ZWc","FbBkTDMs9Kb","u9sz1k03gFY"]}},{"type":"Feature","id":"lX1DPipklqw","geometry":{"type":"Polygon","coordinates":[[[5.3861,7.6519],[5.3455,7.515],[5.2968,7.5152],[5.196,7.5678],[5.1126,7.5993],[5.2625,7.6686],[5.3861,7.6519]]]},"properties":{"code":null,"name":"ek Ado Ekiti Local Government Area","level":"3","parent":"iilma7EajGc","parentGraph":"s5DPBsdoE8b/iilma7EajGc","groups":["FbBkTDMs9Kb","u9sz1k03gFY"]}},{"type":"Feature","id":"EAMqiSWXnnG","geometry":{"type":"Polygon","coordinates":[[[4.9529,7.5368],[4.9474,7.5381],[4.9192,7.7146],[4.9183,7.7729],[5.0026,7.7108],[4.9529,7.5368]]]},"properties":{"code":null,"name":"ek Efon Local Government Area","level":"3","parent":"iilma7EajGc","parentGraph":"s5DPBsdoE8b/iilma7EajGc","groups":["FbBkTDMs9Kb","u9sz1k03gFY"]}},{"type":"Feature","id":"qLXIshcdWET","geometry":{"type":"Polygon","coordinates":[[[5.7854,7.7659],[5.8115,7.7562],[5.6637,7.6624],[5.6133,7.666],[5.5758,7.6957],[5.6577,7.8211],[5.7854,7.7659]]]},"properties":{"code":null,"name":"ek Ekiti East Local Government Area","level":"3","parent":"iilma7EajGc","parentGraph":"s5DPBsdoE8b/iilma7EajGc","groups":["FbBkTDMs9Kb","u9sz1k03gFY"]}},{"type":"Feature","id":"cwz85Tr6yjn","geometry":{"type":"Polygon","coordinates":[[[5.1126,7.5993],[5.196,7.5678],[5.1089,7.4367],[5.0649,7.4382],[4.9914,7.4149],[4.9474,7.5381],[4.9529,7.5368],[5.0512,7.5394],[5.0844,7.6222],[5.1126,7.5993]]]},"properties":{"code":null,"name":"ek Ekiti South West Local Government Area","level":"3","parent":"iilma7EajGc","parentGraph":"s5DPBsdoE8b/iilma7EajGc","groups":["FbBkTDMs9Kb","u9sz1k03gFY"]}},{"type":"Feature","id":"iilma7EajGc","geometry":{"type":"Polygon","coordinates":[[[5.536,8.0696],[5.518,7.9939],[5.641,8.0207],[5.6725,8.0042],[5.6093,7.9234],[5.6208,7.8502],[5.7013,7.7947],[5.8115,7.7562],[5.7378,7.734],[5.6133,7.5955],[5.5858,7.465],[5.509,7.3304],[5.4198,7.274],[5.3829,7.2835],[5.3512,7.3922],[5.3032,7.4364],[5.0649,7.4382],[4.9914,7.4149],[4.9185,7.6021],[4.9154,7.8112],[4.946,7.8796],[5.0396,7.9454],[5.0642,8.0306],[5.1573,8.02],[5.2242,7.9718],[5.3512,7.9659],[5.3765,8.0467],[5.536,8.0696]]]},"properties":{"code":null,"name":"ek Ekiti State","level":"2","parent":"s5DPBsdoE8b","parentGraph":"s5DPBsdoE8b","groups":["aCdSdgaf2uc","sVAFcWalFth","u9sz1k03gFY","XagGgkCkfOf"]}},{"type":"Feature","id":"oXMb2mWxbvf","geometry":{"type":"Polygon","coordinates":[[[5.0512,7.5394],[4.9529,7.5368],[5.0026,7.7108],[4.9183,7.7729],[4.9218,7.8248],[4.933,7.857],[5.0046,7.7449],[5.0944,7.664],[5.0844,7.6222],[5.0512,7.5394]]]},"properties":{"code":null,"name":"ek Ekiti West Local Government Area","level":"3","parent":"iilma7EajGc","parentGraph":"s5DPBsdoE8b/iilma7EajGc","groups":["FbBkTDMs9Kb","u9sz1k03gFY"]}},{"type":"Feature","id":"oIgdhsCoU3d","geometry":{"type":"Polygon","coordinates":[[[5.5976,7.5258],[5.5915,7.4883],[5.5057,7.3277],[5.4583,7.2951],[5.4299,7.4433],[5.5037,7.5359],[5.5041,7.5372],[5.5976,7.5258]]]},"properties":{"code":null,"name":"ek Emure Local Government Area","level":"3","parent":"iilma7EajGc","parentGraph":"s5DPBsdoE8b/iilma7EajGc","groups":["FbBkTDMs9Kb","u9sz1k03gFY"]}},{"type":"Feature","id":"SsZxuiV4yKy","geometry":{"type":"Polygon","coordinates":[[[5.1415,7.9322],[5.2471,7.87],[5.2486,7.7727],[5.1098,7.7487],[5.0745,7.9118],[5.1415,7.9322]]]},"properties":{"code":null,"name":"ek Ido-Osi Local Government Area","level":"3","parent":"iilma7EajGc","parentGraph":"s5DPBsdoE8b/iilma7EajGc","groups":["FbBkTDMs9Kb","u9sz1k03gFY"]}},{"type":"Feature","id":"mgBdtL6UnT8","geometry":{"type":"Polygon","coordinates":[[[5.0944,7.664],[5.0046,7.7449],[4.933,7.857],[4.9414,7.8722],[5.0275,7.9338],[5.0745,7.9118],[5.1098,7.7487],[5.0944,7.664]]]},"properties":{"code":null,"name":"ek Ijero Local Government Area","level":"3","parent":"iilma7EajGc","parentGraph":"s5DPBsdoE8b/iilma7EajGc","groups":["FbBkTDMs9Kb","u9sz1k03gFY"]}},{"type":"Feature","id":"M173V11E9gD","geometry":{"type":"Polygon","coordinates":[[[5.3032,7.4364],[5.1753,7.432],[5.1089,7.4367],[5.196,7.5678],[5.2968,7.5152],[5.3032,7.4364]]]},"properties":{"code":null,"name":"ek Ikere Local Government Area","level":"3","parent":"iilma7EajGc","parentGraph":"s5DPBsdoE8b/iilma7EajGc","groups":["FbBkTDMs9Kb","u9sz1k03gFY"]}},{"type":"Feature","id":"k6IsMRx4NND","geometry":{"type":"Polygon","coordinates":[[[5.536,8.0696],[5.5288,7.987],[5.6102,8.0174],[5.6725,8.0042],[5.6093,7.9234],[5.6577,7.8211],[5.5758,7.6957],[5.5167,7.6501],[5.4095,7.6912],[5.4013,7.7205],[5.4284,7.9115],[5.4091,7.9676],[5.3681,8.0213],[5.4095,8.0619],[5.536,8.0696]]]},"properties":{"code":null,"name":"ek Ikole Local Government Area","level":"3","parent":"iilma7EajGc","parentGraph":"s5DPBsdoE8b/iilma7EajGc","groups":["FbBkTDMs9Kb","u9sz1k03gFY"]}},{"type":"Feature","id":"TEpoMYdGvnn","geometry":{"type":"Polygon","coordinates":[[[5.2698,7.9725],[5.2471,7.87],[5.1415,7.9322],[5.2051,7.9851],[5.2698,7.9725]]]},"properties":{"code":null,"name":"ek Ilejemeje Local Government Area","level":"3","parent":"iilma7EajGc","parentGraph":"s5DPBsdoE8b/iilma7EajGc","groups":["FbBkTDMs9Kb","u9sz1k03gFY"]}},{"type":"Feature","id":"n4py1SjwReL","geometry":{"type":"Polygon","coordinates":[[[5.4013,7.7205],[5.4095,7.6912],[5.3861,7.6519],[5.2625,7.6686],[5.1126,7.5993],[5.0844,7.6222],[5.0944,7.664],[5.1098,7.7487],[5.2486,7.7727],[5.4013,7.7205]]]},"properties":{"code":null,"name":"ek Irepodun/Ifelodun Local Government Area","level":"3","parent":"iilma7EajGc","parentGraph":"s5DPBsdoE8b/iilma7EajGc","groups":["FbBkTDMs9Kb","u9sz1k03gFY"]}},{"type":"Feature","id":"AFU31wHxjZ8","geometry":{"type":"Polygon","coordinates":[[[5.5037,7.5359],[5.4299,7.4433],[5.4583,7.2951],[5.3829,7.2835],[5.3142,7.4311],[5.3032,7.4364],[5.2968,7.5152],[5.3455,7.515],[5.5041,7.5372],[5.5037,7.5359]]]},"properties":{"code":null,"name":"ek Ise/Orun Local Government Area","level":"3","parent":"iilma7EajGc","parentGraph":"s5DPBsdoE8b/iilma7EajGc","groups":["FbBkTDMs9Kb","u9sz1k03gFY"]}},{"type":"Feature","id":"y2o0KtnXyNy","geometry":{"type":"Polygon","coordinates":[[[5.1943,8.0016],[5.2051,7.9851],[5.1415,7.9322],[5.0745,7.9118],[5.0275,7.9338],[5.0644,8.028],[5.0642,8.0306],[5.0708,8.0334],[5.1943,8.0016]]]},"properties":{"code":null,"name":"ek Moba Local Government Area","level":"3","parent":"iilma7EajGc","parentGraph":"s5DPBsdoE8b/iilma7EajGc","groups":["FbBkTDMs9Kb","u9sz1k03gFY"]}},{"type":"Feature","id":"Gjls5BDZpoC","geometry":{"type":"Polygon","coordinates":[[[5.4091,7.9676],[5.4284,7.9115],[5.4013,7.7205],[5.2486,7.7727],[5.2471,7.87],[5.2698,7.9725],[5.3512,7.9659],[5.3681,8.0213],[5.4091,7.9676]]]},"properties":{"code":null,"name":"ek Oye Local Government Area","level":"3","parent":"iilma7EajGc","parentGraph":"s5DPBsdoE8b/iilma7EajGc","groups":["FbBkTDMs9Kb","u9sz1k03gFY"]}},{"type":"Feature","id":"lO3sJfS1JQp","geometry":{"type":"Polygon","coordinates":[[[7.6783,6.0067],[7.6828,5.9191],[7.5923,5.9893],[7.5336,5.973],[7.4942,6.0183],[7.5527,6.1367],[7.6323,6.1112],[7.6783,6.0067]]]},"properties":{"code":null,"name":"en Aninri Local Government Area","level":"3","parent":"Quac4RHRtaZ","parentGraph":"s5DPBsdoE8b/Quac4RHRtaZ","groups":["WOgTWoLr3o2","FbBkTDMs9Kb","u9sz1k03gFY"]}},{"type":"Feature","id":"YVctfWFxF9b","geometry":{"type":"Polygon","coordinates":[[[7.4779,6.2335],[7.5527,6.1367],[7.4942,6.0183],[7.3637,6.0207],[7.3504,6.0238],[7.3505,6.1893],[7.4242,6.3288],[7.4779,6.2335]]]},"properties":{"code":null,"name":"en Awgu Local Government Area","level":"3","parent":"Quac4RHRtaZ","parentGraph":"s5DPBsdoE8b/Quac4RHRtaZ","groups":["FbBkTDMs9Kb","u9sz1k03gFY"]}},{"type":"Feature","id":"f02ioIBtZF8","geometry":{"type":"Polygon","coordinates":[[[7.6313,6.5962],[7.6416,6.4794],[7.4614,6.4855],[7.4396,6.4858],[7.4409,6.6024],[7.5281,6.6336],[7.6313,6.5962]]]},"properties":{"code":null,"name":"en Enugu East Local Government Area","level":"3","parent":"Quac4RHRtaZ","parentGraph":"s5DPBsdoE8b/Quac4RHRtaZ","groups":["FbBkTDMs9Kb","u9sz1k03gFY"]}},{"type":"Feature","id":"ndHSDYGyrY9","geometry":{"type":"Polygon","coordinates":[[[7.4614,6.4855],[7.6416,6.4794],[7.5809,6.3852],[7.5712,6.3867],[7.4647,6.4263],[7.4303,6.4182],[7.4396,6.4858],[7.4614,6.4855]]]},"properties":{"code":null,"name":"en Enugu North Local Government Area","level":"3","parent":"Quac4RHRtaZ","parentGraph":"s5DPBsdoE8b/Quac4RHRtaZ","groups":["FbBkTDMs9Kb","u9sz1k03gFY"]}},{"type":"Feature","id":"byzO7g2ujzW","geometry":{"type":"Polygon","coordinates":[[[7.4647,6.4263],[7.5712,6.3867],[7.4598,6.3786],[7.4303,6.4162],[7.4303,6.4182],[7.4647,6.4263]]]},"properties":{"code":null,"name":"en Enugu South Local Government Area","level":"3","parent":"Quac4RHRtaZ","parentGraph":"s5DPBsdoE8b/Quac4RHRtaZ","groups":["FbBkTDMs9Kb","u9sz1k03gFY"]}},{"type":"Feature","id":"Quac4RHRtaZ","geometry":{"type":"Polygon","coordinates":[[[7.4937,7.0746],[7.5358,6.9609],[7.6876,6.8376],[7.7571,6.8834],[7.8502,6.8247],[7.8647,6.734],[7.8276,6.6303],[7.6948,6.6334],[7.7353,6.4825],[7.7351,6.3885],[7.6907,6.2897],[7.734,6.1039],[7.6779,6.0318],[7.6709,5.9197],[7.5923,5.9893],[7.5336,5.973],[7.4952,6.0183],[7.3637,6.0207],[7.2499,6.0526],[7.179,6.241],[7.1387,6.2248],[7.1465,6.3051],[7.0899,6.4145],[7.0122,6.4505],[7.0254,6.5174],[7.115,6.649],[6.9907,6.7084],[6.9145,6.7113],[6.9059,6.7762],[6.9433,6.8533],[7.0322,6.7828],[7.1124,6.8698],[7.209,6.932],[7.3089,7.0518],[7.4365,7.1127],[7.4937,7.0746]]]},"properties":{"code":null,"name":"en Enugu State","level":"2","parent":"s5DPBsdoE8b","parentGraph":"s5DPBsdoE8b","groups":["VZ50tpviPWt","aCdSdgaf2uc","cx3yME7a4oR","FDdJ6PFtOPk","u9sz1k03gFY"]}},{"type":"Feature","id":"eDX6FH5055y","geometry":{"type":"Polygon","coordinates":[[[7.2402,6.261],[7.1753,6.2694],[7.1317,6.287],[7.0899,6.4145],[7.0221,6.4406],[7.0129,6.4639],[7.1284,6.5493],[7.277,6.4716],[7.3625,6.3759],[7.2402,6.261]]]},"properties":{"code":null,"name":"en Ezeagu Local Government Area","level":"3","parent":"Quac4RHRtaZ","parentGraph":"s5DPBsdoE8b/Quac4RHRtaZ","groups":["zAywu9z1ZWc","FbBkTDMs9Kb","u9sz1k03gFY","MsN6tYn8EyV"]}},{"type":"Feature","id":"gMciU1RaNwu","geometry":{"type":"Polygon","coordinates":[[[7.4464,6.7602],[7.5281,6.6336],[7.4409,6.6024],[7.3777,6.6017],[7.2633,6.6717],[7.308,6.7194],[7.4464,6.7602]]]},"properties":{"code":null,"name":"en Igbo-Etiti Local Government Area","level":"3","parent":"Quac4RHRtaZ","parentGraph":"s5DPBsdoE8b/Quac4RHRtaZ","groups":["FbBkTDMs9Kb","u9sz1k03gFY"]}},{"type":"Feature","id":"Gcs1n2SVhIu","geometry":{"type":"Polygon","coordinates":[[[7.4937,7.0746],[7.5375,6.9587],[7.4816,6.9118],[7.4552,6.905],[7.3932,6.9323],[7.3449,7.0649],[7.3566,7.0748],[7.4365,7.1127],[7.4937,7.0746]]]},"properties":{"code":null,"name":"en Igbo-Eze North Local Government Area","level":"3","parent":"Quac4RHRtaZ","parentGraph":"s5DPBsdoE8b/Quac4RHRtaZ","groups":["FbBkTDMs9Kb","u9sz1k03gFY"]}},{"type":"Feature","id":"d4NSM6aWP5L","geometry":{"type":"Polygon","coordinates":[[[7.4552,6.905],[7.4816,6.9118],[7.4371,6.8561],[7.3141,6.9043],[7.2781,7.0137],[7.3449,7.0649],[7.3932,6.9323],[7.4552,6.905]]]},"properties":{"code":null,"name":"en Igbo-Eze South Local Government Area","level":"3","parent":"Quac4RHRtaZ","parentGraph":"s5DPBsdoE8b/Quac4RHRtaZ","groups":["FbBkTDMs9Kb","u9sz1k03gFY"]}},{"type":"Feature","id":"Gw4QeZq2z0b","geometry":{"type":"Polygon","coordinates":[[[7.8271,6.8592],[7.8542,6.8077],[7.8276,6.6303],[7.6984,6.6066],[7.6313,6.5962],[7.5281,6.6336],[7.4464,6.7602],[7.5679,6.7932],[7.6601,6.8519],[7.7573,6.8834],[7.8271,6.8592]]]},"properties":{"code":null,"name":"en Isi-Uzo Local Government Area","level":"3","parent":"Quac4RHRtaZ","parentGraph":"s5DPBsdoE8b/Quac4RHRtaZ","groups":["FbBkTDMs9Kb","u9sz1k03gFY"]}},{"type":"Feature","id":"EuGUD7M6N7i","geometry":{"type":"Polygon","coordinates":[[[7.708,6.2525],[7.7116,6.2258],[7.7107,6.0674],[7.6783,6.0067],[7.6323,6.1112],[7.5527,6.1367],[7.4779,6.2335],[7.5881,6.2456],[7.5809,6.3852],[7.6416,6.4794],[7.6313,6.5962],[7.6984,6.6066],[7.7353,6.4825],[7.708,6.2525]]]},"properties":{"code":null,"name":"en Nkanu East Local Government Area","level":"3","parent":"Quac4RHRtaZ","parentGraph":"s5DPBsdoE8b/Quac4RHRtaZ","groups":["FbBkTDMs9Kb","u9sz1k03gFY"]}},{"type":"Feature","id":"nQZ1HinGHzp","geometry":{"type":"Polygon","coordinates":[[[7.3141,6.9043],[7.4371,6.8561],[7.5679,6.7932],[7.4464,6.7602],[7.308,6.7194],[7.277,6.7787],[7.2752,6.8537],[7.1768,6.9116],[7.2781,7.0137],[7.3141,6.9043]]]},"properties":{"code":null,"name":"en Nsukka Local Government Area","level":"3","parent":"Quac4RHRtaZ","parentGraph":"s5DPBsdoE8b/Quac4RHRtaZ","groups":["zAywu9z1ZWc","FbBkTDMs9Kb","u9sz1k03gFY"]}},{"type":"Feature","id":"gzkH1eVDnoL","geometry":{"type":"Polygon","coordinates":[[[7.1753,6.2694],[7.2402,6.261],[7.2926,6.1864],[7.3505,6.1893],[7.3504,6.0238],[7.269,6.0388],[7.179,6.241],[7.1405,6.2256],[7.1322,6.2283],[7.1317,6.287],[7.1753,6.2694]]]},"properties":{"code":null,"name":"en Oji River Local Government Area","level":"3","parent":"Quac4RHRtaZ","parentGraph":"s5DPBsdoE8b/Quac4RHRtaZ","groups":["FbBkTDMs9Kb","u9sz1k03gFY","MsN6tYn8EyV"]}},{"type":"Feature","id":"PFJ5LRz2PY6","geometry":{"type":"Polygon","coordinates":[[[7.5824,6.9067],[7.6601,6.8519],[7.5679,6.7932],[7.4371,6.8561],[7.4816,6.9118],[7.5375,6.9587],[7.5824,6.9067]]]},"properties":{"code":null,"name":"en Udenu Local Government Area","level":"3","parent":"Quac4RHRtaZ","parentGraph":"s5DPBsdoE8b/Quac4RHRtaZ","groups":["zAywu9z1ZWc","FbBkTDMs9Kb","u9sz1k03gFY"]}},{"type":"Feature","id":"lmk7AfBPPY7","geometry":{"type":"Polygon","coordinates":[[[7.2633,6.6717],[7.3777,6.6017],[7.4409,6.6024],[7.4396,6.4858],[7.4303,6.4182],[7.4303,6.4162],[7.4242,6.3288],[7.3505,6.1893],[7.2926,6.1864],[7.2402,6.261],[7.3625,6.3759],[7.277,6.4716],[7.1284,6.5493],[7.1957,6.666],[7.2633,6.6717]]]},"properties":{"code":null,"name":"en Udi Local Government Area","level":"3","parent":"Quac4RHRtaZ","parentGraph":"s5DPBsdoE8b/Quac4RHRtaZ","groups":["zAywu9z1ZWc","FbBkTDMs9Kb","u9sz1k03gFY"]}},{"type":"Feature","id":"hYU6A2CTzbn","geometry":{"type":"Polygon","coordinates":[[[7.277,6.7787],[7.308,6.7194],[7.2633,6.6717],[7.1957,6.666],[7.1284,6.5493],[7.0129,6.4639],[7.115,6.649],[6.9907,6.7084],[6.9152,6.7111],[6.9059,6.7762],[6.9684,6.8466],[7.0322,6.7828],[7.1768,6.9116],[7.2752,6.8537],[7.277,6.7787]]]},"properties":{"code":null,"name":"en Uzo-Uwani Local Government Area","level":"3","parent":"Quac4RHRtaZ","parentGraph":"s5DPBsdoE8b/Quac4RHRtaZ","groups":["FbBkTDMs9Kb","u9sz1k03gFY"]}},{"type":"Feature","id":"K2qqCmbDJSZ","geometry":{"type":"Polygon","coordinates":[[[6.9633,9.2324],[6.8232,9.1094],[6.856,9.0708],[6.8547,8.9141],[6.7891,8.7671],[6.7917,8.5603],[6.9675,8.4905],[6.9691,8.4109],[6.8349,8.4069],[6.7825,8.4109],[6.7574,8.5187],[6.751,9.1324],[6.7576,9.2227],[6.9633,9.2324]]]},"properties":{"code":null,"name":"fc Abaji Local Government Area","level":"3","parent":"HYCMnXqLDPV","parentGraph":"s5DPBsdoE8b/HYCMnXqLDPV","groups":["zAywu9z1ZWc","FbBkTDMs9Kb","u9sz1k03gFY"]}},{"type":"Feature","id":"y5SiAJsJU73","geometry":{"type":"Polygon","coordinates":[[[7.6258,9.3107],[7.5586,9.1461],[7.5575,9.0585],[7.4653,9.1153],[7.2946,9.1549],[7.1702,9.0992],[7.1852,9.1217],[7.3108,9.2975],[7.4955,9.2924],[7.5335,9.3512],[7.6258,9.3107]]]},"properties":{"code":null,"name":"fc Bwari Local Government Area","level":"3","parent":"HYCMnXqLDPV","parentGraph":"s5DPBsdoE8b/HYCMnXqLDPV","groups":["zAywu9z1ZWc","FbBkTDMs9Kb","u9sz1k03gFY"]}},{"type":"Feature","id":"HYCMnXqLDPV","geometry":{"type":"Polygon","coordinates":[[[7.6258,9.3107],[7.5586,9.1461],[7.5567,8.9084],[7.5003,8.6959],[7.403,8.5433],[7.2796,8.4764],[7.1579,8.4399],[6.9781,8.4118],[6.8349,8.4069],[6.7825,8.4109],[6.7574,8.5187],[6.7495,9.1857],[6.7576,9.2227],[6.979,9.2357],[7.1458,9.099],[7.1711,9.0994],[7.3108,9.2975],[7.4955,9.2924],[7.5335,9.3512],[7.6258,9.3107]]]},"properties":{"code":null,"name":"fc Federal Capital Territory","level":"2","parent":"s5DPBsdoE8b","parentGraph":"s5DPBsdoE8b","groups":["VZ50tpviPWt","noO9vWjq7bk","aCdSdgaf2uc","FDdJ6PFtOPk","u9sz1k03gFY"]}},{"type":"Feature","id":"FEdn0qGSoOj","geometry":{"type":"Polygon","coordinates":[[[7.1638,9.0975],[7.164,9.0977],[7.0729,8.901],[7.0597,8.8921],[7.0032,8.908],[6.8547,8.9141],[6.856,9.0708],[6.8232,9.1094],[6.9633,9.2324],[7.1201,9.1269],[7.1638,9.0975]]]},"properties":{"code":null,"name":"fc Gwagwalada Local Government Area","level":"3","parent":"HYCMnXqLDPV","parentGraph":"s5DPBsdoE8b/HYCMnXqLDPV","groups":["FbBkTDMs9Kb","u9sz1k03gFY"]}},{"type":"Feature","id":"J0z0JSUiuMQ","geometry":{"type":"Polygon","coordinates":[[[7.317,8.8081],[7.4528,8.8039],[7.5005,8.7533],[7.4118,8.6373],[7.4711,8.6393],[7.403,8.5433],[7.2796,8.4764],[6.9781,8.4118],[6.9691,8.4109],[6.9675,8.4905],[7.1002,8.641],[7.0804,8.724],[7.1513,8.7641],[7.1429,8.8246],[7.0597,8.8921],[7.0729,8.901],[7.317,8.8081]]]},"properties":{"code":null,"name":"fc Kuje Local Government Area","level":"3","parent":"HYCMnXqLDPV","parentGraph":"s5DPBsdoE8b/HYCMnXqLDPV","groups":["zAywu9z1ZWc","FbBkTDMs9Kb","u9sz1k03gFY"]}},{"type":"Feature","id":"cSyF7oyTnzY","geometry":{"type":"Polygon","coordinates":[[[7.0032,8.908],[7.0597,8.8921],[7.1429,8.8246],[7.1513,8.7641],[7.0804,8.724],[7.1002,8.641],[6.9675,8.4905],[6.7917,8.5603],[6.7891,8.7671],[6.8547,8.9141],[7.0032,8.908]]]},"properties":{"code":null,"name":"fc Kwali Local Government Area","level":"3","parent":"HYCMnXqLDPV","parentGraph":"s5DPBsdoE8b/HYCMnXqLDPV","groups":["zAywu9z1ZWc","FbBkTDMs9Kb","u9sz1k03gFY"]}},{"type":"Feature","id":"MeEcKbyAXLe","geometry":{"type":"Polygon","coordinates":[[[11.2121,10.3146],[11.2599,10.2924],[11.3497,10.1529],[11.5715,10.0263],[11.5029,9.9786],[11.4256,10.0325],[11.2678,10.0404],[11.2141,10.0382],[10.998,9.8375],[10.9815,9.8829],[10.7603,10.0468],[10.7399,10.1456],[10.8477,10.1971],[10.8347,10.4214],[11.0161,10.4315],[11.2121,10.3146]]]},"properties":{"code":null,"name":"go Akko Local Government Area","level":"3","parent":"bSfaEpPFa9Y","parentGraph":"s5DPBsdoE8b/bSfaEpPFa9Y","groups":["FbBkTDMs9Kb","u9sz1k03gFY","j6UuBZKGhUp"]}},{"type":"Feature","id":"SHyV3xoUWYG","geometry":{"type":"Polygon","coordinates":[[[11.8512,10.1095],[11.9456,10.0448],[11.9252,9.7843],[11.8343,9.7214],[11.6261,9.6065],[11.5259,9.592],[11.3948,9.5843],[11.4346,9.7145],[11.4886,9.7511],[11.6551,9.7667],[11.7231,9.8681],[11.6164,9.9817],[11.6138,10.064],[11.7465,10.112],[11.8512,10.1095]]]},"properties":{"code":null,"name":"go Balanga Local Government Area","level":"3","parent":"bSfaEpPFa9Y","parentGraph":"s5DPBsdoE8b/bSfaEpPFa9Y","groups":["FbBkTDMs9Kb","u9sz1k03gFY","j6UuBZKGhUp"]}},{"type":"Feature","id":"Vei9wMGtGlU","geometry":{"type":"Polygon","coordinates":[[[11.2678,10.0404],[11.4256,10.0325],[11.3002,9.939],[11.3008,9.8571],[11.1989,9.763],[11.0198,9.7053],[10.998,9.8375],[11.2141,10.0382],[11.2678,10.0404]]]},"properties":{"code":null,"name":"go Billiri Local Government Area","level":"3","parent":"bSfaEpPFa9Y","parentGraph":"s5DPBsdoE8b/bSfaEpPFa9Y","groups":["FbBkTDMs9Kb","u9sz1k03gFY","j6UuBZKGhUp"]}},{"type":"Feature","id":"BoRQ8po7pRm","geometry":{"type":"Polygon","coordinates":[[[11.1758,10.7057],[11.0799,10.7009],[11.0477,10.7061],[11.006,10.5543],[11.0161,10.4315],[10.8347,10.4214],[10.6998,10.5032],[10.653,10.6632],[10.5665,10.6993],[10.5652,10.7739],[10.6532,11.0114],[10.7619,11.0796],[10.9756,11.2552],[11.1116,10.88],[11.1903,10.847],[11.1758,10.7057]]]},"properties":{"code":null,"name":"go Dukku Local Government Area","level":"3","parent":"bSfaEpPFa9Y","parentGraph":"s5DPBsdoE8b/bSfaEpPFa9Y","groups":["FbBkTDMs9Kb","u9sz1k03gFY","j6UuBZKGhUp"]}},{"type":"Feature","id":"LTGyqAcDwpI","geometry":{"type":"Polygon","coordinates":[[[11.5821,10.6564],[11.3253,10.6318],[11.1758,10.7057],[11.1903,10.847],[11.3922,10.9706],[11.498,11.01],[11.5829,10.9722],[11.5821,10.6564]]]},"properties":{"code":null,"name":"go Funakaye Local Government Area","level":"3","parent":"bSfaEpPFa9Y","parentGraph":"s5DPBsdoE8b/bSfaEpPFa9Y","groups":["FbBkTDMs9Kb","u9sz1k03gFY","j6UuBZKGhUp"]}},{"type":"Feature","id":"JHZYTYBocLi","geometry":{"type":"Polygon","coordinates":[[[11.2599,10.2924],[11.2121,10.3146],[11.2473,10.3362],[11.2599,10.2924]]]},"properties":{"code":null,"name":"go Gombe Local Government Area","level":"3","parent":"bSfaEpPFa9Y","parentGraph":"s5DPBsdoE8b/bSfaEpPFa9Y","groups":["FbBkTDMs9Kb","u9sz1k03gFY","j6UuBZKGhUp"]}},{"type":"Feature","id":"bSfaEpPFa9Y","geometry":{"type":"Polygon","coordinates":[[[11.7011,10.5943],[11.7128,10.4933],[11.6292,10.3723],[11.7112,10.2418],[11.8026,10.2044],[11.853,10.1056],[11.9456,10.0448],[11.9252,9.7843],[11.6804,9.6294],[11.5259,9.592],[11.1263,9.5752],[11.0687,9.5864],[11.0112,9.7229],[10.9815,9.8829],[10.7603,10.0468],[10.724,10.0891],[10.7399,10.1456],[10.8349,10.1703],[10.8497,10.3824],[10.816,10.4614],[10.6998,10.5032],[10.653,10.6632],[10.5339,10.711],[10.5955,10.814],[10.6532,11.0114],[10.6987,11.0655],[10.7619,11.0796],[10.86,11.1788],[10.9577,11.231],[11.0143,11.2948],[11.0962,11.3329],[11.2097,11.314],[11.382,11.1936],[11.4974,11.0494],[11.5829,10.9722],[11.5937,10.8945],[11.5742,10.7052],[11.5917,10.5941],[11.7011,10.5943]]]},"properties":{"code":null,"name":"go Gombe State","level":"2","parent":"s5DPBsdoE8b","parentGraph":"s5DPBsdoE8b","groups":["u9sz1k03gFY","aCdSdgaf2uc"]}},{"type":"Feature","id":"VDlRF1ZGE4C","geometry":{"type":"Polygon","coordinates":[[[11.6164,9.9817],[11.7231,9.8681],[11.6551,9.7667],[11.4886,9.7511],[11.4346,9.7145],[11.3008,9.8571],[11.3002,9.939],[11.4256,10.0325],[11.5029,9.9786],[11.5715,10.0263],[11.6138,10.064],[11.6164,9.9817]]]},"properties":{"code":null,"name":"go Kaltungo Local Government Area","level":"3","parent":"bSfaEpPFa9Y","parentGraph":"s5DPBsdoE8b/bSfaEpPFa9Y","groups":["FbBkTDMs9Kb","u9sz1k03gFY","j6UuBZKGhUp"]}},{"type":"Feature","id":"od7nf9dhqJh","geometry":{"type":"Polygon","coordinates":[[[11.0799,10.7009],[11.1758,10.7057],[11.3253,10.6318],[11.5821,10.6564],[11.5902,10.5965],[11.5497,10.5974],[11.4425,10.4828],[11.2473,10.3362],[11.2121,10.3146],[11.0161,10.4315],[11.006,10.5543],[11.0477,10.7061],[11.0799,10.7009]]]},"properties":{"code":null,"name":"go Kwami Local Government Area","level":"3","parent":"bSfaEpPFa9Y","parentGraph":"s5DPBsdoE8b/bSfaEpPFa9Y","groups":["FbBkTDMs9Kb","u9sz1k03gFY","j6UuBZKGhUp"]}},{"type":"Feature","id":"fRzug3nsaDf","geometry":{"type":"Polygon","coordinates":[[[11.5141,11.0345],[11.498,11.01],[11.3922,10.9706],[11.1903,10.847],[11.1116,10.88],[10.9756,11.2552],[11.0143,11.2948],[11.0962,11.3329],[11.2097,11.314],[11.382,11.1936],[11.5141,11.0345]]]},"properties":{"code":null,"name":"go Nafada Local Government Area","level":"3","parent":"bSfaEpPFa9Y","parentGraph":"s5DPBsdoE8b/bSfaEpPFa9Y","groups":["FbBkTDMs9Kb","u9sz1k03gFY","j6UuBZKGhUp"]}},{"type":"Feature","id":"DalX9ZjKBwp","geometry":{"type":"Polygon","coordinates":[[[11.4346,9.7145],[11.3948,9.5843],[11.0687,9.5864],[11.0198,9.7053],[11.1989,9.763],[11.3008,9.8571],[11.4346,9.7145]]]},"properties":{"code":null,"name":"go Shongom Local Government Area","level":"3","parent":"bSfaEpPFa9Y","parentGraph":"s5DPBsdoE8b/bSfaEpPFa9Y","groups":["FbBkTDMs9Kb","u9sz1k03gFY","j6UuBZKGhUp"]}},{"type":"Feature","id":"k7NTZR3OXph","geometry":{"type":"Polygon","coordinates":[[[11.5497,10.5974],[11.5902,10.5965],[11.7011,10.5943],[11.7128,10.4933],[11.6292,10.3723],[11.7112,10.2418],[11.8138,10.1894],[11.8512,10.1095],[11.7465,10.112],[11.6138,10.064],[11.5715,10.0263],[11.3497,10.1529],[11.2599,10.2924],[11.2473,10.3362],[11.4425,10.4828],[11.5497,10.5974]]]},"properties":{"code":null,"name":"go Yamaltu/Deba Local Government Area","level":"3","parent":"bSfaEpPFa9Y","parentGraph":"s5DPBsdoE8b/bSfaEpPFa9Y","groups":["FbBkTDMs9Kb","u9sz1k03gFY","j6UuBZKGhUp"]}},{"type":"Feature","id":"m4QqnTo0Iuu","geometry":{"type":"Polygon","coordinates":[[[7.3131,5.5014],[7.2736,5.4642],[7.317,5.3925],[7.291,5.3232],[7.2873,5.3115],[7.2015,5.4358],[7.1762,5.4503],[7.1673,5.4748],[7.2197,5.5031],[7.3131,5.5014]]]},"properties":{"code":null,"name":"im Aboh-Mbaise Local Government Area","level":"3","parent":"FmOhtDnhdwU","parentGraph":"s5DPBsdoE8b/FmOhtDnhdwU","groups":["FbBkTDMs9Kb","u9sz1k03gFY"]}},{"type":"Feature","id":"cwVYVQXgOzu","geometry":{"type":"Polygon","coordinates":[[[7.3095,5.5874],[7.3221,5.532],[7.3131,5.5014],[7.2197,5.5031],[7.2371,5.5984],[7.3011,5.6039],[7.3095,5.5874]]]},"properties":{"code":null,"name":"im Ahiazu-Mbaise Local Government Area","level":"3","parent":"FmOhtDnhdwU","parentGraph":"s5DPBsdoE8b/FmOhtDnhdwU","groups":["FbBkTDMs9Kb","u9sz1k03gFY"]}},{"type":"Feature","id":"Nj5nINF827P","geometry":{"type":"Polygon","coordinates":[[[7.3011,5.6039],[7.2371,5.5984],[7.2351,5.5985],[7.2807,5.7245],[7.2776,5.7428],[7.3089,5.7551],[7.3661,5.6973],[7.3011,5.6039]]]},"properties":{"code":null,"name":"im Ehime-Mbano Local Government Area","level":"3","parent":"FmOhtDnhdwU","parentGraph":"s5DPBsdoE8b/FmOhtDnhdwU","groups":["FbBkTDMs9Kb","u9sz1k03gFY"]}},{"type":"Feature","id":"XdVBYBycVHo","geometry":{"type":"Polygon","coordinates":[[[7.3185,5.3958],[7.317,5.3925],[7.2736,5.4642],[7.3131,5.5014],[7.3221,5.532],[7.3837,5.499],[7.3597,5.4451],[7.3185,5.3958]]]},"properties":{"code":null,"name":"im Ezinihitte-Mbaise Local Government Area","level":"3","parent":"FmOhtDnhdwU","parentGraph":"s5DPBsdoE8b/FmOhtDnhdwU","groups":["FbBkTDMs9Kb","u9sz1k03gFY"]}},{"type":"Feature","id":"TYvtAIIS7s4","geometry":{"type":"Polygon","coordinates":[[[7.1436,5.9094],[7.2257,5.9226],[7.234,5.8392],[7.2057,5.7718],[7.1586,5.8399],[7.0886,5.8091],[7.0716,5.8854],[7.0716,5.9233],[7.1236,5.9153],[7.1436,5.9094]]]},"properties":{"code":null,"name":"im Ideato North Local Government Area","level":"3","parent":"FmOhtDnhdwU","parentGraph":"s5DPBsdoE8b/FmOhtDnhdwU","groups":["FbBkTDMs9Kb","u9sz1k03gFY"]}},{"type":"Feature","id":"VdRy1Ehlwho","geometry":{"type":"Polygon","coordinates":[[[7.192,5.7303],[7.1702,5.7432],[7.124,5.7639],[7.0886,5.8091],[7.1586,5.8399],[7.2057,5.7718],[7.192,5.7303]]]},"properties":{"code":null,"name":"im Ideato South Local Government Area","level":"3","parent":"FmOhtDnhdwU","parentGraph":"s5DPBsdoE8b/FmOhtDnhdwU","groups":["FbBkTDMs9Kb","u9sz1k03gFY"]}},{"type":"Feature","id":"vz5FLDvhSwp","geometry":{"type":"Polygon","coordinates":[[[7.4006,5.6189],[7.403,5.5733],[7.3095,5.5874],[7.3011,5.6039],[7.3661,5.6973],[7.3843,5.6814],[7.3802,5.6744],[7.4006,5.6189]]]},"properties":{"code":null,"name":"im Ihitte/Uboma Local Government Area","level":"3","parent":"FmOhtDnhdwU","parentGraph":"s5DPBsdoE8b/FmOhtDnhdwU","groups":["FbBkTDMs9Kb","u9sz1k03gFY"]}},{"type":"Feature","id":"m8GSOE7FDrw","geometry":{"type":"Polygon","coordinates":[[[7.2351,5.5985],[7.2371,5.5984],[7.2197,5.5031],[7.1673,5.4748],[7.085,5.5227],[7.0756,5.5338],[7.1544,5.6216],[7.2351,5.5985]]]},"properties":{"code":null,"name":"im Ikeduru Local Government Area","level":"3","parent":"FmOhtDnhdwU","parentGraph":"s5DPBsdoE8b/FmOhtDnhdwU","groups":["FbBkTDMs9Kb","u9sz1k03gFY"]}},{"type":"Feature","id":"FmOhtDnhdwU","geometry":{"type":"Polygon","coordinates":[[[7.2688,5.9065],[7.3782,5.8639],[7.3932,5.8251],[7.4042,5.5324],[7.3016,5.3608],[7.2516,5.1948],[7.0356,5.1799],[6.8513,5.1957],[6.7818,5.2289],[6.7244,5.3051],[6.7334,5.4798],[6.6244,5.4825],[6.6687,5.6944],[6.777,5.7828],[6.8932,5.756],[6.9466,5.888],[7.0538,5.9226],[7.1641,5.9034],[7.2501,5.9263],[7.2688,5.9065]]]},"properties":{"code":null,"name":"im Imo State","level":"2","parent":"s5DPBsdoE8b","parentGraph":"s5DPBsdoE8b","groups":["aCdSdgaf2uc","TDvAxCkUZYr","u9sz1k03gFY","XagGgkCkfOf"]}},{"type":"Feature","id":"Z8brdgxXEB5","geometry":{"type":"Polygon","coordinates":[[[7.2807,5.7245],[7.2351,5.5985],[7.1544,5.6216],[7.0875,5.6387],[7.0877,5.6451],[7.0971,5.6555],[7.1863,5.7235],[7.192,5.7303],[7.2217,5.7241],[7.2776,5.7428],[7.2807,5.7245]]]},"properties":{"code":null,"name":"im Isiala Mbano Local Government Area","level":"3","parent":"FmOhtDnhdwU","parentGraph":"s5DPBsdoE8b/FmOhtDnhdwU","groups":["FbBkTDMs9Kb","u9sz1k03gFY"]}},{"type":"Feature","id":"yzIM2v95biD","geometry":{"type":"Polygon","coordinates":[[[7.0877,5.6451],[7.0875,5.6387],[7.0584,5.6389],[7.0857,5.7155],[7.0866,5.6986],[7.0971,5.6555],[7.0877,5.6451]]]},"properties":{"code":null,"name":"im Isu Local Government Area","level":"3","parent":"FmOhtDnhdwU","parentGraph":"s5DPBsdoE8b/FmOhtDnhdwU","groups":["FbBkTDMs9Kb","u9sz1k03gFY"]}},{"type":"Feature","id":"DRMu5F2FFbX","geometry":{"type":"Polygon","coordinates":[[[7.2015,5.4358],[7.2873,5.3115],[7.2616,5.2158],[7.2516,5.1948],[7.1489,5.1951],[7.0047,5.1869],[7.0034,5.2666],[7.0353,5.3286],[7.1762,5.4503],[7.2015,5.4358]]]},"properties":{"code":null,"name":"im Ngor-Okpala Local Government Area","level":"3","parent":"FmOhtDnhdwU","parentGraph":"s5DPBsdoE8b/FmOhtDnhdwU","groups":["FbBkTDMs9Kb","u9sz1k03gFY"]}},{"type":"Feature","id":"FXSdptZf7KA","geometry":{"type":"Polygon","coordinates":[[[7.0774,5.7393],[7.0857,5.7155],[7.0584,5.6389],[7.0135,5.6394],[7.0047,5.76],[7.0774,5.7393]]]},"properties":{"code":null,"name":"im Njaba Local Government Area","level":"3","parent":"FmOhtDnhdwU","parentGraph":"s5DPBsdoE8b/FmOhtDnhdwU","groups":["FbBkTDMs9Kb","u9sz1k03gFY"]}},{"type":"Feature","id":"IvhriV46NXA","geometry":{"type":"Polygon","coordinates":[[[7.124,5.7639],[7.1702,5.7432],[7.0866,5.6986],[7.0857,5.7155],[7.0774,5.7393],[7.124,5.7639]]]},"properties":{"code":null,"name":"im Nkwerre Local Government Area","level":"3","parent":"FmOhtDnhdwU","parentGraph":"s5DPBsdoE8b/FmOhtDnhdwU","groups":["FbBkTDMs9Kb","u9sz1k03gFY"]}},{"type":"Feature","id":"hLSg4x5U7wJ","geometry":{"type":"Polygon","coordinates":[[[7.1863,5.7235],[7.0971,5.6555],[7.0866,5.6986],[7.1702,5.7432],[7.192,5.7303],[7.1863,5.7235]]]},"properties":{"code":null,"name":"im Nwangele Local Government Area","level":"3","parent":"FmOhtDnhdwU","parentGraph":"s5DPBsdoE8b/FmOhtDnhdwU","groups":["FbBkTDMs9Kb","u9sz1k03gFY"]}},{"type":"Feature","id":"COU60VI6GF0","geometry":{"type":"Polygon","coordinates":[[[7.3839,5.4999],[7.3837,5.499],[7.3221,5.532],[7.3095,5.5874],[7.403,5.5733],[7.4024,5.5269],[7.3839,5.4999]]]},"properties":{"code":null,"name":"im Obowo Local Government Area","level":"3","parent":"FmOhtDnhdwU","parentGraph":"s5DPBsdoE8b/FmOhtDnhdwU","groups":["FbBkTDMs9Kb","u9sz1k03gFY"]}},{"type":"Feature","id":"HTSmsTD6RWu","geometry":{"type":"Polygon","coordinates":[[[6.9552,5.6266],[6.9451,5.5469],[6.9042,5.5309],[6.8262,5.6018],[6.6777,5.6222],[6.652,5.6218],[6.6687,5.6944],[6.773,5.7809],[6.8586,5.7498],[6.8888,5.6774],[6.9552,5.6266]]]},"properties":{"code":null,"name":"im Oguta Local Government Area","level":"3","parent":"FmOhtDnhdwU","parentGraph":"s5DPBsdoE8b/FmOhtDnhdwU","groups":["FbBkTDMs9Kb","u9sz1k03gFY"]}},{"type":"Feature","id":"LaGTe2TftpL","geometry":{"type":"Polygon","coordinates":[[[6.6777,5.6222],[6.8262,5.6018],[6.9042,5.5309],[6.8925,5.4523],[6.9863,5.359],[7.0034,5.2666],[7.0047,5.1869],[6.9251,5.1981],[6.9189,5.1979],[6.8513,5.1957],[6.8043,5.2113],[6.7602,5.2732],[6.7244,5.3051],[6.7334,5.4798],[6.6244,5.4825],[6.652,5.6218],[6.6777,5.6222]]]},"properties":{"code":null,"name":"im Ohaji/Egbema Local Government Area","level":"3","parent":"FmOhtDnhdwU","parentGraph":"s5DPBsdoE8b/FmOhtDnhdwU","groups":["FbBkTDMs9Kb","u9sz1k03gFY"]}},{"type":"Feature","id":"YDQ1yTnuGE6","geometry":{"type":"Polygon","coordinates":[[[7.3855,5.8469],[7.3843,5.6814],[7.3661,5.6973],[7.3089,5.7551],[7.234,5.8392],[7.2257,5.9226],[7.2501,5.9263],[7.3757,5.8658],[7.3855,5.8469]]]},"properties":{"code":null,"name":"im Okigwe Local Government Area","level":"3","parent":"FmOhtDnhdwU","parentGraph":"s5DPBsdoE8b/FmOhtDnhdwU","groups":["FbBkTDMs9Kb","u9sz1k03gFY"]}},{"type":"Feature","id":"FGATNURcgRD","geometry":{"type":"Polygon","coordinates":[[[7.2217,5.7241],[7.192,5.7303],[7.2057,5.7718],[7.234,5.8392],[7.3089,5.7551],[7.2776,5.7428],[7.2217,5.7241]]]},"properties":{"code":null,"name":"im Onuimo Local Government Area","level":"3","parent":"FmOhtDnhdwU","parentGraph":"s5DPBsdoE8b/FmOhtDnhdwU","groups":["FbBkTDMs9Kb","u9sz1k03gFY"]}},{"type":"Feature","id":"YTOBS3ee2ll","geometry":{"type":"Polygon","coordinates":[[[7.0716,5.8854],[7.0886,5.8091],[7.124,5.7639],[7.0774,5.7393],[7.0047,5.76],[6.9979,5.8],[7.0716,5.8854]]]},"properties":{"code":null,"name":"im Orlu Local Government Area","level":"3","parent":"FmOhtDnhdwU","parentGraph":"s5DPBsdoE8b/FmOhtDnhdwU","groups":["FbBkTDMs9Kb","u9sz1k03gFY"]}},{"type":"Feature","id":"JUH2wt5h5Cr","geometry":{"type":"Polygon","coordinates":[[[7.0716,5.8854],[6.9979,5.8],[6.9746,5.8013],[6.9565,5.8073],[6.9321,5.8319],[6.9458,5.8861],[7.0344,5.918],[7.0716,5.9233],[7.0716,5.8854]]]},"properties":{"code":null,"name":"im Orsu Local Government Area","level":"3","parent":"FmOhtDnhdwU","parentGraph":"s5DPBsdoE8b/FmOhtDnhdwU","groups":["FbBkTDMs9Kb","u9sz1k03gFY"]}},{"type":"Feature","id":"v1DmZeQ1Ea5","geometry":{"type":"Polygon","coordinates":[[[6.9746,5.8013],[6.9979,5.8],[7.0047,5.76],[7.0135,5.6394],[6.9552,5.6266],[6.8888,5.6774],[6.9277,5.7763],[6.9565,5.8073],[6.9746,5.8013]]]},"properties":{"code":null,"name":"im Oru East Local Government Area","level":"3","parent":"FmOhtDnhdwU","parentGraph":"s5DPBsdoE8b/FmOhtDnhdwU","groups":["FbBkTDMs9Kb","u9sz1k03gFY"]}},{"type":"Feature","id":"FnIw4sdHgV1","geometry":{"type":"Polygon","coordinates":[[[6.9277,5.7763],[6.8888,5.6774],[6.8586,5.7498],[6.9321,5.8319],[6.9565,5.8073],[6.9277,5.7763]]]},"properties":{"code":null,"name":"im Oru West Local Government Area","level":"3","parent":"FmOhtDnhdwU","parentGraph":"s5DPBsdoE8b/FmOhtDnhdwU","groups":["FbBkTDMs9Kb","u9sz1k03gFY"]}},{"type":"Feature","id":"MUkiCoRWzAR","geometry":{"type":"Polygon","coordinates":[[[7.085,5.5227],[7.1673,5.4748],[7.1762,5.4503],[7.0353,5.3286],[7.0415,5.4475],[7.0259,5.5216],[7.0756,5.5338],[7.085,5.5227]]]},"properties":{"code":null,"name":"im Owerri Municipal Local Government Area","level":"3","parent":"FmOhtDnhdwU","parentGraph":"s5DPBsdoE8b/FmOhtDnhdwU","groups":["FbBkTDMs9Kb","u9sz1k03gFY"]}},{"type":"Feature","id":"B4QARayBAOR","geometry":{"type":"Polygon","coordinates":[[[7.085,5.5227],[7.0896,5.5197],[7.0917,5.5194],[7.1013,5.5162],[7.1098,5.5113],[7.1157,5.5089],[7.1231,5.5071],[7.1276,5.504],[7.1379,5.499],[7.1418,5.4967],[7.1478,5.4959],[7.1546,5.4902],[7.1578,5.4869],[7.1651,5.479],[7.1673,5.4748],[7.17,5.4697],[7.1739,5.4569],[7.1763,5.4502],[7.1761,5.4495],[7.1758,5.4417],[7.1754,5.4362],[7.173,5.4288],[7.1703,5.4188],[7.1684,5.4142],[7.1648,5.4085],[7.1615,5.4035],[7.1573,5.3996],[7.1526,5.3946],[7.1448,5.3938],[7.1342,5.3943],[7.1259,5.3955],[7.1192,5.398],[7.1119,5.3988],[7.1063,5.3986],[7.0998,5.3958],[7.0961,5.3926],[7.0944,5.3892],[7.09,5.3849],[7.0887,5.378],[7.0851,5.3711],[7.0806,5.3634],[7.0743,5.3575],[7.0696,5.3513],[7.0677,5.3488],[7.0653,5.3436],[7.0569,5.3389],[7.0501,5.3344],[7.0385,5.3297],[7.0353,5.3285],[7.0302,5.3423],[7.0342,5.3466],[7.0323,5.3591],[7.0351,5.3766],[7.0416,5.3889],[7.0482,5.3978],[7.0562,5.4096],[7.0619,5.4211],[7.0625,5.4268],[7.0592,5.4356],[7.0535,5.4396],[7.0487,5.4418],[7.0414,5.447],[7.0415,5.4475],[7.0426,5.4532],[7.0468,5.4563],[7.0538,5.4585],[7.0582,5.4612],[7.0678,5.4721],[7.0712,5.4806],[7.0683,5.4864],[7.0596,5.4909],[7.05,5.4961],[7.0425,5.5013],[7.0338,5.5056],[7.0313,5.5121],[7.026,5.5212],[7.0259,5.5216],[7.0269,5.5239],[7.0298,5.5287],[7.0341,5.5252],[7.0412,5.5226],[7.0521,5.5242],[7.062,5.5273],[7.0757,5.5338],[7.0782,5.5307],[7.0812,5.5279],[7.085,5.5227]]]},"properties":{"code":null,"name":"im Owerri North Local Government Area","level":"3","parent":"FmOhtDnhdwU","parentGraph":"s5DPBsdoE8b/FmOhtDnhdwU","groups":["FbBkTDMs9Kb","u9sz1k03gFY"]}},{"type":"Feature","id":"x4yRobx6lnJ","geometry":{"type":"Polygon","coordinates":[[[6.9973,5.5463],[7.0259,5.5216],[7.0415,5.4475],[7.0353,5.3286],[7.0034,5.2666],[6.9863,5.359],[6.8925,5.4523],[6.9042,5.5309],[6.9451,5.5469],[6.9973,5.5463]]]},"properties":{"code":null,"name":"im Owerri West Local Government Area","level":"3","parent":"FmOhtDnhdwU","parentGraph":"s5DPBsdoE8b/FmOhtDnhdwU","groups":["FbBkTDMs9Kb","u9sz1k03gFY"]}},{"type":"Feature","id":"dTPlMGOi706","geometry":{"type":"Polygon","coordinates":[[[10.0476,12.3857],[10.2558,12.3782],[10.2164,12.2481],[10.0625,12.3522],[9.945,12.2435],[9.8409,12.2329],[9.7012,12.2684],[9.941,12.3696],[10.0009,12.4019],[10.0476,12.3857]]]},"properties":{"code":null,"name":"ji Auyo Local Government Area","level":"3","parent":"MJVVi73YayJ","parentGraph":"s5DPBsdoE8b/MJVVi73YayJ","groups":["FbBkTDMs9Kb","u9sz1k03gFY"]}},{"type":"Feature","id":"nc2QCpV0Gr3","geometry":{"type":"Polygon","coordinates":[[[8.9759,12.5661],[8.8572,12.4486],[8.8508,12.3964],[8.769,12.3888],[8.6902,12.4394],[8.6818,12.5393],[8.6134,12.5619],[8.6909,12.6205],[8.7305,12.6779],[8.9184,12.7532],[8.977,12.8344],[8.9919,12.8401],[9.0174,12.6995],[8.9759,12.5661]]]},"properties":{"code":null,"name":"ji Babura Local Government Area","level":"3","parent":"MJVVi73YayJ","parentGraph":"s5DPBsdoE8b/MJVVi73YayJ","groups":["FbBkTDMs9Kb","u9sz1k03gFY"]}},{"type":"Feature","id":"bsPzMlaAVdl","geometry":{"type":"Polygon","coordinates":[[[9.6442,11.7032],[9.6889,11.7019],[9.6677,11.6621],[9.646,11.3496],[9.6515,11.2409],[9.6339,11.2396],[9.5491,11.3012],[9.4578,11.2895],[9.2247,11.3424],[9.2531,11.4537],[9.3339,11.525],[9.4496,11.5796],[9.6442,11.7032]]]},"properties":{"code":null,"name":"ji Birnin Kudu Local Government Area","level":"3","parent":"MJVVi73YayJ","parentGraph":"s5DPBsdoE8b/MJVVi73YayJ","groups":["FbBkTDMs9Kb","u9sz1k03gFY"]}},{"type":"Feature","id":"zJYLF1MyglI","geometry":{"type":"Polygon","coordinates":[[[10.318,12.8012],[10.3202,12.7496],[10.1576,12.6724],[10.0682,12.6656],[9.9224,12.5936],[9.8374,12.6121],[9.7544,12.7961],[9.8517,12.8216],[9.8856,12.8846],[10.1704,12.9886],[10.1961,12.9743],[10.2753,12.784],[10.318,12.8012]]]},"properties":{"code":null,"name":"ji Birniwa Local Government Area","level":"3","parent":"MJVVi73YayJ","parentGraph":"s5DPBsdoE8b/MJVVi73YayJ","groups":["FbBkTDMs9Kb","u9sz1k03gFY"]}},{"type":"Feature","id":"xbsEPI1cyqA","geometry":{"type":"Polygon","coordinates":[[[9.646,11.3496],[9.6677,11.6621],[9.6889,11.7019],[9.7591,11.7215],[9.7987,11.7145],[9.8178,11.5516],[9.813,11.455],[9.7184,11.431],[9.646,11.3496]]]},"properties":{"code":null,"name":"ji Buji Local Government Area","level":"3","parent":"MJVVi73YayJ","parentGraph":"s5DPBsdoE8b/MJVVi73YayJ","groups":["FbBkTDMs9Kb","u9sz1k03gFY"]}},{"type":"Feature","id":"S0A3Wd4WHNl","geometry":{"type":"Polygon","coordinates":[[[9.4201,11.891],[9.379,11.7376],[9.4496,11.5796],[9.3339,11.525],[9.3145,11.5721],[9.2302,11.6914],[9.1697,11.7037],[9.1356,11.7693],[9.1922,11.8687],[9.2051,11.9508],[9.2769,12.0237],[9.4201,11.891]]]},"properties":{"code":null,"name":"ji Dutse Local Government Area","level":"3","parent":"MJVVi73YayJ","parentGraph":"s5DPBsdoE8b/MJVVi73YayJ","groups":["FbBkTDMs9Kb","u9sz1k03gFY"]}},{"type":"Feature","id":"aGGOzixsxuX","geometry":{"type":"Polygon","coordinates":[[[9.732,12.545],[9.723,12.4847],[9.5606,12.3491],[9.5583,12.3533],[9.489,12.3482],[9.3654,12.3698],[9.3764,12.5061],[9.4609,12.5738],[9.607,12.5837],[9.732,12.545]]]},"properties":{"code":null,"name":"ji Gagarawa Local Government Area","level":"3","parent":"MJVVi73YayJ","parentGraph":"s5DPBsdoE8b/MJVVi73YayJ","groups":["FbBkTDMs9Kb","u9sz1k03gFY"]}},{"type":"Feature","id":"qJLEZrc3JT1","geometry":{"type":"Polygon","coordinates":[[[9.3654,12.3698],[9.489,12.3482],[9.4199,12.2877],[9.25,12.2571],[9.0784,12.291],[8.9046,12.273],[8.7943,12.2904],[8.778,12.3634],[8.769,12.3888],[8.8508,12.3964],[8.8572,12.4486],[8.9759,12.5661],[8.9965,12.5127],[9.1488,12.479],[9.2192,12.4081],[9.3654,12.3698]]]},"properties":{"code":null,"name":"ji Garki Local Government Area","level":"3","parent":"MJVVi73YayJ","parentGraph":"s5DPBsdoE8b/MJVVi73YayJ","groups":["FbBkTDMs9Kb","u9sz1k03gFY"]}},{"type":"Feature","id":"v749FWA1SdV","geometry":{"type":"Polygon","coordinates":[[[9.4609,12.5738],[9.3764,12.5061],[9.3092,12.5415],[9.2974,12.6418],[9.3744,12.6753],[9.4609,12.5738]]]},"properties":{"code":null,"name":"ji Gumel Local Government Area","level":"3","parent":"MJVVi73YayJ","parentGraph":"s5DPBsdoE8b/MJVVi73YayJ","groups":["FbBkTDMs9Kb","u9sz1k03gFY"]}},{"type":"Feature","id":"JwjMiREyIad","geometry":{"type":"Polygon","coordinates":[[[10.4776,12.7923],[10.5423,12.7686],[10.5806,12.6574],[10.6094,12.5025],[10.4307,12.3925],[10.3433,12.4449],[10.3297,12.5415],[10.3504,12.641],[10.3202,12.7496],[10.318,12.8012],[10.388,12.8249],[10.4776,12.7923]]]},"properties":{"code":null,"name":"ji Guri Local Government Area","level":"3","parent":"MJVVi73YayJ","parentGraph":"s5DPBsdoE8b/MJVVi73YayJ","groups":["FbBkTDMs9Kb","u9sz1k03gFY"]}},{"type":"Feature","id":"MRWEaS4TN0K","geometry":{"type":"Polygon","coordinates":[[[9.8801,11.4652],[9.9514,11.3181],[10.0387,11.2369],[10.1131,11.2288],[10.2896,11.1991],[10.3926,11.1744],[10.2756,11.0816],[10.1924,11.0261],[10.2098,10.9425],[10.0847,10.9678],[9.9021,10.9645],[9.8675,11.0215],[9.8807,11.1443],[9.829,11.2567],[9.6515,11.2409],[9.646,11.3496],[9.7184,11.431],[9.813,11.455],[9.8801,11.4652]]]},"properties":{"code":null,"name":"ji Gwaram Local Government Area","level":"3","parent":"MJVVi73YayJ","parentGraph":"s5DPBsdoE8b/MJVVi73YayJ","groups":["FbBkTDMs9Kb","u9sz1k03gFY"]}},{"type":"Feature","id":"QDLaR2GEFYS","geometry":{"type":"Polygon","coordinates":[[[8.3672,12.6487],[8.3452,12.624],[8.273,12.611],[8.1647,12.664],[8.1134,12.6638],[8.1128,12.7114],[8.1233,12.7937],[8.2301,12.8256],[8.3797,12.8192],[8.3672,12.6487]]]},"properties":{"code":null,"name":"ji Gwiwa Local Government Area","level":"3","parent":"MJVVi73YayJ","parentGraph":"s5DPBsdoE8b/MJVVi73YayJ","groups":["FbBkTDMs9Kb","u9sz1k03gFY"]}},{"type":"Feature","id":"RGiMttErs00","geometry":{"type":"Polygon","coordinates":[[[10.0476,12.3857],[10.0009,12.4019],[10.0594,12.4447],[10.0476,12.3857]]]},"properties":{"code":null,"name":"ji Hadejia Local Government Area","level":"3","parent":"MJVVi73YayJ","parentGraph":"s5DPBsdoE8b/MJVVi73YayJ","groups":["FbBkTDMs9Kb","u9sz1k03gFY"]}},{"type":"Feature","id":"sp52JcKdOF0","geometry":{"type":"Polygon","coordinates":[[[9.818,12.0835],[9.8266,11.9669],[9.6514,11.9154],[9.5969,11.9577],[9.4201,11.891],[9.2769,12.0237],[9.3033,12.1159],[9.3324,12.1464],[9.5005,12.1799],[9.6477,12.109],[9.818,12.0835]]]},"properties":{"code":null,"name":"ji Jahun Local Government Area","level":"3","parent":"MJVVi73YayJ","parentGraph":"s5DPBsdoE8b/MJVVi73YayJ","groups":["FbBkTDMs9Kb","u9sz1k03gFY"]}},{"type":"Feature","id":"MJVVi73YayJ","geometry":{"type":"Polygon","coordinates":[[[10.6094,12.5025],[10.4307,12.3925],[10.3994,12.4535],[10.2885,12.4244],[10.1615,12.0868],[10.1712,12.0212],[9.8746,11.907],[9.7863,11.8586],[9.6867,11.8513],[9.6347,11.779],[9.627,11.7112],[9.7987,11.7145],[9.8306,11.5754],[9.7901,11.4957],[9.818,11.4504],[9.8801,11.4652],[9.9047,11.3844],[9.9903,11.2662],[10.0387,11.2369],[10.234,11.2042],[10.3776,11.1953],[10.3765,11.1285],[10.258,11.0781],[10.1924,11.0261],[10.2098,10.9425],[10.0847,10.9678],[9.9943,10.9456],[9.9021,10.9645],[9.8675,11.0189],[9.8807,11.1443],[9.829,11.2567],[9.5779,11.2427],[9.5491,11.3012],[9.4578,11.2895],[9.2247,11.3424],[9.2531,11.4537],[9.3559,11.547],[9.2621,11.6159],[9.2124,11.7072],[9.1325,11.7028],[9.1356,11.7693],[9.1898,11.8439],[9.2069,11.9449],[9.17,12.0593],[9.0888,12.0005],[9.0372,12.0016],[9.0278,12.0653],[8.9255,12.0641],[8.9474,12.1196],[8.9356,12.2554],[8.7897,12.2928],[8.7565,12.403],[8.7179,12.4231],[8.6825,12.4607],[8.6818,12.5393],[8.552,12.5773],[8.4911,12.5718],[8.3951,12.5131],[8.3643,12.4257],[8.2827,12.5696],[8.2628,12.6112],[8.1139,12.6506],[8.1246,12.808],[8.2998,12.8346],[8.3865,12.819],[8.5355,12.8313],[8.5771,12.7376],[8.7401,12.6761],[8.8669,12.7125],[8.977,12.8344],[9.3902,12.8231],[9.6503,12.8036],[9.675,12.8232],[9.8009,12.793],[9.8856,12.8846],[9.9716,12.9259],[10.1704,12.9886],[10.206,12.9688],[10.2753,12.784],[10.388,12.8249],[10.5313,12.7853],[10.5669,12.7314],[10.6094,12.5025]]]},"properties":{"code":null,"name":"ji Jigawa State","level":"2","parent":"s5DPBsdoE8b","parentGraph":"s5DPBsdoE8b","groups":["VZ50tpviPWt","aCdSdgaf2uc","cx3yME7a4oR","iIx71rUFpk3","u9sz1k03gFY"]}},{"type":"Feature","id":"PZ8aIE1wuv2","geometry":{"type":"Polygon","coordinates":[[[10.2164,12.2481],[10.1615,12.0868],[10.171,12.0371],[10.0513,11.9664],[9.9283,11.9282],[9.8491,11.9658],[9.8266,11.9669],[9.818,12.0835],[9.8409,12.2329],[9.945,12.2435],[10.0625,12.3522],[10.2164,12.2481]]]},"properties":{"code":null,"name":"ji Kafin Hausa Local Government Area","level":"3","parent":"MJVVi73YayJ","parentGraph":"s5DPBsdoE8b/MJVVi73YayJ","groups":["FbBkTDMs9Kb","u9sz1k03gFY"]}},{"type":"Feature","id":"LxN83oY83cG","geometry":{"type":"Polygon","coordinates":[[[9.941,12.3696],[9.7012,12.2684],[9.5923,12.3087],[9.572,12.3067],[9.5606,12.3491],[9.723,12.4847],[9.732,12.545],[9.7531,12.6255],[9.666,12.8152],[9.675,12.8232],[9.7544,12.7961],[9.8374,12.6121],[9.8132,12.3916],[9.941,12.3696]]]},"properties":{"code":null,"name":"ji Kaugama Local Government Area","level":"3","parent":"MJVVi73YayJ","parentGraph":"s5DPBsdoE8b/MJVVi73YayJ","groups":["FbBkTDMs9Kb","u9sz1k03gFY"]}},{"type":"Feature","id":"YDM0Y0Ht2rk","geometry":{"type":"Polygon","coordinates":[[[8.6909,12.6205],[8.6134,12.5619],[8.5278,12.576],[8.4466,12.5507],[8.343,12.582],[8.3452,12.624],[8.3672,12.6487],[8.4638,12.7019],[8.5091,12.6205],[8.6803,12.6977],[8.7305,12.6779],[8.6909,12.6205]]]},"properties":{"code":null,"name":"ji Kazaure Local Government Area","level":"3","parent":"MJVVi73YayJ","parentGraph":"s5DPBsdoE8b/MJVVi73YayJ","groups":["FbBkTDMs9Kb","u9sz1k03gFY"]}},{"type":"Feature","id":"yux0FvkPjw9","geometry":{"type":"Polygon","coordinates":[[[10.3297,12.5415],[10.3433,12.4449],[10.2558,12.3782],[10.0476,12.3857],[10.0594,12.4447],[10.1076,12.5567],[10.1977,12.5824],[10.1781,12.6498],[10.1576,12.6724],[10.3202,12.7496],[10.3504,12.641],[10.3297,12.5415]]]},"properties":{"code":null,"name":"ji Kiri Kasamma Local Government Area","level":"3","parent":"MJVVi73YayJ","parentGraph":"s5DPBsdoE8b/MJVVi73YayJ","groups":["FbBkTDMs9Kb","u9sz1k03gFY"]}},{"type":"Feature","id":"srSIK3D7Vvx","geometry":{"type":"Polygon","coordinates":[[[9.8491,11.9658],[9.9283,11.9282],[9.7863,11.8586],[9.6867,11.8513],[9.6347,11.779],[9.6442,11.7032],[9.4496,11.5796],[9.379,11.7376],[9.4201,11.891],[9.5969,11.9577],[9.6514,11.9154],[9.8266,11.9669],[9.8491,11.9658]]]},"properties":{"code":null,"name":"ji Kiyawa Local Government Area","level":"3","parent":"MJVVi73YayJ","parentGraph":"s5DPBsdoE8b/MJVVi73YayJ","groups":["FbBkTDMs9Kb","u9sz1k03gFY"]}},{"type":"Feature","id":"fGpG113LMaQ","geometry":{"type":"Polygon","coordinates":[[[9.666,12.8152],[9.7531,12.6255],[9.732,12.545],[9.607,12.5837],[9.4609,12.5738],[9.3744,12.6753],[9.2974,12.6418],[9.3235,12.8122],[9.666,12.8152]]]},"properties":{"code":null,"name":"ji Maigatari Local Government Area","level":"3","parent":"MJVVi73YayJ","parentGraph":"s5DPBsdoE8b/MJVVi73YayJ","groups":["FbBkTDMs9Kb","u9sz1k03gFY"]}},{"type":"Feature","id":"l4yYhRGZHLj","geometry":{"type":"Polygon","coordinates":[[[10.1781,12.6498],[10.1977,12.5824],[10.1076,12.5567],[10.0594,12.4447],[10.0009,12.4019],[9.941,12.3696],[9.8132,12.3916],[9.8374,12.6121],[9.9224,12.5936],[10.0682,12.6656],[10.1576,12.6724],[10.1781,12.6498]]]},"properties":{"code":null,"name":"ji Malam Madori Local Government Area","level":"3","parent":"MJVVi73YayJ","parentGraph":"s5DPBsdoE8b/MJVVi73YayJ","groups":["FbBkTDMs9Kb","u9sz1k03gFY"]}},{"type":"Feature","id":"hr58wZFstRV","geometry":{"type":"Polygon","coordinates":[[[9.5923,12.3087],[9.7012,12.2684],[9.8409,12.2329],[9.818,12.0835],[9.6477,12.109],[9.5005,12.1799],[9.572,12.3067],[9.5923,12.3087]]]},"properties":{"code":null,"name":"ji Miga Local Government Area","level":"3","parent":"MJVVi73YayJ","parentGraph":"s5DPBsdoE8b/MJVVi73YayJ","groups":["FbBkTDMs9Kb","u9sz1k03gFY"]}},{"type":"Feature","id":"tqHXKPyFVcF","geometry":{"type":"Polygon","coordinates":[[[9.3033,12.1159],[9.2769,12.0237],[9.2051,11.9508],[9.17,12.0593],[9.0372,12.0016],[9.0278,12.0653],[8.9464,12.0422],[8.9356,12.2554],[8.9046,12.273],[9.0784,12.291],[9.1231,12.2002],[9.3033,12.1159]]]},"properties":{"code":null,"name":"ji Ringim Local Government Area","level":"3","parent":"MJVVi73YayJ","parentGraph":"s5DPBsdoE8b/MJVVi73YayJ","groups":["FbBkTDMs9Kb","u9sz1k03gFY"]}},{"type":"Feature","id":"ar4Wa0cbESE","geometry":{"type":"Polygon","coordinates":[[[8.1647,12.664],[8.273,12.611],[8.3452,12.624],[8.343,12.582],[8.4466,12.5507],[8.3625,12.4242],[8.2827,12.5696],[8.2628,12.6112],[8.1134,12.6638],[8.1647,12.664]]]},"properties":{"code":null,"name":"ji Roni Local Government Area","level":"3","parent":"MJVVi73YayJ","parentGraph":"s5DPBsdoE8b/MJVVi73YayJ","groups":["FbBkTDMs9Kb","u9sz1k03gFY"]}},{"type":"Feature","id":"pWSWYVroXmZ","geometry":{"type":"Polygon","coordinates":[[[9.3235,12.8122],[9.2974,12.6418],[9.3092,12.5415],[9.3764,12.5061],[9.3654,12.3698],[9.2192,12.4081],[9.1488,12.479],[8.9965,12.5127],[8.9759,12.5661],[9.0174,12.6995],[8.9919,12.8401],[9.3235,12.8122]]]},"properties":{"code":null,"name":"ji Sule-Tankarkar Local Government Area","level":"3","parent":"MJVVi73YayJ","parentGraph":"s5DPBsdoE8b/MJVVi73YayJ","groups":["FbBkTDMs9Kb","u9sz1k03gFY"]}},{"type":"Feature","id":"RAJZXaAAHTx","geometry":{"type":"Polygon","coordinates":[[[9.5583,12.3533],[9.5606,12.3491],[9.572,12.3067],[9.5005,12.1799],[9.3324,12.1464],[9.3033,12.1159],[9.1231,12.2002],[9.0784,12.291],[9.25,12.2571],[9.4199,12.2877],[9.489,12.3482],[9.5583,12.3533]]]},"properties":{"code":null,"name":"ji Taura Local Government Area","level":"3","parent":"MJVVi73YayJ","parentGraph":"s5DPBsdoE8b/MJVVi73YayJ","groups":["FbBkTDMs9Kb","u9sz1k03gFY"]}},{"type":"Feature","id":"wM0KPVhZJGF","geometry":{"type":"Polygon","coordinates":[[[8.5557,12.8071],[8.5771,12.7376],[8.6803,12.6977],[8.5091,12.6205],[8.4638,12.7019],[8.3672,12.6487],[8.3797,12.8192],[8.4437,12.8256],[8.5557,12.8071]]]},"properties":{"code":null,"name":"ji Yankwashi Local Government Area","level":"3","parent":"MJVVi73YayJ","parentGraph":"s5DPBsdoE8b/MJVVi73YayJ","groups":["FbBkTDMs9Kb","u9sz1k03gFY"]}},{"type":"Feature","id":"S4EVTL7zNw6","geometry":{"type":"Polygon","coordinates":[[[7.2169,11.1291],[7.1775,10.9649],[7.1269,10.882],[7.153,10.8146],[7.1889,10.6995],[7.0089,10.7107],[6.8679,10.8115],[6.7404,10.6307],[6.7303,10.566],[6.5345,10.544],[6.4288,10.5761],[6.2986,10.4803],[6.2116,10.3681],[6.1658,10.3633],[6.0945,10.4674],[6.1284,10.5395],[6.1174,10.7704],[6.1665,10.8564],[6.2055,10.8631],[6.3305,11.0035],[6.4368,11.027],[6.6412,11.0279],[6.7279,11.1014],[6.7748,11.2415],[6.8634,11.3234],[6.9024,11.3479],[7.0399,11.2946],[6.983,11.2136],[7.0857,11.183],[7.1542,11.1144],[7.2169,11.1291]]]},"properties":{"code":null,"name":"kd Birnin Gwari Local Government Area","level":"3","parent":"tjLatcokcel","parentGraph":"s5DPBsdoE8b/tjLatcokcel","groups":["FbBkTDMs9Kb","u9sz1k03gFY"]}},{"type":"Feature","id":"RzByRPx10L9","geometry":{"type":"Polygon","coordinates":[[[7.0089,10.7107],[7.1889,10.6995],[7.2604,10.615],[7.2347,10.4214],[7.2605,10.3659],[7.3225,10.4737],[7.3916,10.4465],[7.4374,10.4194],[7.4539,10.4711],[7.4803,10.4889],[7.7459,10.5609],[7.8029,10.4894],[7.701,10.34],[7.5875,10.2616],[7.6387,10.1588],[7.424,10.1023],[7.3833,10.0574],[7.229,10.0101],[7.0441,10.007],[6.918,10.0649],[6.8921,10.1052],[7.0503,10.239],[7.0718,10.2994],[6.9416,10.3538],[6.9644,10.4612],[6.8437,10.5664],[6.8252,10.6313],[6.7404,10.6307],[6.8679,10.8115],[7.0089,10.7107]]]},"properties":{"code":null,"name":"kd Chikun Local Government Area","level":"3","parent":"tjLatcokcel","parentGraph":"s5DPBsdoE8b/tjLatcokcel","groups":["FbBkTDMs9Kb","u9sz1k03gFY"]}},{"type":"Feature","id":"pOZbc1gaTh5","geometry":{"type":"Polygon","coordinates":[[[7.6044,11.1315],[7.6394,11.1218],[7.6224,11.0008],[7.4953,10.9962],[7.3943,11.0089],[7.3735,10.9365],[7.2789,10.8272],[7.153,10.8146],[7.1269,10.882],[7.1775,10.9649],[7.2169,11.1291],[7.2153,11.2437],[7.3258,11.2598],[7.3811,11.2598],[7.4077,11.336],[7.4722,11.3751],[7.5817,11.3384],[7.6389,11.2816],[7.6368,11.255],[7.6044,11.1315]]]},"properties":{"code":null,"name":"kd Giwa Local Government Area","level":"3","parent":"tjLatcokcel","parentGraph":"s5DPBsdoE8b/tjLatcokcel","groups":["FbBkTDMs9Kb","u9sz1k03gFY"]}},{"type":"Feature","id":"buCe7jA4YjI","geometry":{"type":"Polygon","coordinates":[[[7.4953,10.9962],[7.6224,11.0008],[7.7045,10.9447],[7.8007,10.9542],[7.8234,10.9223],[7.7739,10.8074],[7.8535,10.6771],[7.9647,10.6511],[8.0183,10.5319],[7.9855,10.5307],[7.8029,10.4894],[7.7459,10.5609],[7.4803,10.4889],[7.4594,10.6362],[7.4211,10.5426],[7.3916,10.4465],[7.3225,10.4737],[7.2605,10.3659],[7.2347,10.4214],[7.2604,10.615],[7.1889,10.6995],[7.153,10.8146],[7.2789,10.8272],[7.3735,10.9365],[7.3943,11.0089],[7.4953,10.9962]]]},"properties":{"code":null,"name":"kd Igabi Local Government Area","level":"3","parent":"tjLatcokcel","parentGraph":"s5DPBsdoE8b/tjLatcokcel","groups":["zAywu9z1ZWc","FbBkTDMs9Kb","u9sz1k03gFY"]}},{"type":"Feature","id":"v4ePasyL51t","geometry":{"type":"Polygon","coordinates":[[[8.2026,11.3045],[8.3366,11.2123],[8.4211,11.2035],[8.4871,11.1465],[8.5119,11.1278],[8.4437,11.1236],[8.3665,11.1881],[8.3856,11.0967],[8.1755,11.1053],[8.0184,11.2006],[8.0835,11.202],[8.1218,11.2237],[7.9768,11.4576],[8.0298,11.4759],[8.1229,11.4926],[8.1123,11.3956],[8.2026,11.3045]]]},"properties":{"code":null,"name":"kd Ikara Local Government Area","level":"3","parent":"tjLatcokcel","parentGraph":"s5DPBsdoE8b/tjLatcokcel","groups":["FbBkTDMs9Kb","u9sz1k03gFY"]}},{"type":"Feature","id":"VLdA5xmvCFf","geometry":{"type":"Polygon","coordinates":[[[7.9931,9.2969],[7.9237,9.3622],[7.9118,9.4144],[8.0102,9.5349],[8.1253,9.6019],[8.1834,9.4971],[8.0951,9.4524],[7.9931,9.2969]]]},"properties":{"code":null,"name":"kd Jaba Local Government Area","level":"3","parent":"tjLatcokcel","parentGraph":"s5DPBsdoE8b/tjLatcokcel","groups":["FbBkTDMs9Kb","u9sz1k03gFY"]}},{"type":"Feature","id":"m63hCEwC23N","geometry":{"type":"Polygon","coordinates":[[[8.5458,9.5251],[8.5786,9.4588],[8.4659,9.3708],[8.418,9.2321],[8.2516,9.2401],[8.1321,9.0132],[8.0767,9.0405],[8.0813,9.1494],[8.0809,9.1591],[8.0113,9.2495],[7.9931,9.2969],[8.0951,9.4524],[8.1834,9.4971],[8.3128,9.5664],[8.3962,9.4727],[8.5458,9.5251]]]},"properties":{"code":null,"name":"kd Jema'a Local Government Area","level":"3","parent":"tjLatcokcel","parentGraph":"s5DPBsdoE8b/tjLatcokcel","groups":["FbBkTDMs9Kb","u9sz1k03gFY"]}},{"type":"Feature","id":"xFMIsK5LcPB","geometry":{"type":"Polygon","coordinates":[[[7.6387,10.1588],[7.7767,10.0138],[7.9611,10.0767],[8.0437,10.082],[7.9653,9.893],[8.0199,9.6932],[8.0877,9.6753],[8.1253,9.6019],[8.0102,9.5349],[7.9142,9.5433],[7.7891,9.6637],[7.6654,9.5405],[7.4396,9.5779],[7.2869,9.5185],[7.3412,9.5876],[7.2968,9.6923],[7.2219,9.751],[7.2884,9.7645],[7.2794,9.9815],[7.229,10.0101],[7.3833,10.0574],[7.424,10.1023],[7.6387,10.1588]]]},"properties":{"code":null,"name":"kd Kachia Local Government Area","level":"3","parent":"tjLatcokcel","parentGraph":"s5DPBsdoE8b/tjLatcokcel","groups":["FbBkTDMs9Kb","u9sz1k03gFY"]}},{"type":"Feature","id":"qCEJn3OExhs","geometry":{"type":"Polygon","coordinates":[[[7.4594,10.6362],[7.4803,10.4889],[7.4539,10.4711],[7.4211,10.5426],[7.4594,10.6362]]]},"properties":{"code":null,"name":"kd Kaduna North Local Government Area","level":"3","parent":"tjLatcokcel","parentGraph":"s5DPBsdoE8b/tjLatcokcel","groups":["FbBkTDMs9Kb","u9sz1k03gFY"]}},{"type":"Feature","id":"nULF7So67j4","geometry":{"type":"Polygon","coordinates":[[[7.4374,10.4194],[7.3916,10.4465],[7.4211,10.5426],[7.4539,10.4711],[7.4374,10.4194]]]},"properties":{"code":null,"name":"kd Kaduna South Local Government Area","level":"3","parent":"tjLatcokcel","parentGraph":"s5DPBsdoE8b/tjLatcokcel","groups":["FbBkTDMs9Kb","u9sz1k03gFY"]}},{"type":"Feature","id":"tjLatcokcel","geometry":{"type":"Polygon","coordinates":[[[8.7413,10.5492],[8.6992,10.4069],[8.785,10.3356],[8.7668,10.2618],[8.6794,10.2028],[8.6414,10.0798],[8.6755,9.9784],[8.6369,9.9467],[8.6315,9.7387],[8.559,9.6269],[8.547,9.5097],[8.6689,9.3563],[8.6869,9.2682],[8.66,9.2048],[8.5329,9.0073],[8.467,9.0028],[8.3711,9.1281],[8.2637,9.1556],[8.1614,9.033],[8.094,9.0073],[8.0767,9.0405],[8.0775,9.1961],[8.0113,9.2495],[7.9875,9.3134],[7.9112,9.3611],[7.8319,9.2498],[7.6258,9.3107],[7.5335,9.3512],[7.4955,9.2924],[7.3108,9.2975],[7.2572,9.2938],[7.2736,9.3609],[7.2188,9.4055],[7.3412,9.5876],[7.2833,9.6439],[7.297,9.8384],[7.2629,10.0072],[7.0441,10.007],[6.9365,10.047],[6.8921,10.1052],[7.0503,10.239],[7.0718,10.2994],[6.9416,10.3538],[6.9644,10.4612],[6.9323,10.5219],[6.8474,10.5206],[6.8252,10.6313],[6.749,10.6394],[6.7303,10.566],[6.6661,10.5752],[6.5428,10.5296],[6.4856,10.59],[6.4288,10.5761],[6.2986,10.4803],[6.2116,10.3681],[6.1658,10.3633],[6.0968,10.4518],[6.1284,10.5395],[6.1174,10.7704],[6.1665,10.8564],[6.2055,10.8631],[6.3305,11.0035],[6.4368,11.027],[6.6412,11.0279],[6.7279,11.1014],[6.7748,11.2415],[6.9024,11.3479],[7.005,11.3368],[7.0399,11.2946],[6.983,11.2136],[7.0857,11.183],[7.1542,11.1144],[7.2393,11.146],[7.2173,11.2515],[7.3811,11.2598],[7.4004,11.3292],[7.4722,11.3751],[7.5817,11.3384],[7.6559,11.2733],[7.7466,11.3091],[7.7763,11.3591],[7.8656,11.3696],[8.0107,11.4759],[8.1229,11.4926],[8.1123,11.3956],[8.1378,11.3357],[8.2551,11.2869],[8.3366,11.2123],[8.4211,11.2035],[8.5227,11.1137],[8.5722,10.9685],[8.5395,10.851],[8.5439,10.7092],[8.4778,10.6813],[8.5047,10.6309],[8.6182,10.6153],[8.6759,10.5549],[8.7413,10.5492]]]},"properties":{"code":null,"name":"kd Kaduna State","level":"2","parent":"s5DPBsdoE8b","parentGraph":"s5DPBsdoE8b","groups":["aCdSdgaf2uc","cx3yME7a4oR","FDdJ6PFtOPk","u9sz1k03gFY"]}},{"type":"Feature","id":"OMlTjvyHnVp","geometry":{"type":"Polygon","coordinates":[[[7.9142,9.5433],[8.0102,9.5349],[7.9118,9.4144],[7.9237,9.3622],[7.8319,9.2498],[7.6258,9.3107],[7.5335,9.3512],[7.4955,9.2924],[7.3108,9.2975],[7.2666,9.3417],[7.2188,9.4055],[7.2662,9.4771],[7.2869,9.5185],[7.4396,9.5779],[7.6654,9.5405],[7.7891,9.6637],[7.9142,9.5433]]]},"properties":{"code":null,"name":"kd Kagarko Local Government Area","level":"3","parent":"tjLatcokcel","parentGraph":"s5DPBsdoE8b/tjLatcokcel","groups":["zAywu9z1ZWc","FbBkTDMs9Kb","u9sz1k03gFY"]}},{"type":"Feature","id":"dMzGqp2tLFP","geometry":{"type":"Polygon","coordinates":[[[7.9855,10.5307],[8.0183,10.5319],[8.0315,10.3063],[8.1324,10.2616],[8.1993,10.1344],[8.0437,10.082],[7.9611,10.0767],[7.7767,10.0138],[7.6387,10.1588],[7.5875,10.2616],[7.701,10.34],[7.8029,10.4894],[7.9855,10.5307]]]},"properties":{"code":null,"name":"kd Kajuru Local Government Area","level":"3","parent":"tjLatcokcel","parentGraph":"s5DPBsdoE8b/tjLatcokcel","groups":["FbBkTDMs9Kb","u9sz1k03gFY"]}},{"type":"Feature","id":"lAWkjcTHfID","geometry":{"type":"Polygon","coordinates":[[[8.6165,9.7143],[8.559,9.6269],[8.5458,9.5251],[8.3962,9.4727],[8.3128,9.5664],[8.3957,9.6688],[8.5139,9.6764],[8.5042,9.7214],[8.6165,9.7143]]]},"properties":{"code":null,"name":"kd Kaura Local Government Area","level":"3","parent":"tjLatcokcel","parentGraph":"s5DPBsdoE8b/tjLatcokcel","groups":["zAywu9z1ZWc","FbBkTDMs9Kb","u9sz1k03gFY"]}},{"type":"Feature","id":"aroIGJ7yApV","geometry":{"type":"Polygon","coordinates":[[[8.4055,10.523],[8.337,10.2907],[8.4345,10.2088],[8.4772,10.1186],[8.4602,9.961],[8.5619,9.9984],[8.6321,9.9232],[8.6165,9.7143],[8.5042,9.7214],[8.5003,9.7247],[8.5093,9.8175],[8.4417,9.9674],[8.2749,10.0211],[8.1993,10.1344],[8.1324,10.2616],[8.0315,10.3063],[8.0183,10.5319],[7.9647,10.6511],[8.0179,10.6692],[8.2301,10.6258],[8.3106,10.5501],[8.4055,10.523]]]},"properties":{"code":null,"name":"kd Kauru Local Government Area","level":"3","parent":"tjLatcokcel","parentGraph":"s5DPBsdoE8b/tjLatcokcel","groups":["FbBkTDMs9Kb","u9sz1k03gFY"]}},{"type":"Feature","id":"go4Xaljo2hS","geometry":{"type":"Polygon","coordinates":[[[8.4437,11.1236],[8.5119,11.1278],[8.5659,11.0303],[8.5395,10.851],[8.559,10.7545],[8.4818,10.6678],[8.4246,10.6401],[8.4055,10.523],[8.3106,10.5501],[8.2301,10.6258],[8.0179,10.6692],[8.0789,10.7744],[8.2575,10.9086],[8.2587,10.9537],[8.1629,11.0411],[8.1755,11.1053],[8.3856,11.0967],[8.3665,11.1881],[8.4437,11.1236]]]},"properties":{"code":null,"name":"kd Kubau Local Government Area","level":"3","parent":"tjLatcokcel","parentGraph":"s5DPBsdoE8b/tjLatcokcel","groups":["FbBkTDMs9Kb","u9sz1k03gFY"]}},{"type":"Feature","id":"PeWs80upank","geometry":{"type":"Polygon","coordinates":[[[7.8496,11.363],[7.8911,11.1927],[7.7831,11.1198],[7.764,11.2022],[7.6691,11.2013],[7.6368,11.255],[7.6389,11.2816],[7.7466,11.3091],[7.7763,11.3591],[7.8496,11.363]]]},"properties":{"code":null,"name":"kd Kudan Local Government Area","level":"3","parent":"tjLatcokcel","parentGraph":"s5DPBsdoE8b/tjLatcokcel","groups":["zAywu9z1ZWc","FbBkTDMs9Kb","u9sz1k03gFY"]}},{"type":"Feature","id":"o8VtOTfh7wz","geometry":{"type":"Polygon","coordinates":[[[8.7413,10.5492],[8.6992,10.4069],[8.785,10.3356],[8.7668,10.2618],[8.6794,10.2028],[8.6414,10.0798],[8.6755,9.9784],[8.6321,9.9232],[8.5619,9.9984],[8.4602,9.961],[8.4772,10.1186],[8.4345,10.2088],[8.337,10.2907],[8.4055,10.523],[8.4246,10.6401],[8.4818,10.6678],[8.7413,10.5492]]]},"properties":{"code":null,"name":"kd Lere Local Government Area","level":"3","parent":"tjLatcokcel","parentGraph":"s5DPBsdoE8b/tjLatcokcel","groups":["FbBkTDMs9Kb","u9sz1k03gFY"]}},{"type":"Feature","id":"ZcsX5hixVIY","geometry":{"type":"Polygon","coordinates":[[[8.0835,11.202],[8.0184,11.2006],[7.8911,11.1927],[7.8496,11.363],[7.9768,11.4576],[8.1218,11.2237],[8.0835,11.202]]]},"properties":{"code":null,"name":"kd Makarfi Local Government Area","level":"3","parent":"tjLatcokcel","parentGraph":"s5DPBsdoE8b/tjLatcokcel","groups":["FbBkTDMs9Kb","u9sz1k03gFY"]}},{"type":"Feature","id":"uR07mVodu4l","geometry":{"type":"Polygon","coordinates":[[[7.6691,11.2013],[7.764,11.2022],[7.7831,11.1198],[7.7818,11.1058],[7.7146,11.0692],[7.6044,11.1315],[7.6368,11.255],[7.6691,11.2013]]]},"properties":{"code":null,"name":"kd Sabon Gari Local Government Area","level":"3","parent":"tjLatcokcel","parentGraph":"s5DPBsdoE8b/tjLatcokcel","groups":["FbBkTDMs9Kb","u9sz1k03gFY"]}},{"type":"Feature","id":"HuaFz2rC3BN","geometry":{"type":"Polygon","coordinates":[[[8.66,9.2048],[8.5461,9.0189],[8.5005,9.0002],[8.3711,9.1281],[8.3394,9.1276],[8.2637,9.1556],[8.1614,9.033],[8.1321,9.0132],[8.2516,9.2401],[8.418,9.2321],[8.4659,9.3708],[8.5786,9.4588],[8.6744,9.347],[8.6863,9.3167],[8.66,9.2048]]]},"properties":{"code":null,"name":"kd Sanga Local Government Area","level":"3","parent":"tjLatcokcel","parentGraph":"s5DPBsdoE8b/tjLatcokcel","groups":["FbBkTDMs9Kb","u9sz1k03gFY"]}},{"type":"Feature","id":"JtWkpMfb1yO","geometry":{"type":"Polygon","coordinates":[[[8.0184,11.2006],[8.1755,11.1053],[8.1629,11.0411],[8.2587,10.9537],[8.2575,10.9086],[8.0789,10.7744],[8.0179,10.6692],[7.9647,10.6511],[7.8535,10.6771],[7.7739,10.8074],[7.8234,10.9223],[7.8007,10.9542],[7.7818,11.1058],[7.7831,11.1198],[7.8911,11.1927],[8.0184,11.2006]]]},"properties":{"code":null,"name":"kd Soba Local Government Area","level":"3","parent":"tjLatcokcel","parentGraph":"s5DPBsdoE8b/tjLatcokcel","groups":["zAywu9z1ZWc","FbBkTDMs9Kb","u9sz1k03gFY"]}},{"type":"Feature","id":"PhvXcazezbw","geometry":{"type":"Polygon","coordinates":[[[8.5003,9.7247],[8.5042,9.7214],[8.5139,9.6764],[8.3957,9.6688],[8.3128,9.5664],[8.1834,9.4971],[8.1253,9.6019],[8.0877,9.6753],[8.0199,9.6932],[7.9653,9.893],[8.0437,10.082],[8.1993,10.1344],[8.2749,10.0211],[8.4417,9.9674],[8.5093,9.8175],[8.5003,9.7247]]]},"properties":{"code":null,"name":"kd Zangon Kataf Local Government Area","level":"3","parent":"tjLatcokcel","parentGraph":"s5DPBsdoE8b/tjLatcokcel","groups":["FbBkTDMs9Kb","u9sz1k03gFY"]}},{"type":"Feature","id":"osmJYVHmXNe","geometry":{"type":"Polygon","coordinates":[[[7.7146,11.0692],[7.7818,11.1058],[7.8007,10.9542],[7.7045,10.9447],[7.6224,11.0008],[7.6394,11.1218],[7.6044,11.1315],[7.7146,11.0692]]]},"properties":{"code":null,"name":"kd Zaria Local Government Area","level":"3","parent":"tjLatcokcel","parentGraph":"s5DPBsdoE8b/tjLatcokcel","groups":["FbBkTDMs9Kb","u9sz1k03gFY"]}},{"type":"Feature","id":"RzYyPLnF8t2","geometry":{"type":"Polygon","coordinates":[[[4.6029,12.1485],[4.4471,12.1715],[4.3666,12.2539],[4.3989,12.3216],[4.516,12.343],[4.5328,12.2582],[4.6051,12.2103],[4.6029,12.1485]]]},"properties":{"code":null,"name":"ke Aleiro Local Government Area","level":"3","parent":"M689V9w3Gs3","parentGraph":"s5DPBsdoE8b/M689V9w3Gs3","groups":["OsJRlPpcjPw","FbBkTDMs9Kb","u9sz1k03gFY"]}},{"type":"Feature","id":"MHFArP5OdUN","geometry":{"type":"Polygon","coordinates":[[[4.3615,13.2092],[4.5902,13.0982],[4.3811,12.8146],[4.2696,12.7158],[4.1818,12.5919],[4.1613,12.5441],[4.0251,12.4304],[3.9954,12.3701],[3.9025,12.3441],[3.8948,12.251],[3.8288,12.1902],[3.8045,12.0969],[3.6509,12.0496],[3.6307,12.1172],[3.6575,12.2684],[3.6426,12.5201],[3.9423,12.7642],[4.0961,12.9959],[4.1291,13.2127],[4.3615,13.2092]]]},"properties":{"code":null,"name":"ke Arewa Local Government Area","level":"3","parent":"M689V9w3Gs3","parentGraph":"s5DPBsdoE8b/M689V9w3Gs3","groups":["Y8CKybiUO4I","FbBkTDMs9Kb","u9sz1k03gFY"]}},{"type":"Feature","id":"LF0mGdm34Jr","geometry":{"type":"Polygon","coordinates":[[[4.8074,12.6671],[4.8034,12.6405],[4.6522,12.6053],[4.4986,12.523],[4.3811,12.4902],[4.2478,12.5168],[4.1818,12.5919],[4.2696,12.7158],[4.3811,12.8146],[4.6998,12.6623],[4.8074,12.6671]]]},"properties":{"code":null,"name":"ke Argungu Local Government Area","level":"3","parent":"M689V9w3Gs3","parentGraph":"s5DPBsdoE8b/M689V9w3Gs3","groups":["Y8CKybiUO4I","FbBkTDMs9Kb","u9sz1k03gFY"]}},{"type":"Feature","id":"AeNgbe9Q91U","geometry":{"type":"Polygon","coordinates":[[[4.8094,12.8357],[4.8228,12.7681],[4.8074,12.6671],[4.6998,12.6623],[4.3811,12.8146],[4.5902,13.0982],[4.7293,13.0573],[4.7691,13.113],[4.8193,13.1044],[4.768,12.8896],[4.8094,12.8357]]]},"properties":{"code":null,"name":"ke Augie Local Government Area","level":"3","parent":"M689V9w3Gs3","parentGraph":"s5DPBsdoE8b/M689V9w3Gs3","groups":["Y8CKybiUO4I","FbBkTDMs9Kb","u9sz1k03gFY"]}},{"type":"Feature","id":"bTj8CUr87F2","geometry":{"type":"Polygon","coordinates":[[[3.5913,11.6733],[3.8475,11.5312],[3.9861,11.4761],[4.0644,11.5518],[4.1118,11.5373],[4.2123,11.6042],[4.362,11.4779],[4.408,11.4005],[4.2832,11.2427],[4.4309,11.1932],[4.296,11.0144],[4.0385,11.0063],[3.7738,11.1306],[3.7128,11.128],[3.496,11.2922],[3.5612,11.6016],[3.5913,11.6733]]]},"properties":{"code":null,"name":"ke Bagudo Local Government Area","level":"3","parent":"M689V9w3Gs3","parentGraph":"s5DPBsdoE8b/M689V9w3Gs3","groups":["Y8CKybiUO4I","FbBkTDMs9Kb","u9sz1k03gFY"]}},{"type":"Feature","id":"YldTv8Ge0V5","geometry":{"type":"Polygon","coordinates":[[[4.2478,12.5168],[4.3811,12.4902],[4.4986,12.523],[4.6153,12.3995],[4.516,12.343],[4.3989,12.3216],[4.3666,12.2539],[4.3081,12.2307],[4.266,12.2638],[4.2203,12.3146],[4.0864,12.3487],[4.0251,12.4304],[4.1613,12.5441],[4.1818,12.5919],[4.2478,12.5168]]]},"properties":{"code":null,"name":"ke Birnin Kebbi Local Government Area","level":"3","parent":"M689V9w3Gs3","parentGraph":"s5DPBsdoE8b/M689V9w3Gs3","groups":["OsJRlPpcjPw","FbBkTDMs9Kb","u9sz1k03gFY"]}},{"type":"Feature","id":"YBsCUURIR66","geometry":{"type":"Polygon","coordinates":[[[3.9945,11.9348],[3.9317,12.0135],[3.8237,12.0509],[3.8045,12.0969],[3.8288,12.1902],[3.8948,12.251],[3.9998,12.2371],[4.121,12.1333],[4.1358,12.0776],[4.1426,12.0362],[3.9945,11.9348]]]},"properties":{"code":null,"name":"ke Bunza Local Government Area","level":"3","parent":"M689V9w3Gs3","parentGraph":"s5DPBsdoE8b/M689V9w3Gs3","groups":["OsJRlPpcjPw","FbBkTDMs9Kb","u9sz1k03gFY"]}},{"type":"Feature","id":"nFfhYjl84Km","geometry":{"type":"Polygon","coordinates":[[[3.8237,12.0509],[3.9317,12.0135],[3.9945,11.9348],[4.0656,11.6922],[4.031,11.5727],[3.8475,11.5312],[3.5913,11.6733],[3.6791,11.7585],[3.6177,11.9167],[3.6666,11.9733],[3.6509,12.0496],[3.8045,12.0969],[3.8237,12.0509]]]},"properties":{"code":null,"name":"ke Dandi Local Government Area","level":"3","parent":"M689V9w3Gs3","parentGraph":"s5DPBsdoE8b/M689V9w3Gs3","groups":["Y8CKybiUO4I","FbBkTDMs9Kb","u9sz1k03gFY"]}},{"type":"Feature","id":"j7SqTG50HZ0","geometry":{"type":"MultiPolygon","coordinates":[[[[5.9029,11.5956],[5.8831,11.4106],[5.9702,11.3676],[6.0103,11.2919],[6.027,11.1113],[5.975,11.1344],[5.8993,11.0554],[5.821,11.0437],[5.7041,11.1439],[5.6964,11.2261],[5.6348,11.2433],[5.477,11.3216],[5.3877,11.4145],[5.3778,11.477],[5.4693,11.6579],[5.5354,11.6183],[5.7451,11.6449],[5.9029,11.5956]]],[[[5.3936,11.7175],[5.3672,11.5776],[5.3215,11.5312],[5.1621,11.5342],[5.0818,11.6815],[5.1331,11.6524],[5.2788,11.725],[5.3936,11.7175]]]]},"properties":{"code":null,"name":"ke Danko/Wasagu Local Government Area","level":"3","parent":"M689V9w3Gs3","parentGraph":"s5DPBsdoE8b/M689V9w3Gs3","groups":["MbW8sFoDiur","FbBkTDMs9Kb","u9sz1k03gFY"]}},{"type":"Feature","id":"ulQwPMPdXXe","geometry":{"type":"Polygon","coordinates":[[[4.9229,11.6872],[5.0235,11.6806],[5.0818,11.6815],[5.1621,11.5342],[5.2051,11.5151],[5.1694,11.3426],[4.9474,11.2986],[4.7997,11.2365],[4.8263,11.3415],[4.7878,11.407],[4.6179,11.5179],[4.6109,11.5177],[4.5605,11.5521],[4.6186,11.5384],[4.685,11.6078],[4.8934,11.6988],[4.9229,11.6872]]]},"properties":{"code":null,"name":"ke Fakai Local Government Area","level":"3","parent":"M689V9w3Gs3","parentGraph":"s5DPBsdoE8b/M689V9w3Gs3","groups":["MbW8sFoDiur","FbBkTDMs9Kb","u9sz1k03gFY"]}},{"type":"Feature","id":"lXZ4phLjn7B","geometry":{"type":"Polygon","coordinates":[[[4.6051,12.2103],[4.5328,12.2582],[4.516,12.343],[4.6153,12.3995],[4.4986,12.523],[4.6522,12.6053],[4.8034,12.6405],[4.8309,12.519],[4.8241,12.3797],[4.6808,12.394],[4.6212,12.3562],[4.6051,12.2103]]]},"properties":{"code":null,"name":"ke Gwandu Local Government Area","level":"3","parent":"M689V9w3Gs3","parentGraph":"s5DPBsdoE8b/M689V9w3Gs3","groups":["OsJRlPpcjPw","FbBkTDMs9Kb","u9sz1k03gFY"]}},{"type":"Feature","id":"asxc1qtkyx0","geometry":{"type":"Polygon","coordinates":[[[4.4471,12.1715],[4.6029,12.1485],[4.6065,12.0499],[4.5902,11.8282],[4.3963,11.9128],[4.4064,11.9917],[4.3081,12.2307],[4.3666,12.2539],[4.4471,12.1715]]]},"properties":{"code":null,"name":"ke Jega Local Government Area","level":"3","parent":"M689V9w3Gs3","parentGraph":"s5DPBsdoE8b/M689V9w3Gs3","groups":["Y8CKybiUO4I","FbBkTDMs9Kb","u9sz1k03gFY"]}},{"type":"Feature","id":"eoKYouU9Pgv","geometry":{"type":"Polygon","coordinates":[[[4.0864,12.3487],[4.2203,12.3146],[4.266,12.2638],[4.1358,12.0776],[4.121,12.1333],[3.9998,12.2371],[3.8948,12.251],[3.9025,12.3441],[3.9954,12.3701],[4.0251,12.4304],[4.0864,12.3487]]]},"properties":{"code":null,"name":"ke Kalgo Local Government Area","level":"3","parent":"M689V9w3Gs3","parentGraph":"s5DPBsdoE8b/M689V9w3Gs3","groups":["OsJRlPpcjPw","FbBkTDMs9Kb","u9sz1k03gFY"]}},{"type":"Feature","id":"M689V9w3Gs3","geometry":{"type":"Polygon","coordinates":[[[5.0235,11.6806],[5.1331,11.6524],[5.2356,11.6758],[5.2788,11.725],[5.4029,11.711],[5.4302,11.6586],[5.5354,11.6183],[5.6852,11.6225],[5.7451,11.6449],[5.8936,11.6067],[5.9163,11.5332],[5.8831,11.4106],[5.9702,11.3676],[6.0103,11.2919],[6.027,11.1113],[5.975,11.1344],[5.8993,11.0554],[5.8357,11.0488],[5.6403,10.9678],[5.4526,10.9629],[5.4339,11.146],[5.36,11.2055],[5.329,11.3285],[5.2125,11.3467],[4.9474,11.2986],[4.7761,11.2251],[4.7706,11.1474],[4.9165,11.0803],[5.003,11.0721],[5.0602,11.0287],[5.0783,10.9238],[5.0367,10.8369],[5.0998,10.7893],[5.0825,10.7325],[4.9368,10.6747],[4.8164,10.6643],[4.8083,10.4892],[4.8881,10.3639],[4.8956,10.3005],[4.8243,10.2412],[4.6498,10.1971],[4.6417,10.1034],[4.54,10.119],[4.5611,10.2709],[4.4955,10.3521],[4.522,10.5054],[4.639,10.5765],[4.7136,10.6472],[4.7561,10.8829],[4.6758,10.9103],[4.54,11.0012],[4.4553,11.0281],[4.3351,11.0134],[4.0085,11.0109],[3.7738,11.1306],[3.7128,11.128],[3.6919,11.1282],[3.496,11.2922],[3.5612,11.6016],[3.6001,11.692],[3.6791,11.7585],[3.6226,11.8527],[3.6177,11.9167],[3.6666,11.9733],[3.6307,12.1172],[3.6575,12.2684],[3.6426,12.5201],[3.9423,12.7642],[4.0961,12.9959],[4.1291,13.2127],[4.2662,13.203],[4.353,13.2232],[4.3798,13.1896],[4.6505,13.0613],[4.7293,13.0573],[4.7867,13.1284],[4.8224,13.0958],[4.768,12.8896],[4.827,12.7879],[4.8039,12.6068],[4.8309,12.519],[4.8241,12.3797],[4.6808,12.394],[4.6212,12.3562],[4.6027,12.1383],[4.6172,11.9636],[4.5812,11.775],[4.5202,11.6093],[4.5737,11.543],[4.6186,11.5384],[4.685,11.6078],[4.8934,11.6988],[5.0235,11.6806]]]},"properties":{"code":null,"name":"ke Kebbi State","level":"2","parent":"s5DPBsdoE8b","parentGraph":"s5DPBsdoE8b","groups":["VZ50tpviPWt","noO9vWjq7bk","aCdSdgaf2uc","u9sz1k03gFY"]}},{"type":"Feature","id":"MAo8bcqpSJk","geometry":{"type":"Polygon","coordinates":[[[4.525,11.6357],[4.5605,11.5521],[4.6109,11.5177],[4.6128,11.411],[4.5242,11.2926],[4.5515,11.1472],[4.4309,11.1932],[4.2832,11.2427],[4.408,11.4005],[4.362,11.4779],[4.2123,11.6042],[4.2357,11.6126],[4.2878,11.6386],[4.4009,11.6749],[4.525,11.6357]]]},"properties":{"code":null,"name":"ke Koko/Besse Local Government Area","level":"3","parent":"M689V9w3Gs3","parentGraph":"s5DPBsdoE8b/M689V9w3Gs3","groups":["OsJRlPpcjPw","FbBkTDMs9Kb","u9sz1k03gFY"]}},{"type":"Feature","id":"qQPd1M3LIVP","geometry":{"type":"Polygon","coordinates":[[[4.3963,11.9128],[4.5902,11.8282],[4.525,11.6357],[4.4009,11.6749],[4.2878,11.6386],[4.283,11.801],[4.2465,11.9686],[4.1426,12.0362],[4.1358,12.0776],[4.266,12.2638],[4.3081,12.2307],[4.4064,11.9917],[4.3963,11.9128]]]},"properties":{"code":null,"name":"ke Maiyama Local Government Area","level":"3","parent":"M689V9w3Gs3","parentGraph":"s5DPBsdoE8b/M689V9w3Gs3","groups":["OsJRlPpcjPw","FbBkTDMs9Kb","u9sz1k03gFY"]}},{"type":"Feature","id":"PuOC2tYmsZf","geometry":{"type":"Polygon","coordinates":[[[5.0807,10.7319],[4.9368,10.6747],[4.8164,10.6643],[4.8083,10.4892],[4.8956,10.3005],[4.8243,10.2412],[4.6498,10.1971],[4.6417,10.1034],[4.5532,10.1073],[4.5611,10.2709],[4.4955,10.3521],[4.5405,10.5264],[4.7136,10.6472],[4.7277,10.7042],[4.7821,10.7042],[4.7977,10.8313],[4.9106,10.9456],[5.0426,11.0415],[5.0783,10.9238],[5.0367,10.8369],[5.0998,10.7893],[5.0807,10.7319]]]},"properties":{"code":null,"name":"ke Ngaski Local Government Area","level":"3","parent":"M689V9w3Gs3","parentGraph":"s5DPBsdoE8b/M689V9w3Gs3","groups":["MbW8sFoDiur","FbBkTDMs9Kb","u9sz1k03gFY"]}},{"type":"Feature","id":"Ebm9yoP7OMN","geometry":{"type":"Polygon","coordinates":[[[5.6348,11.2433],[5.6964,11.2261],[5.7041,11.1439],[5.821,11.0437],[5.6403,10.9678],[5.4526,10.9629],[5.4365,11.029],[5.4339,11.146],[5.36,11.2055],[5.2981,11.3393],[5.3877,11.4145],[5.477,11.3216],[5.6348,11.2433]]]},"properties":{"code":null,"name":"ke Sakaba Local Government Area","level":"3","parent":"M689V9w3Gs3","parentGraph":"s5DPBsdoE8b/M689V9w3Gs3","groups":["MbW8sFoDiur","FbBkTDMs9Kb","u9sz1k03gFY"]}},{"type":"Feature","id":"YGILGB7ITFX","geometry":{"type":"Polygon","coordinates":[[[4.6179,11.5179],[4.7878,11.407],[4.8263,11.3415],[4.7997,11.2365],[4.7706,11.1474],[5.0426,11.0415],[4.9106,10.9456],[4.8147,10.9638],[4.6738,11.0408],[4.5515,11.1472],[4.5242,11.2926],[4.6128,11.411],[4.6109,11.5177],[4.6179,11.5179]]]},"properties":{"code":null,"name":"ke Shanga Local Government Area","level":"3","parent":"M689V9w3Gs3","parentGraph":"s5DPBsdoE8b/M689V9w3Gs3","groups":["MbW8sFoDiur","FbBkTDMs9Kb","u9sz1k03gFY"]}},{"type":"Feature","id":"z9XtDJddSeT","geometry":{"type":"Polygon","coordinates":[[[4.2357,11.6126],[4.2123,11.6042],[4.1118,11.5373],[4.0644,11.5518],[3.9861,11.4761],[3.8475,11.5312],[4.031,11.5727],[4.0656,11.6922],[3.9945,11.9348],[4.1426,12.0362],[4.2465,11.9686],[4.283,11.801],[4.2878,11.6386],[4.2357,11.6126]]]},"properties":{"code":null,"name":"ke Suru Local Government Area","level":"3","parent":"M689V9w3Gs3","parentGraph":"s5DPBsdoE8b/M689V9w3Gs3","groups":["Y8CKybiUO4I","FbBkTDMs9Kb","u9sz1k03gFY"]}},{"type":"Feature","id":"bJ05HLVUa2v","geometry":{"type":"Polygon","coordinates":[[[4.6738,11.0408],[4.8147,10.9638],[4.9106,10.9456],[4.7977,10.8313],[4.7821,10.7042],[4.7277,10.7042],[4.7561,10.8829],[4.667,10.9178],[4.4553,11.0281],[4.3424,11.0145],[4.296,11.0144],[4.4309,11.1932],[4.5515,11.1472],[4.6738,11.0408]]]},"properties":{"code":null,"name":"ke Yauri Local Government Area","level":"3","parent":"M689V9w3Gs3","parentGraph":"s5DPBsdoE8b/M689V9w3Gs3","groups":["MbW8sFoDiur","FbBkTDMs9Kb","u9sz1k03gFY"]}},{"type":"Feature","id":"A73amffEO37","geometry":{"type":"Polygon","coordinates":[[[5.4434,11.6586],[5.4693,11.6579],[5.3778,11.477],[5.3877,11.4145],[5.2981,11.3393],[5.2125,11.3467],[5.1694,11.3426],[5.2051,11.5151],[5.1621,11.5342],[5.3215,11.5312],[5.3672,11.5776],[5.3936,11.7175],[5.4434,11.6586]]]},"properties":{"code":null,"name":"ke Zuru Local Government Area","level":"3","parent":"M689V9w3Gs3","parentGraph":"s5DPBsdoE8b/M689V9w3Gs3","groups":["MbW8sFoDiur","FbBkTDMs9Kb","u9sz1k03gFY"]}},{"type":"Feature","id":"X2cj3LQ8WOt","geometry":{"type":"Polygon","coordinates":[[[9.0278,12.0653],[9.0372,12.0016],[9.17,12.0593],[9.2051,11.9508],[9.1922,11.8687],[8.973,11.8481],[8.9001,11.8828],[8.8927,11.8819],[8.8315,11.8835],[8.8297,11.9623],[8.9464,12.0422],[9.0278,12.0653]]]},"properties":{"code":null,"name":"kn Ajingi Local Government Area","level":"3","parent":"cTIw3RXOLCQ","parentGraph":"s5DPBsdoE8b/cTIw3RXOLCQ","groups":["FbBkTDMs9Kb","u9sz1k03gFY"]}},{"type":"Feature","id":"CUm7KkSSWhH","geometry":{"type":"Polygon","coordinates":[[[9.2302,11.6914],[9.3145,11.5721],[9.1706,11.6031],[9.076,11.5442],[8.9952,11.5532],[8.9008,11.6078],[8.9277,11.6733],[9.1213,11.6749],[9.1697,11.7037],[9.2302,11.6914]]]},"properties":{"code":null,"name":"kn Albasu Local Government Area","level":"3","parent":"cTIw3RXOLCQ","parentGraph":"s5DPBsdoE8b/cTIw3RXOLCQ","groups":["FbBkTDMs9Kb","u9sz1k03gFY"]}},{"type":"Feature","id":"KusqWyATdlE","geometry":{"type":"Polygon","coordinates":[[[8.2162,12.0943],[8.2158,12.0083],[8.1356,11.9651],[8.1335,11.9654],[8.0749,12.0525],[8.001,12.0485],[7.9981,12.1333],[8.0839,12.1608],[8.1048,12.1896],[8.1689,12.1667],[8.2162,12.0943]]]},"properties":{"code":null,"name":"kn Bagwai Local Government Area","level":"3","parent":"cTIw3RXOLCQ","parentGraph":"s5DPBsdoE8b/cTIw3RXOLCQ","groups":["FbBkTDMs9Kb","u9sz1k03gFY"]}},{"type":"Feature","id":"P8HWPpRDwpO","geometry":{"type":"Polygon","coordinates":[[[8.3988,11.5604],[8.3988,11.413],[8.3062,11.3199],[8.1997,11.3567],[8.1735,11.435],[8.1915,11.5816],[8.256,11.709],[8.2815,11.7041],[8.339,11.5873],[8.3988,11.5604]]]},"properties":{"code":null,"name":"kn Bebeji Local Government Area","level":"3","parent":"cTIw3RXOLCQ","parentGraph":"s5DPBsdoE8b/cTIw3RXOLCQ","groups":["FbBkTDMs9Kb","u9sz1k03gFY"]}},{"type":"Feature","id":"XnEBtBWWCp8","geometry":{"type":"Polygon","coordinates":[[[8.4129,12.339],[8.4653,12.2472],[8.2463,12.1249],[8.1689,12.1667],[8.1048,12.1896],[8.0505,12.3271],[8.074,12.3491],[8.3236,12.2604],[8.4129,12.339]]]},"properties":{"code":null,"name":"kn Bichi Local Government Area","level":"3","parent":"cTIw3RXOLCQ","parentGraph":"s5DPBsdoE8b/cTIw3RXOLCQ","groups":["FbBkTDMs9Kb","u9sz1k03gFY"]}},{"type":"Feature","id":"ZkVJyPPjDJ6","geometry":{"type":"Polygon","coordinates":[[[8.6182,11.7288],[8.6675,11.6661],[8.7269,11.7264],[8.7261,11.6883],[8.7239,11.6174],[8.7173,11.6174],[8.6286,11.6036],[8.4616,11.5655],[8.434,11.6955],[8.5626,11.7638],[8.6182,11.7288]]]},"properties":{"code":null,"name":"kn Bunkure Local Government Area","level":"3","parent":"cTIw3RXOLCQ","parentGraph":"s5DPBsdoE8b/cTIw3RXOLCQ","groups":["FbBkTDMs9Kb","u9sz1k03gFY"]}},{"type":"Feature","id":"LUOd5x3vAlj","geometry":{"type":"Polygon","coordinates":[[[8.4301,11.9748],[8.4869,12.029],[8.5016,11.9889],[8.4301,11.9748]]]},"properties":{"code":null,"name":"kn Dala Local Government Area","level":"3","parent":"cTIw3RXOLCQ","parentGraph":"s5DPBsdoE8b/cTIw3RXOLCQ","groups":["FbBkTDMs9Kb","u9sz1k03gFY"]}},{"type":"Feature","id":"mOBSwJJc4wQ","geometry":{"type":"Polygon","coordinates":[[[8.778,12.3634],[8.7943,12.2904],[8.701,12.262],[8.6425,12.3018],[8.5749,12.2312],[8.5159,12.3452],[8.4668,12.3447],[8.4805,12.4513],[8.5346,12.4979],[8.5278,12.576],[8.6134,12.5619],[8.6818,12.5393],[8.6902,12.4394],[8.769,12.3888],[8.778,12.3634]]]},"properties":{"code":null,"name":"kn Danbatta Local Government Area","level":"3","parent":"cTIw3RXOLCQ","parentGraph":"s5DPBsdoE8b/cTIw3RXOLCQ","groups":["FbBkTDMs9Kb","u9sz1k03gFY"]}},{"type":"Feature","id":"tFMdkTJwKv9","geometry":{"type":"Polygon","coordinates":[[[8.7269,11.7264],[8.6675,11.6661],[8.6182,11.7288],[8.578,11.7979],[8.4921,11.8326],[8.491,11.8384],[8.5361,11.8591],[8.6048,11.9158],[8.7045,11.8278],[8.7969,11.793],[8.7269,11.7264]]]},"properties":{"code":null,"name":"kn Dawakin Kudu Local Government Area","level":"3","parent":"cTIw3RXOLCQ","parentGraph":"s5DPBsdoE8b/cTIw3RXOLCQ","groups":["FbBkTDMs9Kb","u9sz1k03gFY"]}},{"type":"Feature","id":"lnAkfFZwy5a","geometry":{"type":"Polygon","coordinates":[[[8.4961,12.229],[8.4875,12.1172],[8.3999,12.0248],[8.4087,11.9764],[8.3617,12.0098],[8.2162,12.0943],[8.1689,12.1667],[8.2463,12.1249],[8.4653,12.2472],[8.4961,12.229]]]},"properties":{"code":null,"name":"kn Dawakin Tofa Local Government Area","level":"3","parent":"cTIw3RXOLCQ","parentGraph":"s5DPBsdoE8b/cTIw3RXOLCQ","groups":["FbBkTDMs9Kb","u9sz1k03gFY"]}},{"type":"Feature","id":"xY5GshhWuI8","geometry":{"type":"Polygon","coordinates":[[[8.8126,10.6529],[8.7413,10.5492],[8.4818,10.6678],[8.559,10.7545],[8.5395,10.851],[8.5659,11.0303],[8.5119,11.1278],[8.4871,11.1465],[8.6011,11.2343],[8.6282,11.1132],[8.7318,10.9627],[8.7445,10.8127],[8.7894,10.7614],[8.8126,10.6529]]]},"properties":{"code":null,"name":"kn Doguwa Local Government Area","level":"3","parent":"cTIw3RXOLCQ","parentGraph":"s5DPBsdoE8b/cTIw3RXOLCQ","groups":["FbBkTDMs9Kb","u9sz1k03gFY"]}},{"type":"Feature","id":"LZXjWS3unPe","geometry":{"type":"Polygon","coordinates":[[[8.5777,11.9664],[8.5621,11.9612],[8.5269,11.9882],[8.55,12.0142],[8.5661,12.0114],[8.5777,11.9664]]]},"properties":{"code":null,"name":"kn Fagge Local Government Area","level":"3","parent":"cTIw3RXOLCQ","parentGraph":"s5DPBsdoE8b/cTIw3RXOLCQ","groups":["FbBkTDMs9Kb","u9sz1k03gFY"]}},{"type":"Feature","id":"ms6BRTGOqNf","geometry":{"type":"Polygon","coordinates":[[[8.7943,12.2904],[8.9046,12.273],[8.9356,12.2554],[8.9464,12.0422],[8.8297,11.9623],[8.813,11.9665],[8.7591,12.1293],[8.7078,12.1401],[8.7005,12.1462],[8.6979,12.2389],[8.701,12.262],[8.7943,12.2904]]]},"properties":{"code":null,"name":"kn Gabasawa Local Government Area","level":"3","parent":"cTIw3RXOLCQ","parentGraph":"s5DPBsdoE8b/cTIw3RXOLCQ","groups":["FbBkTDMs9Kb","u9sz1k03gFY"]}},{"type":"Feature","id":"BmNp8GNjRVC","geometry":{"type":"Polygon","coordinates":[[[8.9008,11.6078],[8.9952,11.5532],[8.9662,11.5039],[8.9149,11.5602],[8.8627,11.5463],[8.807,11.4174],[8.7569,11.3817],[8.721,11.4572],[8.7239,11.6174],[8.7261,11.6883],[8.863,11.5978],[8.9008,11.6078]]]},"properties":{"code":null,"name":"kn Garko Local Government Area","level":"3","parent":"cTIw3RXOLCQ","parentGraph":"s5DPBsdoE8b/cTIw3RXOLCQ","groups":["FbBkTDMs9Kb","u9sz1k03gFY"]}},{"type":"Feature","id":"YaTGQGpvhQe","geometry":{"type":"Polygon","coordinates":[[[8.434,11.6955],[8.4616,11.5655],[8.3988,11.5604],[8.339,11.5873],[8.2815,11.7041],[8.3562,11.7429],[8.434,11.6955]]]},"properties":{"code":null,"name":"kn Garum Mallam Local Government Area","level":"3","parent":"cTIw3RXOLCQ","parentGraph":"s5DPBsdoE8b/cTIw3RXOLCQ","groups":["FbBkTDMs9Kb","u9sz1k03gFY"]}},{"type":"Feature","id":"lovFfU1GbcL","geometry":{"type":"Polygon","coordinates":[[[8.973,11.8481],[9.1922,11.8687],[9.1356,11.7693],[9.1697,11.7037],[9.1213,11.6749],[8.9277,11.6733],[8.8482,11.7789],[8.9001,11.8828],[8.973,11.8481]]]},"properties":{"code":null,"name":"kn Gaya Local Government Area","level":"3","parent":"cTIw3RXOLCQ","parentGraph":"s5DPBsdoE8b/cTIw3RXOLCQ","groups":["FbBkTDMs9Kb","u9sz1k03gFY"]}},{"type":"Feature","id":"o0rS6UcDdDM","geometry":{"type":"Polygon","coordinates":[[[8.7078,12.1401],[8.7591,12.1293],[8.813,11.9665],[8.7237,11.9537],[8.5777,11.9664],[8.5661,12.0114],[8.6315,12.0751],[8.7005,12.1462],[8.7078,12.1401]]]},"properties":{"code":null,"name":"kn Gezawa Local Government Area","level":"3","parent":"cTIw3RXOLCQ","parentGraph":"s5DPBsdoE8b/cTIw3RXOLCQ","groups":["FbBkTDMs9Kb","u9sz1k03gFY"]}},{"type":"Feature","id":"nFVfE9rNCH8","geometry":{"type":"Polygon","coordinates":[[[8.434,11.9467],[8.4327,11.9594],[8.4301,11.9748],[8.5016,11.9889],[8.5117,11.9884],[8.5034,11.9656],[8.434,11.9467]]]},"properties":{"code":null,"name":"kn Gwale Local Government Area","level":"3","parent":"cTIw3RXOLCQ","parentGraph":"s5DPBsdoE8b/cTIw3RXOLCQ","groups":["zAywu9z1ZWc","FbBkTDMs9Kb","u9sz1k03gFY"]}},{"type":"Feature","id":"GrXFLZWdzC7","geometry":{"type":"Polygon","coordinates":[[[8.0252,11.9323],[8.0786,11.8853],[7.9132,11.7783],[7.8577,11.7992],[7.8619,11.8417],[7.8533,11.8621],[7.8309,11.9345],[7.8375,11.9871],[7.9099,11.9293],[8.0252,11.9323]]]},"properties":{"code":null,"name":"kn Gwarzo Local Government Area","level":"3","parent":"cTIw3RXOLCQ","parentGraph":"s5DPBsdoE8b/cTIw3RXOLCQ","groups":["FbBkTDMs9Kb","u9sz1k03gFY"]}},{"type":"Feature","id":"EIrs6NHoofq","geometry":{"type":"Polygon","coordinates":[[[8.2937,11.8285],[8.247,11.7757],[8.1854,11.7699],[8.1533,11.7935],[8.1302,11.8208],[8.0786,11.8853],[8.0252,11.9323],[8.1335,11.9654],[8.1356,11.9651],[8.249,11.9191],[8.2937,11.8285]]]},"properties":{"code":null,"name":"kn Kabo Local Government Area","level":"3","parent":"cTIw3RXOLCQ","parentGraph":"s5DPBsdoE8b/cTIw3RXOLCQ","groups":["FbBkTDMs9Kb","u9sz1k03gFY"]}},{"type":"Feature","id":"Wbay68crACZ","geometry":{"type":"Polygon","coordinates":[[[8.434,11.9467],[8.5034,11.9656],[8.5047,11.9266],[8.434,11.9467]]]},"properties":{"code":null,"name":"kn Kano Municipal Local Government Area","level":"3","parent":"cTIw3RXOLCQ","parentGraph":"s5DPBsdoE8b/cTIw3RXOLCQ","groups":["FbBkTDMs9Kb","u9sz1k03gFY"]}},{"type":"Feature","id":"cTIw3RXOLCQ","geometry":{"type":"Polygon","coordinates":[[[8.7179,12.4231],[8.7565,12.403],[8.7897,12.2928],[8.9356,12.2554],[8.9474,12.1196],[8.9255,12.0641],[9.0278,12.0653],[9.0372,12.0016],[9.0888,12.0005],[9.17,12.0593],[9.2069,11.9449],[9.1898,11.8439],[9.1356,11.7693],[9.1325,11.7028],[9.2124,11.7072],[9.2621,11.6159],[9.3559,11.547],[9.2531,11.4537],[9.2247,11.3424],[9.1356,11.3078],[9.0714,11.3216],[8.9637,11.2325],[8.8568,11.0957],[8.7639,11.0833],[8.7309,10.9544],[8.7445,10.8127],[8.807,10.7435],[8.8205,10.685],[8.7413,10.5492],[8.6759,10.5549],[8.6182,10.6153],[8.5047,10.6309],[8.4778,10.6813],[8.5439,10.7092],[8.5395,10.851],[8.5722,10.9685],[8.5227,11.1137],[8.4211,11.2035],[8.3366,11.2123],[8.2551,11.2869],[8.1378,11.3357],[8.1123,11.3956],[8.1229,11.4926],[8.0107,11.4759],[7.8656,11.3696],[7.7763,11.3591],[7.7078,11.4132],[7.6885,11.4986],[7.7133,11.5732],[7.8427,11.6427],[7.8953,11.6454],[7.8511,11.7772],[7.8619,11.8417],[7.839,11.9623],[7.8352,12.2571],[7.9391,12.3309],[8.0624,12.3687],[8.1345,12.4129],[8.1973,12.5615],[8.2827,12.5696],[8.3643,12.4257],[8.3951,12.5131],[8.4911,12.5718],[8.552,12.5773],[8.6818,12.5393],[8.6825,12.4607],[8.7179,12.4231]]]},"properties":{"code":null,"name":"kn Kano State","level":"2","parent":"s5DPBsdoE8b","parentGraph":"s5DPBsdoE8b","groups":["VZ50tpviPWt","aCdSdgaf2uc","cx3yME7a4oR","FDdJ6PFtOPk","u9sz1k03gFY"]}},{"type":"Feature","id":"stbH7SamUhJ","geometry":{"type":"Polygon","coordinates":[[[8.1302,11.8208],[8.1533,11.7935],[8.0622,11.7481],[8.0513,11.6757],[7.9721,11.6317],[7.9057,11.6449],[7.9011,11.6518],[7.8577,11.7992],[7.9132,11.7783],[8.0786,11.8853],[8.1302,11.8208]]]},"properties":{"code":null,"name":"kn Karaye Local Government Area","level":"3","parent":"cTIw3RXOLCQ","parentGraph":"s5DPBsdoE8b/cTIw3RXOLCQ","groups":["FbBkTDMs9Kb","u9sz1k03gFY"]}},{"type":"Feature","id":"ZVRGopZx7nN","geometry":{"type":"Polygon","coordinates":[[[8.7173,11.6174],[8.7239,11.6174],[8.721,11.4572],[8.569,11.3349],[8.5667,11.5063],[8.6249,11.6009],[8.6286,11.6036],[8.7173,11.6174]]]},"properties":{"code":null,"name":"kn Kibiya Local Government Area","level":"3","parent":"cTIw3RXOLCQ","parentGraph":"s5DPBsdoE8b/cTIw3RXOLCQ","groups":["zAywu9z1ZWc","FbBkTDMs9Kb","u9sz1k03gFY"]}},{"type":"Feature","id":"KGR1IfcnCDO","geometry":{"type":"Polygon","coordinates":[[[8.1854,11.7699],[8.247,11.7757],[8.256,11.709],[8.1915,11.5816],[8.1735,11.435],[8.1997,11.3567],[8.3062,11.3199],[8.2026,11.3045],[8.1123,11.3956],[8.1229,11.4926],[8.0298,11.4759],[7.9721,11.6317],[8.0513,11.6757],[8.0622,11.7481],[8.1533,11.7935],[8.1854,11.7699]]]},"properties":{"code":null,"name":"kn Kiru Local Government Area","level":"3","parent":"cTIw3RXOLCQ","parentGraph":"s5DPBsdoE8b/cTIw3RXOLCQ","groups":["FbBkTDMs9Kb","u9sz1k03gFY"]}},{"type":"Feature","id":"CvVBOwkASge","geometry":{"type":"Polygon","coordinates":[[[8.4048,11.9609],[8.4327,11.9594],[8.434,11.9467],[8.5047,11.9266],[8.5672,11.9471],[8.6048,11.9158],[8.5361,11.8591],[8.4517,11.8703],[8.383,11.9161],[8.4048,11.9609]]]},"properties":{"code":null,"name":"kn Kumbotso Local Government Area","level":"3","parent":"cTIw3RXOLCQ","parentGraph":"s5DPBsdoE8b/cTIw3RXOLCQ","groups":["FbBkTDMs9Kb","u9sz1k03gFY"]}},{"type":"Feature","id":"VhazaBvvdoy","geometry":{"type":"Polygon","coordinates":[[[8.2827,12.5696],[8.3625,12.4242],[8.4129,12.339],[8.3236,12.2604],[8.074,12.3491],[8.0668,12.3707],[8.0905,12.3813],[8.1345,12.4129],[8.1973,12.5615],[8.2827,12.5696]]]},"properties":{"code":null,"name":"kn Kunchi Local Government Area","level":"3","parent":"cTIw3RXOLCQ","parentGraph":"s5DPBsdoE8b/cTIw3RXOLCQ","groups":["FbBkTDMs9Kb","u9sz1k03gFY"]}},{"type":"Feature","id":"YPjYsjGDuf0","geometry":{"type":"Polygon","coordinates":[[[8.4921,11.8326],[8.578,11.7979],[8.6182,11.7288],[8.5626,11.7638],[8.434,11.6955],[8.3562,11.7429],[8.4147,11.8278],[8.491,11.8384],[8.4921,11.8326]]]},"properties":{"code":null,"name":"kn Kura Local Government Area","level":"3","parent":"cTIw3RXOLCQ","parentGraph":"s5DPBsdoE8b/cTIw3RXOLCQ","groups":["FbBkTDMs9Kb","u9sz1k03gFY"]}},{"type":"Feature","id":"VmOE199sk8A","geometry":{"type":"Polygon","coordinates":[[[8.4517,11.8703],[8.5361,11.8591],[8.491,11.8384],[8.4147,11.8278],[8.3562,11.7429],[8.2815,11.7041],[8.256,11.709],[8.247,11.7757],[8.2937,11.8285],[8.383,11.9161],[8.4517,11.8703]]]},"properties":{"code":null,"name":"kn Madobi Local Government Area","level":"3","parent":"cTIw3RXOLCQ","parentGraph":"s5DPBsdoE8b/cTIw3RXOLCQ","groups":["FbBkTDMs9Kb","u9sz1k03gFY"]}},{"type":"Feature","id":"o4GfUNB2oc0","geometry":{"type":"Polygon","coordinates":[[[8.4668,12.3447],[8.5159,12.3452],[8.5749,12.2312],[8.4961,12.229],[8.4653,12.2472],[8.4129,12.339],[8.3625,12.4242],[8.4466,12.5507],[8.5278,12.576],[8.5346,12.4979],[8.4805,12.4513],[8.4668,12.3447]]]},"properties":{"code":null,"name":"kn Makoda Local Government Area","level":"3","parent":"cTIw3RXOLCQ","parentGraph":"s5DPBsdoE8b/cTIw3RXOLCQ","groups":["FbBkTDMs9Kb","u9sz1k03gFY"]}},{"type":"Feature","id":"gQ5mFwRw3Oy","geometry":{"type":"Polygon","coordinates":[[[8.6979,12.2389],[8.7005,12.1462],[8.6315,12.0751],[8.5425,12.0694],[8.4875,12.1172],[8.4961,12.229],[8.5749,12.2312],[8.6425,12.3018],[8.701,12.262],[8.6979,12.2389]]]},"properties":{"code":null,"name":"kn Minjibir Local Government Area","level":"3","parent":"cTIw3RXOLCQ","parentGraph":"s5DPBsdoE8b/cTIw3RXOLCQ","groups":["FbBkTDMs9Kb","u9sz1k03gFY"]}},{"type":"Feature","id":"AGXqsKdBKI5","geometry":{"type":"Polygon","coordinates":[[[8.6249,11.6009],[8.5667,11.5063],[8.569,11.3349],[8.5003,11.3338],[8.3988,11.413],[8.3988,11.5604],[8.4616,11.5655],[8.6286,11.6036],[8.6249,11.6009]]]},"properties":{"code":null,"name":"kn Rano Local Government Area","level":"3","parent":"cTIw3RXOLCQ","parentGraph":"s5DPBsdoE8b/cTIw3RXOLCQ","groups":["FbBkTDMs9Kb","u9sz1k03gFY"]}},{"type":"Feature","id":"c2qbzubCJ7E","geometry":{"type":"Polygon","coordinates":[[[8.2158,12.0083],[8.3203,11.9138],[8.383,11.9161],[8.2937,11.8285],[8.249,11.9191],[8.1356,11.9651],[8.2158,12.0083]]]},"properties":{"code":null,"name":"kn Rimin Gado Local Government Area","level":"3","parent":"cTIw3RXOLCQ","parentGraph":"s5DPBsdoE8b/cTIw3RXOLCQ","groups":["FbBkTDMs9Kb","u9sz1k03gFY"]}},{"type":"Feature","id":"IKx6sLuS3s5","geometry":{"type":"Polygon","coordinates":[[[7.9057,11.6449],[7.9721,11.6317],[8.0298,11.4759],[7.9768,11.4576],[7.8496,11.363],[7.7763,11.3591],[7.7136,11.4077],[7.6885,11.4986],[7.7133,11.5732],[7.9011,11.6518],[7.9057,11.6449]]]},"properties":{"code":null,"name":"kn Rogo Local Government Area","level":"3","parent":"cTIw3RXOLCQ","parentGraph":"s5DPBsdoE8b/cTIw3RXOLCQ","groups":["FbBkTDMs9Kb","u9sz1k03gFY"]}},{"type":"Feature","id":"g66Gyi7KJS4","geometry":{"type":"Polygon","coordinates":[[[8.001,12.0485],[8.0749,12.0525],[8.1335,11.9654],[8.0252,11.9323],[7.9099,11.9293],[7.8375,11.9871],[7.8372,12.1623],[7.8339,12.247],[7.8593,12.2824],[7.9981,12.1333],[8.001,12.0485]]]},"properties":{"code":null,"name":"kn Shanono Local Government Area","level":"3","parent":"cTIw3RXOLCQ","parentGraph":"s5DPBsdoE8b/cTIw3RXOLCQ","groups":["FbBkTDMs9Kb","u9sz1k03gFY"]}},{"type":"Feature","id":"ATYISDsngqY","geometry":{"type":"Polygon","coordinates":[[[8.9149,11.5602],[8.9662,11.5039],[9.0801,11.323],[9.0315,11.2966],[8.8568,11.0957],[8.7716,11.0864],[8.6832,11.2198],[8.7455,11.3274],[8.7569,11.3817],[8.807,11.4174],[8.8627,11.5463],[8.9149,11.5602]]]},"properties":{"code":null,"name":"kn Sumaila Local Government Area","level":"3","parent":"cTIw3RXOLCQ","parentGraph":"s5DPBsdoE8b/cTIw3RXOLCQ","groups":["FbBkTDMs9Kb","u9sz1k03gFY"]}},{"type":"Feature","id":"NEbyZhB0nQV","geometry":{"type":"Polygon","coordinates":[[[9.1706,11.6031],[9.3145,11.5721],[9.3339,11.525],[9.2531,11.4537],[9.2247,11.3424],[9.0801,11.323],[8.9662,11.5039],[8.9952,11.5532],[9.076,11.5442],[9.1706,11.6031]]]},"properties":{"code":null,"name":"kn Takai Local Government Area","level":"3","parent":"cTIw3RXOLCQ","parentGraph":"s5DPBsdoE8b/cTIw3RXOLCQ","groups":["FbBkTDMs9Kb","u9sz1k03gFY"]}},{"type":"Feature","id":"vf1VA0yVIoW","geometry":{"type":"Polygon","coordinates":[[[8.3617,12.0098],[8.4087,11.9764],[8.4048,11.9609],[8.383,11.9161],[8.3203,11.9138],[8.2158,12.0083],[8.2162,12.0943],[8.3617,12.0098]]]},"properties":{"code":null,"name":"kn Tofa Local Government Area","level":"3","parent":"cTIw3RXOLCQ","parentGraph":"s5DPBsdoE8b/cTIw3RXOLCQ","groups":["FbBkTDMs9Kb","u9sz1k03gFY"]}},{"type":"Feature","id":"QSptoZwoEX8","geometry":{"type":"Polygon","coordinates":[[[8.0839,12.1608],[7.9981,12.1333],[7.8593,12.2824],[7.9094,12.3148],[8.0668,12.3707],[8.074,12.3491],[8.0505,12.3271],[8.1048,12.1896],[8.0839,12.1608]]]},"properties":{"code":null,"name":"kn Tsanyawa Local Government Area","level":"3","parent":"cTIw3RXOLCQ","parentGraph":"s5DPBsdoE8b/cTIw3RXOLCQ","groups":["FbBkTDMs9Kb","u9sz1k03gFY"]}},{"type":"Feature","id":"aULd7m3SpgK","geometry":{"type":"Polygon","coordinates":[[[8.7455,11.3274],[8.6832,11.2198],[8.7716,11.0864],[8.7318,10.9627],[8.6282,11.1132],[8.6011,11.2343],[8.4871,11.1465],[8.4211,11.2035],[8.3366,11.2123],[8.2026,11.3045],[8.3062,11.3199],[8.3988,11.413],[8.5003,11.3338],[8.569,11.3349],[8.721,11.4572],[8.7569,11.3817],[8.7455,11.3274]]]},"properties":{"code":null,"name":"kn Tudun Wada Local Government Area","level":"3","parent":"cTIw3RXOLCQ","parentGraph":"s5DPBsdoE8b/cTIw3RXOLCQ","groups":["FbBkTDMs9Kb","u9sz1k03gFY"]}},{"type":"Feature","id":"WOOFzCQgigy","geometry":{"type":"Polygon","coordinates":[[[8.5425,12.0694],[8.6315,12.0751],[8.5661,12.0114],[8.55,12.0142],[8.4869,12.029],[8.4301,11.9748],[8.4327,11.9594],[8.4048,11.9609],[8.4087,11.9764],[8.3999,12.0248],[8.4875,12.1172],[8.5425,12.0694]]]},"properties":{"code":null,"name":"kn Ungogo Local Government Area","level":"3","parent":"cTIw3RXOLCQ","parentGraph":"s5DPBsdoE8b/cTIw3RXOLCQ","groups":["FbBkTDMs9Kb","u9sz1k03gFY"]}},{"type":"Feature","id":"r3F9v2En2pq","geometry":{"type":"Polygon","coordinates":[[[8.7237,11.9537],[8.813,11.9665],[8.8297,11.9623],[8.8315,11.8835],[8.7969,11.793],[8.7045,11.8278],[8.6048,11.9158],[8.5672,11.9471],[8.5621,11.9612],[8.5777,11.9664],[8.7237,11.9537]]]},"properties":{"code":null,"name":"kn Warawa Local Government Area","level":"3","parent":"cTIw3RXOLCQ","parentGraph":"s5DPBsdoE8b/cTIw3RXOLCQ","groups":["FbBkTDMs9Kb","u9sz1k03gFY"]}},{"type":"Feature","id":"isWaZI66nAP","geometry":{"type":"Polygon","coordinates":[[[8.8927,11.8819],[8.9001,11.8828],[8.8482,11.7789],[8.9277,11.6733],[8.9008,11.6078],[8.863,11.5978],[8.7261,11.6883],[8.7269,11.7264],[8.7969,11.793],[8.8315,11.8835],[8.8927,11.8819]]]},"properties":{"code":null,"name":"kn Wudil Local Government Area","level":"3","parent":"cTIw3RXOLCQ","parentGraph":"s5DPBsdoE8b/cTIw3RXOLCQ","groups":["zAywu9z1ZWc","FbBkTDMs9Kb","u9sz1k03gFY"]}},{"type":"Feature","id":"Owr7QcReBth","geometry":{"type":"Polygon","coordinates":[[[7.3025,7.1708],[7.2923,7.0938],[7.3566,7.0748],[7.3449,7.0649],[7.2781,7.0137],[7.1768,6.9116],[7.0322,6.7828],[6.9684,6.8466],[6.8938,6.9743],[6.7413,7.0163],[6.6962,7.101],[6.6975,7.1622],[6.7411,7.2645],[6.9279,7.1717],[7.0347,7.1867],[7.0481,7.2428],[7.2026,7.2175],[7.3025,7.1708]]]},"properties":{"code":null,"name":"ko Igalamela-Odolu Local Government Area","level":"3","parent":"S7Vs7ifJKlh","parentGraph":"s5DPBsdoE8b/S7Vs7ifJKlh","groups":["JPkwezOc52z","FbBkTDMs9Kb","u9sz1k03gFY"]}},{"type":"Feature","id":"S7Vs7ifJKlh","geometry":{"type":"Polygon","coordinates":[[[6.8349,8.4069],[6.9781,8.4118],[6.9435,8.3266],[6.992,8.2427],[7.0006,8.1433],[6.9812,7.9921],[6.9387,7.8708],[7.1682,7.9749],[7.4537,8.0396],[7.6651,8.0202],[7.6685,7.8799],[7.7426,7.7859],[7.7637,7.5354],[7.7837,7.4461],[7.8815,7.4267],[7.8102,7.1998],[7.6528,7.0993],[7.6319,7.0047],[7.4937,7.0746],[7.4365,7.1127],[7.3089,7.0518],[7.209,6.932],[7.1124,6.8698],[7.0322,6.7828],[6.9433,6.8533],[6.9059,6.7762],[6.8232,6.6948],[6.7966,6.5707],[6.7494,6.5293],[6.6643,6.5275],[6.6106,6.6994],[6.6049,6.8231],[6.6707,6.9584],[6.6984,7.1748],[6.6251,7.2819],[6.5039,7.2518],[6.4453,7.3852],[6.3555,7.3764],[6.2589,7.4668],[6.1661,7.425],[6.1111,7.4408],[6.126,7.5242],[6.0283,7.5735],[5.915,7.6967],[5.9227,7.7564],[5.8115,7.7562],[5.7013,7.7947],[5.6208,7.8502],[5.6093,7.9234],[5.6725,8.0042],[5.641,8.0207],[5.518,7.9939],[5.536,8.0696],[5.5415,8.1222],[5.4581,8.173],[5.3457,8.3215],[5.4201,8.4395],[5.538,8.5412],[5.6166,8.4608],[5.7898,8.4036],[6.0981,8.3816],[6.1711,8.6717],[6.2109,8.7255],[6.3481,8.6388],[6.389,8.5781],[6.4341,8.4366],[6.5378,8.3563],[6.6546,8.2077],[6.6964,8.1945],[6.7593,8.3264],[6.8349,8.4069]]]},"properties":{"code":null,"name":"ko Kogi State","level":"2","parent":"s5DPBsdoE8b","parentGraph":"s5DPBsdoE8b","groups":["aCdSdgaf2uc","iIx71rUFpk3","u9sz1k03gFY"]}},{"type":"Feature","id":"RkhadUORCuH","geometry":{"type":"Polygon","coordinates":[[[6.2341,7.4531],[6.1111,7.4408],[6.1216,7.5119],[6.2341,7.4531]]]},"properties":{"code":null,"name":"ko Ogori/Magongo Local Government Area","level":"3","parent":"S7Vs7ifJKlh","parentGraph":"s5DPBsdoE8b/S7Vs7ifJKlh","groups":["FbBkTDMs9Kb","u9sz1k03gFY","KASfI33taHa"]}},{"type":"Feature","id":"FCNKfEQKHWR","geometry":{"type":"Polygon","coordinates":[[[6.5127,7.7716],[6.3469,7.609],[6.1225,7.5464],[6.0792,7.5392],[6.0283,7.5735],[6.0023,7.6074],[6.113,7.6545],[6.2343,7.6627],[6.2864,7.7892],[6.3516,7.77],[6.4664,7.8323],[6.554,7.8338],[6.5127,7.7716]]]},"properties":{"code":null,"name":"ko Okehi Local Government Area","level":"3","parent":"S7Vs7ifJKlh","parentGraph":"s5DPBsdoE8b/S7Vs7ifJKlh","groups":["FbBkTDMs9Kb","u9sz1k03gFY","KASfI33taHa"]}},{"type":"Feature","id":"JwOLFdDc2zO","geometry":{"type":"Polygon","coordinates":[[[7.4856,7.4978],[7.482,7.4938],[7.4305,7.6787],[7.3359,7.8336],[7.3417,7.9021],[7.4262,8.0356],[7.6651,8.0202],[7.6685,7.8799],[7.7554,7.7454],[7.7547,7.6411],[7.5824,7.6028],[7.4856,7.4978]]]},"properties":{"code":null,"name":"ko Omala Local Government Area","level":"3","parent":"S7Vs7ifJKlh","parentGraph":"s5DPBsdoE8b/S7Vs7ifJKlh","groups":["JPkwezOc52z","FbBkTDMs9Kb","u9sz1k03gFY"]}},{"type":"Feature","id":"Yxzrsl7SZyf","geometry":{"type":"Polygon","coordinates":[[[6.0479,8.3735],[6.0441,8.3164],[5.8564,8.2275],[5.7262,8.0603],[5.7405,7.9311],[5.8082,7.8732],[5.7854,7.7659],[5.6577,7.8211],[5.6093,7.9234],[5.6725,8.0042],[5.6102,8.0174],[5.6047,8.1318],[5.6634,8.2302],[5.6482,8.4481],[5.7898,8.4036],[6.0479,8.3735]]]},"properties":{"code":null,"name":"ko Yagba East Local Government Area","level":"3","parent":"S7Vs7ifJKlh","parentGraph":"s5DPBsdoE8b/S7Vs7ifJKlh","groups":["clZu8cVOqWQ","FbBkTDMs9Kb","u9sz1k03gFY"]}},{"type":"Feature","id":"uOot8sFGBCO","geometry":{"type":"Polygon","coordinates":[[[7.3892,11.7933],[7.4887,11.6713],[7.5412,11.6555],[7.539,11.5662],[7.5851,11.5076],[7.5798,11.409],[7.5038,11.4374],[7.4957,11.5085],[7.3892,11.4599],[7.3476,11.5769],[7.3055,11.7822],[7.3892,11.7933]]]},"properties":{"code":null,"name":"kt Bakori Local Government Area","level":"3","parent":"uKlacgs9ykR","parentGraph":"s5DPBsdoE8b/uKlacgs9ykR","groups":["FbBkTDMs9Kb","u9sz1k03gFY"]}},{"type":"Feature","id":"P4dN1QAP8uW","geometry":{"type":"Polygon","coordinates":[[[7.5512,12.7221],[7.545,12.7024],[7.5074,12.7254],[7.5721,12.8643],[7.4512,12.8256],[7.3696,12.841],[7.3663,12.8535],[7.3661,12.9074],[7.4112,12.8839],[7.5533,12.9627],[7.6103,12.9292],[7.6849,13.0087],[7.7149,13.0309],[7.7505,12.9532],[7.6453,12.8718],[7.5512,12.7221]]]},"properties":{"code":null,"name":"kt Batagarawa Local Government Area","level":"3","parent":"uKlacgs9ykR","parentGraph":"s5DPBsdoE8b/uKlacgs9ykR","groups":["FbBkTDMs9Kb","u9sz1k03gFY"]}},{"type":"Feature","id":"t1m9wCVn42T","geometry":{"type":"Polygon","coordinates":[[[7.3663,12.8535],[7.3696,12.841],[7.4336,12.7725],[7.3839,12.6528],[7.3727,12.6528],[7.2708,12.6225],[7.1764,12.6442],[7.0582,12.6178],[7.0564,12.6311],[7.051,12.7758],[7.1431,12.8905],[7.2715,12.8736],[7.2437,13.0067],[7.3661,12.9074],[7.3663,12.8535]]]},"properties":{"code":null,"name":"kt Batsari Local Government Area","level":"3","parent":"uKlacgs9ykR","parentGraph":"s5DPBsdoE8b/uKlacgs9ykR","groups":["FbBkTDMs9Kb","u9sz1k03gFY"]}},{"type":"Feature","id":"FpiE0CoYFWs","geometry":{"type":"Polygon","coordinates":[[[8.977,12.8344],[8.9184,12.7532],[8.7305,12.6779],[8.6803,12.6977],[8.5771,12.7376],[8.5557,12.8071],[8.7063,12.857],[8.6992,12.9165],[8.977,12.8344]]]},"properties":{"code":null,"name":"kt Baure Local Government Area","level":"3","parent":"uKlacgs9ykR","parentGraph":"s5DPBsdoE8b/uKlacgs9ykR","groups":["TTdkYVgbGrq","FbBkTDMs9Kb","u9sz1k03gFY"]}},{"type":"Feature","id":"DGWzwB50l9Z","geometry":{"type":"Polygon","coordinates":[[[7.9655,12.7224],[7.9149,12.7574],[7.8868,12.646],[7.9611,12.5631],[7.9385,12.5677],[7.8014,12.6187],[7.7375,12.6805],[7.7725,12.7895],[7.9065,12.8221],[7.9655,12.7224]]]},"properties":{"code":null,"name":"kt Bindawa Local Government Area","level":"3","parent":"uKlacgs9ykR","parentGraph":"s5DPBsdoE8b/uKlacgs9ykR","groups":["TTdkYVgbGrq","FbBkTDMs9Kb","u9sz1k03gFY"]}},{"type":"Feature","id":"QliHjvkrmtM","geometry":{"type":"Polygon","coordinates":[[[7.7375,12.6805],[7.8014,12.6187],[7.7444,12.563],[7.6746,12.4046],[7.6194,12.4609],[7.6183,12.5851],[7.545,12.7024],[7.5512,12.7221],[7.7375,12.6805]]]},"properties":{"code":null,"name":"kt Charanchi Local Government Area","level":"3","parent":"uKlacgs9ykR","parentGraph":"s5DPBsdoE8b/uKlacgs9ykR","groups":["FbBkTDMs9Kb","u9sz1k03gFY"]}},{"type":"Feature","id":"CbwjcxAm5V5","geometry":{"type":"Polygon","coordinates":[[[7.4444,12.2763],[7.5228,12.2393],[7.5446,12.131],[7.4574,12.0886],[7.2186,12.1308],[7.1431,12.2235],[7.1332,12.2882],[7.2056,12.3315],[7.4444,12.2763]]]},"properties":{"code":null,"name":"kt Dan Musa Local Government Area","level":"3","parent":"uKlacgs9ykR","parentGraph":"s5DPBsdoE8b/uKlacgs9ykR","groups":["TTdkYVgbGrq","FbBkTDMs9Kb","u9sz1k03gFY"]}},{"type":"Feature","id":"RzZ4gs7mTUe","geometry":{"type":"Polygon","coordinates":[[[7.1821,11.486],[7.229,11.4852],[7.3258,11.2598],[7.2153,11.2437],[7.0897,11.4489],[7.0853,11.4629],[7.1383,11.5245],[7.1821,11.486]]]},"properties":{"code":null,"name":"kt Dandume Local Government Area","level":"3","parent":"uKlacgs9ykR","parentGraph":"s5DPBsdoE8b/uKlacgs9ykR","groups":["FbBkTDMs9Kb","u9sz1k03gFY"]}},{"type":"Feature","id":"trFj7NJV7eb","geometry":{"type":"Polygon","coordinates":[[[7.6154,11.3989],[7.7136,11.4077],[7.7763,11.3591],[7.7466,11.3091],[7.6389,11.2816],[7.5817,11.3384],[7.4722,11.3751],[7.4077,11.336],[7.3892,11.4599],[7.4957,11.5085],[7.5038,11.4374],[7.5798,11.409],[7.6154,11.3989]]]},"properties":{"code":null,"name":"kt Danja Local Government Area","level":"3","parent":"uKlacgs9ykR","parentGraph":"s5DPBsdoE8b/uKlacgs9ykR","groups":["TTdkYVgbGrq","FbBkTDMs9Kb","u9sz1k03gFY"]}},{"type":"Feature","id":"hRltbf8FSQ8","geometry":{"type":"Polygon","coordinates":[[[8.3482,12.9979],[8.3088,12.9149],[8.2157,12.8707],[8.1598,13.0221],[8.1559,13.0282],[8.1405,13.0461],[8.2168,13.089],[8.3482,12.9979]]]},"properties":{"code":null,"name":"kt Daura Local Government Area","level":"3","parent":"uKlacgs9ykR","parentGraph":"s5DPBsdoE8b/uKlacgs9ykR","groups":["TTdkYVgbGrq","FbBkTDMs9Kb","u9sz1k03gFY"]}},{"type":"Feature","id":"QIbAQZP9QEQ","geometry":{"type":"Polygon","coordinates":[[[8.1598,13.0221],[8.2157,12.8707],[8.2301,12.8256],[8.1233,12.7937],[8.0892,12.8031],[8.0943,12.8956],[8.0404,13.0038],[8.1559,13.0282],[8.1598,13.0221]]]},"properties":{"code":null,"name":"kt Dutsi Local Government Area","level":"3","parent":"uKlacgs9ykR","parentGraph":"s5DPBsdoE8b/uKlacgs9ykR","groups":["FbBkTDMs9Kb","u9sz1k03gFY"]}},{"type":"Feature","id":"aaJyEPDTZPj","geometry":{"type":"Polygon","coordinates":[[[7.6194,12.4609],[7.6035,12.3414],[7.5652,12.3463],[7.5247,12.3566],[7.5228,12.2393],[7.4444,12.2763],[7.457,12.4209],[7.4079,12.5468],[7.5391,12.5452],[7.6183,12.5851],[7.6194,12.4609]]]},"properties":{"code":null,"name":"kt Dutsin-Ma Local Government Area","level":"3","parent":"uKlacgs9ykR","parentGraph":"s5DPBsdoE8b/uKlacgs9ykR","groups":["TTdkYVgbGrq","FbBkTDMs9Kb","u9sz1k03gFY"]}},{"type":"Feature","id":"stOHRHYNjQA","geometry":{"type":"Polygon","coordinates":[[[7.3055,11.7822],[7.3476,11.5769],[7.2406,11.5782],[7.1383,11.5245],[7.0853,11.4629],[7.0094,11.4471],[6.904,11.3641],[6.9231,11.4823],[6.8775,11.5714],[6.8945,11.6801],[6.918,11.7778],[7.0696,11.7794],[7.1574,11.8934],[7.2367,11.8991],[7.2418,11.9101],[7.3055,11.7822]]]},"properties":{"code":null,"name":"kt Faskari Local Government Area","level":"3","parent":"uKlacgs9ykR","parentGraph":"s5DPBsdoE8b/uKlacgs9ykR","groups":["TTdkYVgbGrq","FbBkTDMs9Kb","u9sz1k03gFY"]}},{"type":"Feature","id":"lNkaE8tKbia","geometry":{"type":"Polygon","coordinates":[[[7.2406,11.5782],[7.3476,11.5769],[7.3892,11.4599],[7.4077,11.336],[7.3811,11.2598],[7.3258,11.2598],[7.229,11.4852],[7.1821,11.486],[7.1383,11.5245],[7.2406,11.5782]]]},"properties":{"code":null,"name":"kt Funtua Local Government Area","level":"3","parent":"uKlacgs9ykR","parentGraph":"s5DPBsdoE8b/uKlacgs9ykR","groups":["TTdkYVgbGrq","FbBkTDMs9Kb","u9sz1k03gFY"]}},{"type":"Feature","id":"MPmqZjVQp94","geometry":{"type":"Polygon","coordinates":[[[8.1128,12.7114],[8.1134,12.6638],[8.2628,12.6112],[8.2827,12.5696],[8.1973,12.5615],[8.1345,12.4129],[8.0905,12.3813],[8.0173,12.562],[7.9611,12.5631],[7.8868,12.646],[7.9149,12.7574],[7.9655,12.7224],[7.9966,12.7076],[8.0892,12.8031],[8.1233,12.7937],[8.1128,12.7114]]]},"properties":{"code":null,"name":"kt Ingawa Local Government Area","level":"3","parent":"uKlacgs9ykR","parentGraph":"s5DPBsdoE8b/uKlacgs9ykR","groups":["FbBkTDMs9Kb","u9sz1k03gFY"]}},{"type":"Feature","id":"pSaHShGscYU","geometry":{"type":"Polygon","coordinates":[[[7.556,13.0107],[7.5533,12.9627],[7.4112,12.8839],[7.3661,12.9074],[7.2437,13.0067],[7.2715,12.8736],[7.1431,12.8905],[7.051,12.7758],[7.0639,13.0012],[7.1517,13.0324],[7.2279,13.111],[7.3683,13.0987],[7.5391,13.175],[7.4974,13.0907],[7.556,13.0107]]]},"properties":{"code":null,"name":"kt Jibia Local Government Area","level":"3","parent":"uKlacgs9ykR","parentGraph":"s5DPBsdoE8b/uKlacgs9ykR","groups":["TTdkYVgbGrq","FbBkTDMs9Kb","u9sz1k03gFY"]}},{"type":"Feature","id":"XdDRhSFKJc1","geometry":{"type":"Polygon","coordinates":[[[7.8619,11.8417],[7.8577,11.7992],[7.9011,11.6518],[7.7133,11.5732],[7.6885,11.4986],[7.7136,11.4077],[7.6154,11.3989],[7.5798,11.409],[7.5851,11.5076],[7.539,11.5662],[7.5412,11.6555],[7.7529,11.8272],[7.8533,11.8621],[7.8619,11.8417]]]},"properties":{"code":null,"name":"kt Kafur Local Government Area","level":"3","parent":"uKlacgs9ykR","parentGraph":"s5DPBsdoE8b/uKlacgs9ykR","groups":["FbBkTDMs9Kb","u9sz1k03gFY"]}},{"type":"Feature","id":"eKvmCYAz2KE","geometry":{"type":"Polygon","coordinates":[[[7.8529,13.1004],[7.7756,13.0296],[7.7314,13.0382],[7.7149,13.0309],[7.6849,13.0087],[7.5985,13.0643],[7.556,13.0107],[7.4974,13.0907],[7.5391,13.175],[7.8042,13.3342],[7.8746,13.3324],[7.9002,13.1845],[7.8529,13.1004]]]},"properties":{"code":null,"name":"kt Kaita Local Government Area","level":"3","parent":"uKlacgs9ykR","parentGraph":"s5DPBsdoE8b/uKlacgs9ykR","groups":["TTdkYVgbGrq","FbBkTDMs9Kb","u9sz1k03gFY"]}},{"type":"Feature","id":"ii5UxOTIhhf","geometry":{"type":"Polygon","coordinates":[[[7.4574,12.0886],[7.5644,12.0069],[7.4706,11.9275],[7.5835,11.9297],[7.6238,11.9167],[7.5084,11.76],[7.4887,11.6713],[7.3892,11.7933],[7.3055,11.7822],[7.2418,11.9101],[7.1106,12.0342],[7.1398,12.0914],[7.1431,12.2235],[7.2186,12.1308],[7.4574,12.0886]]]},"properties":{"code":null,"name":"kt Kankara Local Government Area","level":"3","parent":"uKlacgs9ykR","parentGraph":"s5DPBsdoE8b/uKlacgs9ykR","groups":["FbBkTDMs9Kb","u9sz1k03gFY"]}},{"type":"Feature","id":"fEF6lFmFMwR","geometry":{"type":"Polygon","coordinates":[[[7.9385,12.5677],[7.8828,12.4612],[7.9094,12.3148],[7.8593,12.2824],[7.8339,12.247],[7.7857,12.271],[7.6775,12.3505],[7.6035,12.3414],[7.6194,12.4609],[7.6746,12.4046],[7.7444,12.563],[7.8014,12.6187],[7.9385,12.5677]]]},"properties":{"code":null,"name":"kt Kankia Local Government Area","level":"3","parent":"uKlacgs9ykR","parentGraph":"s5DPBsdoE8b/uKlacgs9ykR","groups":["FbBkTDMs9Kb","u9sz1k03gFY"]}},{"type":"Feature","id":"vOroOLCRNX3","geometry":{"type":"Polygon","coordinates":[[[7.6103,12.9292],[7.5533,12.9627],[7.556,13.0107],[7.5985,13.0643],[7.6849,13.0087],[7.6103,12.9292]]]},"properties":{"code":null,"name":"kt Katsina Local Government Area","level":"3","parent":"uKlacgs9ykR","parentGraph":"s5DPBsdoE8b/uKlacgs9ykR","groups":["TTdkYVgbGrq","FbBkTDMs9Kb","u9sz1k03gFY"]}},{"type":"Feature","id":"uKlacgs9ykR","geometry":{"type":"Polygon","coordinates":[[[8.977,12.8344],[8.8669,12.7125],[8.7401,12.6761],[8.5771,12.7376],[8.5355,12.8313],[8.3865,12.819],[8.2998,12.8346],[8.1246,12.808],[8.1139,12.6506],[8.2628,12.6112],[8.2827,12.5696],[8.1973,12.5615],[8.1345,12.4129],[8.0624,12.3687],[7.9391,12.3309],[7.8352,12.2571],[7.839,11.9623],[7.8619,11.8417],[7.8511,11.7772],[7.8953,11.6454],[7.8427,11.6427],[7.7133,11.5732],[7.6885,11.4986],[7.7078,11.4132],[7.7763,11.3591],[7.7466,11.3091],[7.6559,11.2733],[7.5817,11.3384],[7.4722,11.3751],[7.4004,11.3292],[7.3811,11.2598],[7.2173,11.2515],[7.2393,11.146],[7.1542,11.1144],[7.0857,11.183],[6.983,11.2136],[7.0399,11.2946],[7.005,11.3368],[6.9024,11.3479],[6.9231,11.4823],[6.8775,11.5714],[6.918,11.7778],[7.0696,11.7794],[7.1486,11.8425],[7.1574,11.8934],[7.2418,11.9062],[7.2338,11.9374],[7.1106,12.0342],[7.1575,12.154],[7.1275,12.3054],[7.0928,12.3711],[7.0556,12.6361],[7.0408,12.8297],[7.0639,13.0012],[7.1517,13.0324],[7.2279,13.111],[7.4262,13.1104],[7.8042,13.3342],[8.0676,13.3025],[8.256,13.2076],[8.4156,13.0549],[8.4992,13.0677],[8.5648,13.0382],[8.6484,12.9385],[8.977,12.8344]]]},"properties":{"code":null,"name":"kt Katsina State","level":"2","parent":"s5DPBsdoE8b","parentGraph":"s5DPBsdoE8b","groups":["aCdSdgaf2uc","dwnKekvJyIb","cx3yME7a4oR","iIx71rUFpk3","u9sz1k03gFY"]}},{"type":"Feature","id":"Na78DjtQkW5","geometry":{"type":"Polygon","coordinates":[[[7.5721,12.8643],[7.5074,12.7254],[7.545,12.7024],[7.6183,12.5851],[7.5391,12.5452],[7.4079,12.5468],[7.3839,12.6528],[7.4336,12.7725],[7.3696,12.841],[7.4512,12.8256],[7.5721,12.8643]]]},"properties":{"code":null,"name":"kt Kurfi Local Government Area","level":"3","parent":"uKlacgs9ykR","parentGraph":"s5DPBsdoE8b/uKlacgs9ykR","groups":["FbBkTDMs9Kb","u9sz1k03gFY"]}},{"type":"Feature","id":"SUj8G76mb6P","geometry":{"type":"Polygon","coordinates":[[[8.0173,12.562],[8.0905,12.3813],[8.0668,12.3707],[7.9094,12.3148],[7.8828,12.4612],[7.9385,12.5677],[7.9611,12.5631],[8.0173,12.562]]]},"properties":{"code":null,"name":"kt Kusada Local Government Area","level":"3","parent":"uKlacgs9ykR","parentGraph":"s5DPBsdoE8b/uKlacgs9ykR","groups":["FbBkTDMs9Kb","u9sz1k03gFY"]}},{"type":"Feature","id":"rEms7tmbXXv","geometry":{"type":"Polygon","coordinates":[[[8.3894,13.0786],[8.3916,12.9816],[8.3496,12.9908],[8.3482,12.9979],[8.2168,13.089],[8.1405,13.0461],[8.0525,13.2441],[8.0606,13.3033],[8.256,13.2076],[8.3894,13.0786]]]},"properties":{"code":null,"name":"kt Mai'Adua Local Government Area","level":"3","parent":"uKlacgs9ykR","parentGraph":"s5DPBsdoE8b/uKlacgs9ykR","groups":["FbBkTDMs9Kb","u9sz1k03gFY"]}},{"type":"Feature","id":"AZl0h4zsF4S","geometry":{"type":"Polygon","coordinates":[[[7.8309,11.9345],[7.8533,11.8621],[7.7529,11.8272],[7.5412,11.6555],[7.4887,11.6713],[7.5084,11.76],[7.6238,11.9167],[7.5835,11.9297],[7.5797,11.9687],[7.7426,11.9799],[7.8309,11.9345]]]},"properties":{"code":null,"name":"kt Malumfashi Local Government Area","level":"3","parent":"uKlacgs9ykR","parentGraph":"s5DPBsdoE8b/uKlacgs9ykR","groups":["TTdkYVgbGrq","FbBkTDMs9Kb","u9sz1k03gFY"]}},{"type":"Feature","id":"FF9j3L8530y","geometry":{"type":"Polygon","coordinates":[[[8.0404,13.0038],[8.0943,12.8956],[8.0892,12.8031],[7.9966,12.7076],[7.9655,12.7224],[7.9065,12.8221],[7.7725,12.7895],[7.7756,13.0296],[7.8529,13.1004],[7.9365,12.9136],[8.0232,12.9404],[8.0404,13.0038]]]},"properties":{"code":null,"name":"kt Mani Local Government Area","level":"3","parent":"uKlacgs9ykR","parentGraph":"s5DPBsdoE8b/uKlacgs9ykR","groups":["TTdkYVgbGrq","FbBkTDMs9Kb","u9sz1k03gFY"]}},{"type":"Feature","id":"xocoCjfh1XI","geometry":{"type":"Polygon","coordinates":[[[8.0606,13.3033],[8.0525,13.2441],[8.1405,13.0461],[8.1559,13.0282],[8.0404,13.0038],[8.0232,12.9404],[7.9365,12.9136],[7.8529,13.1004],[7.9002,13.1845],[7.8746,13.3324],[8.0606,13.3033]]]},"properties":{"code":null,"name":"kt Mashi Local Government Area","level":"3","parent":"uKlacgs9ykR","parentGraph":"s5DPBsdoE8b/uKlacgs9ykR","groups":["TTdkYVgbGrq","FbBkTDMs9Kb","u9sz1k03gFY"]}},{"type":"Feature","id":"dRcvOxeYPZO","geometry":{"type":"Polygon","coordinates":[[[7.5652,12.3463],[7.6035,12.3414],[7.6775,12.3505],[7.7857,12.271],[7.6955,12.157],[7.5446,12.131],[7.5228,12.2393],[7.5247,12.3566],[7.5652,12.3463]]]},"properties":{"code":null,"name":"kt Matazu Local Government Area","level":"3","parent":"uKlacgs9ykR","parentGraph":"s5DPBsdoE8b/uKlacgs9ykR","groups":["TTdkYVgbGrq","FbBkTDMs9Kb","u9sz1k03gFY"]}},{"type":"Feature","id":"ELmWYbdB26H","geometry":{"type":"Polygon","coordinates":[[[7.8372,12.1623],[7.8375,11.9871],[7.8309,11.9345],[7.7426,11.9799],[7.5797,11.9687],[7.5835,11.9297],[7.4706,11.9275],[7.5644,12.0069],[7.4574,12.0886],[7.5446,12.131],[7.6955,12.157],[7.7857,12.271],[7.8339,12.247],[7.8372,12.1623]]]},"properties":{"code":null,"name":"kt Musawa Local Government Area","level":"3","parent":"uKlacgs9ykR","parentGraph":"s5DPBsdoE8b/uKlacgs9ykR","groups":["TTdkYVgbGrq","FbBkTDMs9Kb","u9sz1k03gFY"]}},{"type":"Feature","id":"UxMbHQ4P4Zj","geometry":{"type":"Polygon","coordinates":[[[7.7314,13.0382],[7.7756,13.0296],[7.7725,12.7895],[7.7375,12.6805],[7.5512,12.7221],[7.6453,12.8718],[7.7505,12.9532],[7.7149,13.0309],[7.7314,13.0382]]]},"properties":{"code":null,"name":"kt Rimi Local Government Area","level":"3","parent":"uKlacgs9ykR","parentGraph":"s5DPBsdoE8b/uKlacgs9ykR","groups":["FbBkTDMs9Kb","u9sz1k03gFY"]}},{"type":"Feature","id":"t2bvrp7pTZX","geometry":{"type":"Polygon","coordinates":[[[7.0897,11.4489],[7.2153,11.2437],[7.2169,11.1291],[7.1542,11.1144],[7.0857,11.183],[6.983,11.2136],[7.0399,11.2946],[6.9024,11.3479],[6.904,11.3641],[7.0094,11.4471],[7.0853,11.4629],[7.0897,11.4489]]]},"properties":{"code":null,"name":"kt Sabuwa Local Government Area","level":"3","parent":"uKlacgs9ykR","parentGraph":"s5DPBsdoE8b/uKlacgs9ykR","groups":["FbBkTDMs9Kb","u9sz1k03gFY"]}},{"type":"Feature","id":"z4exsxsfk7Z","geometry":{"type":"Polygon","coordinates":[[[7.3727,12.6528],[7.3839,12.6528],[7.4079,12.5468],[7.457,12.4209],[7.4444,12.2763],[7.2056,12.3315],[7.1332,12.2882],[7.0928,12.3711],[7.0947,12.3804],[7.0582,12.6178],[7.1764,12.6442],[7.2708,12.6225],[7.3727,12.6528]]]},"properties":{"code":null,"name":"kt Safana Local Government Area","level":"3","parent":"uKlacgs9ykR","parentGraph":"s5DPBsdoE8b/uKlacgs9ykR","groups":["TTdkYVgbGrq","FbBkTDMs9Kb","u9sz1k03gFY"]}},{"type":"Feature","id":"ZgjIjZDyWaO","geometry":{"type":"Polygon","coordinates":[[[8.3496,12.9908],[8.3916,12.9816],[8.4437,12.8256],[8.3797,12.8192],[8.2301,12.8256],[8.2157,12.8707],[8.3088,12.9149],[8.3482,12.9979],[8.3496,12.9908]]]},"properties":{"code":null,"name":"kt Sandamu Local Government Area","level":"3","parent":"uKlacgs9ykR","parentGraph":"s5DPBsdoE8b/uKlacgs9ykR","groups":["FbBkTDMs9Kb","u9sz1k03gFY"]}},{"type":"Feature","id":"tSiEbQBuWWK","geometry":{"type":"Polygon","coordinates":[[[8.6992,12.9165],[8.7063,12.857],[8.5557,12.8071],[8.4437,12.8256],[8.3916,12.9816],[8.3894,13.0786],[8.5648,13.0382],[8.6992,12.9165]]]},"properties":{"code":null,"name":"kt Zango Local Government Area","level":"3","parent":"uKlacgs9ykR","parentGraph":"s5DPBsdoE8b/uKlacgs9ykR","groups":["TTdkYVgbGrq","FbBkTDMs9Kb","u9sz1k03gFY"]}},{"type":"Feature","id":"Y7GLlAfKbQD","geometry":{"type":"Polygon","coordinates":[[[4.5162,8.5511],[4.5572,8.3999],[4.6126,8.4076],[4.6148,8.4065],[4.6831,8.3356],[4.5871,8.2033],[4.6192,8.1507],[4.5006,8.097],[4.4628,8.2066],[4.3664,8.3021],[4.3254,8.4448],[4.2449,8.6014],[4.2125,8.6483],[4.2009,8.6934],[4.3675,8.6835],[4.4608,8.63],[4.5162,8.5511]]]},"properties":{"code":null,"name":"kw Asa Local Government Area","level":"3","parent":"jReUW6NCPkL","parentGraph":"s5DPBsdoE8b/jReUW6NCPkL","groups":["EbCLeG7hvmD","FbBkTDMs9Kb","u9sz1k03gFY"]}},{"type":"Feature","id":"GvD3rDOMSxB","geometry":{"type":"Polygon","coordinates":[[[3.8475,10.1458],[3.8499,9.869],[3.8142,9.1707],[3.7381,9.0266],[3.684,8.9819],[3.61,8.9474],[3.4016,8.8279],[3.2308,8.7458],[3.1475,8.7731],[2.9184,8.5896],[2.7892,8.5724],[2.7496,8.533],[2.781,9.0651],[2.9841,9.0724],[3.0836,9.0979],[3.1584,9.2911],[3.1334,9.4262],[3.2716,9.6589],[3.3486,9.6853],[3.3296,9.7984],[3.4564,9.8613],[3.5297,9.862],[3.5957,9.9458],[3.6116,10.0624],[3.6701,10.13],[3.8475,10.1458]]]},"properties":{"code":null,"name":"kw Baruten Local Government Area","level":"3","parent":"jReUW6NCPkL","parentGraph":"s5DPBsdoE8b/jReUW6NCPkL","groups":["l1xQHVBBeQD","FbBkTDMs9Kb","u9sz1k03gFY"]}},{"type":"Feature","id":"tJWObwCxuLw","geometry":{"type":"Polygon","coordinates":[[[5.5435,8.9183],[5.4883,8.8611],[5.4812,8.6457],[5.531,8.5389],[5.4489,8.4703],[5.419,8.6864],[5.3688,8.7123],[5.2757,8.6276],[5.1355,8.6981],[5.0691,8.7869],[4.9498,8.8418],[4.8998,8.9188],[4.9165,9.0031],[4.8967,9.0585],[4.8936,9.1093],[4.8945,9.136],[5.0076,9.1692],[5.1102,9.1208],[5.2242,8.994],[5.3459,8.9934],[5.5435,8.9183]]]},"properties":{"code":null,"name":"kw Edu Local Government Area","level":"3","parent":"jReUW6NCPkL","parentGraph":"s5DPBsdoE8b/jReUW6NCPkL","groups":["l1xQHVBBeQD","zAywu9z1ZWc","FbBkTDMs9Kb","u9sz1k03gFY"]}},{"type":"Feature","id":"BDOwNvZezWn","geometry":{"type":"Polygon","coordinates":[[[5.4581,8.173],[5.5415,8.1222],[5.536,8.0696],[5.4095,8.0619],[5.3681,8.0213],[5.3512,7.9659],[5.2698,7.9725],[5.2051,7.9851],[5.1943,8.0016],[5.176,8.068],[5.2524,8.125],[5.4563,8.1813],[5.4581,8.173]]]},"properties":{"code":null,"name":"kw Ekiti Local Government Area","level":"3","parent":"jReUW6NCPkL","parentGraph":"s5DPBsdoE8b/jReUW6NCPkL","groups":["FbBkTDMs9Kb","u9sz1k03gFY","utwgAUVEhIM"]}},{"type":"Feature","id":"FJp0E7GOd9b","geometry":{"type":"Polygon","coordinates":[[[4.9165,9.0031],[4.8998,8.9188],[4.9498,8.8418],[5.0691,8.7869],[5.1355,8.6981],[5.2757,8.6276],[5.3688,8.7123],[5.419,8.6864],[5.4489,8.4703],[5.3527,8.3092],[5.2383,8.228],[5.1899,8.2289],[5.1784,8.3286],[5.0895,8.3556],[5.0198,8.3264],[4.8996,8.3587],[4.8294,8.3559],[4.8191,8.2445],[4.7623,8.1706],[4.7455,8.2042],[4.6831,8.3356],[4.6148,8.4065],[4.7401,8.3662],[4.7733,8.4109],[4.6923,8.4984],[4.698,8.5037],[4.7577,8.5467],[4.8877,8.5717],[4.9944,8.6659],[4.9058,8.684],[4.8758,8.7212],[4.8272,8.8118],[4.8246,8.9516],[4.8967,9.0585],[4.9165,9.0031]]]},"properties":{"code":null,"name":"kw Ifelodun Local Government Area","level":"3","parent":"jReUW6NCPkL","parentGraph":"s5DPBsdoE8b/jReUW6NCPkL","groups":["FbBkTDMs9Kb","u9sz1k03gFY","utwgAUVEhIM"]}},{"type":"Feature","id":"kAF7VjmjTiO","geometry":{"type":"Polygon","coordinates":[[[4.9058,8.684],[4.9944,8.6659],[4.8877,8.5717],[4.7577,8.5467],[4.698,8.5037],[4.5963,8.4949],[4.6265,8.4126],[4.5506,8.5607],[4.6996,8.5548],[4.8758,8.7212],[4.9058,8.684]]]},"properties":{"code":null,"name":"kw Ilorin East Local Government Area","level":"3","parent":"jReUW6NCPkL","parentGraph":"s5DPBsdoE8b/jReUW6NCPkL","groups":["EbCLeG7hvmD","zAywu9z1ZWc","FbBkTDMs9Kb","u9sz1k03gFY"]}},{"type":"Feature","id":"xzTeTvNkxNv","geometry":{"type":"Polygon","coordinates":[[[4.6923,8.4984],[4.7733,8.4109],[4.7401,8.3662],[4.6148,8.4065],[4.6126,8.4076],[4.6265,8.4126],[4.5963,8.4949],[4.698,8.5037],[4.6923,8.4984]]]},"properties":{"code":null,"name":"kw Ilorin South Local Government Area","level":"3","parent":"jReUW6NCPkL","parentGraph":"s5DPBsdoE8b/jReUW6NCPkL","groups":["EbCLeG7hvmD","FbBkTDMs9Kb","u9sz1k03gFY"]}},{"type":"Feature","id":"sJUtkBkmnom","geometry":{"type":"Polygon","coordinates":[[[4.5506,8.5607],[4.6265,8.4126],[4.6126,8.4076],[4.5572,8.3999],[4.5162,8.5511],[4.5506,8.5607]]]},"properties":{"code":null,"name":"kw Ilorin West Local Government Area","level":"3","parent":"jReUW6NCPkL","parentGraph":"s5DPBsdoE8b/jReUW6NCPkL","groups":["EbCLeG7hvmD","FbBkTDMs9Kb","u9sz1k03gFY"]}},{"type":"Feature","id":"XG6hCGkwc7a","geometry":{"type":"Polygon","coordinates":[[[4.5427,7.8462],[4.4762,7.8246],[4.5262,7.9131],[4.5431,7.9406],[4.5609,7.866],[4.5427,7.8462]]]},"properties":{"code":null,"name":"kw Irepodun Local Government Area","level":"3","parent":"jReUW6NCPkL","parentGraph":"s5DPBsdoE8b/jReUW6NCPkL","groups":["FbBkTDMs9Kb","u9sz1k03gFY","utwgAUVEhIM"]}},{"type":"Feature","id":"sstF6F4tPWC","geometry":{"type":"Polygon","coordinates":[[[5.1784,8.3286],[5.1899,8.2289],[5.2383,8.228],[5.1993,8.1714],[5.1124,8.1408],[4.9843,8.1681],[4.9214,8.2161],[4.8996,8.3587],[5.0198,8.3264],[5.0895,8.3556],[5.1784,8.3286]]]},"properties":{"code":null,"name":"kw Isin Local Government Area","level":"3","parent":"jReUW6NCPkL","parentGraph":"s5DPBsdoE8b/jReUW6NCPkL","groups":["FbBkTDMs9Kb","u9sz1k03gFY","utwgAUVEhIM"]}},{"type":"Feature","id":"G1AcANnI3eg","geometry":{"type":"Polygon","coordinates":[[[4.581,9.4357],[4.5931,9.424],[4.6129,9.3056],[4.7405,9.2379],[4.7581,9.1302],[4.6914,9.0669],[4.529,9.0548],[4.3367,8.9577],[4.2471,8.9619],[4.0152,9.0345],[3.9337,9.1417],[3.8521,9.1818],[3.8142,9.1707],[3.8499,9.869],[3.8475,10.1458],[3.9861,10.1414],[4.0856,10.0413],[4.347,9.7279],[4.4282,9.6978],[4.4359,9.4307],[4.581,9.4357]]]},"properties":{"code":null,"name":"kw Kaiama Local Government Area","level":"3","parent":"jReUW6NCPkL","parentGraph":"s5DPBsdoE8b/jReUW6NCPkL","groups":["l1xQHVBBeQD","zAywu9z1ZWc","FbBkTDMs9Kb","u9sz1k03gFY"]}},{"type":"Feature","id":"jReUW6NCPkL","geometry":{"type":"Polygon","coordinates":[[[6.2109,8.7255],[6.1711,8.6717],[6.0981,8.3816],[5.7898,8.4036],[5.6166,8.4608],[5.538,8.5412],[5.4201,8.4395],[5.3457,8.3215],[5.4581,8.173],[5.5415,8.1222],[5.536,8.0696],[5.3765,8.0467],[5.3512,7.9659],[5.2242,7.9718],[5.1573,8.02],[5.0642,8.0306],[4.9746,8.0244],[4.9566,8.0585],[4.9154,8.0847],[4.7313,8.0357],[4.5556,8.0341],[4.5204,8.05],[4.4628,8.2066],[4.3593,8.311],[4.3254,8.4448],[4.2181,8.6322],[4.1837,8.7425],[4.1961,8.8057],[4.3378,8.9593],[4.1529,8.9777],[4.0152,9.0345],[3.9337,9.1417],[3.8521,9.1818],[3.7729,9.1465],[3.7454,9.0444],[3.6919,8.9866],[3.4963,8.8906],[3.3589,8.8006],[3.2308,8.7458],[3.1475,8.7731],[2.9184,8.5896],[2.7892,8.5724],[2.7496,8.533],[2.7504,8.7003],[2.7284,8.7727],[2.7889,8.9703],[2.781,9.0651],[2.9841,9.0724],[3.0836,9.0979],[3.1584,9.2911],[3.1334,9.4262],[3.2716,9.6589],[3.3486,9.6853],[3.3296,9.7984],[3.4564,9.8613],[3.5297,9.862],[3.5957,9.9458],[3.6116,10.0624],[3.6701,10.13],[3.9399,10.1502],[3.9861,10.1414],[4.0856,10.0413],[4.347,9.7279],[4.4282,9.6978],[4.4218,9.4898],[4.4359,9.4307],[4.5792,9.4373],[4.6129,9.3056],[4.7405,9.2379],[4.7577,9.1303],[4.8206,9.1093],[5.0076,9.1692],[5.1102,9.1208],[5.2242,8.994],[5.3459,8.9934],[5.4795,8.9601],[5.8217,8.7385],[6.0776,8.7529],[6.2109,8.7255]]]},"properties":{"code":null,"name":"kw Kwara State","level":"2","parent":"s5DPBsdoE8b","parentGraph":"s5DPBsdoE8b","groups":["aCdSdgaf2uc","FDdJ6PFtOPk","u9sz1k03gFY"]}},{"type":"Feature","id":"wbhtzEnS1vn","geometry":{"type":"Polygon","coordinates":[[[4.8936,9.1093],[4.8967,9.0585],[4.8246,8.9516],[4.8272,8.8118],[4.8758,8.7212],[4.6996,8.5548],[4.5506,8.5607],[4.5162,8.5511],[4.4608,8.63],[4.3675,8.6835],[4.2009,8.6934],[4.1961,8.8057],[4.2489,8.875],[4.3367,8.9577],[4.529,9.0548],[4.6914,9.0669],[4.7581,9.1302],[4.8945,9.136],[4.8936,9.1093]]]},"properties":{"code":null,"name":"kw Moro Local Government Area","level":"3","parent":"jReUW6NCPkL","parentGraph":"s5DPBsdoE8b/jReUW6NCPkL","groups":["l1xQHVBBeQD","zAywu9z1ZWc","FbBkTDMs9Kb","u9sz1k03gFY"]}},{"type":"Feature","id":"N7zYxC4Iaxx","geometry":{"type":"Polygon","coordinates":[[[4.6582,8.1008],[4.7231,8.2005],[4.7566,8.1069],[4.6582,8.1008]]]},"properties":{"code":null,"name":"kw Offa Local Government Area","level":"3","parent":"jReUW6NCPkL","parentGraph":"s5DPBsdoE8b/jReUW6NCPkL","groups":["EbCLeG7hvmD","zAywu9z1ZWc","FbBkTDMs9Kb","u9sz1k03gFY"]}},{"type":"Feature","id":"w2qY5iYVowl","geometry":{"type":"Polygon","coordinates":[[[5.3927,8.241],[5.4563,8.1813],[5.2524,8.125],[5.176,8.068],[5.1943,8.0016],[5.0708,8.0334],[5.1993,8.1714],[5.2383,8.228],[5.3527,8.3092],[5.3927,8.241]]]},"properties":{"code":null,"name":"kw Oke-Ero Local Government Area","level":"3","parent":"jReUW6NCPkL","parentGraph":"s5DPBsdoE8b/jReUW6NCPkL","groups":["FbBkTDMs9Kb","u9sz1k03gFY","utwgAUVEhIM"]}},{"type":"Feature","id":"rHmtMRedsdU","geometry":{"type":"MultiPolygon","coordinates":[[[[4.7455,8.2042],[4.7623,8.1706],[4.7944,8.063],[4.7313,8.0357],[4.5556,8.0341],[4.5204,8.05],[4.5006,8.097],[4.6192,8.1507],[4.5871,8.2033],[4.6831,8.3356],[4.7455,8.2042]]],[[[4.6582,8.1008],[4.7566,8.1069],[4.7231,8.2005],[4.6582,8.1008]]]]},"properties":{"code":null,"name":"kw Oyun Local Government Area","level":"3","parent":"jReUW6NCPkL","parentGraph":"s5DPBsdoE8b/jReUW6NCPkL","groups":["FbBkTDMs9Kb","u9sz1k03gFY","utwgAUVEhIM"]}},{"type":"Feature","id":"cbt9hIgVTHw","geometry":{"type":"Polygon","coordinates":[[[5.7724,8.7575],[5.9013,8.7333],[6.1122,8.744],[6.2109,8.7255],[6.1711,8.6717],[6.1093,8.4085],[6.0479,8.3735],[5.7898,8.4036],[5.6482,8.4481],[5.531,8.5389],[5.4812,8.6457],[5.4883,8.8611],[5.5435,8.9183],[5.7724,8.7575]]]},"properties":{"code":null,"name":"kw Pategi Local Government Area","level":"3","parent":"jReUW6NCPkL","parentGraph":"s5DPBsdoE8b/jReUW6NCPkL","groups":["l1xQHVBBeQD","FbBkTDMs9Kb","u9sz1k03gFY"]}},{"type":"Feature","id":"ePAmwPgZitO","geometry":{"type":"Polygon","coordinates":[[[3.3323,6.6488],[3.3013,6.6204],[3.2896,6.6726],[3.3323,6.6488]]]},"properties":{"code":null,"name":"la Agege Local Government Area","level":"3","parent":"H2ZhSMudlMI","parentGraph":"s5DPBsdoE8b/H2ZhSMudlMI","groups":["FbBkTDMs9Kb","u9sz1k03gFY"]}},{"type":"Feature","id":"SZSJbgQp79d","geometry":{"type":"Polygon","coordinates":[[[3.3226,6.4468],[3.307,6.4778],[3.3389,6.4758],[3.3226,6.4468]]]},"properties":{"code":null,"name":"la Ajeromi/Ifelodun Local Government Area","level":"3","parent":"H2ZhSMudlMI","parentGraph":"s5DPBsdoE8b/H2ZhSMudlMI","groups":["FbBkTDMs9Kb","u9sz1k03gFY"]}},{"type":"Feature","id":"fhB4ICWDhmX","geometry":{"type":"Polygon","coordinates":[[[3.2746,6.5243],[3.2157,6.5236],[3.2119,6.5256],[3.1864,6.5496],[3.2517,6.7051],[3.2896,6.6726],[3.3013,6.6204],[3.2889,6.5854],[3.2746,6.5243]]]},"properties":{"code":null,"name":"la Alimosho Local Government Area","level":"3","parent":"H2ZhSMudlMI","parentGraph":"s5DPBsdoE8b/H2ZhSMudlMI","groups":["FbBkTDMs9Kb","u9sz1k03gFY"]}},{"type":"Feature","id":"Isx2W2hs7r0","geometry":{"type":"Polygon","coordinates":[[[3.307,6.4778],[3.3226,6.4468],[3.3691,6.3988],[3.1855,6.4037],[3.2157,6.5236],[3.2746,6.5243],[3.3114,6.5286],[3.307,6.4778]]]},"properties":{"code":null,"name":"la Amuwo Odofin Local Government Area","level":"3","parent":"H2ZhSMudlMI","parentGraph":"s5DPBsdoE8b/H2ZhSMudlMI","groups":["FbBkTDMs9Kb","u9sz1k03gFY"]}},{"type":"Feature","id":"yme7mbY3bAw","geometry":{"type":"Polygon","coordinates":[[[3.4049,6.4472],[3.3957,6.3973],[3.3691,6.3988],[3.3226,6.4468],[3.3389,6.4758],[3.351,6.4824],[3.3638,6.4705],[3.4049,6.4472]]]},"properties":{"code":null,"name":"la Apapa Local Government Area","level":"3","parent":"H2ZhSMudlMI","parentGraph":"s5DPBsdoE8b/H2ZhSMudlMI","groups":["FbBkTDMs9Kb","u9sz1k03gFY"]}},{"type":"Feature","id":"x9npNF7jiEr","geometry":{"type":"Polygon","coordinates":[[[3.083,6.522],[3.0548,6.3995],[2.7093,6.3757],[2.7179,6.4736],[2.8246,6.4596],[2.881,6.5161],[3.083,6.522]]]},"properties":{"code":null,"name":"la Badagry Local Government Area","level":"3","parent":"H2ZhSMudlMI","parentGraph":"s5DPBsdoE8b/H2ZhSMudlMI","groups":["FbBkTDMs9Kb","u9sz1k03gFY"]}},{"type":"Feature","id":"SrU5MH6HMIM","geometry":{"type":"Polygon","coordinates":[[[4.2114,6.5747],[4.1522,6.4805],[4.3329,6.4365],[4.3424,6.3731],[4.2438,6.3839],[4.2434,6.3843],[4.1884,6.4246],[4.0622,6.4314],[3.9841,6.497],[3.8076,6.5553],[3.662,6.4945],[3.6065,6.4886],[3.61,6.5214],[3.6294,6.5584],[3.6877,6.6081],[3.6987,6.6891],[3.9032,6.6871],[4.0629,6.6854],[4.0941,6.5445],[4.2114,6.5747]]]},"properties":{"code":null,"name":"la Epe Local Government Area","level":"3","parent":"H2ZhSMudlMI","parentGraph":"s5DPBsdoE8b/H2ZhSMudlMI","groups":["FbBkTDMs9Kb","u9sz1k03gFY"]}},{"type":"Feature","id":"FNBnbVdc4QR","geometry":{"type":"Polygon","coordinates":[[[3.6065,6.4886],[3.662,6.4945],[3.6213,6.4248],[3.421,6.4226],[3.3957,6.3973],[3.4049,6.4472],[3.5279,6.4688],[3.61,6.5214],[3.6065,6.4886]]]},"properties":{"code":null,"name":"la Eti-Osa Local Government Area","level":"3","parent":"H2ZhSMudlMI","parentGraph":"s5DPBsdoE8b/H2ZhSMudlMI","groups":["zAywu9z1ZWc","FbBkTDMs9Kb","u9sz1k03gFY"]}},{"type":"Feature","id":"KOlYwQZTBzv","geometry":{"type":"Polygon","coordinates":[[[3.3537,6.6691],[3.3323,6.6488],[3.2896,6.6726],[3.2517,6.7051],[3.266,6.7069],[3.3537,6.6691]]]},"properties":{"code":null,"name":"la Ifako/Ijaye Local Government Area","level":"3","parent":"H2ZhSMudlMI","parentGraph":"s5DPBsdoE8b/H2ZhSMudlMI","groups":["FbBkTDMs9Kb","u9sz1k03gFY"]}},{"type":"Feature","id":"UCclb3oBhbL","geometry":{"type":"Polygon","coordinates":[[[3.3396,6.5887],[3.2889,6.5854],[3.3013,6.6204],[3.3323,6.6488],[3.3537,6.6691],[3.3691,6.6448],[3.3396,6.5887]]]},"properties":{"code":null,"name":"la Ikeja Local Government Area","level":"3","parent":"H2ZhSMudlMI","parentGraph":"s5DPBsdoE8b/H2ZhSMudlMI","groups":["zAywu9z1ZWc","FbBkTDMs9Kb","u9sz1k03gFY"]}},{"type":"Feature","id":"uhzcCCb85FB","geometry":{"type":"Polygon","coordinates":[[[3.6787,6.6893],[3.6987,6.6891],[3.6877,6.6081],[3.6294,6.5584],[3.4811,6.543],[3.4615,6.5702],[3.4626,6.6094],[3.4326,6.6459],[3.432,6.6484],[3.441,6.6501],[3.4562,6.6909],[3.6787,6.6893]]]},"properties":{"code":null,"name":"la Ikorodu Local Government Area","level":"3","parent":"H2ZhSMudlMI","parentGraph":"s5DPBsdoE8b/H2ZhSMudlMI","groups":["FbBkTDMs9Kb","u9sz1k03gFY"]}},{"type":"Feature","id":"qCnM7T01dCn","geometry":{"type":"Polygon","coordinates":[[[3.4326,6.6459],[3.4626,6.6094],[3.3897,6.5718],[3.3827,6.5713],[3.36,6.5762],[3.3446,6.5747],[3.3413,6.5815],[3.3396,6.5887],[3.3691,6.6448],[3.432,6.6484],[3.4326,6.6459]]]},"properties":{"code":null,"name":"la Kosofe Local Government Area","level":"3","parent":"H2ZhSMudlMI","parentGraph":"s5DPBsdoE8b/H2ZhSMudlMI","groups":["FbBkTDMs9Kb","u9sz1k03gFY"]}},{"type":"Feature","id":"wvrTERNJ55l","geometry":{"type":"Polygon","coordinates":[[[3.3917,6.5353],[3.3638,6.4705],[3.351,6.4824],[3.3598,6.5298],[3.3572,6.5346],[3.3917,6.5353]]]},"properties":{"code":null,"name":"la Lagos Mainland Local Government Area","level":"3","parent":"H2ZhSMudlMI","parentGraph":"s5DPBsdoE8b/H2ZhSMudlMI","groups":["zAywu9z1ZWc","FbBkTDMs9Kb","u9sz1k03gFY"]}},{"type":"Feature","id":"H2ZhSMudlMI","geometry":{"type":"Polygon","coordinates":[[[2.7179,6.4736],[2.8246,6.4596],[2.8803,6.5251],[3.1659,6.5214],[3.2522,6.7054],[3.3715,6.644],[3.4375,6.649],[3.4562,6.6909],[4.0682,6.6854],[4.0501,6.6209],[4.0941,6.5445],[4.2018,6.5861],[4.211,6.535],[4.1522,6.4805],[4.3329,6.4365],[4.3424,6.3731],[3.8999,6.4376],[3.421,6.4226],[3.3946,6.3962],[3.2988,6.4054],[2.9249,6.3957],[2.7093,6.3757],[2.7179,6.4736]]]},"properties":{"code":null,"name":"la Lagos State","level":"2","parent":"s5DPBsdoE8b","parentGraph":"s5DPBsdoE8b","groups":["VZ50tpviPWt","aCdSdgaf2uc","cx3yME7a4oR","FDdJ6PFtOPk","u9sz1k03gFY"]}},{"type":"Feature","id":"bz52b77hwoM","geometry":{"type":"Polygon","coordinates":[[[3.36,6.5762],[3.3572,6.5346],[3.3114,6.5286],[3.3446,6.5747],[3.36,6.5762]]]},"properties":{"code":null,"name":"la Mushin Local Government Area","level":"3","parent":"H2ZhSMudlMI","parentGraph":"s5DPBsdoE8b/H2ZhSMudlMI","groups":["FbBkTDMs9Kb","u9sz1k03gFY"]}},{"type":"Feature","id":"LPvGvHdlvgi","geometry":{"type":"Polygon","coordinates":[[[3.2119,6.5256],[3.2157,6.5236],[3.1855,6.4037],[3.0548,6.3995],[3.083,6.522],[3.1864,6.5496],[3.2119,6.5256]]]},"properties":{"code":null,"name":"la Ojo Local Government Area","level":"3","parent":"H2ZhSMudlMI","parentGraph":"s5DPBsdoE8b/H2ZhSMudlMI","groups":["FbBkTDMs9Kb","u9sz1k03gFY"]}},{"type":"Feature","id":"WgUVHd6LYlp","geometry":{"type":"Polygon","coordinates":[[[3.3413,6.5815],[3.3446,6.5747],[3.3114,6.5286],[3.2746,6.5243],[3.2889,6.5854],[3.3396,6.5887],[3.3413,6.5815]]]},"properties":{"code":null,"name":"la Oshodi/Isolo Local Government Area","level":"3","parent":"H2ZhSMudlMI","parentGraph":"s5DPBsdoE8b/H2ZhSMudlMI","groups":["FbBkTDMs9Kb","u9sz1k03gFY"]}},{"type":"Feature","id":"WjXjgXuzaRw","geometry":{"type":"Polygon","coordinates":[[[3.3827,6.5713],[3.3897,6.5718],[3.3917,6.5353],[3.3572,6.5346],[3.36,6.5762],[3.3827,6.5713]]]},"properties":{"code":null,"name":"la Shomolu Local Government Area","level":"3","parent":"H2ZhSMudlMI","parentGraph":"s5DPBsdoE8b/H2ZhSMudlMI","groups":["FbBkTDMs9Kb","u9sz1k03gFY"]}},{"type":"Feature","id":"O7v1DtGbdbK","geometry":{"type":"Polygon","coordinates":[[[3.3598,6.5298],[3.351,6.4824],[3.3389,6.4758],[3.307,6.4778],[3.3114,6.5286],[3.3572,6.5346],[3.3598,6.5298]]]},"properties":{"code":null,"name":"la Surulere Local Government Area","level":"3","parent":"H2ZhSMudlMI","parentGraph":"s5DPBsdoE8b/H2ZhSMudlMI","groups":["FbBkTDMs9Kb","u9sz1k03gFY"]}},{"type":"Feature","id":"auWw09YIylu","geometry":{"type":"Polygon","coordinates":[[[8.3394,9.1276],[8.3711,9.1281],[8.5005,9.0002],[8.5032,8.8765],[8.2347,8.8615],[8.1614,9.033],[8.2637,9.1556],[8.3394,9.1276]]]},"properties":{"code":null,"name":"na Akwanga Local Government Area","level":"3","parent":"gzLOszDWdqM","parentGraph":"s5DPBsdoE8b/gzLOszDWdqM","groups":["FbBkTDMs9Kb","np6HlxUFz3W","u9sz1k03gFY","j6UuBZKGhUp"]}},{"type":"Feature","id":"gBoEqmjQISC","geometry":{"type":"Polygon","coordinates":[[[9.2564,8.4617],[9.3839,8.4973],[9.5513,8.4276],[9.6156,8.3512],[9.5297,8.2788],[9.3528,8.3286],[9.2987,8.2344],[9.3592,8.1723],[9.3704,8.0531],[9.2989,8.0049],[9.1695,7.9144],[8.9899,8.0508],[8.9897,8.1659],[8.9523,8.2804],[9.0042,8.2962],[8.9792,8.4016],[8.9888,8.4974],[9.094,8.45],[9.2564,8.4617]]]},"properties":{"code":null,"name":"na Awe Local Government Area","level":"3","parent":"gzLOszDWdqM","parentGraph":"s5DPBsdoE8b/gzLOszDWdqM","groups":["FbBkTDMs9Kb","u9sz1k03gFY","NHen5mYIqiU","j6UuBZKGhUp"]}},{"type":"Feature","id":"U0rxRCfmhBx","geometry":{"type":"Polygon","coordinates":[[[8.4904,8.2507],[8.4968,8.142],[8.3911,8.0993],[8.3559,7.9899],[8.4286,7.8107],[8.3837,7.7756],[8.232,7.8488],[8.0666,7.9104],[8.0524,8.063],[8.1519,8.1466],[8.1642,8.2575],[8.0729,8.2953],[8.0798,8.3481],[8.1955,8.3724],[8.1572,8.5392],[8.412,8.4727],[8.4825,8.3928],[8.4904,8.2507]]]},"properties":{"code":null,"name":"na Doma Local Government Area","level":"3","parent":"gzLOszDWdqM","parentGraph":"s5DPBsdoE8b/gzLOszDWdqM","groups":["FbBkTDMs9Kb","u9sz1k03gFY","NHen5mYIqiU","j6UuBZKGhUp"]}},{"type":"Feature","id":"hrLTQKfN8rb","geometry":{"type":"Polygon","coordinates":[[[8.0113,9.2495],[8.0809,9.1591],[7.9466,9.0614],[7.7972,8.8939],[7.7483,8.8127],[7.8357,8.7704],[7.903,8.8178],[7.9173,8.6417],[7.791,8.6897],[7.6629,8.7029],[7.523,8.8076],[7.5567,8.9084],[7.5575,9.0585],[7.5586,9.1461],[7.6258,9.3107],[7.8319,9.2498],[7.9237,9.3622],[7.9931,9.2969],[8.0113,9.2495]]]},"properties":{"code":null,"name":"na Karu Local Government Area","level":"3","parent":"gzLOszDWdqM","parentGraph":"s5DPBsdoE8b/gzLOszDWdqM","groups":["y8b1UHfwBCI","FbBkTDMs9Kb","u9sz1k03gFY","j6UuBZKGhUp"]}},{"type":"Feature","id":"u9KlKSO3Xny","geometry":{"type":"Polygon","coordinates":[[[8.9523,8.2804],[8.9897,8.1659],[8.9899,8.0508],[8.7252,8.0751],[8.4968,8.142],[8.4904,8.2507],[8.7542,8.256],[8.7802,8.281],[8.9523,8.2804]]]},"properties":{"code":null,"name":"na Keana Local Government Area","level":"3","parent":"gzLOszDWdqM","parentGraph":"s5DPBsdoE8b/gzLOszDWdqM","groups":["FbBkTDMs9Kb","u9sz1k03gFY","NHen5mYIqiU","j6UuBZKGhUp"]}},{"type":"Feature","id":"mP2N6VKOvYd","geometry":{"type":"Polygon","coordinates":[[[7.8357,8.7704],[7.7483,8.8127],[7.7972,8.8939],[7.903,8.8178],[7.8357,8.7704]]]},"properties":{"code":null,"name":"na Keffi Local Government Area","level":"3","parent":"gzLOszDWdqM","parentGraph":"s5DPBsdoE8b/gzLOszDWdqM","groups":["y8b1UHfwBCI","zAywu9z1ZWc","FbBkTDMs9Kb","u9sz1k03gFY","j6UuBZKGhUp"]}},{"type":"Feature","id":"kD80FrxnQgH","geometry":{"type":"Polygon","coordinates":[[[8.0813,9.1494],[8.0767,9.0405],[8.1321,9.0132],[8.1614,9.033],[8.2347,8.8615],[8.2241,8.7007],[8.1572,8.5392],[7.9173,8.6417],[7.903,8.8178],[7.7972,8.8939],[7.9466,9.0614],[8.0809,9.1591],[8.0813,9.1494]]]},"properties":{"code":null,"name":"na Kokona Local Government Area","level":"3","parent":"gzLOszDWdqM","parentGraph":"s5DPBsdoE8b/gzLOszDWdqM","groups":["y8b1UHfwBCI","FbBkTDMs9Kb","u9sz1k03gFY","j6UuBZKGhUp"]}},{"type":"Feature","id":"Z6DfzcIgiw1","geometry":{"type":"Polygon","coordinates":[[[9.0551,9.0121],[9.0632,8.9417],[8.8936,8.766],[8.9283,8.5478],[8.9888,8.4974],[8.9792,8.4016],[8.8297,8.3992],[8.7012,8.4721],[8.5932,8.456],[8.5978,8.4133],[8.4825,8.3928],[8.412,8.4727],[8.1572,8.5392],[8.2241,8.7007],[8.2305,8.5799],[8.403,8.6109],[8.4662,8.6536],[8.6341,8.6633],[8.6814,8.7854],[8.613,8.8182],[8.7628,8.8314],[8.8597,8.9324],[8.888,9.0171],[9.0551,9.0121]]]},"properties":{"code":null,"name":"na Lafia Local Government Area","level":"3","parent":"gzLOszDWdqM","parentGraph":"s5DPBsdoE8b/gzLOszDWdqM","groups":["zAywu9z1ZWc","FbBkTDMs9Kb","u9sz1k03gFY","NHen5mYIqiU","j6UuBZKGhUp"]}},{"type":"Feature","id":"inHSAkhFlTj","geometry":{"type":"Polygon","coordinates":[[[8.5032,8.8765],[8.5505,8.8037],[8.613,8.8182],[8.6814,8.7854],[8.6341,8.6633],[8.4662,8.6536],[8.403,8.6109],[8.2305,8.5799],[8.2241,8.7007],[8.2347,8.8615],[8.5032,8.8765]]]},"properties":{"code":null,"name":"na Nasarawa Eggon Local Government Area","level":"3","parent":"gzLOszDWdqM","parentGraph":"s5DPBsdoE8b/gzLOszDWdqM","groups":["zAywu9z1ZWc","FbBkTDMs9Kb","np6HlxUFz3W","u9sz1k03gFY","j6UuBZKGhUp"]}},{"type":"Feature","id":"JbvjulVvoBo","geometry":{"type":"Polygon","coordinates":[[[7.6629,8.7029],[7.791,8.6897],[7.9173,8.6417],[8.1572,8.5392],[8.1955,8.3724],[8.0798,8.3481],[8.0729,8.2953],[8.1642,8.2575],[8.1519,8.1466],[8.0524,8.063],[8.0666,7.9104],[7.9499,7.96],[7.6651,8.0202],[7.4262,8.0356],[7.3888,8.0315],[7.3683,8.1494],[7.4165,8.2797],[7.4218,8.403],[7.4829,8.4852],[7.5003,8.6294],[7.4711,8.6393],[7.523,8.8076],[7.6629,8.7029]]]},"properties":{"code":null,"name":"na Nasarawa Local Government Area","level":"3","parent":"gzLOszDWdqM","parentGraph":"s5DPBsdoE8b/gzLOszDWdqM","groups":["y8b1UHfwBCI","FbBkTDMs9Kb","u9sz1k03gFY","j6UuBZKGhUp"]}},{"type":"Feature","id":"gzLOszDWdqM","geometry":{"type":"Polygon","coordinates":[[[8.0113,9.2495],[8.0775,9.1961],[8.0767,9.0405],[8.094,9.0073],[8.1614,9.033],[8.2637,9.1556],[8.3711,9.1281],[8.467,9.0028],[8.5329,9.0073],[8.66,9.2048],[8.76,9.163],[8.7701,9.0911],[8.8363,9.0205],[8.982,9.0117],[9.0267,9.0334],[9.076,8.9888],[9.0025,8.8569],[8.8936,8.766],[8.9516,8.5145],[9.094,8.45],[9.2261,8.4524],[9.3839,8.4973],[9.5513,8.4276],[9.6156,8.3512],[9.5297,8.2788],[9.3528,8.3286],[9.2987,8.2344],[9.3592,8.1723],[9.3704,8.0531],[9.1695,7.9144],[8.9789,8.0471],[8.8696,8.0453],[8.7252,8.0751],[8.519,8.142],[8.3911,8.0993],[8.3559,7.9899],[8.4318,7.8024],[8.412,7.7628],[8.2721,7.8438],[8.1702,7.8576],[7.9499,7.96],[7.6651,8.0202],[7.4537,8.0396],[7.1682,7.9749],[6.9387,7.8708],[6.9812,7.9921],[7.0006,8.1433],[6.992,8.2427],[6.9435,8.3266],[6.9781,8.4118],[7.1579,8.4399],[7.2796,8.4764],[7.403,8.5433],[7.5003,8.6959],[7.5567,8.9084],[7.5586,9.1461],[7.6258,9.3107],[7.8319,9.2498],[7.9112,9.3611],[7.9875,9.3134],[8.0113,9.2495]]]},"properties":{"code":null,"name":"na Nasarawa State","level":"2","parent":"s5DPBsdoE8b","parentGraph":"s5DPBsdoE8b","groups":["VZ50tpviPWt","aCdSdgaf2uc","FDdJ6PFtOPk","u9sz1k03gFY"]}},{"type":"Feature","id":"K7pfZRLAmao","geometry":{"type":"Polygon","coordinates":[[[8.8297,8.3992],[8.9792,8.4016],[9.0042,8.2962],[8.9523,8.2804],[8.7802,8.281],[8.7542,8.256],[8.4904,8.2507],[8.4825,8.3928],[8.5978,8.4133],[8.5932,8.456],[8.7012,8.4721],[8.8297,8.3992]]]},"properties":{"code":null,"name":"na Obi Local Government Area","level":"3","parent":"gzLOszDWdqM","parentGraph":"s5DPBsdoE8b/gzLOszDWdqM","groups":["zAywu9z1ZWc","FbBkTDMs9Kb","u9sz1k03gFY","NHen5mYIqiU","j6UuBZKGhUp"]}},{"type":"Feature","id":"DVVwoN4UVjn","geometry":{"type":"Polygon","coordinates":[[[7.5003,8.6294],[7.4829,8.4852],[7.4218,8.403],[7.4165,8.2797],[7.3683,8.1494],[7.3888,8.0315],[7.1682,7.9749],[6.9634,7.8667],[6.992,8.2427],[6.9435,8.3266],[6.9781,8.4118],[7.2796,8.4764],[7.403,8.5433],[7.4711,8.6393],[7.5003,8.6294]]]},"properties":{"code":null,"name":"na Toto Local Government Area","level":"3","parent":"gzLOszDWdqM","parentGraph":"s5DPBsdoE8b/gzLOszDWdqM","groups":["y8b1UHfwBCI","FbBkTDMs9Kb","u9sz1k03gFY","j6UuBZKGhUp"]}},{"type":"Feature","id":"pBWv6aGTfdo","geometry":{"type":"Polygon","coordinates":[[[8.888,9.0171],[8.8597,8.9324],[8.7628,8.8314],[8.613,8.8182],[8.5505,8.8037],[8.5032,8.8765],[8.5005,9.0002],[8.5461,9.0189],[8.66,9.2048],[8.76,9.163],[8.8013,9.0363],[8.888,9.0171]]]},"properties":{"code":null,"name":"na Wamba Local Government Area","level":"3","parent":"gzLOszDWdqM","parentGraph":"s5DPBsdoE8b/gzLOszDWdqM","groups":["FbBkTDMs9Kb","np6HlxUFz3W","u9sz1k03gFY","j6UuBZKGhUp"]}},{"type":"Feature","id":"ekBHRraQj62","geometry":{"type":"Polygon","coordinates":[[[6.4748,9.2392],[6.501,9.222],[6.5602,8.983],[6.5741,8.8391],[6.4891,8.7223],[6.5111,8.6452],[6.4572,8.5634],[6.3822,8.5849],[6.3577,8.6237],[6.297,8.8415],[6.2585,8.8435],[6.2402,9.0037],[6.2906,9.0715],[6.2655,9.1538],[6.3217,9.219],[6.4748,9.2392]]]},"properties":{"code":null,"name":"ni Agaie Local Government Area","level":"3","parent":"RYEnw3sMDyE","parentGraph":"s5DPBsdoE8b/RYEnw3sMDyE","groups":["fiteIdDIZdU","FbBkTDMs9Kb","u9sz1k03gFY"]}},{"type":"Feature","id":"HSfsrf0Aq4W","geometry":{"type":"Polygon","coordinates":[[[4.667,10.9178],[4.7561,10.8829],[4.7277,10.7042],[4.7136,10.6472],[4.5405,10.5264],[4.3483,10.5345],[4.3974,10.6696],[4.3833,10.9103],[4.3424,11.0145],[4.4553,11.0281],[4.667,10.9178]]]},"properties":{"code":null,"name":"ni Agwara Local Government Area","level":"3","parent":"RYEnw3sMDyE","parentGraph":"s5DPBsdoE8b/RYEnw3sMDyE","groups":["FbBkTDMs9Kb","u9sz1k03gFY","xGNy43YDaNO"]}},{"type":"Feature","id":"Md4qVvPVoCo","geometry":{"type":"Polygon","coordinates":[[[4.0385,11.0063],[4.296,11.0144],[4.3424,11.0145],[4.3833,10.9103],[4.3974,10.6696],[4.3483,10.5345],[4.5405,10.5264],[4.4955,10.3521],[4.5611,10.2709],[4.5532,10.1073],[4.5772,9.9476],[4.6265,9.794],[4.6265,9.7189],[4.5378,9.5448],[4.581,9.4357],[4.4359,9.4307],[4.4282,9.6978],[4.347,9.7279],[4.0856,10.0413],[3.9861,10.1414],[3.8475,10.1458],[3.6701,10.13],[3.6789,10.1698],[3.5841,10.2785],[3.6461,10.4352],[3.6877,10.4564],[3.7859,10.4053],[3.8517,10.6058],[3.8409,10.705],[3.7491,10.8375],[3.7713,10.9308],[3.7168,11.0243],[3.7128,11.128],[3.7738,11.1306],[4.0385,11.0063]]]},"properties":{"code":null,"name":"ni Bida Local Government Area","level":"3","parent":"RYEnw3sMDyE","parentGraph":"s5DPBsdoE8b/RYEnw3sMDyE","groups":["fiteIdDIZdU","FbBkTDMs9Kb","u9sz1k03gFY"]}},{"type":"Feature","id":"Zr2iXI2nBIH","geometry":{"type":"Polygon","coordinates":[[[4.0385,11.0063],[4.0708,11.0048],[4.1079,11.0117],[4.1377,11.0118],[4.1682,11.0163],[4.1854,11.013],[4.2204,11.0174],[4.2351,11.0192],[4.2621,11.0183],[4.2897,11.0161],[4.2961,11.0144],[4.3014,11.013],[4.3351,11.0134],[4.3423,11.0145],[4.3415,11.0134],[4.3447,10.998],[4.3526,10.9888],[4.3637,10.9661],[4.3743,10.9388],[4.3833,10.9102],[4.3772,10.8665],[4.3842,10.8329],[4.3845,10.8117],[4.3898,10.778],[4.3973,10.7576],[4.4034,10.7382],[4.4047,10.7154],[4.401,10.6909],[4.3991,10.6791],[4.3974,10.6696],[4.3837,10.6443],[4.3778,10.613],[4.3737,10.5938],[4.3653,10.569],[4.3582,10.5599],[4.3495,10.5483],[4.3483,10.5372],[4.3483,10.5344],[4.353,10.5338],[4.3621,10.5353],[4.3709,10.54],[4.3823,10.5427],[4.3957,10.5389],[4.4117,10.5387],[4.4231,10.5379],[4.4366,10.5361],[4.4442,10.5334],[4.453,10.5338],[4.4608,10.5348],[4.4678,10.537],[4.4734,10.5359],[4.4868,10.5341],[4.4996,10.5347],[4.5104,10.5312],[4.5275,10.5293],[4.5406,10.5264],[4.5362,10.5221],[4.5221,10.5053],[4.5045,10.4755],[4.4985,10.4532],[4.4983,10.4382],[4.4946,10.4252],[4.4937,10.3915],[4.4964,10.3706],[4.4955,10.3521],[4.5,10.3414],[4.5047,10.3272],[4.5137,10.3135],[4.527,10.3037],[4.5387,10.2952],[4.5507,10.2851],[4.561,10.271],[4.5595,10.2525],[4.5609,10.2373],[4.5563,10.2079],[4.5488,10.191],[4.5447,10.1755],[4.5396,10.1555],[4.5378,10.14],[4.5401,10.119],[4.5466,10.1099],[4.5531,10.1072],[4.5521,10.1044],[4.5545,10.0917],[4.57,10.0713],[4.5729,10.0554],[4.575,10.0425],[4.5753,10.0275],[4.5711,10.0106],[4.5706,9.9888],[4.5739,9.9635],[4.5773,9.9476],[4.5881,9.9116],[4.6033,9.8706],[4.609,9.8437],[4.6151,9.8174],[4.6211,9.7994],[4.6265,9.7941],[4.626,9.7888],[4.6312,9.7658],[4.6298,9.7422],[4.6265,9.7188],[4.6197,9.7024],[4.6116,9.6863],[4.6003,9.6696],[4.5924,9.6534],[4.5863,9.6332],[4.5784,9.6167],[4.5633,9.6032],[4.5518,9.5869],[4.5447,9.5737],[4.5404,9.5591],[4.5377,9.5447],[4.5389,9.5316],[4.544,9.5124],[4.5518,9.4954],[4.559,9.4856],[4.5692,9.4718],[4.5784,9.4606],[4.5828,9.4509],[4.5812,9.4361],[4.581,9.4357],[4.5798,9.4367],[4.5792,9.4373],[4.5513,9.4361],[4.5128,9.429],[4.4873,9.4262],[4.4569,9.4245],[4.4359,9.4307],[4.4263,9.4514],[4.4255,9.4585],[4.4217,9.4897],[4.4228,9.5225],[4.4227,9.5349],[4.4226,9.5438],[4.4219,9.5558],[4.4208,9.5761],[4.4253,9.6099],[4.4266,9.6218],[4.4281,9.6367],[4.4287,9.6384],[4.4326,9.6506],[4.4323,9.6788],[4.4281,9.6977],[4.4115,9.7054],[4.384,9.7026],[4.3792,9.705],[4.3687,9.7101],[4.3469,9.7279],[4.3255,9.751],[4.3027,9.7762],[4.2955,9.7858],[4.2888,9.7949],[4.2821,9.8043],[4.2761,9.8127],[4.2692,9.8193],[4.2563,9.8317],[4.2492,9.8464],[4.2439,9.8574],[4.2358,9.8673],[4.2242,9.8813],[4.2188,9.8862],[4.2104,9.8939],[4.1884,9.9164],[4.1801,9.9268],[4.1711,9.938],[4.1584,9.9514],[4.1533,9.9568],[4.1412,9.9706],[4.1272,9.9892],[4.1097,10.0101],[4.0966,10.0252],[4.0856,10.0412],[4.0737,10.0543],[4.0655,10.0626],[4.0566,10.0717],[4.0409,10.0885],[4.0401,10.0894],[4.0251,10.1031],[4.0209,10.107],[4.0202,10.1076],[4.0069,10.1197],[3.9983,10.1353],[3.9962,10.1364],[3.9861,10.1414],[3.973,10.1433],[3.9655,10.1444],[3.9479,10.1484],[3.94,10.1501],[3.936,10.1499],[3.9197,10.149],[3.8908,10.1447],[3.8827,10.1443],[3.8688,10.1435],[3.8624,10.1444],[3.8511,10.1459],[3.8499,10.1458],[3.8475,10.1458],[3.8165,10.1448],[3.8001,10.1457],[3.7831,10.1439],[3.757,10.1446],[3.7259,10.1421],[3.6928,10.1357],[3.677,10.1326],[3.6701,10.1299],[3.6732,10.1421],[3.6733,10.1422],[3.6761,10.1493],[3.6759,10.156],[3.679,10.1698],[3.6781,10.1783],[3.6725,10.1838],[3.6553,10.1841],[3.6463,10.1894],[3.6232,10.2141],[3.6206,10.2159],[3.6125,10.2217],[3.5977,10.2418],[3.5922,10.2533],[3.5846,10.2751],[3.5842,10.2784],[3.5964,10.31],[3.6032,10.3275],[3.6144,10.3557],[3.6153,10.357],[3.6198,10.3638],[3.625,10.3716],[3.6251,10.3718],[3.6263,10.3736],[3.6296,10.382],[3.6339,10.3899],[3.6347,10.3949],[3.6345,10.397],[3.6328,10.4141],[3.6316,10.4168],[3.6319,10.4172],[3.6328,10.4191],[3.6377,10.4276],[3.6461,10.4351],[3.6589,10.4399],[3.6654,10.4426],[3.6862,10.4555],[3.6877,10.4564],[3.6923,10.4548],[3.6951,10.4538],[3.7165,10.4427],[3.7306,10.4339],[3.7498,10.4244],[3.7607,10.4186],[3.7693,10.4158],[3.7756,10.4107],[3.786,10.4054],[3.7978,10.4388],[3.7996,10.4449],[3.8006,10.4483],[3.8022,10.4552],[3.801,10.4852],[3.801,10.4853],[3.8017,10.4878],[3.8062,10.503],[3.8149,10.5278],[3.82,10.5397],[3.8205,10.5408],[3.8233,10.547],[3.8262,10.5548],[3.8318,10.5686],[3.8484,10.5888],[3.851,10.5998],[3.8512,10.6012],[3.8513,10.6019],[3.8513,10.6025],[3.8517,10.6058],[3.851,10.6134],[3.8505,10.6231],[3.8494,10.6423],[3.8488,10.6499],[3.849,10.6499],[3.848,10.6677],[3.847,10.6689],[3.8459,10.6711],[3.8452,10.6784],[3.8444,10.687],[3.844,10.6929],[3.841,10.7049],[3.8331,10.7123],[3.8127,10.7232],[3.8055,10.7289],[3.7975,10.7352],[3.7853,10.7533],[3.7852,10.7535],[3.7817,10.763],[3.7776,10.774],[3.7725,10.7845],[3.7722,10.7852],[3.767,10.7925],[3.7627,10.7988],[3.7595,10.8051],[3.7579,10.8081],[3.7571,10.8097],[3.7561,10.8117],[3.7544,10.8135],[3.7522,10.8159],[3.7495,10.8247],[3.7495,10.8252],[3.7492,10.8374],[3.7492,10.8375],[3.7495,10.8386],[3.7553,10.857],[3.763,10.8785],[3.7655,10.8867],[3.7691,10.8981],[3.7698,10.906],[3.7712,10.919],[3.7712,10.9308],[3.7676,10.9508],[3.7672,10.953],[3.7671,10.955],[3.7669,10.9603],[3.7595,10.9972],[3.7515,11.0114],[3.7391,11.0174],[3.7342,11.0198],[3.7271,11.022],[3.7253,11.0225],[3.719,11.0232],[3.7169,11.0243],[3.7172,11.0347],[3.7172,11.0348],[3.7173,11.0352],[3.7182,11.0367],[3.7215,11.0425],[3.7238,11.0556],[3.7238,11.0561],[3.723,11.0663],[3.7204,11.0748],[3.7203,11.0749],[3.7192,11.0867],[3.7238,11.1059],[3.7275,11.1177],[3.7259,11.1241],[3.7204,11.1265],[3.7175,11.1278],[3.7128,11.1279],[3.7119,11.1281],[3.7272,11.1362],[3.7421,11.1362],[3.7581,11.1347],[3.7738,11.1305],[3.7779,11.1271],[3.7989,11.1153],[3.8203,11.1073],[3.8399,11.0957],[3.8671,11.0785],[3.8907,11.0642],[3.9256,11.0473],[3.9522,11.0335],[3.9873,11.02],[4.0085,11.0108],[4.0385,11.0063]]]},"properties":{"code":null,"name":"ni Borgu Local Government Area","level":"3","parent":"RYEnw3sMDyE","parentGraph":"s5DPBsdoE8b/RYEnw3sMDyE","groups":["FbBkTDMs9Kb","u9sz1k03gFY","xGNy43YDaNO"]}},{"type":"Feature","id":"VhiigQRTln1","geometry":{"type":"MultiPolygon","coordinates":[[[[6.6271,9.5398],[6.5036,9.5235],[6.4568,9.4128],[6.3432,9.3776],[6.2361,9.3879],[6.1901,9.4793],[6.1773,9.4912],[6.1923,9.5105],[6.1661,9.6399],[6.1964,9.7568],[6.3826,9.7381],[6.464,9.7992],[6.5626,9.761],[6.6394,9.6787],[6.6271,9.5398]]],[[[6.5393,9.6454],[6.4616,9.5856],[6.5422,9.5686],[6.5393,9.6454]]]]},"properties":{"code":null,"name":"ni Bosso Local Government Area","level":"3","parent":"RYEnw3sMDyE","parentGraph":"s5DPBsdoE8b/RYEnw3sMDyE","groups":["vLkTO51Apm7","FbBkTDMs9Kb","u9sz1k03gFY"]}},{"type":"Feature","id":"ug59RQyO4s6","geometry":{"type":"Polygon","coordinates":[[[6.5393,9.6454],[6.5422,9.5686],[6.4616,9.5856],[6.5393,9.6454]]]},"properties":{"code":null,"name":"ni Chanchaga Local Government Area","level":"3","parent":"RYEnw3sMDyE","parentGraph":"s5DPBsdoE8b/RYEnw3sMDyE","groups":["vLkTO51Apm7","FbBkTDMs9Kb","u9sz1k03gFY"]}},{"type":"Feature","id":"WIGCGYIhZ4j","geometry":{"type":"Polygon","coordinates":[[[5.7704,9.0242],[5.8173,8.9285],[5.7211,8.8807],[5.5085,8.9689],[5.3996,9.086],[5.4715,9.1291],[5.6414,9.1813],[5.7349,9.1129],[5.6852,9.0138],[5.7704,9.0242]]]},"properties":{"code":null,"name":"ni Edati Local Government Area","level":"3","parent":"RYEnw3sMDyE","parentGraph":"s5DPBsdoE8b/RYEnw3sMDyE","groups":["fiteIdDIZdU","zAywu9z1ZWc","FbBkTDMs9Kb","u9sz1k03gFY"]}},{"type":"Feature","id":"OVoEJP3bePx","geometry":{"type":"Polygon","coordinates":[[[6.1923,9.5105],[6.1773,9.4912],[6.1033,9.3692],[6.1319,9.248],[6.2035,9.1765],[6.122,9.0944],[6.1044,9.101],[6.0281,9.1003],[5.94,9.0568],[5.834,8.9575],[5.7983,9.004],[5.8195,9.2566],[5.8888,9.489],[5.924,9.5409],[6.0932,9.5678],[6.1923,9.5105]]]},"properties":{"code":null,"name":"ni Gbako Local Government Area","level":"3","parent":"RYEnw3sMDyE","parentGraph":"s5DPBsdoE8b/RYEnw3sMDyE","groups":["FbBkTDMs9Kb","u9sz1k03gFY"]}},{"type":"Feature","id":"ovwRcmfA9y1","geometry":{"type":"Polygon","coordinates":[[[7.2662,9.4771],[7.2188,9.4055],[7.2666,9.3417],[7.183,9.2489],[7.1141,9.2517],[7.1201,9.1269],[6.9633,9.2324],[6.7576,9.2227],[6.751,9.1324],[6.7055,9.3204],[6.7888,9.2726],[6.8229,9.3338],[6.8003,9.38],[6.9084,9.358],[7.0934,9.4302],[7.0646,9.4665],[7.1999,9.5006],[7.2662,9.4771]]]},"properties":{"code":null,"name":"ni Gurara Local Government Area","level":"3","parent":"RYEnw3sMDyE","parentGraph":"s5DPBsdoE8b/RYEnw3sMDyE","groups":["vLkTO51Apm7","FbBkTDMs9Kb","u9sz1k03gFY"]}},{"type":"Feature","id":"XBqmAuG1iVN","geometry":{"type":"Polygon","coordinates":[[[6.1901,9.4793],[6.2361,9.3879],[6.3432,9.3776],[6.4568,9.4128],[6.4748,9.2392],[6.3217,9.219],[6.2655,9.1538],[6.2906,9.0715],[6.2402,9.0037],[6.2585,8.8435],[6.297,8.8415],[6.3577,8.6237],[6.2109,8.7255],[6.1122,8.744],[6.144,8.7913],[6.0862,8.9894],[6.122,9.0944],[6.2035,9.1765],[6.1319,9.248],[6.1033,9.3692],[6.1773,9.4912],[6.1901,9.4793]]]},"properties":{"code":null,"name":"ni Katcha Local Government Area","level":"3","parent":"RYEnw3sMDyE","parentGraph":"s5DPBsdoE8b/RYEnw3sMDyE","groups":["fiteIdDIZdU","FbBkTDMs9Kb","u9sz1k03gFY"]}},{"type":"Feature","id":"GezaSTY6nH7","geometry":{"type":"Polygon","coordinates":[[[5.7039,10.2292],[5.4366,10.1919],[5.3776,10.251],[5.2392,10.2577],[5.1502,10.2783],[5.2,10.3457],[5.3296,10.3685],[5.3177,10.5712],[5.3564,10.6799],[5.5149,10.676],[5.5541,10.7048],[5.6608,10.5085],[5.7039,10.2292]]]},"properties":{"code":null,"name":"ni Kontagora Local Government Area","level":"3","parent":"RYEnw3sMDyE","parentGraph":"s5DPBsdoE8b/RYEnw3sMDyE","groups":["FbBkTDMs9Kb","u9sz1k03gFY","xGNy43YDaNO"]}},{"type":"Feature","id":"AVtfaD53jE5","geometry":{"type":"Polygon","coordinates":[[[6.8229,9.3338],[6.7888,9.2726],[6.7055,9.3204],[6.751,9.1324],[6.7574,8.5187],[6.7825,8.4109],[6.8349,8.4069],[6.6806,8.1981],[6.5378,8.3563],[6.4341,8.4366],[6.3822,8.5849],[6.4572,8.5634],[6.5111,8.6452],[6.4891,8.7223],[6.5741,8.8391],[6.5602,8.983],[6.501,9.222],[6.6346,9.2095],[6.6966,9.2555],[6.7158,9.3472],[6.8003,9.38],[6.8229,9.3338]]]},"properties":{"code":null,"name":"ni Lapai Local Government Area","level":"3","parent":"RYEnw3sMDyE","parentGraph":"s5DPBsdoE8b/RYEnw3sMDyE","groups":["fiteIdDIZdU","zAywu9z1ZWc","FbBkTDMs9Kb","u9sz1k03gFY"]}},{"type":"Feature","id":"ZYPU6LNGciz","geometry":{"type":"MultiPolygon","coordinates":[[[[6.1044,9.101],[6.122,9.0944],[6.0862,8.9894],[6.144,8.7913],[6.1122,8.744],[5.9013,8.7333],[5.7724,8.7575],[5.8637,8.9141],[5.834,8.9575],[5.94,9.0568],[6.0281,9.1003],[6.1044,9.101]]],[[[5.5813,9.6787],[5.6844,9.6005],[5.7431,9.4887],[5.8674,9.4749],[5.792,9.2048],[5.7704,9.0242],[5.6852,9.0138],[5.7349,9.1129],[5.6414,9.1813],[5.4715,9.1291],[5.4749,9.2438],[5.3798,9.3497],[5.4009,9.4287],[5.2742,9.5336],[5.3005,9.7073],[5.4694,9.7469],[5.5813,9.6787]]]]},"properties":{"code":null,"name":"ni Lavun Local Government Area","level":"3","parent":"RYEnw3sMDyE","parentGraph":"s5DPBsdoE8b/RYEnw3sMDyE","groups":["fiteIdDIZdU","FbBkTDMs9Kb","u9sz1k03gFY"]}},{"type":"Feature","id":"ZbGjvf8F6Tl","geometry":{"type":"Polygon","coordinates":[[[5.3564,10.6799],[5.3177,10.5712],[5.3296,10.3685],[5.2,10.3457],[5.1502,10.2783],[5.0796,10.2226],[4.9238,10.1613],[4.904,9.9843],[4.7938,9.9989],[4.6727,9.9091],[4.6265,9.794],[4.5772,9.9476],[4.5532,10.1073],[4.6417,10.1034],[4.6498,10.1971],[4.8243,10.2412],[4.8956,10.3005],[4.8083,10.4892],[4.8164,10.6643],[4.9368,10.6747],[5.0807,10.7319],[5.2411,10.6998],[5.349,10.7614],[5.3564,10.6799]]]},"properties":{"code":null,"name":"ni Magama Local Government Area","level":"3","parent":"RYEnw3sMDyE","parentGraph":"s5DPBsdoE8b/RYEnw3sMDyE","groups":["FbBkTDMs9Kb","u9sz1k03gFY","xGNy43YDaNO"]}},{"type":"Feature","id":"UKoHABg5Rcp","geometry":{"type":"Polygon","coordinates":[[[6.1665,10.8564],[6.1174,10.7704],[6.1284,10.5395],[6.0945,10.4674],[6.0327,10.435],[6.0386,10.2645],[5.9922,10.049],[5.7774,10.2083],[5.7039,10.2292],[5.6608,10.5085],[5.5541,10.7048],[5.5149,10.676],[5.3564,10.6799],[5.349,10.7614],[5.3894,10.9878],[5.4365,11.029],[5.4526,10.9629],[5.6403,10.9678],[5.821,11.0437],[5.8993,11.0554],[5.975,11.1344],[6.027,11.1113],[6.1421,10.9352],[6.1665,10.8564]]]},"properties":{"code":null,"name":"ni Mariga Local Government Area","level":"3","parent":"RYEnw3sMDyE","parentGraph":"s5DPBsdoE8b/RYEnw3sMDyE","groups":["zAywu9z1ZWc","FbBkTDMs9Kb","u9sz1k03gFY","xGNy43YDaNO"]}},{"type":"Feature","id":"jzHOyjb6lEH","geometry":{"type":"Polygon","coordinates":[[[4.7181,9.5546],[4.807,9.536],[4.8061,9.3994],[4.9247,9.3484],[5.2238,9.4799],[5.2742,9.5336],[5.4009,9.4287],[5.3798,9.3497],[5.4749,9.2438],[5.4715,9.1291],[5.3996,9.086],[5.5085,8.9689],[5.7211,8.8807],[5.8173,8.9285],[5.7704,9.0242],[5.792,9.2048],[5.8674,9.4749],[5.8888,9.489],[5.8195,9.2566],[5.7983,9.004],[5.834,8.9575],[5.8637,8.9141],[5.7724,8.7575],[5.5435,8.9183],[5.3459,8.9934],[5.2242,8.994],[5.1102,9.1208],[5.0076,9.1692],[4.8945,9.136],[4.7581,9.1302],[4.7405,9.2379],[4.6129,9.3056],[4.5931,9.424],[4.6712,9.6021],[4.7181,9.5546]]]},"properties":{"code":null,"name":"ni Mokwa Local Government Area","level":"3","parent":"RYEnw3sMDyE","parentGraph":"s5DPBsdoE8b/RYEnw3sMDyE","groups":["fiteIdDIZdU","FbBkTDMs9Kb","u9sz1k03gFY"]}},{"type":"Feature","id":"yRZ5tXoBTwc","geometry":{"type":"Polygon","coordinates":[[[6.918,10.0649],[7.0441,10.007],[7.229,10.0101],[7.2794,9.9815],[7.2884,9.7645],[7.2219,9.751],[7.113,9.7323],[7.159,9.6826],[7.1128,9.6063],[7.032,9.6479],[6.9825,9.5383],[6.8388,9.509],[6.8135,9.5334],[6.8025,9.6586],[6.8412,9.7301],[6.7963,9.9863],[6.918,10.0649]]]},"properties":{"code":null,"name":"ni Muya Local Government Area","level":"3","parent":"RYEnw3sMDyE","parentGraph":"s5DPBsdoE8b/RYEnw3sMDyE","groups":["vLkTO51Apm7","zAywu9z1ZWc","FbBkTDMs9Kb","u9sz1k03gFY"]}},{"type":"Feature","id":"RYEnw3sMDyE","geometry":{"type":"Polygon","coordinates":[[[5.2125,11.3467],[5.329,11.3285],[5.36,11.2055],[5.4339,11.146],[5.4526,10.9629],[5.6403,10.9678],[5.8357,11.0488],[5.8993,11.0554],[5.975,11.1344],[6.027,11.1113],[6.1421,10.9352],[6.1665,10.8564],[6.1174,10.7704],[6.1284,10.5395],[6.0968,10.4518],[6.1658,10.3633],[6.2116,10.3681],[6.2986,10.4803],[6.4288,10.5761],[6.4856,10.59],[6.5428,10.5296],[6.6661,10.5752],[6.7303,10.566],[6.749,10.6394],[6.8252,10.6313],[6.8474,10.5206],[6.9323,10.5219],[6.9644,10.4612],[6.9416,10.3538],[7.0718,10.2994],[7.0503,10.239],[6.8921,10.1052],[6.9365,10.047],[7.0441,10.007],[7.2629,10.0072],[7.297,9.8384],[7.2833,9.6439],[7.3412,9.5876],[7.2188,9.4055],[7.2736,9.3609],[7.2572,9.2938],[7.3108,9.2975],[7.1711,9.0994],[7.1458,9.099],[6.979,9.2357],[6.7576,9.2227],[6.7495,9.1857],[6.7574,8.5187],[6.7825,8.4109],[6.8349,8.4069],[6.7593,8.3264],[6.6964,8.1945],[6.6546,8.2077],[6.5378,8.3563],[6.4341,8.4366],[6.389,8.5781],[6.3481,8.6388],[6.2109,8.7255],[6.0776,8.7529],[5.8217,8.7385],[5.4795,8.9601],[5.3459,8.9934],[5.2242,8.994],[5.1102,9.1208],[5.0076,9.1692],[4.8206,9.1093],[4.7577,9.1303],[4.7405,9.2379],[4.6129,9.3056],[4.5792,9.4373],[4.4359,9.4307],[4.4218,9.4898],[4.4282,9.6978],[4.347,9.7279],[4.0856,10.0413],[3.9861,10.1414],[3.9399,10.1502],[3.6701,10.13],[3.6789,10.1698],[3.5841,10.2785],[3.6461,10.4352],[3.6877,10.4564],[3.7859,10.4053],[3.8517,10.6058],[3.8409,10.705],[3.7975,10.7352],[3.7491,10.8375],[3.7713,10.9308],[3.7168,11.0243],[3.7128,11.128],[3.7738,11.1306],[4.0085,11.0109],[4.3351,11.0134],[4.4553,11.0281],[4.54,11.0012],[4.6758,10.9103],[4.7561,10.8829],[4.7136,10.6472],[4.639,10.5765],[4.522,10.5054],[4.4955,10.3521],[4.5611,10.2709],[4.54,10.119],[4.6417,10.1034],[4.6498,10.1971],[4.8243,10.2412],[4.8956,10.3005],[4.8881,10.3639],[4.8083,10.4892],[4.8164,10.6643],[4.9368,10.6747],[5.0825,10.7325],[5.0998,10.7893],[5.0367,10.8369],[5.0783,10.9238],[5.0602,11.0287],[5.003,11.0721],[4.9165,11.0803],[4.7706,11.1474],[4.7761,11.2251],[4.9474,11.2986],[5.2125,11.3467]]]},"properties":{"code":null,"name":"ni Niger State","level":"2","parent":"s5DPBsdoE8b","parentGraph":"s5DPBsdoE8b","groups":["aCdSdgaf2uc","cx3yME7a4oR","FDdJ6PFtOPk","u9sz1k03gFY"]}},{"type":"Feature","id":"WXrQdLOar68","geometry":{"type":"Polygon","coordinates":[[[7.2219,9.751],[7.2968,9.6923],[7.3412,9.5876],[7.2869,9.5185],[7.2662,9.4771],[7.1999,9.5006],[7.0646,9.4665],[7.0934,9.4302],[6.9084,9.358],[6.8003,9.38],[6.7158,9.3472],[6.6966,9.2555],[6.6346,9.2095],[6.501,9.222],[6.4748,9.2392],[6.4568,9.4128],[6.5036,9.5235],[6.6271,9.5398],[6.8135,9.5334],[6.8388,9.509],[6.9825,9.5383],[7.032,9.6479],[7.1128,9.6063],[7.159,9.6826],[7.113,9.7323],[7.2219,9.751]]]},"properties":{"code":null,"name":"ni Paikoro Local Government Area","level":"3","parent":"RYEnw3sMDyE","parentGraph":"s5DPBsdoE8b/RYEnw3sMDyE","groups":["vLkTO51Apm7","FbBkTDMs9Kb","u9sz1k03gFY"]}},{"type":"Feature","id":"TRFf216GuoU","geometry":{"type":"Polygon","coordinates":[[[6.1753,9.8908],[6.0941,9.8146],[5.9638,9.8243],[5.9471,9.9265],[5.9922,10.049],[6.0386,10.2645],[6.0327,10.435],[6.0945,10.4674],[6.1658,10.3633],[6.2116,10.3681],[6.2986,10.4803],[6.4288,10.5761],[6.5345,10.544],[6.5224,10.3796],[6.3732,10.2257],[6.3758,10.139],[6.4825,10.1111],[6.5338,9.97],[6.4029,9.8582],[6.3133,9.9117],[6.1753,9.8908]]]},"properties":{"code":null,"name":"ni Rafi Local Government Area","level":"3","parent":"RYEnw3sMDyE","parentGraph":"s5DPBsdoE8b/RYEnw3sMDyE","groups":["vLkTO51Apm7","FbBkTDMs9Kb","u9sz1k03gFY"]}},{"type":"Feature","id":"gC5kbwMWdd8","geometry":{"type":"Polygon","coordinates":[[[5.2125,11.3467],[5.2981,11.3393],[5.36,11.2055],[5.4339,11.146],[5.4365,11.029],[5.3894,10.9878],[5.349,10.7614],[5.2411,10.6998],[5.0807,10.7319],[5.0998,10.7893],[5.0367,10.8369],[5.0783,10.9238],[5.0426,11.0415],[4.7706,11.1474],[4.7997,11.2365],[4.9474,11.2986],[5.1694,11.3426],[5.2125,11.3467]]]},"properties":{"code":null,"name":"ni Rijau Local Government Area","level":"3","parent":"RYEnw3sMDyE","parentGraph":"s5DPBsdoE8b/RYEnw3sMDyE","groups":["FbBkTDMs9Kb","u9sz1k03gFY","xGNy43YDaNO"]}},{"type":"Feature","id":"fzrVi7CYFRo","geometry":{"type":"Polygon","coordinates":[[[6.8437,10.5664],[6.9644,10.4612],[6.9416,10.3538],[7.0718,10.2994],[7.0503,10.239],[6.8921,10.1052],[6.918,10.0649],[6.7963,9.9863],[6.8412,9.7301],[6.8025,9.6586],[6.8135,9.5334],[6.6271,9.5398],[6.6394,9.6787],[6.5626,9.761],[6.464,9.7992],[6.3826,9.7381],[6.1964,9.7568],[6.2169,9.8321],[6.1753,9.8908],[6.3133,9.9117],[6.4029,9.8582],[6.5338,9.97],[6.4825,10.1111],[6.3758,10.139],[6.3732,10.2257],[6.5224,10.3796],[6.5345,10.544],[6.7303,10.566],[6.7404,10.6307],[6.8252,10.6313],[6.8437,10.5664]]]},"properties":{"code":null,"name":"ni Shiroro Local Government Area","level":"3","parent":"RYEnw3sMDyE","parentGraph":"s5DPBsdoE8b/RYEnw3sMDyE","groups":["vLkTO51Apm7","FbBkTDMs9Kb","u9sz1k03gFY"]}},{"type":"Feature","id":"sEtKD9g1g1j","geometry":{"type":"Polygon","coordinates":[[[7.1638,9.0975],[7.1201,9.1269],[7.1141,9.2517],[7.183,9.2489],[7.1852,9.1217],[7.1702,9.0992],[7.164,9.0977],[7.1638,9.0975]]]},"properties":{"code":null,"name":"ni Suleja Local Government Area","level":"3","parent":"RYEnw3sMDyE","parentGraph":"s5DPBsdoE8b/RYEnw3sMDyE","groups":["vLkTO51Apm7","FbBkTDMs9Kb","u9sz1k03gFY"]}},{"type":"Feature","id":"m7ezObOXiL2","geometry":{"type":"Polygon","coordinates":[[[7.2666,9.3417],[7.3108,9.2975],[7.1852,9.1217],[7.183,9.2489],[7.2666,9.3417]]]},"properties":{"code":null,"name":"ni Tafa Local Government Area","level":"3","parent":"RYEnw3sMDyE","parentGraph":"s5DPBsdoE8b/RYEnw3sMDyE","groups":["vLkTO51Apm7","FbBkTDMs9Kb","u9sz1k03gFY"]}},{"type":"Feature","id":"fp7gsJSD6ZJ","geometry":{"type":"Polygon","coordinates":[[[5.9638,9.8243],[6.0941,9.8146],[6.1753,9.8908],[6.2169,9.8321],[6.1964,9.7568],[6.1661,9.6399],[6.1923,9.5105],[6.0932,9.5678],[5.924,9.5409],[5.8888,9.489],[5.8674,9.4749],[5.7431,9.4887],[5.6844,9.6005],[5.5813,9.6787],[5.5633,9.7235],[5.7968,9.7167],[5.8862,9.8937],[5.9471,9.9265],[5.9638,9.8243]]]},"properties":{"code":null,"name":"ni Wushishi Local Government Area","level":"3","parent":"RYEnw3sMDyE","parentGraph":"s5DPBsdoE8b/RYEnw3sMDyE","groups":["FbBkTDMs9Kb","u9sz1k03gFY","xGNy43YDaNO"]}},{"type":"Feature","id":"W4xs67vasmF","geometry":{"type":"Polygon","coordinates":[[[3.1232,7.3955],[3.1838,7.3477],[3.2396,7.2815],[3.3534,7.2285],[3.3028,7.1268],[3.2832,7.1066],[3.1998,7.0676],[3.1092,7.0861],[3.0006,7.419],[3.1232,7.3955]]]},"properties":{"code":null,"name":"og Abeokuta North Local Government Area","level":"3","parent":"fBInDsbaQHO","parentGraph":"s5DPBsdoE8b/fBInDsbaQHO","groups":["RzJ4Nb7dpVd","FbBkTDMs9Kb","u9sz1k03gFY"]}},{"type":"Feature","id":"zpWz706waQy","geometry":{"type":"Polygon","coordinates":[[[3.3028,7.1268],[3.3534,7.2285],[3.4056,7.1638],[3.3028,7.1268]]]},"properties":{"code":null,"name":"og Abeokuta South Local Government Area","level":"3","parent":"fBInDsbaQHO","parentGraph":"s5DPBsdoE8b/fBInDsbaQHO","groups":["RzJ4Nb7dpVd","zAywu9z1ZWc","FbBkTDMs9Kb","u9sz1k03gFY"]}},{"type":"Feature","id":"cB4yUMszNfb","geometry":{"type":"Polygon","coordinates":[[[3.266,6.7069],[3.2517,6.7051],[3.1864,6.5496],[3.083,6.522],[2.881,6.5161],[2.857,6.568],[2.9056,6.6451],[3.0693,6.7665],[3.2337,6.7721],[3.266,6.7069]]]},"properties":{"code":null,"name":"og Ado Odo/Ota Local Government Area","level":"3","parent":"fBInDsbaQHO","parentGraph":"s5DPBsdoE8b/fBInDsbaQHO","groups":["zAywu9z1ZWc","FbBkTDMs9Kb","kwT3766ZElu","u9sz1k03gFY"]}},{"type":"Feature","id":"cX5UXLDwI80","geometry":{"type":"Polygon","coordinates":[[[3.3668,6.8357],[3.2944,6.8264],[3.0488,6.8838],[3.0475,6.9527],[3.1092,7.0861],[3.1998,7.0676],[3.2832,7.1066],[3.2691,6.9881],[3.3668,6.8357]]]},"properties":{"code":null,"name":"og Ewekoro Local Government Area","level":"3","parent":"fBInDsbaQHO","parentGraph":"s5DPBsdoE8b/fBInDsbaQHO","groups":["RzJ4Nb7dpVd","FbBkTDMs9Kb","u9sz1k03gFY"]}},{"type":"Feature","id":"yNFqc0mtELj","geometry":{"type":"Polygon","coordinates":[[[3.2944,6.8264],[3.3668,6.8357],[3.3682,6.7298],[3.4177,6.6911],[3.441,6.6501],[3.432,6.6484],[3.3691,6.6448],[3.3537,6.6691],[3.266,6.7069],[3.2337,6.7721],[3.0693,6.7665],[3.0488,6.8838],[3.2944,6.8264]]]},"properties":{"code":null,"name":"og Ifo Local Government Area","level":"3","parent":"fBInDsbaQHO","parentGraph":"s5DPBsdoE8b/fBInDsbaQHO","groups":["RzJ4Nb7dpVd","FbBkTDMs9Kb","u9sz1k03gFY"]}},{"type":"Feature","id":"bzfIJPdFzfx","geometry":{"type":"Polygon","coordinates":[[[4.5611,6.9884],[4.5374,6.8557],[4.4022,6.7443],[4.3532,6.6182],[4.2114,6.5747],[4.0941,6.5445],[4.0629,6.6854],[3.9533,6.7734],[3.9753,6.8372],[4.0554,6.8352],[4.0796,6.9417],[4.1512,6.9706],[4.2038,7.0575],[4.3257,7.0815],[4.3611,6.991],[4.5611,6.9884]]]},"properties":{"code":null,"name":"og Ijebu East Local Government Area","level":"3","parent":"fBInDsbaQHO","parentGraph":"s5DPBsdoE8b/fBInDsbaQHO","groups":["q2q0erh7FKE","zAywu9z1ZWc","FbBkTDMs9Kb","u9sz1k03gFY"]}},{"type":"Feature","id":"Gsht9w2YlgX","geometry":{"type":"Polygon","coordinates":[[[3.9753,6.8372],[3.9304,6.8916],[4.0796,6.9417],[4.0554,6.8352],[3.9753,6.8372]]]},"properties":{"code":null,"name":"og Ijebu North East Local Government Area","level":"3","parent":"fBInDsbaQHO","parentGraph":"s5DPBsdoE8b/fBInDsbaQHO","groups":["q2q0erh7FKE","FbBkTDMs9Kb","u9sz1k03gFY"]}},{"type":"Feature","id":"tZljQffwSUE","geometry":{"type":"Polygon","coordinates":[[[4.2038,7.0575],[4.1512,6.9706],[4.0796,6.9417],[3.9304,6.8916],[3.9152,6.8915],[3.9053,6.8922],[3.8191,6.8959],[3.7436,6.9245],[3.7821,7.0491],[3.9062,7.0562],[4.0096,7.1037],[4.0772,7.1125],[4.1591,7.1417],[4.2038,7.0575]]]},"properties":{"code":null,"name":"og Ijebu North Local Government Area","level":"3","parent":"fBInDsbaQHO","parentGraph":"s5DPBsdoE8b/fBInDsbaQHO","groups":["q2q0erh7FKE","zAywu9z1ZWc","FbBkTDMs9Kb","u9sz1k03gFY"]}},{"type":"Feature","id":"S5DQ6kJu94x","geometry":{"type":"Polygon","coordinates":[[[3.9152,6.8915],[3.9304,6.8916],[3.9753,6.8372],[3.9533,6.7734],[4.0629,6.6854],[3.9032,6.6871],[3.9355,6.7749],[3.8794,6.8007],[3.9053,6.8922],[3.9152,6.8915]]]},"properties":{"code":null,"name":"og Ijebu Ode Local Government Area","level":"3","parent":"fBInDsbaQHO","parentGraph":"s5DPBsdoE8b/fBInDsbaQHO","groups":["q2q0erh7FKE","FbBkTDMs9Kb","u9sz1k03gFY"]}},{"type":"Feature","id":"WufjzrvlrSZ","geometry":{"type":"Polygon","coordinates":[[[3.7064,6.8169],[3.6217,6.9197],[3.6056,6.9596],[3.6402,7.0086],[3.7348,6.9037],[3.7064,6.8169]]]},"properties":{"code":null,"name":"og Ikenne Local Government Area","level":"3","parent":"fBInDsbaQHO","parentGraph":"s5DPBsdoE8b/fBInDsbaQHO","groups":["q2q0erh7FKE","FbBkTDMs9Kb","u9sz1k03gFY"]}},{"type":"Feature","id":"SPHxGts4MiU","geometry":{"type":"Polygon","coordinates":[[[3.0108,7.7844],[2.987,7.5733],[3.0735,7.4723],[3.1232,7.3955],[3.0006,7.419],[2.7991,7.4267],[2.7302,7.5803],[2.7324,7.7722],[2.6783,7.8974],[2.7747,7.9665],[2.8618,7.9547],[2.8999,7.7606],[2.9347,7.7236],[2.9666,7.8403],[3.0108,7.7844]]]},"properties":{"code":null,"name":"og Imeko Afon Local Government Area","level":"3","parent":"fBInDsbaQHO","parentGraph":"s5DPBsdoE8b/fBInDsbaQHO","groups":["FbBkTDMs9Kb","kwT3766ZElu","u9sz1k03gFY"]}},{"type":"Feature","id":"rzNZvXCjmGZ","geometry":{"type":"Polygon","coordinates":[[[2.7696,6.8581],[2.7978,6.8596],[2.8108,6.7283],[2.9056,6.6451],[2.857,6.568],[2.881,6.5161],[2.8246,6.4596],[2.7179,6.4736],[2.7531,6.5705],[2.7315,6.6308],[2.7898,6.739],[2.7298,6.8086],[2.7458,6.8651],[2.7696,6.8581]]]},"properties":{"code":null,"name":"og Ipokia Local Government Area","level":"3","parent":"fBInDsbaQHO","parentGraph":"s5DPBsdoE8b/fBInDsbaQHO","groups":["FbBkTDMs9Kb","kwT3766ZElu","u9sz1k03gFY"]}},{"type":"Feature","id":"ch3nxbPFL6a","geometry":{"type":"Polygon","coordinates":[[[3.515,7.4096],[3.6664,7.4287],[3.6972,7.2954],[3.7522,7.2643],[3.7742,7.1589],[3.4648,7.1426],[3.4056,7.1638],[3.3534,7.2285],[3.2396,7.2815],[3.1838,7.3477],[3.3061,7.337],[3.3739,7.474],[3.4377,7.4886],[3.515,7.4096]]]},"properties":{"code":null,"name":"og Odeda Local Government Area","level":"3","parent":"fBInDsbaQHO","parentGraph":"s5DPBsdoE8b/fBInDsbaQHO","groups":["RzJ4Nb7dpVd","FbBkTDMs9Kb","u9sz1k03gFY"]}},{"type":"Feature","id":"RDhV3dbcNk0","geometry":{"type":"Polygon","coordinates":[[[3.8191,6.8959],[3.9053,6.8922],[3.8794,6.8007],[3.9355,6.7749],[3.9032,6.6871],[3.6987,6.6891],[3.6787,6.6893],[3.7064,6.8169],[3.7348,6.9037],[3.7436,6.9245],[3.8191,6.8959]]]},"properties":{"code":null,"name":"og Odogbolu Local Government Area","level":"3","parent":"fBInDsbaQHO","parentGraph":"s5DPBsdoE8b/fBInDsbaQHO","groups":["q2q0erh7FKE","FbBkTDMs9Kb","u9sz1k03gFY"]}},{"type":"Feature","id":"fBInDsbaQHO","geometry":{"type":"Polygon","coordinates":[[[4.0772,7.1125],[4.1591,7.1417],[4.1769,7.059],[4.3257,7.0815],[4.3737,6.9668],[4.4073,6.9925],[4.5611,6.9884],[4.5385,6.8574],[4.4022,6.7443],[4.354,6.6649],[4.3869,6.578],[4.4942,6.567],[4.5437,6.6207],[4.586,6.6072],[4.5845,6.4573],[4.5145,6.4171],[4.5686,6.3627],[4.5625,6.3196],[4.494,6.322],[4.3424,6.3731],[4.3329,6.4365],[4.1522,6.4805],[4.211,6.535],[4.2018,6.5861],[4.0941,6.5445],[4.0501,6.6209],[4.0682,6.6854],[3.4562,6.6909],[3.4375,6.649],[3.3715,6.644],[3.2522,6.7054],[3.1659,6.5214],[2.8803,6.5251],[2.8246,6.4596],[2.7179,6.4736],[2.7531,6.5705],[2.7315,6.6308],[2.7898,6.739],[2.7298,6.8086],[2.7478,6.9283],[2.7207,6.9866],[2.7925,7.0412],[2.7507,7.1057],[2.7848,7.1592],[2.7494,7.2612],[2.7476,7.4175],[2.7991,7.4265],[2.7982,7.4826],[2.7302,7.5803],[2.7324,7.7722],[2.6783,7.8974],[2.7747,7.9665],[2.8618,7.9547],[2.8884,7.9029],[2.8999,7.7606],[2.9347,7.7236],[2.9666,7.8403],[3.0099,7.8204],[2.9809,7.6563],[2.987,7.5733],[3.0581,7.5117],[3.1367,7.3786],[3.2126,7.3337],[3.3061,7.337],[3.3695,7.4696],[3.4377,7.4886],[3.4918,7.4005],[3.5664,7.4322],[3.6664,7.4287],[3.6972,7.2954],[3.7454,7.2758],[3.7784,7.1325],[3.709,7.0495],[3.9062,7.0562],[3.9819,7.0982],[4.0772,7.1125]]]},"properties":{"code":null,"name":"og Ogun State","level":"2","parent":"s5DPBsdoE8b","parentGraph":"s5DPBsdoE8b","groups":["VZ50tpviPWt","aCdSdgaf2uc","cx3yME7a4oR","FDdJ6PFtOPk","u9sz1k03gFY"]}},{"type":"Feature","id":"JGrZtl3Tytu","geometry":{"type":"Polygon","coordinates":[[[4.3424,6.3731],[4.3329,6.4365],[4.1522,6.4805],[4.2114,6.5747],[4.3532,6.6182],[4.4942,6.567],[4.562,6.6286],[4.5845,6.4573],[4.4544,6.3937],[4.5686,6.3627],[4.494,6.322],[4.3424,6.3731]]]},"properties":{"code":null,"name":"og Ogun Waterside Local Government Area","level":"3","parent":"fBInDsbaQHO","parentGraph":"s5DPBsdoE8b/fBInDsbaQHO","groups":["q2q0erh7FKE","FbBkTDMs9Kb","u9sz1k03gFY"]}},{"type":"Feature","id":"gw9HZ1Tc17t","geometry":{"type":"Polygon","coordinates":[[[3.7821,7.0491],[3.7436,6.9245],[3.7348,6.9037],[3.6402,7.0086],[3.7201,7.0744],[3.7821,7.0491]]]},"properties":{"code":null,"name":"og Remo North Local Government Area","level":"3","parent":"fBInDsbaQHO","parentGraph":"s5DPBsdoE8b/fBInDsbaQHO","groups":["q2q0erh7FKE","FbBkTDMs9Kb","u9sz1k03gFY"]}},{"type":"Feature","id":"gRxqWCVSCXz","geometry":{"type":"Polygon","coordinates":[[[6.0224,7.5634],[5.9902,7.5189],[5.8061,7.504],[5.5915,7.4883],[5.5976,7.5258],[5.6084,7.5643],[5.7781,7.5563],[5.8549,7.5821],[5.9301,7.6763],[6.0023,7.6074],[6.0283,7.5735],[6.0224,7.5634]]]},"properties":{"code":null,"name":"on Akoko North East Local Government Area","level":"3","parent":"r3IK5qdHsZ6","parentGraph":"s5DPBsdoE8b/r3IK5qdHsZ6","groups":["FbBkTDMs9Kb","u9sz1k03gFY","j6UuBZKGhUp"]}},{"type":"Feature","id":"LvrZxDcArQI","geometry":{"type":"Polygon","coordinates":[[[5.9227,7.7564],[5.9301,7.6763],[5.8549,7.5821],[5.7781,7.5563],[5.6084,7.5643],[5.6637,7.6624],[5.8115,7.7562],[5.9227,7.7564]]]},"properties":{"code":null,"name":"on Akoko North West Local Government Area","level":"3","parent":"r3IK5qdHsZ6","parentGraph":"s5DPBsdoE8b/r3IK5qdHsZ6","groups":["FbBkTDMs9Kb","u9sz1k03gFY","j6UuBZKGhUp"]}},{"type":"Feature","id":"G4VLEqVrFsu","geometry":{"type":"Polygon","coordinates":[[[5.9777,7.5108],[5.9235,7.4597],[5.9665,7.3398],[5.9473,7.3418],[5.8201,7.4069],[5.8069,7.4976],[5.8061,7.504],[5.9902,7.5189],[5.9777,7.5108]]]},"properties":{"code":null,"name":"on Akoko South East Local Government Area","level":"3","parent":"r3IK5qdHsZ6","parentGraph":"s5DPBsdoE8b/r3IK5qdHsZ6","groups":["FbBkTDMs9Kb","u9sz1k03gFY","j6UuBZKGhUp"]}},{"type":"Feature","id":"ISEFrHAK9LG","geometry":{"type":"Polygon","coordinates":[[[5.8069,7.4976],[5.8201,7.4069],[5.692,7.309],[5.646,7.3077],[5.5164,7.3226],[5.5057,7.3277],[5.5915,7.4883],[5.8061,7.504],[5.8069,7.4976]]]},"properties":{"code":null,"name":"on Akoko South West Local Government Area","level":"3","parent":"r3IK5qdHsZ6","parentGraph":"s5DPBsdoE8b/r3IK5qdHsZ6","groups":["FbBkTDMs9Kb","u9sz1k03gFY","j6UuBZKGhUp"]}},{"type":"Feature","id":"y6VIc7od1Yd","geometry":{"type":"Polygon","coordinates":[[[5.3142,7.4311],[5.3829,7.2835],[5.4326,7.0704],[5.3507,7.0956],[5.1989,7.2498],[5.174,7.3596],[5.1753,7.432],[5.3032,7.4364],[5.3142,7.4311]]]},"properties":{"code":null,"name":"on Akure North Local Government Area","level":"3","parent":"r3IK5qdHsZ6","parentGraph":"s5DPBsdoE8b/r3IK5qdHsZ6","groups":["FbBkTDMs9Kb","u9sz1k03gFY","j6UuBZKGhUp"]}},{"type":"Feature","id":"TyEBP2vzJvJ","geometry":{"type":"Polygon","coordinates":[[[5.3507,7.0956],[5.2209,7.1171],[5.0812,7.2481],[5.174,7.3596],[5.1989,7.2498],[5.3507,7.0956]]]},"properties":{"code":null,"name":"on Akure South Local Government Area","level":"3","parent":"r3IK5qdHsZ6","parentGraph":"s5DPBsdoE8b/r3IK5qdHsZ6","groups":["FbBkTDMs9Kb","u9sz1k03gFY","j6UuBZKGhUp"]}},{"type":"Feature","id":"odiuYVmeZnE","geometry":{"type":"Polygon","coordinates":[[[4.9832,6.2971],[5.1152,6.127],[5.0503,5.9692],[4.8375,6.2468],[4.8734,6.4457],[4.924,6.4501],[4.9947,6.313],[4.9832,6.2971]]]},"properties":{"code":null,"name":"on Ese Odo Local Government Area","level":"3","parent":"r3IK5qdHsZ6","parentGraph":"s5DPBsdoE8b/r3IK5qdHsZ6","groups":["FbBkTDMs9Kb","u9sz1k03gFY","j6UuBZKGhUp"]}},{"type":"Feature","id":"TT2fGVpaX7U","geometry":{"type":"Polygon","coordinates":[[[5.0812,7.2481],[5.2209,7.1171],[5.3507,7.0956],[5.4326,7.0704],[5.5221,6.901],[5.5558,6.8911],[5.5378,6.842],[5.4251,6.8693],[5.2282,6.877],[5.0968,6.7183],[5.0735,6.7243],[5.0052,6.7903],[4.9879,6.8671],[4.9819,6.8893],[4.9797,7.0614],[5.0189,7.2036],[5.0151,7.2148],[5.0299,7.2533],[5.0812,7.2481]]]},"properties":{"code":null,"name":"on Idanre Local Government Area","level":"3","parent":"r3IK5qdHsZ6","parentGraph":"s5DPBsdoE8b/r3IK5qdHsZ6","groups":["FbBkTDMs9Kb","u9sz1k03gFY","j6UuBZKGhUp"]}},{"type":"Feature","id":"fTGoVMFkcpf","geometry":{"type":"Polygon","coordinates":[[[5.0649,7.4382],[5.1089,7.4367],[5.1753,7.432],[5.174,7.3596],[5.0812,7.2481],[5.0299,7.2533],[5.0384,7.3682],[4.9988,7.4012],[4.9914,7.4149],[5.0649,7.4382]]]},"properties":{"code":null,"name":"on Ifedore Local Government Area","level":"3","parent":"r3IK5qdHsZ6","parentGraph":"s5DPBsdoE8b/r3IK5qdHsZ6","groups":["FbBkTDMs9Kb","u9sz1k03gFY","j6UuBZKGhUp"]}},{"type":"Feature","id":"X3Onlw20L3g","geometry":{"type":"Polygon","coordinates":[[[4.8543,6.4342],[4.8734,6.4457],[4.8375,6.2468],[5.0503,5.9692],[5.0037,5.8563],[4.7794,6.1002],[4.494,6.322],[4.5686,6.3627],[4.4544,6.3937],[4.5845,6.4573],[4.562,6.6286],[4.5886,6.6453],[4.5948,6.5232],[4.6802,6.4072],[4.7687,6.3926],[4.8543,6.4342]]]},"properties":{"code":null,"name":"on Ilaje Local Government Area","level":"3","parent":"r3IK5qdHsZ6","parentGraph":"s5DPBsdoE8b/r3IK5qdHsZ6","groups":["FbBkTDMs9Kb","u9sz1k03gFY","j6UuBZKGhUp"]}},{"type":"Feature","id":"ufHX2StLJDr","geometry":{"type":"Polygon","coordinates":[[[5.0728,6.6459],[5.1245,6.5295],[5.0635,6.3819],[4.9947,6.313],[4.924,6.4501],[4.8734,6.4457],[4.8543,6.4342],[4.8268,6.4723],[4.865,6.5865],[4.8903,6.6572],[5.0165,6.6481],[5.0735,6.7243],[5.0968,6.7183],[5.0728,6.6459]]]},"properties":{"code":null,"name":"on Irele Local Government Area","level":"3","parent":"r3IK5qdHsZ6","parentGraph":"s5DPBsdoE8b/r3IK5qdHsZ6","groups":["FbBkTDMs9Kb","u9sz1k03gFY","j6UuBZKGhUp"]}},{"type":"Feature","id":"qz30Qd5ETFE","geometry":{"type":"Polygon","coordinates":[[[4.9879,6.8671],[5.0052,6.7903],[5.0735,6.7243],[5.0165,6.6481],[4.8903,6.6572],[4.865,6.5865],[4.8162,6.5852],[4.7088,6.7217],[4.6472,6.7368],[4.5886,6.6453],[4.562,6.6286],[4.4942,6.567],[4.3532,6.6182],[4.4022,6.7443],[4.5374,6.8557],[4.6659,6.8665],[4.897,6.9611],[4.9819,6.8893],[4.9879,6.8671]]]},"properties":{"code":null,"name":"on Odigbo Local Government Area","level":"3","parent":"r3IK5qdHsZ6","parentGraph":"s5DPBsdoE8b/r3IK5qdHsZ6","groups":["FbBkTDMs9Kb","u9sz1k03gFY","j6UuBZKGhUp"]}},{"type":"Feature","id":"ajQEvijaUzB","geometry":{"type":"Polygon","coordinates":[[[4.6472,6.7368],[4.7088,6.7217],[4.8162,6.5852],[4.865,6.5865],[4.8268,6.4723],[4.8543,6.4342],[4.7687,6.3926],[4.6802,6.4072],[4.5948,6.5232],[4.5886,6.6453],[4.6472,6.7368]]]},"properties":{"code":null,"name":"on Okitipupa Local Government Area","level":"3","parent":"r3IK5qdHsZ6","parentGraph":"s5DPBsdoE8b/r3IK5qdHsZ6","groups":["FbBkTDMs9Kb","u9sz1k03gFY","j6UuBZKGhUp"]}},{"type":"Feature","id":"WBbt0lsDrId","geometry":{"type":"Polygon","coordinates":[[[5.0189,7.2036],[4.9797,7.0614],[4.9819,6.8893],[4.897,6.9611],[4.9264,7.0641],[4.8694,7.0982],[4.8756,7.1715],[4.873,7.1878],[5.0151,7.2148],[5.0189,7.2036]]]},"properties":{"code":null,"name":"on Ondo East Local Government Area","level":"3","parent":"r3IK5qdHsZ6","parentGraph":"s5DPBsdoE8b/r3IK5qdHsZ6","groups":["FbBkTDMs9Kb","u9sz1k03gFY","j6UuBZKGhUp"]}},{"type":"Feature","id":"r3IK5qdHsZ6","geometry":{"type":"Polygon","coordinates":[[[5.9227,7.7564],[5.915,7.6967],[6.0283,7.5735],[5.9235,7.4597],[5.9618,7.4237],[5.9447,7.2846],[5.8817,7.2382],[5.8234,7.0606],[5.7788,7.022],[5.7568,6.8869],[5.713,6.7481],[5.6159,6.7632],[5.5429,6.7115],[5.509,6.7998],[5.5134,6.8698],[5.2282,6.877],[5.0842,6.6977],[5.0728,6.6],[5.1245,6.5295],[5.0635,6.3819],[5.016,6.368],[4.9786,6.2855],[5.1152,6.127],[5.0037,5.8563],[4.7794,6.1002],[4.494,6.322],[4.5625,6.3196],[4.5686,6.3627],[4.5145,6.4171],[4.5845,6.4573],[4.586,6.6072],[4.5437,6.6207],[4.4942,6.567],[4.3869,6.578],[4.354,6.6649],[4.4022,6.7443],[4.5385,6.8574],[4.5611,6.9884],[4.6043,7.0113],[4.639,7.0914],[4.7083,7.147],[4.8624,7.0909],[4.8681,7.2359],[4.8934,7.3413],[5.0015,7.3761],[4.9914,7.4149],[5.0649,7.4382],[5.3032,7.4364],[5.3512,7.3922],[5.3829,7.2835],[5.4198,7.274],[5.509,7.3304],[5.5858,7.465],[5.6133,7.5955],[5.7378,7.734],[5.8115,7.7562],[5.9227,7.7564]]]},"properties":{"code":null,"name":"on Ondo State","level":"2","parent":"s5DPBsdoE8b","parentGraph":"s5DPBsdoE8b","groups":["aCdSdgaf2uc","pZpv8205i4Y","u9sz1k03gFY"]}},{"type":"Feature","id":"Blrwg0JY7dP","geometry":{"type":"Polygon","coordinates":[[[4.8694,7.0982],[4.9264,7.0641],[4.897,6.9611],[4.6659,6.8665],[4.5374,6.8557],[4.5611,6.9884],[4.5953,7.0055],[4.711,7.1475],[4.8694,7.0982]]]},"properties":{"code":null,"name":"on Ondo West Local Government Area","level":"3","parent":"r3IK5qdHsZ6","parentGraph":"s5DPBsdoE8b/r3IK5qdHsZ6","groups":["FbBkTDMs9Kb","u9sz1k03gFY","j6UuBZKGhUp"]}},{"type":"Feature","id":"ZQnmF2llprC","geometry":{"type":"Polygon","coordinates":[[[5.9473,7.3418],[5.9665,7.3398],[5.8906,7.2492],[5.8294,7.0744],[5.7788,7.022],[5.722,6.7687],[5.6159,6.7632],[5.5429,6.7115],[5.5378,6.842],[5.5558,6.8911],[5.5752,7.0025],[5.7316,7.1818],[5.646,7.3077],[5.692,7.309],[5.8201,7.4069],[5.9473,7.3418]]]},"properties":{"code":null,"name":"on Ose Local Government Area","level":"3","parent":"r3IK5qdHsZ6","parentGraph":"s5DPBsdoE8b/r3IK5qdHsZ6","groups":["FbBkTDMs9Kb","u9sz1k03gFY","j6UuBZKGhUp"]}},{"type":"Feature","id":"ESajEdAR6zX","geometry":{"type":"Polygon","coordinates":[[[5.5164,7.3226],[5.646,7.3077],[5.7316,7.1818],[5.5752,7.0025],[5.5558,6.8911],[5.5221,6.901],[5.4326,7.0704],[5.3829,7.2835],[5.4583,7.2951],[5.5057,7.3277],[5.5164,7.3226]]]},"properties":{"code":null,"name":"on Owo Local Government Area","level":"3","parent":"r3IK5qdHsZ6","parentGraph":"s5DPBsdoE8b/r3IK5qdHsZ6","groups":["FbBkTDMs9Kb","u9sz1k03gFY","j6UuBZKGhUp"]}},{"type":"Feature","id":"WQmrSMVYbl9","geometry":{"type":"Polygon","coordinates":[[[4.8465,7.859],[4.8015,7.8572],[4.7905,7.8686],[4.7293,7.9463],[4.7291,7.9468],[4.805,8.0183],[4.8809,7.8926],[4.8465,7.859]]]},"properties":{"code":null,"name":"os Boluwaduro Local Government Area","level":"3","parent":"hfNPq5F4mjr","parentGraph":"s5DPBsdoE8b/hfNPq5F4mjr","groups":["FbBkTDMs9Kb","u9sz1k03gFY"]}},{"type":"Feature","id":"HqAnoqK5IDA","geometry":{"type":"Polygon","coordinates":[[[4.7905,7.8686],[4.8015,7.8572],[4.7455,7.8638],[4.6252,7.7507],[4.6153,7.763],[4.6085,7.8041],[4.6093,7.8118],[4.7293,7.9463],[4.7905,7.8686]]]},"properties":{"code":null,"name":"os Boripe Local Government Area","level":"3","parent":"hfNPq5F4mjr","parentGraph":"s5DPBsdoE8b/hfNPq5F4mjr","groups":["FbBkTDMs9Kb","u9sz1k03gFY"]}},{"type":"Feature","id":"TJeHzIBcYIJ","geometry":{"type":"Polygon","coordinates":[[[4.5655,7.7076],[4.5781,7.6761],[4.4643,7.691],[4.4361,7.6917],[4.5391,7.7526],[4.5655,7.7076]]]},"properties":{"code":null,"name":"os Ede North Local Government Area","level":"3","parent":"hfNPq5F4mjr","parentGraph":"s5DPBsdoE8b/hfNPq5F4mjr","groups":["FbBkTDMs9Kb","u9sz1k03gFY"]}},{"type":"Feature","id":"xTHdjc7rEUx","geometry":{"type":"Polygon","coordinates":[[[4.4643,7.691],[4.5781,7.6761],[4.5363,7.5986],[4.384,7.5755],[4.3651,7.6138],[4.3648,7.6327],[4.3673,7.6418],[4.4361,7.6917],[4.4643,7.691]]]},"properties":{"code":null,"name":"os Ede South Local Government Area","level":"3","parent":"hfNPq5F4mjr","parentGraph":"s5DPBsdoE8b/hfNPq5F4mjr","groups":["FbBkTDMs9Kb","u9sz1k03gFY"]}},{"type":"Feature","id":"yXQxyPudYjf","geometry":{"type":"Polygon","coordinates":[[[4.4762,7.8246],[4.5427,7.8462],[4.5609,7.866],[4.538,7.7652],[4.5391,7.7526],[4.4361,7.6917],[4.3673,7.6418],[4.3296,7.7098],[4.3893,7.8449],[4.4185,7.8737],[4.4762,7.8246]]]},"properties":{"code":null,"name":"os Egbedore Local Government Area","level":"3","parent":"hfNPq5F4mjr","parentGraph":"s5DPBsdoE8b/hfNPq5F4mjr","groups":["FbBkTDMs9Kb","u9sz1k03gFY"]}},{"type":"Feature","id":"VkcioIEAOeN","geometry":{"type":"Polygon","coordinates":[[[4.3893,7.8449],[4.3296,7.7098],[4.3673,7.6418],[4.3648,7.6327],[4.3243,7.651],[4.3224,7.7542],[4.217,7.8123],[4.0682,7.7989],[4.0904,7.8449],[4.1983,7.8469],[4.2676,7.9564],[4.3893,7.8449]]]},"properties":{"code":null,"name":"os Ejigbo Local Government Area","level":"3","parent":"hfNPq5F4mjr","parentGraph":"s5DPBsdoE8b/hfNPq5F4mjr","groups":["zAywu9z1ZWc","FbBkTDMs9Kb","u9sz1k03gFY"]}},{"type":"Feature","id":"sq5WGsTwNPs","geometry":{"type":"Polygon","coordinates":[[[4.5834,7.5198],[4.6485,7.4389],[4.571,7.4032],[4.5834,7.5198]]]},"properties":{"code":null,"name":"os Ife Central Local Government Area","level":"3","parent":"hfNPq5F4mjr","parentGraph":"s5DPBsdoE8b/hfNPq5F4mjr","groups":["zAywu9z1ZWc","FbBkTDMs9Kb","u9sz1k03gFY"]}},{"type":"Feature","id":"Gdpdc67ieqk","geometry":{"type":"Polygon","coordinates":[[[4.6703,7.4043],[4.6745,7.3983],[4.5935,7.3281],[4.5525,7.3515],[4.571,7.4032],[4.6485,7.4389],[4.6703,7.4043]]]},"properties":{"code":null,"name":"os Ife East Local Government Area","level":"3","parent":"hfNPq5F4mjr","parentGraph":"s5DPBsdoE8b/hfNPq5F4mjr","groups":["FbBkTDMs9Kb","u9sz1k03gFY"]}},{"type":"Feature","id":"nP56ESL47wV","geometry":{"type":"Polygon","coordinates":[[[4.5953,7.0055],[4.5611,6.9884],[4.3611,6.991],[4.3946,7.1202],[4.388,7.4622],[4.5314,7.5859],[4.5834,7.5198],[4.571,7.4032],[4.5525,7.3515],[4.4493,7.1167],[4.5389,7.0867],[4.5953,7.0055]]]},"properties":{"code":null,"name":"os Ife North Local Government Area","level":"3","parent":"hfNPq5F4mjr","parentGraph":"s5DPBsdoE8b/hfNPq5F4mjr","groups":["FbBkTDMs9Kb","u9sz1k03gFY"]}},{"type":"Feature","id":"xRNa9clyxMY","geometry":{"type":"Polygon","coordinates":[[[4.6912,7.3763],[4.6923,7.2423],[4.7372,7.2186],[4.711,7.1475],[4.5953,7.0055],[4.5389,7.0867],[4.4493,7.1167],[4.5525,7.3515],[4.5935,7.3281],[4.6745,7.3983],[4.6912,7.3763]]]},"properties":{"code":null,"name":"os Ife South Local Government Area","level":"3","parent":"hfNPq5F4mjr","parentGraph":"s5DPBsdoE8b/hfNPq5F4mjr","groups":["FbBkTDMs9Kb","u9sz1k03gFY"]}},{"type":"Feature","id":"bBzxWArEEzf","geometry":{"type":"Polygon","coordinates":[[[5.0644,8.028],[5.0275,7.9338],[4.9414,7.8722],[5.0072,8.028],[5.0642,8.0306],[5.0644,8.028]]]},"properties":{"code":null,"name":"os Ifedayo Local Government Area","level":"3","parent":"hfNPq5F4mjr","parentGraph":"s5DPBsdoE8b/hfNPq5F4mjr","groups":["FbBkTDMs9Kb","u9sz1k03gFY"]}},{"type":"Feature","id":"rSo7ZKpa8v8","geometry":{"type":"Polygon","coordinates":[[[4.7291,7.9468],[4.7293,7.9463],[4.6093,7.8118],[4.566,7.9247],[4.7291,7.9468]]]},"properties":{"code":null,"name":"os Ifelodun Local Government Area","level":"3","parent":"hfNPq5F4mjr","parentGraph":"s5DPBsdoE8b/hfNPq5F4mjr","groups":["FbBkTDMs9Kb","u9sz1k03gFY"]}},{"type":"Feature","id":"z0rbVRgOGqg","geometry":{"type":"Polygon","coordinates":[[[4.9566,8.0585],[5.0072,8.028],[4.9414,7.8722],[4.933,7.857],[4.9218,7.8248],[4.8465,7.859],[4.8809,7.8926],[4.805,8.0183],[4.7984,8.0324],[4.7973,8.0493],[4.9154,8.0847],[4.9566,8.0585]]]},"properties":{"code":null,"name":"os Ila Local Government Area","level":"3","parent":"hfNPq5F4mjr","parentGraph":"s5DPBsdoE8b/hfNPq5F4mjr","groups":["FbBkTDMs9Kb","u9sz1k03gFY"]}},{"type":"Feature","id":"BkU7EwMFz9Q","geometry":{"type":"Polygon","coordinates":[[[5.1993,8.1714],[5.0708,8.0334],[5.0642,8.0306],[5.0072,8.028],[4.9566,8.0585],[4.9154,8.0847],[4.7973,8.0493],[4.7944,8.063],[4.7623,8.1706],[4.8191,8.2445],[4.8294,8.3559],[4.8996,8.3587],[4.9214,8.2161],[4.9843,8.1681],[5.1124,8.1408],[5.1993,8.1714]]]},"properties":{"code":null,"name":"os Irepodun Local Government Area","level":"3","parent":"hfNPq5F4mjr","parentGraph":"s5DPBsdoE8b/hfNPq5F4mjr","groups":["FbBkTDMs9Kb","u9sz1k03gFY"]}},{"type":"Feature","id":"S3CdMCEeSaM","geometry":{"type":"Polygon","coordinates":[[[4.2299,7.4391],[4.255,7.4428],[4.2986,7.4333],[4.3279,7.3182],[4.2904,7.3028],[4.1837,7.3207],[4.1192,7.3176],[4.1439,7.4586],[4.145,7.4675],[4.2299,7.4391]]]},"properties":{"code":null,"name":"os Irewole Local Government Area","level":"3","parent":"hfNPq5F4mjr","parentGraph":"s5DPBsdoE8b/hfNPq5F4mjr","groups":["FbBkTDMs9Kb","u9sz1k03gFY"]}},{"type":"Feature","id":"rnRsuHcKFQB","geometry":{"type":"Polygon","coordinates":[[[4.1837,7.3207],[4.2904,7.3028],[4.2607,7.2415],[4.1459,7.2023],[4.1028,7.2304],[4.1192,7.3176],[4.1837,7.3207]]]},"properties":{"code":null,"name":"os Isokan Local Government Area","level":"3","parent":"hfNPq5F4mjr","parentGraph":"s5DPBsdoE8b/hfNPq5F4mjr","groups":["FbBkTDMs9Kb","u9sz1k03gFY"]}},{"type":"Feature","id":"nbYyJGNZPVw","geometry":{"type":"Polygon","coordinates":[[[4.2656,7.6226],[4.1232,7.5222],[4.0594,7.6002],[4.0286,7.6505],[4.0523,7.6794],[4.0671,7.7405],[4.158,7.7115],[4.2656,7.6226]]]},"properties":{"code":null,"name":"os Iwo Local Government Area","level":"3","parent":"hfNPq5F4mjr","parentGraph":"s5DPBsdoE8b/hfNPq5F4mjr","groups":["zAywu9z1ZWc","FbBkTDMs9Kb","u9sz1k03gFY"]}},{"type":"Feature","id":"DyCFmYXibro","geometry":{"type":"Polygon","coordinates":[[[4.7455,7.8638],[4.8015,7.8572],[4.8465,7.859],[4.9218,7.8248],[4.9183,7.7729],[4.9192,7.7146],[4.812,7.7241],[4.761,7.6536],[4.669,7.6589],[4.6091,7.7117],[4.6252,7.7507],[4.7455,7.8638]]]},"properties":{"code":null,"name":"os Obokun Local Government Area","level":"3","parent":"hfNPq5F4mjr","parentGraph":"s5DPBsdoE8b/hfNPq5F4mjr","groups":["FbBkTDMs9Kb","u9sz1k03gFY"]}},{"type":"Feature","id":"JHLoPuFa094","geometry":{"type":"Polygon","coordinates":[[[4.217,7.8123],[4.3224,7.7542],[4.3243,7.651],[4.2656,7.6226],[4.158,7.7115],[4.0671,7.7405],[4.0682,7.7989],[4.217,7.8123]]]},"properties":{"code":null,"name":"os Ola-Oluwa Local Government Area","level":"3","parent":"hfNPq5F4mjr","parentGraph":"s5DPBsdoE8b/hfNPq5F4mjr","groups":["FbBkTDMs9Kb","u9sz1k03gFY"]}},{"type":"Feature","id":"WHxYJGY1xa1","geometry":{"type":"Polygon","coordinates":[[[4.5552,7.9514],[4.566,7.9247],[4.6093,7.8118],[4.6085,7.8041],[4.538,7.7652],[4.5609,7.866],[4.5431,7.9406],[4.5523,7.9566],[4.5552,7.9514]]]},"properties":{"code":null,"name":"os Olorunda Local Government Area","level":"3","parent":"hfNPq5F4mjr","parentGraph":"s5DPBsdoE8b/hfNPq5F4mjr","groups":["zAywu9z1ZWc","FbBkTDMs9Kb","u9sz1k03gFY"]}},{"type":"Feature","id":"KVRB5lZFgf8","geometry":{"type":"Polygon","coordinates":[[[4.812,7.7241],[4.9192,7.7146],[4.9474,7.5381],[4.9914,7.4149],[4.9988,7.4012],[4.8934,7.3413],[4.8805,7.2923],[4.8294,7.39],[4.853,7.4591],[4.8213,7.5696],[4.7922,7.6483],[4.761,7.6536],[4.812,7.7241]]]},"properties":{"code":null,"name":"os Oriade Local Government Area","level":"3","parent":"hfNPq5F4mjr","parentGraph":"s5DPBsdoE8b/hfNPq5F4mjr","groups":["FbBkTDMs9Kb","u9sz1k03gFY"]}},{"type":"Feature","id":"WV2VZ4SaqDN","geometry":{"type":"Polygon","coordinates":[[[4.5262,7.9131],[4.4762,7.8246],[4.4185,7.8737],[4.5431,7.9406],[4.5262,7.9131]]]},"properties":{"code":null,"name":"os Orolu Local Government Area","level":"3","parent":"hfNPq5F4mjr","parentGraph":"s5DPBsdoE8b/hfNPq5F4mjr","groups":["FbBkTDMs9Kb","u9sz1k03gFY"]}},{"type":"Feature","id":"NtoDeIJfifx","geometry":{"type":"Polygon","coordinates":[[[4.6153,7.763],[4.6252,7.7507],[4.6091,7.7117],[4.5655,7.7076],[4.5391,7.7526],[4.538,7.7652],[4.6085,7.8041],[4.6153,7.763]]]},"properties":{"code":null,"name":"os Osogbo Local Government Area","level":"3","parent":"hfNPq5F4mjr","parentGraph":"s5DPBsdoE8b/hfNPq5F4mjr","groups":["zAywu9z1ZWc","FbBkTDMs9Kb","u9sz1k03gFY"]}},{"type":"Feature","id":"hfNPq5F4mjr","geometry":{"type":"Polygon","coordinates":[[[4.9566,8.0585],[4.9746,8.0244],[5.0642,8.0306],[5.0396,7.9454],[4.946,7.8796],[4.9154,7.8112],[4.9185,7.6021],[4.9914,7.4149],[5.0015,7.3761],[4.8934,7.3413],[4.8681,7.2359],[4.8624,7.0909],[4.7083,7.147],[4.639,7.0914],[4.6043,7.0113],[4.5611,6.9884],[4.4073,6.9925],[4.3737,6.9668],[4.3257,7.0815],[4.1769,7.059],[4.1591,7.1417],[4.0772,7.1125],[4.1105,7.2502],[4.1487,7.4972],[4.0286,7.6505],[4.0598,7.6965],[4.0834,7.8502],[4.1628,7.8295],[4.2676,7.9564],[4.3164,7.9267],[4.3741,7.8372],[4.5642,7.9828],[4.5556,8.0341],[4.7313,8.0357],[4.9154,8.0847],[4.9566,8.0585]]]},"properties":{"code":null,"name":"os Osun State","level":"2","parent":"s5DPBsdoE8b","parentGraph":"s5DPBsdoE8b","groups":["VZ50tpviPWt","FDdJ6PFtOPk","u9sz1k03gFY","kO5eURyJNIk","aCdSdgaf2uc","XagGgkCkfOf"]}},{"type":"Feature","id":"ciSH7WnJzxX","geometry":{"type":"Polygon","coordinates":[[[4.0902,7.8618],[4.0904,7.8449],[4.0682,7.7989],[4.0671,7.7405],[4.0523,7.6794],[3.9529,7.6435],[3.8433,7.6624],[3.7674,7.6429],[3.7465,7.7163],[3.6835,7.7384],[3.7584,7.7522],[3.7266,7.8451],[3.8483,7.8394],[3.9262,7.7931],[4.0902,7.8618]]]},"properties":{"code":null,"name":"oy Afijio Local Government Area","level":"3","parent":"yx3QJHm86vW","parentGraph":"s5DPBsdoE8b/yx3QJHm86vW","groups":["FbBkTDMs9Kb","u9sz1k03gFY"]}},{"type":"Feature","id":"MfADmzMw4RC","geometry":{"type":"Polygon","coordinates":[[[4.0286,7.6505],[4.0594,7.6002],[3.924,7.4269],[3.9097,7.4432],[3.888,7.4369],[3.88,7.434],[3.856,7.4122],[3.8455,7.4985],[3.7828,7.5874],[3.8433,7.6624],[3.9529,7.6435],[4.0523,7.6794],[4.0286,7.6505]]]},"properties":{"code":null,"name":"oy Akinyele Local Government Area","level":"3","parent":"yx3QJHm86vW","parentGraph":"s5DPBsdoE8b/yx3QJHm86vW","groups":["FbBkTDMs9Kb","u9sz1k03gFY"]}},{"type":"Feature","id":"LEJ4gnlzGu2","geometry":{"type":"Polygon","coordinates":[[[4.0799,7.9628],[3.9449,7.8678],[3.8811,8.0134],[3.7438,8.1268],[3.728,8.1222],[3.7636,8.1921],[3.8136,8.3017],[3.8004,8.3952],[3.7957,8.4161],[3.821,8.572],[3.9362,8.5992],[3.9916,8.5946],[3.9608,8.5086],[4.0686,8.3442],[3.9835,8.2397],[4.0799,7.9628]]]},"properties":{"code":null,"name":"oy Atiba Local Government Area","level":"3","parent":"yx3QJHm86vW","parentGraph":"s5DPBsdoE8b/yx3QJHm86vW","groups":["FbBkTDMs9Kb","u9sz1k03gFY"]}},{"type":"Feature","id":"T0eYRHWKkDT","geometry":{"type":"Polygon","coordinates":[[[3.8004,8.3952],[3.8136,8.3017],[3.7636,8.1921],[3.7339,8.2757],[3.6631,8.3033],[3.5543,8.3829],[3.4047,8.2485],[3.1637,8.2491],[3.1322,8.2174],[2.7509,8.188],[2.697,8.3572],[2.7414,8.4487],[3.1892,8.4126],[3.2841,8.3781],[3.3528,8.4051],[3.3735,8.4875],[3.4533,8.5673],[3.6289,8.4941],[3.785,8.4681],[3.7957,8.4161],[3.8004,8.3952]]]},"properties":{"code":null,"name":"oy Atisbo Local Government Area","level":"3","parent":"yx3QJHm86vW","parentGraph":"s5DPBsdoE8b/yx3QJHm86vW","groups":["FbBkTDMs9Kb","u9sz1k03gFY"]}},{"type":"Feature","id":"q3xyh0r6NOY","geometry":{"type":"Polygon","coordinates":[[[4.1439,7.4586],[4.1192,7.3176],[4,7.3678],[3.9414,7.3524],[3.9397,7.368],[3.9518,7.3994],[4.1439,7.4586]]]},"properties":{"code":null,"name":"oy Egbeda Local Government Area","level":"3","parent":"yx3QJHm86vW","parentGraph":"s5DPBsdoE8b/yx3QJHm86vW","groups":["FbBkTDMs9Kb","u9sz1k03gFY"]}},{"type":"Feature","id":"E1R9u4L0CbH","geometry":{"type":"Polygon","coordinates":[[[3.9397,7.368],[3.9414,7.3524],[3.9364,7.3381],[3.9016,7.3578],[3.8998,7.3662],[3.9144,7.3757],[3.9383,7.4094],[3.9518,7.3994],[3.9397,7.368]]]},"properties":{"code":null,"name":"oy Ibadan North East Local Government Area","level":"3","parent":"yx3QJHm86vW","parentGraph":"s5DPBsdoE8b/yx3QJHm86vW","groups":["FbBkTDMs9Kb","u9sz1k03gFY"]}},{"type":"Feature","id":"dExqRR1xrYG","geometry":{"type":"Polygon","coordinates":[[[3.9097,7.4432],[3.924,7.4269],[3.9383,7.4094],[3.9144,7.3757],[3.888,7.4369],[3.9097,7.4432]]]},"properties":{"code":null,"name":"oy Ibadan North Local Government Area","level":"3","parent":"yx3QJHm86vW","parentGraph":"s5DPBsdoE8b/yx3QJHm86vW","groups":["FbBkTDMs9Kb","u9sz1k03gFY"]}},{"type":"Feature","id":"XxzWVpiPffH","geometry":{"type":"Polygon","coordinates":[[[3.88,7.434],[3.888,7.4369],[3.9144,7.3757],[3.8998,7.3662],[3.8659,7.3803],[3.8472,7.395],[3.856,7.4122],[3.88,7.434]]]},"properties":{"code":null,"name":"oy Ibadan North West Local Government Area","level":"3","parent":"yx3QJHm86vW","parentGraph":"s5DPBsdoE8b/yx3QJHm86vW","groups":["FbBkTDMs9Kb","u9sz1k03gFY"]}},{"type":"Feature","id":"bZZm8hVpxiE","geometry":{"type":"Polygon","coordinates":[[[3.8741,7.3138],[3.9016,7.3578],[3.9364,7.3381],[3.8741,7.3138]]]},"properties":{"code":null,"name":"oy Ibadan South East Local Government Area","level":"3","parent":"yx3QJHm86vW","parentGraph":"s5DPBsdoE8b/yx3QJHm86vW","groups":["FbBkTDMs9Kb","u9sz1k03gFY"]}},{"type":"Feature","id":"JmyH0X5sfCv","geometry":{"type":"Polygon","coordinates":[[[3.8659,7.3803],[3.8998,7.3662],[3.9016,7.3578],[3.8741,7.3138],[3.8596,7.3114],[3.8472,7.395],[3.8659,7.3803]]]},"properties":{"code":null,"name":"oy Ibadan South West Local Government Area","level":"3","parent":"yx3QJHm86vW","parentGraph":"s5DPBsdoE8b/yx3QJHm86vW","groups":["FbBkTDMs9Kb","u9sz1k03gFY"]}},{"type":"Feature","id":"p85EXp9R0no","geometry":{"type":"Polygon","coordinates":[[[3.3739,7.474],[3.3061,7.337],[3.1838,7.3477],[3.1232,7.3955],[3.0735,7.4723],[3.3486,7.5137],[3.3739,7.474]]]},"properties":{"code":null,"name":"oy Ibarapa Central Local Government Area","level":"3","parent":"yx3QJHm86vW","parentGraph":"s5DPBsdoE8b/yx3QJHm86vW","groups":["FbBkTDMs9Kb","u9sz1k03gFY"]}},{"type":"Feature","id":"tovuJMMkdxT","geometry":{"type":"Polygon","coordinates":[[[3.515,7.4096],[3.4377,7.4886],[3.3739,7.474],[3.3486,7.5137],[3.3418,7.6613],[3.4278,7.7353],[3.5279,7.7346],[3.5466,7.7852],[3.6835,7.7384],[3.57,7.6334],[3.5744,7.4967],[3.515,7.4096]]]},"properties":{"code":null,"name":"oy Ibarapa East Local Government Area","level":"3","parent":"yx3QJHm86vW","parentGraph":"s5DPBsdoE8b/yx3QJHm86vW","groups":["FbBkTDMs9Kb","u9sz1k03gFY"]}},{"type":"Feature","id":"X19EfdQc4oH","geometry":{"type":"Polygon","coordinates":[[[3.2471,7.8107],[3.2823,7.7095],[3.3418,7.6613],[3.3486,7.5137],[3.0735,7.4723],[2.987,7.5733],[3.0108,7.7844],[3.0555,7.8129],[3.2471,7.8107]]]},"properties":{"code":null,"name":"oy Ibarapa North Local Government Area","level":"3","parent":"yx3QJHm86vW","parentGraph":"s5DPBsdoE8b/yx3QJHm86vW","groups":["FbBkTDMs9Kb","u9sz1k03gFY"]}},{"type":"Feature","id":"GbuxGIY5hOh","geometry":{"type":"Polygon","coordinates":[[[3.7674,7.6429],[3.8433,7.6624],[3.7828,7.5874],[3.8455,7.4985],[3.856,7.4122],[3.8472,7.395],[3.8596,7.3114],[3.7522,7.2643],[3.6972,7.2954],[3.6664,7.4287],[3.515,7.4096],[3.5744,7.4967],[3.57,7.6334],[3.6835,7.7384],[3.7465,7.7163],[3.7674,7.6429]]]},"properties":{"code":null,"name":"oy Ido Local Government Area","level":"3","parent":"yx3QJHm86vW","parentGraph":"s5DPBsdoE8b/yx3QJHm86vW","groups":["FbBkTDMs9Kb","u9sz1k03gFY"]}},{"type":"Feature","id":"peJI9gxdrfl","geometry":{"type":"Polygon","coordinates":[[[3.8521,9.1818],[3.9337,9.1417],[4.0152,9.0345],[4.2471,8.9619],[4.171,8.8924],[3.9888,8.8503],[3.8378,8.943],[3.7764,8.9403],[3.684,8.9819],[3.7381,9.0266],[3.8142,9.1707],[3.8521,9.1818]]]},"properties":{"code":null,"name":"oy Irepo Local Government Area","level":"3","parent":"yx3QJHm86vW","parentGraph":"s5DPBsdoE8b/yx3QJHm86vW","groups":["FbBkTDMs9Kb","u9sz1k03gFY"]}},{"type":"Feature","id":"TzXoelSeQiK","geometry":{"type":"Polygon","coordinates":[[[3.7328,8.0392],[3.7266,7.8451],[3.7584,7.7522],[3.6835,7.7384],[3.5466,7.7852],[3.5279,7.7346],[3.4278,7.7353],[3.3418,7.6613],[3.2823,7.7095],[3.2471,7.8107],[3.3842,7.8576],[3.3899,7.8735],[3.4546,7.9483],[3.4573,8.0471],[3.7328,8.0392]]]},"properties":{"code":null,"name":"oy Iseyin Local Government Area","level":"3","parent":"yx3QJHm86vW","parentGraph":"s5DPBsdoE8b/yx3QJHm86vW","groups":["FbBkTDMs9Kb","u9sz1k03gFY"]}},{"type":"Feature","id":"av3PFc7Ow0Q","geometry":{"type":"Polygon","coordinates":[[[3.6631,8.3033],[3.7339,8.2757],[3.7636,8.1921],[3.728,8.1222],[3.7328,8.0392],[3.4573,8.0471],[3.4331,8.1331],[3.3444,8.1967],[3.2799,8.1189],[3.21,8.1215],[3.1393,8.2055],[3.1322,8.2174],[3.1637,8.2491],[3.4047,8.2485],[3.5543,8.3829],[3.6631,8.3033]]]},"properties":{"code":null,"name":"oy Itesiwaju Local Government Area","level":"3","parent":"yx3QJHm86vW","parentGraph":"s5DPBsdoE8b/yx3QJHm86vW","groups":["FbBkTDMs9Kb","u9sz1k03gFY"]}},{"type":"Feature","id":"O9MmgxoWx9S","geometry":{"type":"Polygon","coordinates":[[[3.1393,8.2055],[3.21,8.1215],[3.2799,8.1189],[3.2544,8.0277],[3.3026,7.9054],[3.3842,7.8576],[3.2471,7.8107],[3.0555,7.8129],[3.0108,7.7844],[2.9666,7.8403],[2.9347,7.7236],[2.8999,7.7606],[2.8618,7.9547],[2.7747,7.9665],[2.6783,7.8974],[2.7509,8.188],[3.1322,8.2174],[3.1393,8.2055]]]},"properties":{"code":null,"name":"oy Iwajowa Local Government Area","level":"3","parent":"yx3QJHm86vW","parentGraph":"s5DPBsdoE8b/yx3QJHm86vW","groups":["FbBkTDMs9Kb","u9sz1k03gFY"]}},{"type":"Feature","id":"WMq8ttehxbX","geometry":{"type":"Polygon","coordinates":[[[3.3899,7.8735],[3.3842,7.8576],[3.3026,7.9054],[3.2544,8.0277],[3.2799,8.1189],[3.3444,8.1967],[3.4331,8.1331],[3.4573,8.0471],[3.4546,7.9483],[3.3899,7.8735]]]},"properties":{"code":null,"name":"oy Kajola Local Government Area","level":"3","parent":"yx3QJHm86vW","parentGraph":"s5DPBsdoE8b/yx3QJHm86vW","groups":["FbBkTDMs9Kb","u9sz1k03gFY"]}},{"type":"Feature","id":"dXiIdHcmvxY","geometry":{"type":"Polygon","coordinates":[[[4.1487,7.4972],[4.145,7.4675],[4.1439,7.4586],[3.9518,7.3994],[3.9383,7.4094],[3.924,7.4269],[4.0594,7.6002],[4.1232,7.5222],[4.1487,7.4972]]]},"properties":{"code":null,"name":"oy Lagelu Local Government Area","level":"3","parent":"yx3QJHm86vW","parentGraph":"s5DPBsdoE8b/yx3QJHm86vW","groups":["FbBkTDMs9Kb","u9sz1k03gFY"]}},{"type":"Feature","id":"gAXRQqo2dk8","geometry":{"type":"Polygon","coordinates":[[[4.3109,8.0687],[4.1903,8.12],[4.1842,8.1246],[4.2308,8.2128],[4.3056,8.2509],[4.3334,8.1226],[4.3109,8.0687]]]},"properties":{"code":null,"name":"oy Ogbomosho North Local Government Area","level":"3","parent":"yx3QJHm86vW","parentGraph":"s5DPBsdoE8b/yx3QJHm86vW","groups":["FbBkTDMs9Kb","u9sz1k03gFY"]}},{"type":"Feature","id":"pdItGdtqkcM","geometry":{"type":"Polygon","coordinates":[[[4.1903,8.12],[4.3109,8.0687],[4.2885,8.0493],[4.182,8.0729],[4.1723,8.0707],[4.1842,8.1246],[4.1903,8.12]]]},"properties":{"code":null,"name":"oy Ogbomosho South Local Government Area","level":"3","parent":"yx3QJHm86vW","parentGraph":"s5DPBsdoE8b/yx3QJHm86vW","groups":["FbBkTDMs9Kb","u9sz1k03gFY"]}},{"type":"Feature","id":"zKSuCNCcNh2","geometry":{"type":"Polygon","coordinates":[[[4.182,8.0729],[4.2885,8.0493],[4.3211,7.9696],[4.4185,7.8737],[4.3893,7.8449],[4.2676,7.9564],[4.1983,7.8469],[4.0904,7.8449],[4.0902,7.8618],[4.0897,7.873],[4.0875,7.9388],[4.1723,8.0707],[4.182,8.0729]]]},"properties":{"code":null,"name":"oy Ogo Oluwa Local Government Area","level":"3","parent":"yx3QJHm86vW","parentGraph":"s5DPBsdoE8b/yx3QJHm86vW","groups":["FbBkTDMs9Kb","u9sz1k03gFY"]}},{"type":"Feature","id":"Yklm5eRK6d8","geometry":{"type":"Polygon","coordinates":[[[4.2489,8.875],[4.1961,8.8057],[4.2009,8.6934],[4.2125,8.6483],[4.1588,8.5951],[3.9916,8.5946],[3.9362,8.5992],[3.8935,8.6758],[3.9888,8.8503],[4.171,8.8924],[4.2471,8.9619],[4.3367,8.9577],[4.2489,8.875]]]},"properties":{"code":null,"name":"oy Olorunsogo Local Government Area","level":"3","parent":"yx3QJHm86vW","parentGraph":"s5DPBsdoE8b/yx3QJHm86vW","groups":["FbBkTDMs9Kb","u9sz1k03gFY"]}},{"type":"Feature","id":"KZHw5oji2kd","geometry":{"type":"Polygon","coordinates":[[[4.0096,7.1037],[3.9062,7.0562],[3.7821,7.0491],[3.7201,7.0744],[3.7742,7.1589],[3.7522,7.2643],[3.8596,7.3114],[3.8741,7.3138],[3.9364,7.3381],[4.0189,7.2423],[4.0096,7.1037]]]},"properties":{"code":null,"name":"oy Oluyole Local Government Area","level":"3","parent":"yx3QJHm86vW","parentGraph":"s5DPBsdoE8b/yx3QJHm86vW","groups":["FbBkTDMs9Kb","u9sz1k03gFY"]}},{"type":"Feature","id":"NJZzxKwGI5I","geometry":{"type":"Polygon","coordinates":[[[4.0772,7.1131],[4.0772,7.1125],[4.0096,7.1037],[4.0189,7.2423],[3.9364,7.3381],[3.9414,7.3524],[4,7.3678],[4.1192,7.3176],[4.1028,7.2304],[4.0772,7.1131]]]},"properties":{"code":null,"name":"oy Ona Ara Local Government Area","level":"3","parent":"yx3QJHm86vW","parentGraph":"s5DPBsdoE8b/yx3QJHm86vW","groups":["FbBkTDMs9Kb","u9sz1k03gFY"]}},{"type":"Feature","id":"DWdHbGI0GQH","geometry":{"type":"Polygon","coordinates":[[[3.7764,8.9403],[3.8378,8.943],[3.9888,8.8503],[3.8935,8.6758],[3.9362,8.5992],[3.821,8.572],[3.8253,8.6538],[3.7073,8.7278],[3.68,8.8484],[3.61,8.9474],[3.684,8.9819],[3.7764,8.9403]]]},"properties":{"code":null,"name":"oy Orelope Local Government Area","level":"3","parent":"yx3QJHm86vW","parentGraph":"s5DPBsdoE8b/yx3QJHm86vW","groups":["FbBkTDMs9Kb","u9sz1k03gFY"]}},{"type":"Feature","id":"WD6q765ObPv","geometry":{"type":"Polygon","coordinates":[[[4.2449,8.6014],[4.3254,8.4448],[4.3664,8.3021],[4.3056,8.2509],[4.2308,8.2128],[4.1842,8.1246],[4.1723,8.0707],[4.0875,7.9388],[4.0799,7.9628],[3.9835,8.2397],[4.0686,8.3442],[3.9608,8.5086],[3.9916,8.5946],[4.1588,8.5951],[4.2125,8.6483],[4.2449,8.6014]]]},"properties":{"code":null,"name":"oy Ori Ire Local Government Area","level":"3","parent":"yx3QJHm86vW","parentGraph":"s5DPBsdoE8b/yx3QJHm86vW","groups":["FbBkTDMs9Kb","u9sz1k03gFY"]}},{"type":"Feature","id":"eVYnmE9y3JU","geometry":{"type":"Polygon","coordinates":[[[4.0897,7.873],[4.0902,7.8618],[3.9262,7.7931],[3.9449,7.8678],[4.0799,7.9628],[4.0875,7.9388],[4.0897,7.873]]]},"properties":{"code":null,"name":"oy Oyo East Local Government Area","level":"3","parent":"yx3QJHm86vW","parentGraph":"s5DPBsdoE8b/yx3QJHm86vW","groups":["FbBkTDMs9Kb","u9sz1k03gFY"]}},{"type":"Feature","id":"yx3QJHm86vW","geometry":{"type":"Polygon","coordinates":[[[3.8521,9.1818],[3.9337,9.1417],[4.0152,9.0345],[4.1529,8.9777],[4.3378,8.9593],[4.1961,8.8057],[4.1837,8.7425],[4.2181,8.6322],[4.3254,8.4448],[4.3593,8.311],[4.4628,8.2066],[4.5204,8.05],[4.5556,8.0341],[4.5642,7.9828],[4.3741,7.8372],[4.3164,7.9267],[4.2676,7.9564],[4.1628,7.8295],[4.0834,7.8502],[4.0598,7.6965],[4.0286,7.6505],[4.1487,7.4972],[4.1105,7.2502],[4.0772,7.1125],[3.9819,7.0982],[3.9062,7.0562],[3.709,7.0495],[3.7784,7.1325],[3.7454,7.2758],[3.6972,7.2954],[3.6664,7.4287],[3.5664,7.4322],[3.4918,7.4005],[3.4377,7.4886],[3.3695,7.4696],[3.3061,7.337],[3.2126,7.3337],[3.1367,7.3786],[3.0581,7.5117],[2.987,7.5733],[2.9809,7.6563],[3.0099,7.8204],[2.9666,7.8403],[2.9347,7.7236],[2.8999,7.7606],[2.8884,7.9029],[2.8618,7.9547],[2.7747,7.9665],[2.6783,7.8974],[2.6956,7.9309],[2.754,8.2113],[2.7146,8.2604],[2.7069,8.4203],[2.757,8.4826],[2.7496,8.533],[2.7892,8.5724],[2.9184,8.5896],[3.1475,8.7731],[3.2308,8.7458],[3.3589,8.8006],[3.4963,8.8906],[3.6919,8.9866],[3.7454,9.0444],[3.7729,9.1465],[3.8521,9.1818]]]},"properties":{"code":null,"name":"oy Oyo State","level":"2","parent":"s5DPBsdoE8b","parentGraph":"s5DPBsdoE8b","groups":["u9sz1k03gFY","aCdSdgaf2uc"]}},{"type":"Feature","id":"BgkqR26r3HY","geometry":{"type":"Polygon","coordinates":[[[3.7438,8.1268],[3.8811,8.0134],[3.9449,7.8678],[3.9262,7.7931],[3.8483,7.8394],[3.7266,7.8451],[3.7328,8.0392],[3.728,8.1222],[3.7438,8.1268]]]},"properties":{"code":null,"name":"oy Oyo West Local Government Area","level":"3","parent":"yx3QJHm86vW","parentGraph":"s5DPBsdoE8b/yx3QJHm86vW","groups":["FbBkTDMs9Kb","u9sz1k03gFY"]}},{"type":"Feature","id":"frsSay5ZFcf","geometry":{"type":"Polygon","coordinates":[[[3.68,8.8484],[3.7073,8.7278],[3.8253,8.6538],[3.821,8.572],[3.7957,8.4161],[3.785,8.4681],[3.6289,8.4941],[3.4533,8.5673],[3.3763,8.6681],[3.4045,8.7583],[3.4016,8.8279],[3.61,8.9474],[3.68,8.8484]]]},"properties":{"code":null,"name":"oy Saki East Local Government Area","level":"3","parent":"yx3QJHm86vW","parentGraph":"s5DPBsdoE8b/yx3QJHm86vW","groups":["FbBkTDMs9Kb","u9sz1k03gFY"]}},{"type":"Feature","id":"Dkf7psyF1hW","geometry":{"type":"Polygon","coordinates":[[[3.4045,8.7583],[3.3763,8.6681],[3.4533,8.5673],[3.3735,8.4875],[3.3528,8.4051],[3.2841,8.3781],[3.1892,8.4126],[2.7414,8.4487],[2.7496,8.533],[2.7892,8.5724],[2.9184,8.5896],[3.1475,8.7731],[3.2308,8.7458],[3.4016,8.8279],[3.4045,8.7583]]]},"properties":{"code":null,"name":"oy Saki West Local Government Area","level":"3","parent":"yx3QJHm86vW","parentGraph":"s5DPBsdoE8b/yx3QJHm86vW","groups":["FbBkTDMs9Kb","u9sz1k03gFY"]}},{"type":"Feature","id":"DSiIqD9lNmj","geometry":{"type":"Polygon","coordinates":[[[4.5204,8.05],[4.5556,8.0341],[4.5523,7.9566],[4.5431,7.9406],[4.4185,7.8737],[4.3211,7.9696],[4.2885,8.0493],[4.3109,8.0687],[4.3334,8.1226],[4.3056,8.2509],[4.3664,8.3021],[4.4628,8.2066],[4.5006,8.097],[4.5204,8.05]]]},"properties":{"code":null,"name":"oy Surulere Local Government Area","level":"3","parent":"yx3QJHm86vW","parentGraph":"s5DPBsdoE8b/yx3QJHm86vW","groups":["FbBkTDMs9Kb","u9sz1k03gFY"]}},{"type":"Feature","id":"ouLEEfhhUi4","geometry":{"type":"Polygon","coordinates":[[[9.0557,9.6954],[9.0865,9.6452],[9.021,9.5673],[8.9734,9.428],[8.8264,9.3921],[8.6863,9.3167],[8.6744,9.347],[8.7412,9.3866],[8.8438,9.5407],[8.8291,9.6358],[8.9292,9.8113],[8.9532,9.8345],[8.9825,9.7042],[9.0557,9.6954]]]},"properties":{"code":null,"name":"pl Barkin Ladi Local Government Area","level":"3","parent":"TFY8aaVkCtV","parentGraph":"s5DPBsdoE8b/TFY8aaVkCtV","groups":["FbBkTDMs9Kb","u9sz1k03gFY"]}},{"type":"Feature","id":"yvLXnUSwnPx","geometry":{"type":"Polygon","coordinates":[[[9.0881,9.0517],[9.0551,9.0121],[8.888,9.0171],[8.8013,9.0363],[8.76,9.163],[8.66,9.2048],[8.6863,9.3167],[8.8264,9.3921],[8.9734,9.428],[9.0667,9.2568],[9.0881,9.0517]]]},"properties":{"code":null,"name":"pl Bokkos Local Government Area","level":"3","parent":"TFY8aaVkCtV","parentGraph":"s5DPBsdoE8b/TFY8aaVkCtV","groups":["FbBkTDMs9Kb","u9sz1k03gFY"]}},{"type":"Feature","id":"WCweExkr9Nf","geometry":{"type":"Polygon","coordinates":[[[9.0557,9.6954],[8.9825,9.7042],[8.9532,9.8345],[8.9506,9.854],[8.9602,9.9865],[9.1545,10.0184],[9.1992,9.9375],[9.195,9.8153],[9.1638,9.7586],[9.0557,9.6954]]]},"properties":{"code":null,"name":"pl Jos East Local Government Area","level":"3","parent":"TFY8aaVkCtV","parentGraph":"s5DPBsdoE8b/TFY8aaVkCtV","groups":["FbBkTDMs9Kb","u9sz1k03gFY"]}},{"type":"Feature","id":"ZC7cDSIQEw0","geometry":{"type":"Polygon","coordinates":[[[8.7595,9.836],[8.7908,9.9518],[8.8603,10.0068],[8.9605,10.0237],[8.9602,9.9865],[8.9506,9.854],[8.8216,9.7986],[8.7595,9.836]]]},"properties":{"code":null,"name":"pl Jos North Local Government Area","level":"3","parent":"TFY8aaVkCtV","parentGraph":"s5DPBsdoE8b/TFY8aaVkCtV","groups":["FbBkTDMs9Kb","u9sz1k03gFY"]}},{"type":"Feature","id":"z2LEw3YBp0u","geometry":{"type":"Polygon","coordinates":[[[8.9292,9.8113],[8.8291,9.6358],[8.7507,9.6182],[8.6543,9.6529],[8.6449,9.7183],[8.743,9.7586],[8.7595,9.836],[8.8216,9.7986],[8.9506,9.854],[8.9532,9.8345],[8.9292,9.8113]]]},"properties":{"code":null,"name":"pl Jos South Local Government Area","level":"3","parent":"TFY8aaVkCtV","parentGraph":"s5DPBsdoE8b/TFY8aaVkCtV","groups":["FbBkTDMs9Kb","u9sz1k03gFY"]}},{"type":"Feature","id":"iJcU0vPunGi","geometry":{"type":"Polygon","coordinates":[[[10.528,9.5119],[10.5605,9.4967],[10.5883,9.4073],[10.4078,9.4142],[10.3301,9.474],[10.1433,9.4713],[10.0991,9.3945],[9.9252,9.224],[9.7795,9.2892],[9.7192,9.2876],[9.7573,9.342],[9.7698,9.4709],[9.7359,9.5464],[9.7274,9.5651],[9.8114,9.6586],[9.8627,9.7262],[9.8116,9.7913],[9.8752,9.8375],[9.9356,9.8056],[10.3579,9.6164],[10.528,9.5119]]]},"properties":{"code":null,"name":"pl Kanam Local Government Area","level":"3","parent":"TFY8aaVkCtV","parentGraph":"s5DPBsdoE8b/TFY8aaVkCtV","groups":["FbBkTDMs9Kb","u9sz1k03gFY"]}},{"type":"Feature","id":"wufV6CEmu7o","geometry":{"type":"Polygon","coordinates":[[[9.7359,9.5464],[9.7698,9.4709],[9.7573,9.342],[9.7192,9.2876],[9.6559,9.1923],[9.5577,9.2718],[9.4569,9.211],[9.4102,9.3364],[9.4245,9.4221],[9.3841,9.5605],[9.4171,9.5576],[9.5023,9.5352],[9.7274,9.5651],[9.7359,9.5464]]]},"properties":{"code":null,"name":"pl Kanke Local Government Area","level":"3","parent":"TFY8aaVkCtV","parentGraph":"s5DPBsdoE8b/TFY8aaVkCtV","groups":["FbBkTDMs9Kb","u9sz1k03gFY"]}},{"type":"Feature","id":"fdMXKhBXIT4","geometry":{"type":"Polygon","coordinates":[[[9.7795,9.2892],[9.9252,9.224],[9.8059,9.0352],[9.8535,8.7762],[9.7329,8.7845],[9.7351,8.8831],[9.787,8.9769],[9.6946,9.0807],[9.6376,9.1386],[9.6559,9.1923],[9.7192,9.2876],[9.7795,9.2892]]]},"properties":{"code":null,"name":"pl Langtang North Local Government Area","level":"3","parent":"TFY8aaVkCtV","parentGraph":"s5DPBsdoE8b/TFY8aaVkCtV","groups":["FbBkTDMs9Kb","u9sz1k03gFY"]}},{"type":"Feature","id":"RYznpyJVRmu","geometry":{"type":"Polygon","coordinates":[[[10.0744,8.5651],[9.9787,8.5145],[9.8546,8.3913],[9.7582,8.3591],[9.6684,8.5004],[9.6314,8.6138],[9.6713,8.7529],[9.7329,8.7845],[9.8535,8.7762],[9.9364,8.6525],[10.0744,8.5651]]]},"properties":{"code":null,"name":"pl Langtang South Local Government Area","level":"3","parent":"TFY8aaVkCtV","parentGraph":"s5DPBsdoE8b/TFY8aaVkCtV","groups":["FbBkTDMs9Kb","u9sz1k03gFY"]}},{"type":"Feature","id":"lFlJklyemBS","geometry":{"type":"Polygon","coordinates":[[[9.2428,9.097],[9.1823,9.0161],[9.0881,9.0517],[9.0667,9.2568],[8.9734,9.428],[9.021,9.5673],[9.0865,9.6452],[9.0557,9.6954],[9.1638,9.7586],[9.2938,9.5869],[9.2476,9.345],[9.2428,9.097]]]},"properties":{"code":null,"name":"pl Mangu Local Government Area","level":"3","parent":"TFY8aaVkCtV","parentGraph":"s5DPBsdoE8b/TFY8aaVkCtV","groups":["FbBkTDMs9Kb","u9sz1k03gFY"]}},{"type":"Feature","id":"QVQfyHG7wXY","geometry":{"type":"Polygon","coordinates":[[[9.6946,9.0807],[9.787,8.9769],[9.7351,8.8831],[9.6473,8.945],[9.5278,8.9674],[9.4235,8.9273],[9.3805,9.007],[9.2996,9.0255],[9.335,9.1041],[9.4125,9.0343],[9.6376,9.1386],[9.6946,9.0807]]]},"properties":{"code":null,"name":"pl Mikang Local Government Area","level":"3","parent":"TFY8aaVkCtV","parentGraph":"s5DPBsdoE8b/TFY8aaVkCtV","groups":["FbBkTDMs9Kb","u9sz1k03gFY"]}},{"type":"Feature","id":"z90ZXv7skHL","geometry":{"type":"Polygon","coordinates":[[[9.4569,9.211],[9.5577,9.2718],[9.6559,9.1923],[9.6376,9.1386],[9.4125,9.0343],[9.335,9.1041],[9.2945,9.1094],[9.2428,9.097],[9.2476,9.345],[9.2938,9.5869],[9.3841,9.5605],[9.4245,9.4221],[9.4102,9.3364],[9.4569,9.211]]]},"properties":{"code":null,"name":"pl Pankshin Local Government Area","level":"3","parent":"TFY8aaVkCtV","parentGraph":"s5DPBsdoE8b/TFY8aaVkCtV","groups":["FbBkTDMs9Kb","u9sz1k03gFY"]}},{"type":"Feature","id":"TFY8aaVkCtV","geometry":{"type":"Polygon","coordinates":[[[8.9605,10.0237],[8.9602,9.9865],[9.1545,10.0184],[9.1992,9.9375],[9.1997,9.8235],[9.1695,9.7112],[9.2329,9.6884],[9.2868,9.5931],[9.3365,9.5633],[9.5023,9.5352],[9.6646,9.5446],[9.7353,9.5673],[9.782,9.6509],[9.8588,9.6716],[9.8627,9.7262],[9.8116,9.7913],[9.8653,9.843],[10.1792,9.6925],[10.3579,9.6164],[10.5605,9.4967],[10.5891,9.399],[10.5931,9.2379],[10.6303,9.176],[10.6536,8.9329],[10.6248,8.8834],[10.4281,8.7892],[10.2436,8.7573],[10.0935,8.5748],[9.9787,8.5145],[9.8546,8.3913],[9.6776,8.3471],[9.6156,8.3512],[9.5513,8.4276],[9.3839,8.4973],[9.2261,8.4524],[9.094,8.45],[8.9516,8.5145],[8.8936,8.766],[9.0025,8.8569],[9.076,8.9888],[9.0267,9.0334],[8.982,9.0117],[8.8363,9.0205],[8.7701,9.0911],[8.76,9.163],[8.66,9.2048],[8.6869,9.2682],[8.6689,9.3563],[8.547,9.5097],[8.559,9.6269],[8.6315,9.7387],[8.6369,9.9467],[8.6755,9.9784],[8.6414,10.0798],[8.6794,10.2028],[8.7668,10.2618],[8.785,10.3356],[8.9118,10.3219],[8.9578,10.2266],[8.9605,10.0237]]]},"properties":{"code":null,"name":"pl Plateau State","level":"2","parent":"s5DPBsdoE8b","parentGraph":"s5DPBsdoE8b","groups":["u9sz1k03gFY","aCdSdgaf2uc"]}},{"type":"Feature","id":"E4YEDg43VnG","geometry":{"type":"Polygon","coordinates":[[[9.2564,8.4617],[9.094,8.45],[8.9888,8.4974],[8.9283,8.5478],[8.8936,8.766],[9.0632,8.9417],[9.0551,9.0121],[9.0881,9.0517],[9.1823,9.0161],[9.2428,9.097],[9.2945,9.1094],[9.2769,8.9879],[9.3139,8.86],[9.322,8.6637],[9.2564,8.4617]]]},"properties":{"code":null,"name":"pl Qua'an Pan Local Government Area","level":"3","parent":"TFY8aaVkCtV","parentGraph":"s5DPBsdoE8b/TFY8aaVkCtV","groups":["FbBkTDMs9Kb","u9sz1k03gFY"]}},{"type":"Feature","id":"LdBp7gpkFZd","geometry":{"type":"Polygon","coordinates":[[[8.7507,9.6182],[8.8291,9.6358],[8.8438,9.5407],[8.7412,9.3866],[8.6744,9.347],[8.5786,9.4588],[8.5458,9.5251],[8.559,9.6269],[8.6165,9.7143],[8.6449,9.7183],[8.6543,9.6529],[8.7507,9.6182]]]},"properties":{"code":null,"name":"pl Riyom Local Government Area","level":"3","parent":"TFY8aaVkCtV","parentGraph":"s5DPBsdoE8b/TFY8aaVkCtV","groups":["FbBkTDMs9Kb","u9sz1k03gFY"]}},{"type":"Feature","id":"rvZY3X4clef","geometry":{"type":"Polygon","coordinates":[[[9.2996,9.0255],[9.3805,9.007],[9.4235,8.9273],[9.5278,8.9674],[9.6473,8.945],[9.7351,8.8831],[9.7329,8.7845],[9.6713,8.7529],[9.6314,8.6138],[9.6684,8.5004],[9.7582,8.3591],[9.6156,8.3512],[9.5513,8.4276],[9.3839,8.4973],[9.2564,8.4617],[9.322,8.6637],[9.3139,8.86],[9.2769,8.9879],[9.2945,9.1094],[9.335,9.1041],[9.2996,9.0255]]]},"properties":{"code":null,"name":"pl Shendam Local Government Area","level":"3","parent":"TFY8aaVkCtV","parentGraph":"s5DPBsdoE8b/TFY8aaVkCtV","groups":["FbBkTDMs9Kb","u9sz1k03gFY"]}},{"type":"Feature","id":"RpwlJf8M7mL","geometry":{"type":"Polygon","coordinates":[[[10.3301,9.474],[10.4078,9.4142],[10.5883,9.4073],[10.5931,9.2379],[10.6303,9.176],[10.6536,8.9329],[10.6248,8.8834],[10.4281,8.7892],[10.3017,8.7693],[10.2032,8.7341],[10.0744,8.5651],[9.9364,8.6525],[9.8535,8.7762],[9.8059,9.0352],[9.9252,9.224],[10.0991,9.3945],[10.1433,9.4713],[10.3301,9.474]]]},"properties":{"code":null,"name":"pl Wase Local Government Area","level":"3","parent":"TFY8aaVkCtV","parentGraph":"s5DPBsdoE8b/TFY8aaVkCtV","groups":["FbBkTDMs9Kb","u9sz1k03gFY"]}},{"type":"Feature","id":"hRvlbPHGpCT","geometry":{"type":"Polygon","coordinates":[[[6.6502,4.9026],[6.6999,4.837],[6.7002,4.8124],[6.7004,4.8121],[6.7378,4.7318],[6.6214,4.727],[6.5688,4.7536],[6.4544,4.7147],[6.3941,4.7952],[6.4205,4.9372],[6.5488,4.8812],[6.5367,4.9356],[6.5893,4.9664],[6.6502,4.9026]]]},"properties":{"code":null,"name":"ri Abua/Odual Local Government Area","level":"3","parent":"BmWTbiMgEai","parentGraph":"s5DPBsdoE8b/BmWTbiMgEai","groups":["FbBkTDMs9Kb","u9sz1k03gFY"]}},{"type":"Feature","id":"VeWw8Vnyf1c","geometry":{"type":"Polygon","coordinates":[[[6.5809,5.186],[6.5628,5.0137],[6.4887,4.9515],[6.5367,4.9356],[6.5488,4.8812],[6.4205,4.9372],[6.4306,4.9752],[6.396,4.9983],[6.4902,5.185],[6.5527,5.2102],[6.5805,5.2065],[6.5809,5.186]]]},"properties":{"code":null,"name":"ri Ahoada West Local Government Area","level":"3","parent":"BmWTbiMgEai","parentGraph":"s5DPBsdoE8b/BmWTbiMgEai","groups":["FbBkTDMs9Kb","u9sz1k03gFY"]}},{"type":"Feature","id":"uX5lQnLugub","geometry":{"type":"Polygon","coordinates":[[[6.8157,4.6277],[6.8001,4.5872],[6.7985,4.585],[6.7981,4.5848],[6.7932,4.5798],[6.7895,4.5767],[6.8086,4.4326],[6.8498,4.3579],[6.7197,4.3549],[6.6967,4.4972],[6.7118,4.6073],[6.6427,4.652],[6.6214,4.727],[6.7378,4.7318],[6.773,4.6902],[6.8157,4.6277]]]},"properties":{"code":null,"name":"ri Akuku Toru Local Government Area","level":"3","parent":"BmWTbiMgEai","parentGraph":"s5DPBsdoE8b/BmWTbiMgEai","groups":["FbBkTDMs9Kb","u9sz1k03gFY"]}},{"type":"Feature","id":"SIoNro0y3OX","geometry":{"type":"MultiPolygon","coordinates":[[[[7.4816,4.4825],[7.4981,4.4506],[7.3313,4.448],[7.3337,4.4519],[7.3339,4.4521],[7.3353,4.4579],[7.3361,4.4622],[7.3384,4.4722],[7.3401,4.4761],[7.3399,4.4785],[7.4816,4.4825]]],[[[7.346,4.5952],[7.4283,4.6015],[7.4239,4.5716],[7.346,4.5952]]],[[[7.3,4.5985],[7.3119,4.6123],[7.3449,4.596],[7.3,4.5985]]]]},"properties":{"code":null,"name":"ri Andoni Local Government Area","level":"3","parent":"BmWTbiMgEai","parentGraph":"s5DPBsdoE8b/BmWTbiMgEai","groups":["FbBkTDMs9Kb","u9sz1k03gFY"]}},{"type":"Feature","id":"ibeAABe2n4q","geometry":{"type":"MultiPolygon","coordinates":[[[[7.3401,4.4761],[7.3384,4.4722],[7.3399,4.4785],[7.3401,4.4761]]],[[[7.2112,4.4794],[7.3199,4.4757],[7.326,4.4182],[7.1348,4.3848],[7.2112,4.4794]]],[[[7.0705,4.5619],[7.1174,4.5076],[7.0604,4.4807],[7.0705,4.5619]]],[[[7.0862,4.5707],[7.1077,4.5694],[7.1755,4.527],[7.1088,4.4645],[7.0862,4.5707]]],[[[7.3309,4.5657],[7.3309,4.562],[7.3274,4.5481],[7.3097,4.5681],[7.3298,4.5745],[7.3309,4.5657]]],[[[7.0329,4.4365],[7.0294,4.5873],[7.0718,4.4438],[7.0329,4.4365]]],[[[7.1348,4.5721],[7.1502,4.5776],[7.174,4.5912],[7.1348,4.5721]]],[[[7.03,4.5912],[7.0346,4.6088],[7.0479,4.5969],[7.03,4.5912]]],[[[7.262,4.6209],[7.2626,4.6209],[7.2635,4.6205],[7.3119,4.6123],[7.3,4.5985],[7.262,4.6209]]],[[[7.2318,4.633],[7.2321,4.6324],[7.187,4.6148],[7.1914,4.6229],[7.2318,4.633]]]]},"properties":{"code":null,"name":"ri Bonny Local Government Area","level":"3","parent":"BmWTbiMgEai","parentGraph":"s5DPBsdoE8b/BmWTbiMgEai","groups":["FbBkTDMs9Kb","u9sz1k03gFY"]}},{"type":"Feature","id":"hqPBSOGDEzM","geometry":{"type":"MultiPolygon","coordinates":[[[[6.9077,4.4623],[6.9526,4.3745],[6.8582,4.4057],[6.9077,4.4623]]],[[[6.8498,4.3579],[6.8086,4.4326],[6.7895,4.5767],[6.8498,4.3579]]],[[[7.0294,4.5873],[7.0329,4.4365],[6.9962,4.5987],[7.0294,4.5873]]],[[[6.852,4.6077],[6.9644,4.5424],[6.9994,4.4187],[6.8218,4.5166],[6.852,4.6077]]],[[[7.036,4.6121],[7.0346,4.6088],[7.03,4.5912],[7.036,4.6121]]],[[[6.7904,4.5773],[6.7924,4.5791],[6.7999,4.5868],[6.8001,4.5872],[6.8001,4.5872],[6.8157,4.6277],[6.7904,4.5773]]],[[[7.0032,4.703],[6.999,4.6997],[6.9962,4.6988],[6.9803,4.6902],[7.0032,4.703]]],[[[6.8353,4.7017],[6.9009,4.6795],[6.9392,4.6002],[6.8733,4.5974],[6.8353,4.7017]]],[[[6.97,4.7283],[7.0043,4.7041],[6.9671,4.7299],[6.97,4.7283]]],[[[6.9435,4.7748],[6.9402,4.7633],[6.9391,4.7781],[6.9411,4.7772],[6.9435,4.7748]]],[[[6.9092,4.7726],[6.9116,4.7728],[6.9611,4.7345],[6.9193,4.6663],[6.8676,4.7076],[6.8716,4.7846],[6.9092,4.7726]]],[[[6.7798,4.7968],[6.786,4.7587],[6.762,4.7939],[6.7798,4.7968]]],[[[6.7173,4.8152],[6.7323,4.8007],[6.773,4.6902],[6.7378,4.7318],[6.7004,4.8121],[6.7173,4.8152]]],[[[6.7002,4.8124],[6.6999,4.837],[6.716,4.8159],[6.7002,4.8124]]]]},"properties":{"code":null,"name":"ri Degema Local Government Area","level":"3","parent":"BmWTbiMgEai","parentGraph":"s5DPBsdoE8b/BmWTbiMgEai","groups":["FbBkTDMs9Kb","u9sz1k03gFY"]}},{"type":"Feature","id":"dBypaBcpopp","geometry":{"type":"Polygon","coordinates":[[[6.8513,5.1957],[6.9189,5.1979],[7.008,4.9389],[6.97,4.8705],[6.8828,4.8566],[6.8133,4.9116],[6.815,5.0047],[6.7563,5.052],[6.8043,5.2113],[6.8513,5.1957]]]},"properties":{"code":null,"name":"ri Ikwerre Local Government Area","level":"3","parent":"BmWTbiMgEai","parentGraph":"s5DPBsdoE8b/BmWTbiMgEai","groups":["FbBkTDMs9Kb","u9sz1k03gFY"]}},{"type":"Feature","id":"pisdQsp5JhD","geometry":{"type":"Polygon","coordinates":[[[7.5128,4.793],[7.521,4.7743],[7.5237,4.6586],[7.5234,4.5674],[7.4999,4.5542],[7.4904,4.563],[7.4508,4.6026],[7.4283,4.6015],[7.346,4.5952],[7.3449,4.596],[7.3119,4.6123],[7.3322,4.7083],[7.3023,4.7653],[7.493,4.8154],[7.4964,4.8174],[7.5128,4.793]]]},"properties":{"code":null,"name":"ri Khana Local Government Area","level":"3","parent":"BmWTbiMgEai","parentGraph":"s5DPBsdoE8b/BmWTbiMgEai","groups":["FbBkTDMs9Kb","u9sz1k03gFY"]}},{"type":"Feature","id":"sJPsaF2kLrW","geometry":{"type":"MultiPolygon","coordinates":[[[[6.9436,4.7816],[6.9411,4.7772],[6.9391,4.7781],[6.9436,4.7816]]],[[[6.9121,4.7732],[6.9117,4.7728],[6.9116,4.7728],[6.9092,4.7726],[6.9018,4.793],[6.9121,4.7732]]],[[[7.0972,4.8771],[7.1429,4.8318],[7.0982,4.8055],[7.0751,4.8042],[7.074,4.804],[7.0701,4.8036],[7.0674,4.8034],[6.9737,4.7877],[6.9731,4.7875],[6.9451,4.786],[6.9018,4.7952],[6.8828,4.8566],[6.97,4.8705],[7.008,4.9389],[7.0811,4.8912],[7.0972,4.8771]]]]},"properties":{"code":null,"name":"ri Obio/Akpor Local Government Area","level":"3","parent":"BmWTbiMgEai","parentGraph":"s5DPBsdoE8b/BmWTbiMgEai","groups":["FbBkTDMs9Kb","u9sz1k03gFY"]}},{"type":"Feature","id":"JknfbWsgTzR","geometry":{"type":"Polygon","coordinates":[[[6.63,5.6977],[6.6687,5.6944],[6.652,5.6218],[6.6244,5.4825],[6.7334,5.4798],[6.7244,5.3051],[6.7602,5.2732],[6.7094,5.2653],[6.7066,5.1828],[6.5805,5.2065],[6.5527,5.2102],[6.6181,5.3141],[6.5311,5.3912],[6.4999,5.3898],[6.6258,5.6555],[6.6121,5.7184],[6.63,5.6977]]]},"properties":{"code":null,"name":"ri Ogba/Egbema/Ndoni Local Government Area","level":"3","parent":"BmWTbiMgEai","parentGraph":"s5DPBsdoE8b/BmWTbiMgEai","groups":["FbBkTDMs9Kb","u9sz1k03gFY"]}},{"type":"Feature","id":"VCOO8TvzF7b","geometry":{"type":"MultiPolygon","coordinates":[[[[7.174,4.5912],[7.1502,4.5776],[7.146,4.6443],[7.174,4.5912]]],[[[7.2382,4.681],[7.2246,4.6627],[7.223,4.6621],[7.2204,4.6537],[7.2156,4.6449],[7.1916,4.624],[7.2382,4.681]]],[[[7.2277,4.6938],[7.2336,4.6924],[7.2312,4.6823],[7.207,4.6766],[7.1977,4.6977],[7.198,4.6984],[7.2145,4.7158],[7.2277,4.6938]]]]},"properties":{"code":null,"name":"ri Ogu/Bolo Local Government Area","level":"3","parent":"BmWTbiMgEai","parentGraph":"s5DPBsdoE8b/BmWTbiMgEai","groups":["FbBkTDMs9Kb","u9sz1k03gFY"]}},{"type":"Feature","id":"UBKGWhk0igZ","geometry":{"type":"MultiPolygon","coordinates":[[[[7.0479,4.5969],[7.0346,4.6088],[7.036,4.6121],[7.0479,4.5969]]],[[[7.146,4.6443],[7.1502,4.5776],[7.1348,4.5721],[7.146,4.6443]]],[[[7.1977,4.6977],[7.207,4.6766],[7.1881,4.6656],[7.1878,4.6654],[7.1927,4.6995],[7.198,4.6984],[7.1977,4.6977]]],[[[7.008,4.7013],[7.0664,4.6706],[7.1302,4.5664],[7.0716,4.5912],[7.008,4.7013]]],[[[7.1451,4.7261],[7.1909,4.7004],[7.1004,4.7215],[7.1049,4.7726],[7.1451,4.7261]]]]},"properties":{"code":null,"name":"ri Okrika Local Government Area","level":"3","parent":"BmWTbiMgEai","parentGraph":"s5DPBsdoE8b/BmWTbiMgEai","groups":["FbBkTDMs9Kb","u9sz1k03gFY"]}},{"type":"Feature","id":"pCfnyoQZsle","geometry":{"type":"Polygon","coordinates":[[[7.2648,5.1808],[7.2561,5.0976],[7.1863,4.992],[7.1099,5.0184],[7.1489,5.1951],[7.2516,5.1948],[7.2648,5.1808]]]},"properties":{"code":null,"name":"ri Omumma Local Government Area","level":"3","parent":"BmWTbiMgEai","parentGraph":"s5DPBsdoE8b/BmWTbiMgEai","groups":["FbBkTDMs9Kb","u9sz1k03gFY"]}},{"type":"Feature","id":"zqKhnhIZtRD","geometry":{"type":"MultiPolygon","coordinates":[[[[7.4917,4.5598],[7.4968,4.5544],[7.5355,4.4984],[7.4182,4.5379],[7.4917,4.5598]]],[[[7.4999,4.5542],[7.5234,4.5674],[7.5333,4.5459],[7.4999,4.5542]]],[[[7.4508,4.6026],[7.4904,4.563],[7.4239,4.5716],[7.4283,4.6015],[7.4508,4.6026]]]]},"properties":{"code":null,"name":"ri Opobo/Nkoro Local Government Area","level":"3","parent":"BmWTbiMgEai","parentGraph":"s5DPBsdoE8b/BmWTbiMgEai","groups":["FbBkTDMs9Kb","u9sz1k03gFY"]}},{"type":"Feature","id":"zH952ovyqnD","geometry":{"type":"Polygon","coordinates":[[[7.1548,4.9167],[7.1861,4.8647],[7.3223,4.8797],[7.493,4.8154],[7.3023,4.7653],[7.2868,4.7701],[7.2123,4.8025],[7.1429,4.8318],[7.0972,4.8771],[7.0811,4.8912],[7.1548,4.9167]]]},"properties":{"code":null,"name":"ri Oyigbo Local Government Area","level":"3","parent":"BmWTbiMgEai","parentGraph":"s5DPBsdoE8b/BmWTbiMgEai","groups":["FbBkTDMs9Kb","u9sz1k03gFY"]}},{"type":"Feature","id":"jbyuLOmxaBo","geometry":{"type":"MultiPolygon","coordinates":[[[[7.0879,4.6805],[7.0683,4.6715],[7.0677,4.6713],[7.0664,4.6706],[7.008,4.7013],[7.0879,4.6805]]],[[[7.0058,4.703],[7.0054,4.703],[7.0052,4.7032],[7.0049,4.7035],[7.0045,4.7037],[7.0043,4.7041],[6.97,4.7283],[6.9671,4.7299],[6.9402,4.7633],[6.9435,4.7748],[6.9411,4.7772],[6.9436,4.7816],[7.0058,4.703]]],[[[7.0982,4.8055],[7.1049,4.7726],[7.1004,4.7215],[7.1004,4.721],[7.1002,4.7101],[7.1002,4.7096],[7.1004,4.6816],[7.0751,4.8042],[7.0982,4.8055]]],[[[6.9737,4.7877],[7.0674,4.8034],[7.0298,4.7149],[6.9737,4.7877]]]]},"properties":{"code":null,"name":"ri Port-Harcourt Local Government Area","level":"3","parent":"BmWTbiMgEai","parentGraph":"s5DPBsdoE8b/BmWTbiMgEai","groups":["FbBkTDMs9Kb","u9sz1k03gFY"]}},{"type":"Feature","id":"BmWTbiMgEai","geometry":{"type":"MultiPolygon","coordinates":[[[[7.3879,4.5069],[7.5012,4.4801],[7.5883,4.4909],[7.5787,4.4501],[7.4118,4.4352],[7.3368,4.4446],[7.3879,4.5069]]],[[[7.2112,4.4794],[7.3199,4.4757],[7.326,4.4182],[7.1977,4.3793],[7.2112,4.4794]]],[[[7.0705,4.5619],[7.1174,4.5076],[7.1057,4.4512],[7.0604,4.4807],[7.0705,4.5619]]],[[[7.0001,4.5993],[7.0468,4.5754],[7.0751,4.4495],[7.023,4.4429],[7.0001,4.5993]]],[[[6.852,4.6077],[6.9024,4.6057],[6.9622,4.5448],[6.9435,4.4435],[6.8218,4.5166],[6.852,4.6077]]],[[[7.1343,4.652],[7.1737,4.5943],[7.1304,4.5798],[7.1343,4.652]]],[[[6.863,4.7138],[6.9363,4.6079],[6.8733,4.5974],[6.8212,4.6847],[6.863,4.7138]]],[[[6.8263,4.766],[6.8646,4.7268],[6.7818,4.668],[6.769,4.7345],[6.8263,4.766]]],[[[6.887,4.7963],[6.9611,4.7345],[6.9193,4.6663],[6.8676,4.7076],[6.887,4.7963]]],[[[6.7118,4.6073],[6.6427,4.652],[6.6011,4.7532],[6.4632,4.7125],[6.4475,4.7719],[6.3941,4.7952],[6.3903,4.8883],[6.4308,4.9761],[6.396,4.9983],[6.4902,5.185],[6.5349,5.1821],[6.6181,5.3141],[6.6075,5.3704],[6.4999,5.3898],[6.5509,5.4431],[6.5516,5.5194],[6.6258,5.6555],[6.6121,5.7184],[6.6687,5.6944],[6.6244,5.4825],[6.7334,5.4798],[6.7244,5.3051],[6.7818,5.2289],[6.8513,5.1957],[7.0356,5.1799],[7.2516,5.1948],[7.2719,5.1211],[7.1779,4.9832],[7.1531,4.9053],[7.2153,4.8603],[7.3287,4.8821],[7.4108,4.8692],[7.4964,4.8174],[7.538,4.7235],[7.5333,4.5459],[7.4737,4.5762],[7.4418,4.543],[7.2193,4.6196],[7.0298,4.7149],[7.0074,4.7743],[6.9515,4.7736],[6.8243,4.8249],[6.7596,4.7704],[6.7752,4.6671],[6.8232,4.6209],[6.7959,4.5738],[6.8326,4.4053],[6.7143,4.3599],[6.6967,4.4972],[6.7118,4.6073]]]]},"properties":{"code":"RSPHCMB","name":"ri Rivers State","level":"2","parent":"s5DPBsdoE8b","parentGraph":"s5DPBsdoE8b","groups":["u9sz1k03gFY","aCdSdgaf2uc"]}},{"type":"Feature","id":"DkdO55k5e1b","geometry":{"type":"Polygon","coordinates":[[[5.0688,13.1612],[4.9694,13.0859],[4.9027,13.0756],[4.8193,13.1044],[4.7691,13.113],[4.7609,13.287],[4.9265,13.2888],[5.0688,13.1612]]]},"properties":{"code":null,"name":"so Binji Local Government Area","level":"3","parent":"Gq37IyyjUfj","parentGraph":"s5DPBsdoE8b/Gq37IyyjUfj","groups":["FbBkTDMs9Kb","u9sz1k03gFY"]}},{"type":"Feature","id":"hQDqUz6VoJi","geometry":{"type":"Polygon","coordinates":[[[5.2453,12.9424],[5.3276,12.8439],[5.3619,12.6834],[5.2902,12.6753],[5.1256,12.7825],[5.1331,12.8953],[5.0569,12.929],[5.1628,12.9798],[5.2453,12.9424]]]},"properties":{"code":null,"name":"so Bodinga Local Government Area","level":"3","parent":"Gq37IyyjUfj","parentGraph":"s5DPBsdoE8b/Gq37IyyjUfj","groups":["FbBkTDMs9Kb","u9sz1k03gFY"]}},{"type":"Feature","id":"qLIC9sV2RXf","geometry":{"type":"Polygon","coordinates":[[[5.5169,13.0056],[5.5915,12.8482],[5.7268,12.7197],[5.7068,12.7059],[5.5164,12.6304],[5.3619,12.6834],[5.3276,12.8439],[5.2453,12.9424],[5.2704,12.9759],[5.3045,12.9977],[5.5169,13.0056]]]},"properties":{"code":null,"name":"so Dange-Shuni Local Government Area","level":"3","parent":"Gq37IyyjUfj","parentGraph":"s5DPBsdoE8b/Gq37IyyjUfj","groups":["zAywu9z1ZWc","FbBkTDMs9Kb","u9sz1k03gFY"]}},{"type":"Feature","id":"t6muhWXVRjB","geometry":{"type":"Polygon","coordinates":[[[5.5842,13.57],[5.4533,13.4829],[5.422,13.5042],[5.3928,13.6158],[5.3234,13.5272],[5.1934,13.5437],[5.1908,13.7439],[5.2704,13.7461],[5.3553,13.8449],[5.5363,13.888],[5.5127,13.7173],[5.5842,13.57]]]},"properties":{"code":null,"name":"so Gada Local Government Area","level":"3","parent":"Gq37IyyjUfj","parentGraph":"s5DPBsdoE8b/Gq37IyyjUfj","groups":["FbBkTDMs9Kb","u9sz1k03gFY"]}},{"type":"Feature","id":"hW3Xnmf6bc1","geometry":{"type":"Polygon","coordinates":[[[5.9313,13.5925],[6.0215,13.4006],[5.9586,13.3077],[5.9561,13.232],[6.0477,13.137],[6.0325,13.0523],[5.8663,13.1728],[5.7574,13.1654],[5.7372,13.2547],[5.8239,13.2532],[5.8151,13.3051],[5.5719,13.3088],[5.5287,13.3788],[5.5968,13.4889],[5.597,13.5696],[5.6791,13.5984],[5.7343,13.4536],[5.7651,13.451],[5.8027,13.5848],[5.9313,13.5925]]]},"properties":{"code":null,"name":"so Goronyo Local Government Area","level":"3","parent":"Gq37IyyjUfj","parentGraph":"s5DPBsdoE8b/Gq37IyyjUfj","groups":["FbBkTDMs9Kb","u9sz1k03gFY"]}},{"type":"Feature","id":"L1P5UbZSL5W","geometry":{"type":"Polygon","coordinates":[[[4.7609,13.287],[4.7691,13.113],[4.7293,13.0573],[4.5902,13.0982],[4.3615,13.2092],[4.1291,13.2127],[4.1305,13.4726],[4.1974,13.473],[4.4648,13.7032],[4.8618,13.7807],[4.808,13.6262],[4.8036,13.4638],[4.7609,13.287]]]},"properties":{"code":null,"name":"so Gudu Local Government Area","level":"3","parent":"Gq37IyyjUfj","parentGraph":"s5DPBsdoE8b/Gq37IyyjUfj","groups":["FbBkTDMs9Kb","u9sz1k03gFY"]}},{"type":"Feature","id":"oJq1FJnNJca","geometry":{"type":"Polygon","coordinates":[[[5.422,13.5042],[5.4533,13.4829],[5.5842,13.57],[5.597,13.5696],[5.5968,13.4889],[5.5287,13.3788],[5.3914,13.2479],[5.3481,13.2694],[5.2654,13.3315],[5.1896,13.2743],[5.2073,13.44],[5.1934,13.5437],[5.3234,13.5272],[5.3928,13.6158],[5.422,13.5042]]]},"properties":{"code":null,"name":"so Gwadabawa Local Government Area","level":"3","parent":"Gq37IyyjUfj","parentGraph":"s5DPBsdoE8b/Gq37IyyjUfj","groups":["FbBkTDMs9Kb","u9sz1k03gFY"]}},{"type":"Feature","id":"cOXfSVoQY61","geometry":{"type":"Polygon","coordinates":[[[5.9313,13.5925],[5.8027,13.5848],[5.7651,13.451],[5.7343,13.4536],[5.6791,13.5984],[5.597,13.5696],[5.5842,13.57],[5.5127,13.7173],[5.5363,13.888],[5.7532,13.7945],[6.0274,13.7005],[5.9313,13.5925]]]},"properties":{"code":null,"name":"so Illela Local Government Area","level":"3","parent":"Gq37IyyjUfj","parentGraph":"s5DPBsdoE8b/Gq37IyyjUfj","groups":["zAywu9z1ZWc","FbBkTDMs9Kb","u9sz1k03gFY"]}},{"type":"Feature","id":"xWacoLXLfIQ","geometry":{"type":"Polygon","coordinates":[[[6.7743,13.1907],[6.6331,13.0956],[6.4264,13.1169],[6.3511,13.1614],[6.282,13.1632],[6.2603,13.0465],[6.2442,13.0522],[6.1639,13.0657],[6.0503,12.9957],[6.0325,13.0523],[6.0477,13.137],[5.9561,13.232],[5.9586,13.3077],[6.0215,13.4006],[6.0792,13.354],[6.4321,13.2912],[6.5628,13.3108],[6.6586,13.3738],[6.7743,13.1907]]]},"properties":{"code":null,"name":"so Isa Local Government Area","level":"3","parent":"Gq37IyyjUfj","parentGraph":"s5DPBsdoE8b/Gq37IyyjUfj","groups":["FbBkTDMs9Kb","u9sz1k03gFY"]}},{"type":"Feature","id":"hD0cMZ5rnvy","geometry":{"type":"Polygon","coordinates":[[[5.0235,11.6806],[4.9229,11.6872],[4.8934,11.6988],[4.685,11.6078],[4.6186,11.5384],[4.5605,11.5521],[4.525,11.6357],[4.5902,11.8282],[4.6065,12.0499],[4.797,12.1251],[4.8712,12.207],[5.038,12.2303],[5.0235,11.6806]]]},"properties":{"code":null,"name":"so Kebbe Local Government Area","level":"3","parent":"Gq37IyyjUfj","parentGraph":"s5DPBsdoE8b/Gq37IyyjUfj","groups":["FbBkTDMs9Kb","u9sz1k03gFY"]}},{"type":"Feature","id":"UrQbcyC7ETp","geometry":{"type":"Polygon","coordinates":[[[5.3481,13.2694],[5.3914,13.2479],[5.3476,13.218],[5.3974,13.1086],[5.4607,13.091],[5.5169,13.0056],[5.3045,12.9977],[5.2915,13.0283],[5.2997,13.0698],[5.284,13.0936],[5.2354,13.0883],[5.154,13.1528],[5.1392,13.1735],[5.1896,13.2743],[5.2654,13.3315],[5.3481,13.2694]]]},"properties":{"code":null,"name":"so Kware Local Government Area","level":"3","parent":"Gq37IyyjUfj","parentGraph":"s5DPBsdoE8b/Gq37IyyjUfj","groups":["FbBkTDMs9Kb","u9sz1k03gFY"]}},{"type":"Feature","id":"pWmH5QvXLOO","geometry":{"type":"Polygon","coordinates":[[[5.7574,13.1654],[5.8663,13.1728],[6.0325,13.0523],[6.0503,12.9957],[6.0653,12.7912],[5.9764,12.7441],[5.7268,12.7197],[5.5915,12.8482],[5.5169,13.0056],[5.4607,13.091],[5.3974,13.1086],[5.6302,13.2428],[5.7372,13.2547],[5.7574,13.1654]]]},"properties":{"code":null,"name":"so Rabah Local Government Area","level":"3","parent":"Gq37IyyjUfj","parentGraph":"s5DPBsdoE8b/Gq37IyyjUfj","groups":["FbBkTDMs9Kb","u9sz1k03gFY"]}},{"type":"Feature","id":"TT41b9ALeMJ","geometry":{"type":"Polygon","coordinates":[[[6.6586,13.3738],[6.5628,13.3108],[6.4321,13.2912],[6.0792,13.354],[6.0215,13.4006],[5.9313,13.5925],[6.0274,13.7005],[6.1494,13.6429],[6.2834,13.6667],[6.4335,13.5919],[6.6586,13.3738]]]},"properties":{"code":null,"name":"so Sabon Birni Local Government Area","level":"3","parent":"Gq37IyyjUfj","parentGraph":"s5DPBsdoE8b/Gq37IyyjUfj","groups":["FbBkTDMs9Kb","u9sz1k03gFY"]}},{"type":"Feature","id":"RejhrFRTR3j","geometry":{"type":"Polygon","coordinates":[[[5.3452,12.2477],[5.2416,12.2461],[5.226,12.3471],[5.0299,12.5164],[5.0017,12.4173],[4.9595,12.4209],[4.9405,12.5556],[5.0466,12.6394],[5.1256,12.6421],[5.1256,12.7825],[5.2902,12.6753],[5.3027,12.5192],[5.3353,12.457],[5.3452,12.2477]]]},"properties":{"code":null,"name":"so Shagari Local Government Area","level":"3","parent":"Gq37IyyjUfj","parentGraph":"s5DPBsdoE8b/Gq37IyyjUfj","groups":["FbBkTDMs9Kb","u9sz1k03gFY"]}},{"type":"Feature","id":"FBvTsFseeUW","geometry":{"type":"Polygon","coordinates":[[[4.9027,13.0756],[4.9694,13.0859],[5.0213,12.9294],[4.9768,12.859],[4.8094,12.8357],[4.768,12.8896],[4.8193,13.1044],[4.9027,13.0756]]]},"properties":{"code":null,"name":"so Silame Local Government Area","level":"3","parent":"Gq37IyyjUfj","parentGraph":"s5DPBsdoE8b/Gq37IyyjUfj","groups":["FbBkTDMs9Kb","u9sz1k03gFY"]}},{"type":"Feature","id":"avORuGgsXUB","geometry":{"type":"Polygon","coordinates":[[[5.284,13.0936],[5.2997,13.0698],[5.242,13.0287],[5.2354,13.0883],[5.284,13.0936]]]},"properties":{"code":null,"name":"so Sokoto North Local Government Area","level":"3","parent":"Gq37IyyjUfj","parentGraph":"s5DPBsdoE8b/Gq37IyyjUfj","groups":["zAywu9z1ZWc","FbBkTDMs9Kb","u9sz1k03gFY"]}},{"type":"Feature","id":"ymO9vBUrhKz","geometry":{"type":"Polygon","coordinates":[[[5.2915,13.0283],[5.3045,12.9977],[5.2704,12.9759],[5.242,13.0287],[5.2997,13.0698],[5.2915,13.0283]]]},"properties":{"code":null,"name":"so Sokoto South Local Government Area","level":"3","parent":"Gq37IyyjUfj","parentGraph":"s5DPBsdoE8b/Gq37IyyjUfj","groups":["FbBkTDMs9Kb","u9sz1k03gFY"]}},{"type":"Feature","id":"Gq37IyyjUfj","geometry":{"type":"Polygon","coordinates":[[[6.7743,13.1907],[6.6108,13.0863],[6.4264,13.1169],[6.3989,13.1495],[6.282,13.1632],[6.2607,13.0467],[6.1639,13.0657],[6.0514,13.0124],[6.0635,12.786],[5.9764,12.7441],[5.709,12.7098],[5.6221,12.5804],[5.542,12.5204],[5.5767,12.3335],[5.5248,12.2583],[5.213,12.2442],[5.0624,12.2706],[5.0341,12.2129],[5.0341,11.9],[5.0235,11.6806],[4.8934,11.6988],[4.685,11.6078],[4.6186,11.5384],[4.5737,11.543],[4.5202,11.6093],[4.5812,11.775],[4.6172,11.9636],[4.6027,12.1383],[4.6212,12.3562],[4.6808,12.394],[4.8241,12.3797],[4.8309,12.519],[4.8039,12.6068],[4.827,12.7879],[4.768,12.8896],[4.8224,13.0958],[4.7867,13.1284],[4.7293,13.0573],[4.6505,13.0613],[4.3798,13.1896],[4.353,13.2232],[4.2662,13.203],[4.1291,13.2127],[4.1305,13.4726],[4.1974,13.473],[4.4648,13.7032],[4.8706,13.7826],[4.9095,13.7487],[5.2704,13.7461],[5.3553,13.8449],[5.5265,13.892],[5.7532,13.7945],[6.0847,13.6799],[6.1494,13.6429],[6.2834,13.6667],[6.4335,13.5919],[6.6779,13.3555],[6.7743,13.1907]]]},"properties":{"code":null,"name":"so Sokoto State","level":"2","parent":"s5DPBsdoE8b","parentGraph":"s5DPBsdoE8b","groups":["noO9vWjq7bk","aCdSdgaf2uc","FDdJ6PFtOPk","u9sz1k03gFY"]}},{"type":"Feature","id":"g6sMYyM07Al","geometry":{"type":"Polygon","coordinates":[[[4.9595,12.4209],[5.0017,12.4173],[5.0299,12.5164],[5.226,12.3471],[5.2416,12.2461],[5.0624,12.2706],[5.038,12.2303],[4.8712,12.207],[4.797,12.1251],[4.6065,12.0499],[4.6029,12.1485],[4.6051,12.2103],[4.6212,12.3562],[4.6808,12.394],[4.8241,12.3797],[4.8309,12.519],[4.8034,12.6405],[4.8074,12.6671],[4.8228,12.7681],[4.9152,12.7059],[4.9405,12.5556],[4.9595,12.4209]]]},"properties":{"code":null,"name":"so Tambuwal Local Government Area","level":"3","parent":"Gq37IyyjUfj","parentGraph":"s5DPBsdoE8b/Gq37IyyjUfj","groups":["zAywu9z1ZWc","FbBkTDMs9Kb","u9sz1k03gFY"]}},{"type":"Feature","id":"ZjeR61Cy7Ku","geometry":{"type":"Polygon","coordinates":[[[5.1908,13.7439],[5.1934,13.5437],[5.2073,13.44],[5.1896,13.2743],[5.1392,13.1735],[5.0688,13.1612],[4.9265,13.2888],[4.7609,13.287],[4.8036,13.4638],[4.808,13.6262],[4.8618,13.7807],[4.9095,13.7487],[5.1908,13.7439]]]},"properties":{"code":null,"name":"so Tangaza Local Government Area","level":"3","parent":"Gq37IyyjUfj","parentGraph":"s5DPBsdoE8b/Gq37IyyjUfj","groups":["FbBkTDMs9Kb","u9sz1k03gFY"]}},{"type":"Feature","id":"W3v9lmNAfuL","geometry":{"type":"Polygon","coordinates":[[[5.5666,12.2919],[5.5532,12.2776],[5.3452,12.2477],[5.3353,12.457],[5.3027,12.5192],[5.2902,12.6753],[5.3619,12.6834],[5.5164,12.6304],[5.7068,12.7059],[5.6221,12.5804],[5.542,12.5204],[5.5666,12.2919]]]},"properties":{"code":null,"name":"so Tureta Local Government Area","level":"3","parent":"Gq37IyyjUfj","parentGraph":"s5DPBsdoE8b/Gq37IyyjUfj","groups":["FbBkTDMs9Kb","u9sz1k03gFY"]}},{"type":"Feature","id":"arJvk35XJiS","geometry":{"type":"Polygon","coordinates":[[[5.154,13.1528],[5.2354,13.0883],[5.242,13.0287],[5.2704,12.9759],[5.2453,12.9424],[5.1628,12.9798],[5.0569,12.929],[5.029,12.9286],[5.0213,12.9294],[4.9694,13.0859],[5.0688,13.1612],[5.1392,13.1735],[5.154,13.1528]]]},"properties":{"code":null,"name":"so Wamako Local Government Area","level":"3","parent":"Gq37IyyjUfj","parentGraph":"s5DPBsdoE8b/Gq37IyyjUfj","groups":["zAywu9z1ZWc","FbBkTDMs9Kb","u9sz1k03gFY"]}},{"type":"Feature","id":"p1KoM2nuUQ1","geometry":{"type":"Polygon","coordinates":[[[5.5719,13.3088],[5.8151,13.3051],[5.8239,13.2532],[5.7372,13.2547],[5.6302,13.2428],[5.3974,13.1086],[5.3476,13.218],[5.3914,13.2479],[5.5287,13.3788],[5.5719,13.3088]]]},"properties":{"code":null,"name":"so Wurno Local Government Area","level":"3","parent":"Gq37IyyjUfj","parentGraph":"s5DPBsdoE8b/Gq37IyyjUfj","groups":["FbBkTDMs9Kb","u9sz1k03gFY"]}},{"type":"Feature","id":"dmnkWCgtXPA","geometry":{"type":"Polygon","coordinates":[[[5.029,12.9286],[5.0569,12.929],[5.1331,12.8953],[5.1256,12.7825],[5.1256,12.6421],[5.0466,12.6394],[4.9405,12.5556],[4.9152,12.7059],[4.8228,12.7681],[4.8094,12.8357],[4.9768,12.859],[5.0213,12.9294],[5.029,12.9286]]]},"properties":{"code":null,"name":"so Yabo Local Government Area","level":"3","parent":"Gq37IyyjUfj","parentGraph":"s5DPBsdoE8b/Gq37IyyjUfj","groups":["FbBkTDMs9Kb","u9sz1k03gFY"]}},{"type":"Feature","id":"KeXsNtlnZBz","geometry":{"type":"Polygon","coordinates":[[[11.2824,9.0061],[11.3409,8.9144],[11.5517,8.7808],[11.6212,8.647],[11.472,8.6283],[11.2819,8.5665],[11.1782,8.6311],[11.0519,8.7284],[10.9254,8.8197],[10.9927,9.0226],[11.1442,9.121],[11.1879,9.04],[11.2824,9.0061]]]},"properties":{"code":null,"name":"ta Ardo-Kola Local Government Area","level":"3","parent":"jXngIDniC8t","parentGraph":"s5DPBsdoE8b/jXngIDniC8t","groups":["l21ImB7r5JK","u9sz1k03gFY","j6UuBZKGhUp"]}},{"type":"Feature","id":"AaNOXtIkaRW","geometry":{"type":"Polygon","coordinates":[[[11.8666,8.6241],[11.862,8.5761],[11.6877,8.3882],[11.4029,8.0695],[11.2247,8.0412],[11.0913,7.9514],[11.0235,7.8451],[10.8558,7.6851],[10.7927,7.673],[10.5313,7.5482],[10.4551,7.5572],[10.3627,7.7192],[10.4369,7.8187],[10.3981,7.958],[10.4609,7.9785],[10.6756,8.1956],[10.8763,8.3327],[10.9626,8.4164],[11.0968,8.4894],[11.1782,8.6311],[11.2819,8.5665],[11.472,8.6283],[11.6212,8.647],[11.6961,8.6651],[11.8666,8.6241]]]},"properties":{"code":null,"name":"ta Bali Local Government Area","level":"3","parent":"jXngIDniC8t","parentGraph":"s5DPBsdoE8b/jXngIDniC8t","groups":["AyKZhnMoWrE","u9sz1k03gFY","j6UuBZKGhUp"]}},{"type":"Feature","id":"QbXOFEqSvmW","geometry":{"type":"Polygon","coordinates":[[[10.3981,7.958],[10.4369,7.8187],[10.3627,7.7192],[10.4551,7.5572],[10.5313,7.5482],[10.7927,7.673],[10.8558,7.6851],[10.4721,7.3546],[10.4399,7.2771],[10.2995,7.3024],[10.2861,7.4723],[10.0546,7.6226],[9.9597,7.6332],[9.8233,7.6089],[9.7824,7.6457],[10.0068,7.8129],[10.2163,8.0104],[10.2837,8.1056],[10.3689,8.1272],[10.3981,7.958]]]},"properties":{"code":null,"name":"ta Donga Local Government Area","level":"3","parent":"jXngIDniC8t","parentGraph":"s5DPBsdoE8b/jXngIDniC8t","groups":["JGgjAlRGXGk","u9sz1k03gFY","j6UuBZKGhUp"]}},{"type":"Feature","id":"uCfN8gLOWni","geometry":{"type":"Polygon","coordinates":[[[11.5218,7.8486],[11.6213,7.9375],[11.6954,7.9184],[11.8402,7.7641],[11.8657,7.5581],[11.9161,7.4444],[11.8043,7.2775],[11.8481,7.0861],[11.7156,7.0326],[11.6043,7.1184],[11.4131,7.0634],[11.349,7.0898],[11.2159,7.2093],[11.2018,7.3524],[11.1398,7.3939],[11.0511,7.3541],[11.0293,7.383],[10.9705,7.5887],[10.8558,7.6851],[11.0235,7.8451],[11.0913,7.9514],[11.2247,8.0412],[11.4029,8.0695],[11.441,7.9558],[11.5218,7.8486]]]},"properties":{"code":null,"name":"ta Gashaka Local Government Area","level":"3","parent":"jXngIDniC8t","parentGraph":"s5DPBsdoE8b/jXngIDniC8t","groups":["AyKZhnMoWrE","u9sz1k03gFY","j6UuBZKGhUp"]}},{"type":"Feature","id":"QBGYMl8ZlOu","geometry":{"type":"Polygon","coordinates":[[[11.0519,8.7284],[11.1782,8.6311],[11.0968,8.4894],[10.9626,8.4164],[10.8763,8.3327],[10.6756,8.1956],[10.4609,7.9785],[10.3981,7.958],[10.3689,8.1272],[10.3074,8.2297],[10.2491,8.254],[10.0839,8.2111],[9.9824,8.2786],[10.1127,8.4668],[10.2925,8.6701],[10.4109,8.6897],[10.5997,8.7324],[10.7709,8.7251],[10.8864,8.7672],[10.9254,8.8197],[11.0519,8.7284]]]},"properties":{"code":null,"name":"ta Gassol Local Government Area","level":"3","parent":"jXngIDniC8t","parentGraph":"s5DPBsdoE8b/jXngIDniC8t","groups":["AyKZhnMoWrE","zAywu9z1ZWc","u9sz1k03gFY","j6UuBZKGhUp"]}},{"type":"Feature","id":"OSRrQMUGYZm","geometry":{"type":"Polygon","coordinates":[[[10.4109,8.6897],[10.2925,8.6701],[10.1127,8.4668],[9.9824,8.2786],[9.9179,8.2297],[9.8347,8.0825],[9.7586,8.044],[9.6495,8.0753],[9.4956,8.0513],[9.4248,8.0088],[9.2989,8.0049],[9.3704,8.0531],[9.3592,8.1723],[9.2987,8.2344],[9.3528,8.3286],[9.5297,8.2788],[9.6156,8.3512],[9.7582,8.3591],[9.8546,8.3913],[9.9787,8.5145],[10.0744,8.5651],[10.2032,8.7341],[10.3017,8.7693],[10.4109,8.6897]]]},"properties":{"code":null,"name":"ta Ibi Local Government Area","level":"3","parent":"jXngIDniC8t","parentGraph":"s5DPBsdoE8b/jXngIDniC8t","groups":["JGgjAlRGXGk","u9sz1k03gFY","j6UuBZKGhUp"]}},{"type":"Feature","id":"NCmDHoh16Sd","geometry":{"type":"Polygon","coordinates":[[[11.3867,8.9813],[11.5517,8.7808],[11.3409,8.9144],[11.2824,9.0061],[11.3867,8.9813]]]},"properties":{"code":null,"name":"ta Jalingo Local Government Area","level":"3","parent":"jXngIDniC8t","parentGraph":"s5DPBsdoE8b/jXngIDniC8t","groups":["l21ImB7r5JK","zAywu9z1ZWc","u9sz1k03gFY","j6UuBZKGhUp"]}},{"type":"Feature","id":"A49nOVVVRNQ","geometry":{"type":"Polygon","coordinates":[[[11.0042,9.5871],[11.0687,9.5864],[11.3948,9.5843],[11.5259,9.592],[11.6322,9.4049],[11.6527,9.3967],[11.5874,9.3682],[11.3426,9.1954],[11.1442,9.121],[10.9927,9.0226],[10.9254,8.8197],[10.8864,8.7672],[10.7709,8.7251],[10.5997,8.7324],[10.4109,8.6897],[10.3017,8.7693],[10.4281,8.7892],[10.6248,8.8834],[10.6536,8.9329],[10.6303,9.176],[10.5931,9.2379],[10.5883,9.4073],[10.5605,9.4967],[10.6345,9.5393],[10.7291,9.5266],[10.9003,9.6043],[11.0042,9.5871]]]},"properties":{"code":null,"name":"ta Karim-Lamido Local Government Area","level":"3","parent":"jXngIDniC8t","parentGraph":"s5DPBsdoE8b/jXngIDniC8t","groups":["l21ImB7r5JK","u9sz1k03gFY","j6UuBZKGhUp"]}},{"type":"Feature","id":"xeo1KPVCZRW","geometry":{"type":"Polygon","coordinates":[[[11.0293,7.383],[11.0511,7.3541],[11.0718,7.2877],[11.0317,7.1112],[10.8449,6.9327],[10.6013,7.0759],[10.574,7.158],[10.5431,6.9411],[10.471,6.9155],[10.2175,6.8911],[10.155,7.0396],[10.2612,7.1657],[10.2841,7.2815],[10.2995,7.3024],[10.4399,7.2771],[10.4721,7.3546],[10.8558,7.6851],[10.9705,7.5887],[11.0293,7.383]]]},"properties":{"code":null,"name":"ta Kurmi Local Government Area","level":"3","parent":"jXngIDniC8t","parentGraph":"s5DPBsdoE8b/jXngIDniC8t","groups":["AyKZhnMoWrE","zAywu9z1ZWc","u9sz1k03gFY","j6UuBZKGhUp"]}},{"type":"Feature","id":"x6AEMW3qkbC","geometry":{"type":"Polygon","coordinates":[[[11.821,9.2251],[11.8274,9.1846],[11.8255,9.1318],[11.5183,9.0535],[11.3867,8.9813],[11.2824,9.0061],[11.1879,9.04],[11.1442,9.121],[11.3426,9.1954],[11.5874,9.3682],[11.6527,9.3967],[11.7464,9.36],[11.8017,9.2579],[11.821,9.2251]]]},"properties":{"code":null,"name":"ta Lau Local Government Area","level":"3","parent":"jXngIDniC8t","parentGraph":"s5DPBsdoE8b/jXngIDniC8t","groups":["l21ImB7r5JK","zAywu9z1ZWc","u9sz1k03gFY","j6UuBZKGhUp"]}},{"type":"Feature","id":"ISQWCvZ7hDs","geometry":{"type":"Polygon","coordinates":[[[11.2018,7.3524],[11.2159,7.2093],[11.349,7.0898],[11.4131,7.0634],[11.6043,7.1184],[11.7156,7.0326],[11.6261,6.9723],[11.5594,6.8667],[11.6003,6.8007],[11.5209,6.6099],[11.4333,6.5997],[11.4294,6.5306],[11.3305,6.5053],[11.1534,6.5626],[11.101,6.541],[11.1048,6.6821],[11.0359,6.7188],[10.9195,6.7089],[10.9155,6.7608],[10.818,6.8557],[10.8449,6.9327],[11.0317,7.1112],[11.0718,7.2877],[11.0511,7.3541],[11.1398,7.3939],[11.2018,7.3524]]]},"properties":{"code":null,"name":"ta Sardauna Local Government Area","level":"3","parent":"jXngIDniC8t","parentGraph":"s5DPBsdoE8b/jXngIDniC8t","groups":["AyKZhnMoWrE","u9sz1k03gFY","j6UuBZKGhUp"]}},{"type":"Feature","id":"lbZRgmFOy4I","geometry":{"type":"Polygon","coordinates":[[[9.9597,7.6332],[10.0546,7.6226],[10.2861,7.4723],[10.2995,7.3024],[10.2841,7.2815],[10.2612,7.283],[10.1015,7.2558],[9.879,7.2514],[9.8757,7.2821],[9.9226,7.4762],[9.8411,7.5957],[9.8233,7.6089],[9.9597,7.6332]]]},"properties":{"code":null,"name":"ta Takum Local Government Area","level":"3","parent":"jXngIDniC8t","parentGraph":"s5DPBsdoE8b/jXngIDniC8t","groups":["JGgjAlRGXGk","zAywu9z1ZWc","u9sz1k03gFY","j6UuBZKGhUp"]}},{"type":"Feature","id":"jXngIDniC8t","geometry":{"type":"Polygon","coordinates":[[[11.0042,9.5871],[11.0687,9.5864],[11.1263,9.5752],[11.5259,9.592],[11.6375,9.3979],[11.7126,9.3805],[11.7687,9.3268],[11.831,9.2024],[11.8292,9.1058],[11.939,9.035],[11.9758,8.9443],[11.9597,8.886],[11.8629,8.7022],[11.862,8.5761],[11.7632,8.4919],[11.6237,8.3066],[11.4802,8.1666],[11.4001,8.0643],[11.441,7.9558],[11.5315,7.8409],[11.6213,7.9375],[11.6954,7.9184],[11.8402,7.7641],[11.8657,7.5581],[11.9161,7.4444],[11.8492,7.3728],[11.8043,7.2775],[11.8103,7.1822],[11.8481,7.0861],[11.7183,7.0588],[11.6261,6.9723],[11.5594,6.8667],[11.6003,6.8007],[11.5209,6.6099],[11.4333,6.5997],[11.4304,6.5472],[11.3305,6.5053],[11.1534,6.5626],[11.101,6.541],[11.1048,6.6821],[11.0359,6.7188],[10.9978,6.6843],[10.9195,6.7089],[10.9155,6.7608],[10.818,6.8557],[10.8459,6.9287],[10.6013,7.0759],[10.5431,6.9411],[10.471,6.9155],[10.2175,6.8911],[10.1748,6.9408],[10.1549,7.0396],[9.9727,6.8744],[9.8799,6.7698],[9.7841,6.7963],[9.7617,6.6719],[9.7091,6.5163],[9.6451,6.5234],[9.6794,6.6972],[9.6763,6.7971],[9.7058,7.0119],[9.7593,7.1114],[9.8647,7.1952],[9.875,7.3138],[9.9226,7.4762],[9.9014,7.5387],[9.7663,7.6607],[9.6114,7.8306],[9.4906,7.859],[9.3585,7.8669],[9.1083,7.8184],[9.1695,7.9144],[9.3704,8.0531],[9.3592,8.1723],[9.2987,8.2344],[9.3528,8.3286],[9.5297,8.2788],[9.6156,8.3512],[9.6776,8.3471],[9.8546,8.3913],[9.9787,8.5145],[10.0935,8.5748],[10.2436,8.7573],[10.4281,8.7892],[10.6248,8.8834],[10.6536,8.9329],[10.6303,9.176],[10.5931,9.2379],[10.5891,9.399],[10.5605,9.4967],[10.6345,9.5393],[10.7291,9.5266],[10.9003,9.6043],[11.0042,9.5871]]]},"properties":{"code":null,"name":"ta Taraba State","level":"2","parent":"s5DPBsdoE8b","parentGraph":"s5DPBsdoE8b","groups":["VZ50tpviPWt","aCdSdgaf2uc","FDdJ6PFtOPk","u9sz1k03gFY"]}},{"type":"Feature","id":"zqIvvsnQyOl","geometry":{"type":"Polygon","coordinates":[[[10.2612,7.283],[10.2841,7.2815],[10.2612,7.1657],[10.155,7.0396],[9.8799,6.7698],[9.7841,6.7963],[9.7091,6.5163],[9.6451,6.5234],[9.6794,6.6972],[9.7058,7.0119],[9.7593,7.1114],[9.879,7.2514],[10.1015,7.2558],[10.2612,7.283]]]},"properties":{"code":null,"name":"ta Ussa Local Government Area","level":"3","parent":"jXngIDniC8t","parentGraph":"s5DPBsdoE8b/jXngIDniC8t","groups":["JGgjAlRGXGk","u9sz1k03gFY","j6UuBZKGhUp"]}},{"type":"Feature","id":"tCWzHYQNq4r","geometry":{"type":"Polygon","coordinates":[[[10.0839,8.2111],[10.2491,8.254],[10.3074,8.2297],[10.3689,8.1272],[10.2837,8.1056],[10.2163,8.0104],[10.0068,7.8129],[9.7824,7.6457],[9.6114,7.8306],[9.3861,7.8656],[9.1083,7.8184],[9.1695,7.9144],[9.2989,8.0049],[9.4248,8.0088],[9.4956,8.0513],[9.6495,8.0753],[9.7586,8.044],[9.8347,8.0825],[9.9179,8.2297],[9.9824,8.2786],[10.0839,8.2111]]]},"properties":{"code":null,"name":"ta Wukari Local Government Area","level":"3","parent":"jXngIDniC8t","parentGraph":"s5DPBsdoE8b/jXngIDniC8t","groups":["JGgjAlRGXGk","u9sz1k03gFY","j6UuBZKGhUp"]}},{"type":"Feature","id":"FmeB6bXV375","geometry":{"type":"Polygon","coordinates":[[[11.8261,9.1239],[11.8558,9.0737],[11.7947,9.0281],[11.6505,8.9899],[11.7497,8.7911],[11.8622,8.6706],[11.8666,8.6241],[11.6961,8.6651],[11.6212,8.647],[11.5517,8.7808],[11.3867,8.9813],[11.5183,9.0535],[11.8255,9.1318],[11.8261,9.1239]]]},"properties":{"code":null,"name":"ta Yorro Local Government Area","level":"3","parent":"jXngIDniC8t","parentGraph":"s5DPBsdoE8b/jXngIDniC8t","groups":["l21ImB7r5JK","u9sz1k03gFY","j6UuBZKGhUp"]}},{"type":"Feature","id":"whPk4TgNrwq","geometry":{"type":"Polygon","coordinates":[[[11.862,8.6738],[11.8622,8.6706],[11.7497,8.7911],[11.6505,8.9899],[11.7947,9.0281],[11.8558,9.0737],[11.939,9.035],[11.9758,8.9443],[11.862,8.6738]]]},"properties":{"code":null,"name":"ta Zing Local Government Area","level":"3","parent":"jXngIDniC8t","parentGraph":"s5DPBsdoE8b/jXngIDniC8t","groups":["l21ImB7r5JK","u9sz1k03gFY","j6UuBZKGhUp"]}},{"type":"Feature","id":"eC5QWisyqrk","geometry":{"type":"MultiPolygon","coordinates":[[[[11.2005,12.4862],[11.0992,12.4962],[11.0026,12.6213],[11.0258,12.7534],[11.149,12.6445],[11.2005,12.4862]]],[[[11.0104,12.8045],[10.9326,12.8176],[10.6387,12.7092],[10.5806,12.6574],[10.5423,12.7686],[10.5783,12.8073],[10.8158,12.8549],[11.0467,12.8641],[11.0104,12.8045]]]]},"properties":{"code":null,"name":"yo Bade Local Government Area","level":"3","parent":"Ym1fEhWFWYI","parentGraph":"s5DPBsdoE8b/Ym1fEhWFWYI","groups":["FbBkTDMs9Kb","u9sz1k03gFY","j6UuBZKGhUp"]}},{"type":"Feature","id":"jJOZZJZI0x5","geometry":{"type":"Polygon","coordinates":[[[12.2847,12.0105],[12.2942,11.9196],[12.3098,11.8364],[12.237,11.6595],[12.1776,11.6225],[11.9064,11.565],[11.8059,11.5175],[11.8063,11.751],[11.7825,11.8302],[11.682,11.9423],[11.8096,11.9906],[11.91,11.9612],[12.0162,12.0102],[12.0959,11.9975],[12.2874,12.0276],[12.2847,12.0105]]]},"properties":{"code":null,"name":"yo Damaturu Local Government Area","level":"3","parent":"Ym1fEhWFWYI","parentGraph":"s5DPBsdoE8b/Ym1fEhWFWYI","groups":["FbBkTDMs9Kb","u9sz1k03gFY","j6UuBZKGhUp"]}},{"type":"Feature","id":"PppXufBemal","geometry":{"type":"Polygon","coordinates":[[[11.3211,11.6669],[11.355,11.4744],[11.4217,11.3782],[11.5643,11.3569],[11.5951,11.22],[11.5141,11.0345],[11.382,11.1936],[11.2097,11.314],[11.0962,11.3329],[11.0143,11.2948],[10.9388,11.3252],[10.9459,11.3773],[10.9747,11.4955],[10.9819,11.5006],[11.057,11.5767],[11.1851,11.5844],[11.3211,11.6669]]]},"properties":{"code":null,"name":"yo Fika Local Government Area","level":"3","parent":"Ym1fEhWFWYI","parentGraph":"s5DPBsdoE8b/Ym1fEhWFWYI","groups":["FbBkTDMs9Kb","u9sz1k03gFY","j6UuBZKGhUp"]}},{"type":"Feature","id":"t0RDolQA7em","geometry":{"type":"Polygon","coordinates":[[[11.7825,11.8302],[11.8063,11.751],[11.8059,11.5175],[11.7233,11.3998],[11.5643,11.3569],[11.4217,11.3782],[11.355,11.4744],[11.3211,11.6669],[11.3235,11.8049],[11.1835,11.8062],[11.114,11.8465],[11.0398,11.9596],[11.0642,12.0701],[11.2846,12.385],[11.3455,12.2363],[11.4599,12.1669],[11.5,12.0287],[11.682,11.9423],[11.7825,11.8302]]]},"properties":{"code":null,"name":"yo Fune Local Government Area","level":"3","parent":"Ym1fEhWFWYI","parentGraph":"s5DPBsdoE8b/Ym1fEhWFWYI","groups":["FbBkTDMs9Kb","u9sz1k03gFY","j6UuBZKGhUp"]}},{"type":"Feature","id":"OkAAJ1l69I5","geometry":{"type":"Polygon","coordinates":[[[12.3666,12.9347],[12.3809,12.822],[12.4819,12.7323],[12.4892,12.6786],[12.4408,12.5818],[12.3006,12.4299],[12.22,12.3821],[12.0444,12.3465],[11.7297,12.3692],[11.6862,12.453],[11.6947,12.4689],[11.7799,12.5996],[11.7234,12.8102],[11.8974,12.8777],[11.945,12.9464],[12.0268,12.9079],[12.1965,12.9204],[12.3816,12.9935],[12.3666,12.9347]]]},"properties":{"code":null,"name":"yo Geidam Local Government Area","level":"3","parent":"Ym1fEhWFWYI","parentGraph":"s5DPBsdoE8b/Ym1fEhWFWYI","groups":["FbBkTDMs9Kb","u9sz1k03gFY","j6UuBZKGhUp"]}},{"type":"Feature","id":"GPSkNTesH0z","geometry":{"type":"Polygon","coordinates":[[[12.3255,11.6577],[12.3765,11.5171],[12.3004,11.4409],[12.1859,11.2479],[12.1945,11.0868],[12.1045,11.0008],[12.0088,11.1168],[11.9075,11.119],[11.8358,11.1907],[11.5951,11.22],[11.5643,11.3569],[11.7233,11.3998],[11.8059,11.5175],[11.9064,11.565],[12.1776,11.6225],[12.237,11.6595],[12.3255,11.6577]]]},"properties":{"code":null,"name":"yo Gujba Local Government Area","level":"3","parent":"Ym1fEhWFWYI","parentGraph":"s5DPBsdoE8b/Ym1fEhWFWYI","groups":["FbBkTDMs9Kb","u9sz1k03gFY","j6UuBZKGhUp"]}},{"type":"Feature","id":"ZuSJR4PHt7D","geometry":{"type":"Polygon","coordinates":[[[11.9075,11.119],[12.0088,11.1168],[12.1045,11.0008],[11.8813,10.9317],[11.8008,10.8115],[11.7931,10.6601],[11.7011,10.5943],[11.5902,10.5965],[11.5821,10.6564],[11.5829,10.9722],[11.498,11.01],[11.5141,11.0345],[11.5951,11.22],[11.8358,11.1907],[11.9075,11.119]]]},"properties":{"code":null,"name":"yo Gulani Local Government Area","level":"3","parent":"Ym1fEhWFWYI","parentGraph":"s5DPBsdoE8b/Ym1fEhWFWYI","groups":["FbBkTDMs9Kb","u9sz1k03gFY","j6UuBZKGhUp"]}},{"type":"Feature","id":"JfOXYHCGfwI","geometry":{"type":"Polygon","coordinates":[[[10.9326,12.8176],[11.0104,12.8045],[11.0258,12.7534],[11.0026,12.6213],[11.0992,12.4962],[11.2005,12.4862],[11.2746,12.3971],[11.2846,12.385],[11.0642,12.0701],[10.9322,11.977],[10.8486,11.8648],[10.8132,12.1425],[10.7623,12.2165],[10.7564,12.3362],[10.7344,12.4042],[10.6094,12.5025],[10.5806,12.6574],[10.6387,12.7092],[10.9326,12.8176]]]},"properties":{"code":null,"name":"yo Jakusko Local Government Area","level":"3","parent":"Ym1fEhWFWYI","parentGraph":"s5DPBsdoE8b/Ym1fEhWFWYI","groups":["FbBkTDMs9Kb","u9sz1k03gFY","j6UuBZKGhUp"]}},{"type":"Feature","id":"i8YtTy6O8wI","geometry":{"type":"Polygon","coordinates":[[[11.0478,12.87],[11.0467,12.8641],[10.8158,12.8549],[10.5783,12.8073],[10.5423,12.7686],[10.4776,12.7923],[10.5597,12.8361],[10.4842,12.9125],[10.5282,12.9915],[10.6715,12.993],[10.6899,13.0822],[10.8602,13.085],[10.8448,12.9952],[11.0352,12.9394],[11.0478,12.87]]]},"properties":{"code":null,"name":"yo Karasuwa Local Government Area","level":"3","parent":"Ym1fEhWFWYI","parentGraph":"s5DPBsdoE8b/Ym1fEhWFWYI","groups":["FbBkTDMs9Kb","u9sz1k03gFY","j6UuBZKGhUp"]}},{"type":"Feature","id":"QxW4ptlRssk","geometry":{"type":"Polygon","coordinates":[[[10.2104,13.0351],[10.1961,12.9743],[10.1704,12.9886],[9.8856,12.8846],[9.8517,12.8216],[9.7544,12.7961],[9.675,12.8232],[9.9965,13.1632],[10.2359,13.2692],[10.2104,13.0351]]]},"properties":{"code":null,"name":"yo Machina Local Government Area","level":"3","parent":"Ym1fEhWFWYI","parentGraph":"s5DPBsdoE8b/Ym1fEhWFWYI","groups":["FbBkTDMs9Kb","u9sz1k03gFY","j6UuBZKGhUp"]}},{"type":"Feature","id":"qbhSGm1QHfx","geometry":{"type":"Polygon","coordinates":[[[10.9819,11.5006],[10.9747,11.4955],[10.9754,11.5549],[10.8871,11.7734],[10.8486,11.8648],[10.9322,11.977],[11.0642,12.0701],[11.0398,11.9596],[11.114,11.8465],[11.1835,11.8062],[11.0515,11.6661],[11.057,11.5767],[10.9819,11.5006]]]},"properties":{"code":null,"name":"yo Nangere Local Government Area","level":"3","parent":"Ym1fEhWFWYI","parentGraph":"s5DPBsdoE8b/Ym1fEhWFWYI","groups":["FbBkTDMs9Kb","u9sz1k03gFY","j6UuBZKGhUp"]}},{"type":"Feature","id":"xZh7KbcdTaT","geometry":{"type":"Polygon","coordinates":[[[10.5282,12.9915],[10.4842,12.9125],[10.5597,12.8361],[10.4776,12.7923],[10.388,12.8249],[10.318,12.8012],[10.2753,12.784],[10.1961,12.9743],[10.2104,13.0351],[10.3218,13.1147],[10.4514,13.0661],[10.5282,12.9915]]]},"properties":{"code":null,"name":"yo Nguru Local Government Area","level":"3","parent":"Ym1fEhWFWYI","parentGraph":"s5DPBsdoE8b/Ym1fEhWFWYI","groups":["FbBkTDMs9Kb","u9sz1k03gFY","j6UuBZKGhUp"]}},{"type":"Feature","id":"P3k1PNC42NK","geometry":{"type":"Polygon","coordinates":[[[11.6862,12.453],[11.7297,12.3692],[12.0444,12.3465],[12.22,12.3821],[12.3006,12.4299],[12.3255,12.2695],[12.2874,12.0276],[12.0959,11.9975],[12.0162,12.0102],[11.91,11.9612],[11.8096,11.9906],[11.682,11.9423],[11.5,12.0287],[11.4599,12.1669],[11.3455,12.2363],[11.2846,12.385],[11.2746,12.3971],[11.5693,12.4693],[11.6947,12.4689],[11.6862,12.453]]]},"properties":{"code":null,"name":"yo Tarmuwa Local Government Area","level":"3","parent":"Ym1fEhWFWYI","parentGraph":"s5DPBsdoE8b/Ym1fEhWFWYI","groups":["FbBkTDMs9Kb","u9sz1k03gFY","j6UuBZKGhUp"]}},{"type":"Feature","id":"Ym1fEhWFWYI","geometry":{"type":"Polygon","coordinates":[[[12.3864,13.0767],[12.3609,12.883],[12.3809,12.822],[12.4819,12.7323],[12.4896,12.6729],[12.3963,12.5292],[12.3206,12.4735],[12.2986,12.4222],[12.3255,12.2695],[12.2825,11.9548],[12.3098,11.8364],[12.2335,11.6909],[12.2464,11.6544],[12.3255,11.6577],[12.3761,11.5981],[12.3737,11.5114],[12.3004,11.4409],[12.1859,11.2479],[12.1949,11.0873],[12.1611,11.0382],[12.0625,10.9799],[11.8813,10.9317],[11.8384,10.9009],[11.8008,10.8115],[11.8052,10.6777],[11.7502,10.6053],[11.7011,10.5943],[11.5917,10.5941],[11.5742,10.7052],[11.5937,10.8945],[11.5829,10.9722],[11.4974,11.0494],[11.382,11.1936],[11.2097,11.314],[11.0962,11.3329],[11.0143,11.2948],[10.9388,11.3252],[10.9754,11.5549],[10.8405,11.8877],[10.8132,12.1425],[10.7623,12.2165],[10.7344,12.4042],[10.6094,12.5025],[10.5669,12.7314],[10.5313,12.7853],[10.388,12.8249],[10.2753,12.784],[10.206,12.9688],[10.1704,12.9886],[9.9716,12.9259],[9.8856,12.8846],[9.8009,12.793],[9.675,12.8232],[9.8467,13.015],[9.9965,13.1632],[10.2071,13.2677],[10.4664,13.2826],[10.6547,13.354],[10.9773,13.3722],[11.3955,13.3702],[11.5396,13.348],[11.6958,13.287],[11.8754,13.2497],[12.1043,13.0934],[12.2027,13.1227],[12.3864,13.0767]]]},"properties":{"code":null,"name":"yo Yobe State","level":"2","parent":"s5DPBsdoE8b","parentGraph":"s5DPBsdoE8b","groups":["aCdSdgaf2uc","cx3yME7a4oR","u9sz1k03gFY"]}},{"type":"Feature","id":"SAoWW6ejgUv","geometry":{"type":"Polygon","coordinates":[[[12.3864,13.0767],[12.3816,12.9935],[12.1965,12.9204],[12.0268,12.9079],[11.945,12.9464],[11.8974,12.8777],[11.7234,12.8102],[11.7192,12.9063],[11.6492,12.9653],[11.3811,12.9801],[11.38,13.0663],[11.2747,13.1755],[11.2359,13.3353],[11.2584,13.3744],[11.5396,13.348],[11.6958,13.287],[11.8754,13.2497],[12.1043,13.0934],[12.1785,13.1251],[12.3864,13.0767]]]},"properties":{"code":null,"name":"yo Yunusari Local Government Area","level":"3","parent":"Ym1fEhWFWYI","parentGraph":"s5DPBsdoE8b/Ym1fEhWFWYI","groups":["FbBkTDMs9Kb","u9sz1k03gFY","j6UuBZKGhUp"]}},{"type":"Feature","id":"OqEqHg7e3n4","geometry":{"type":"Polygon","coordinates":[[[11.2584,13.3744],[11.2359,13.3353],[11.2747,13.1755],[11.38,13.0663],[11.3811,12.9801],[11.1087,12.9239],[11.0478,12.87],[11.0352,12.9394],[10.8448,12.9952],[10.8602,13.085],[10.6899,13.0822],[10.6715,12.993],[10.5282,12.9915],[10.4514,13.0661],[10.3218,13.1147],[10.2104,13.0351],[10.2359,13.2692],[10.4664,13.2826],[10.6547,13.354],[10.9773,13.3722],[11.2584,13.3744]]]},"properties":{"code":null,"name":"yo Yusufari Local Government Area","level":"3","parent":"Ym1fEhWFWYI","parentGraph":"s5DPBsdoE8b/Ym1fEhWFWYI","groups":["FbBkTDMs9Kb","u9sz1k03gFY","j6UuBZKGhUp"]}},{"type":"Feature","id":"u0NnMfOUKlC","geometry":{"type":"Polygon","coordinates":[[[6.1907,12.1718],[6.1887,12.0838],[6.2767,11.9187],[6.3313,11.8663],[6.3302,11.8608],[6.1762,11.6434],[6.0961,11.6665],[5.9049,11.654],[5.9249,11.8194],[5.9068,12.0736],[5.8327,12.1647],[5.8615,12.3159],[5.8628,12.3199],[5.977,12.3452],[6.0349,12.1735],[6.1907,12.1718]]]},"properties":{"code":null,"name":"za Anka Local Government Area","level":"3","parent":"FmH4buccgqx","parentGraph":"s5DPBsdoE8b/FmH4buccgqx","groups":["FbBkTDMs9Kb","u9sz1k03gFY"]}},{"type":"Feature","id":"YRy4ZnBtOEQ","geometry":{"type":"Polygon","coordinates":[[[6.1626,12.615],[5.972,12.4129],[5.977,12.3452],[5.8628,12.3199],[5.5666,12.2919],[5.542,12.5204],[5.6221,12.5804],[5.7068,12.7059],[5.7268,12.7197],[5.9764,12.7441],[6.0653,12.7912],[6.1626,12.615]]]},"properties":{"code":null,"name":"za Bakura Local Government Area","level":"3","parent":"FmH4buccgqx","parentGraph":"s5DPBsdoE8b/FmH4buccgqx","groups":["FbBkTDMs9Kb","u9sz1k03gFY"]}},{"type":"Feature","id":"APqTXWa3kg0","geometry":{"type":"Polygon","coordinates":[[[7.0582,12.6178],[7.0947,12.3804],[6.8218,12.3401],[6.6817,12.4477],[6.668,12.5412],[6.7367,12.5877],[6.7801,12.5511],[6.8965,12.6097],[7.0564,12.6311],[7.0582,12.6178]]]},"properties":{"code":null,"name":"za Birnin Magaji Local Government Area","level":"3","parent":"FmH4buccgqx","parentGraph":"s5DPBsdoE8b/FmH4buccgqx","groups":["FbBkTDMs9Kb","u9sz1k03gFY"]}},{"type":"Feature","id":"QHU4Pzbqiar","geometry":{"type":"Polygon","coordinates":[[[5.8615,12.3159],[5.8327,12.1647],[5.9068,12.0736],[5.9249,11.8194],[5.9049,11.654],[5.9029,11.5956],[5.7451,11.6449],[5.5354,11.6183],[5.4693,11.6579],[5.4434,11.6586],[5.4718,11.799],[5.4797,11.9884],[5.5439,12.0261],[5.5563,12.2677],[5.5532,12.2776],[5.5666,12.2919],[5.8628,12.3199],[5.8615,12.3159]]]},"properties":{"code":null,"name":"za Bukkuyum Local Government Area","level":"3","parent":"FmH4buccgqx","parentGraph":"s5DPBsdoE8b/FmH4buccgqx","groups":["FbBkTDMs9Kb","u9sz1k03gFY"]}},{"type":"Feature","id":"X4M9rGcCCsv","geometry":{"type":"Polygon","coordinates":[[[6.8218,12.3401],[6.832,12.1768],[6.801,12.1372],[6.7175,12.1678],[6.6643,12.2714],[6.6016,12.2593],[6.5662,12.0014],[6.4792,11.7803],[6.4532,11.7913],[6.3302,11.8608],[6.3313,11.8663],[6.4061,11.9792],[6.4121,12.0877],[6.3709,12.1795],[6.4466,12.2772],[6.4389,12.411],[6.4841,12.4752],[6.5492,12.477],[6.6515,12.3617],[6.8218,12.3401]]]},"properties":{"code":null,"name":"za Bungudu Local Government Area","level":"3","parent":"FmH4buccgqx","parentGraph":"s5DPBsdoE8b/FmH4buccgqx","groups":["FbBkTDMs9Kb","u9sz1k03gFY"]}},{"type":"Feature","id":"ZwnTd7lKkRd","geometry":{"type":"Polygon","coordinates":[[[5.5563,12.2677],[5.5439,12.0261],[5.4797,11.9884],[5.4718,11.799],[5.4434,11.6586],[5.3936,11.7175],[5.2788,11.725],[5.1331,11.6524],[5.0818,11.6815],[5.0235,11.6806],[5.038,12.2303],[5.0624,12.2706],[5.2416,12.2461],[5.3452,12.2477],[5.5532,12.2776],[5.5563,12.2677]]]},"properties":{"code":null,"name":"za Gummi Local Government Area","level":"3","parent":"FmH4buccgqx","parentGraph":"s5DPBsdoE8b/FmH4buccgqx","groups":["FbBkTDMs9Kb","u9sz1k03gFY"]}},{"type":"Feature","id":"ZYzwZBDRgIR","geometry":{"type":"Polygon","coordinates":[[[7.0928,12.3711],[7.1332,12.2882],[7.1431,12.2235],[7.1398,12.0914],[7.0527,12.1354],[6.9145,12.152],[6.744,12.0595],[6.6852,11.8338],[6.6993,11.7508],[6.8945,11.6801],[6.8775,11.5714],[6.9231,11.4823],[6.904,11.3641],[6.9024,11.3479],[6.8634,11.3234],[6.5769,11.6495],[6.4002,11.6876],[6.4792,11.7803],[6.5662,12.0014],[6.6016,12.2593],[6.6643,12.2714],[6.7175,12.1678],[6.801,12.1372],[6.832,12.1768],[6.8218,12.3401],[7.0947,12.3804],[7.0928,12.3711]]]},"properties":{"code":null,"name":"za Gusau Local Government Area","level":"3","parent":"FmH4buccgqx","parentGraph":"s5DPBsdoE8b/FmH4buccgqx","groups":["zAywu9z1ZWc","FbBkTDMs9Kb","u9sz1k03gFY"]}},{"type":"Feature","id":"EXrCxzkRQip","geometry":{"type":"Polygon","coordinates":[[[6.7367,12.5877],[6.668,12.5412],[6.6817,12.4477],[6.8218,12.3401],[6.6515,12.3617],[6.5492,12.477],[6.4841,12.4752],[6.4469,12.6185],[6.4726,12.6729],[6.6101,12.6663],[6.7367,12.5877]]]},"properties":{"code":null,"name":"za Kaura Namoda Local Government Area","level":"3","parent":"FmH4buccgqx","parentGraph":"s5DPBsdoE8b/FmH4buccgqx","groups":["zAywu9z1ZWc","FbBkTDMs9Kb","u9sz1k03gFY"]}},{"type":"Feature","id":"EvzrA8hQIo5","geometry":{"type":"Polygon","coordinates":[[[6.2442,13.0522],[6.2603,13.0465],[6.3586,12.9481],[6.455,12.9653],[6.4453,12.9121],[6.4116,12.8172],[6.4819,12.784],[6.4106,12.7461],[6.4726,12.6729],[6.4469,12.6185],[6.4841,12.4752],[6.4389,12.411],[6.4106,12.4017],[6.2459,12.4424],[6.1947,12.4935],[6.1626,12.615],[6.0653,12.7912],[6.0503,12.9957],[6.1639,13.0657],[6.2442,13.0522]]]},"properties":{"code":null,"name":"za Maradun Local Government Area","level":"3","parent":"FmH4buccgqx","parentGraph":"s5DPBsdoE8b/FmH4buccgqx","groups":["FbBkTDMs9Kb","u9sz1k03gFY"]}},{"type":"Feature","id":"YQy2N116URm","geometry":{"type":"MultiPolygon","coordinates":[[[[6.4532,11.7913],[6.4792,11.7803],[6.4002,11.6876],[6.5769,11.6495],[6.8634,11.3234],[6.7748,11.2415],[6.7279,11.1014],[6.6412,11.0279],[6.4368,11.027],[6.3305,11.0035],[6.2055,10.8631],[6.1665,10.8564],[6.1421,10.9352],[6.027,11.1113],[6.0103,11.2919],[5.9702,11.3676],[5.8831,11.4106],[5.9029,11.5956],[5.9049,11.654],[6.0961,11.6665],[6.1762,11.6434],[6.3302,11.8608],[6.4532,11.7913]]],[[[6.4106,12.4017],[6.4389,12.411],[6.4466,12.2772],[6.3709,12.1795],[6.4121,12.0877],[6.4061,11.9792],[6.3313,11.8663],[6.2767,11.9187],[6.1887,12.0838],[6.1907,12.1718],[6.2206,12.324],[6.2803,12.4039],[6.2459,12.4424],[6.4106,12.4017]]]]},"properties":{"code":null,"name":"za Maru Local Government Area","level":"3","parent":"FmH4buccgqx","parentGraph":"s5DPBsdoE8b/FmH4buccgqx","groups":["zAywu9z1ZWc","FbBkTDMs9Kb","u9sz1k03gFY"]}},{"type":"Feature","id":"JCVmSy7JsnP","geometry":{"type":"Polygon","coordinates":[[[6.3511,13.1614],[6.4264,13.1169],[6.6331,13.0956],[6.6678,12.8872],[6.5809,12.8619],[6.4453,12.9121],[6.455,12.9653],[6.3586,12.9481],[6.2603,13.0465],[6.282,13.1632],[6.3511,13.1614]]]},"properties":{"code":null,"name":"za Shinkafi Local Government Area","level":"3","parent":"FmH4buccgqx","parentGraph":"s5DPBsdoE8b/FmH4buccgqx","groups":["zAywu9z1ZWc","FbBkTDMs9Kb","u9sz1k03gFY"]}},{"type":"Feature","id":"mtSxoMwXYFN","geometry":{"type":"Polygon","coordinates":[[[6.1907,12.1718],[6.0349,12.1735],[5.977,12.3452],[5.972,12.4129],[6.1626,12.615],[6.1947,12.4935],[6.2459,12.4424],[6.2803,12.4039],[6.2206,12.324],[6.1907,12.1718]]]},"properties":{"code":null,"name":"za Talata Mafara Local Government Area","level":"3","parent":"FmH4buccgqx","parentGraph":"s5DPBsdoE8b/FmH4buccgqx","groups":["FbBkTDMs9Kb","u9sz1k03gFY"]}},{"type":"Feature","id":"XSUwO1IoRXf","geometry":{"type":"Polygon","coordinates":[[[7.2367,11.8991],[7.1574,11.8934],[7.0696,11.7794],[6.918,11.7778],[6.8945,11.6801],[6.6993,11.7508],[6.6852,11.8338],[6.744,12.0595],[6.9145,12.152],[7.0527,12.1354],[7.1398,12.0914],[7.1106,12.0342],[7.2418,11.9101],[7.2367,11.8991]]]},"properties":{"code":null,"name":"za Tsafe Local Government Area","level":"3","parent":"FmH4buccgqx","parentGraph":"s5DPBsdoE8b/FmH4buccgqx","groups":["zAywu9z1ZWc","FbBkTDMs9Kb","u9sz1k03gFY"]}},{"type":"Feature","id":"FmH4buccgqx","geometry":{"type":"Polygon","coordinates":[[[7.0639,13.0012],[7.0408,12.8297],[7.0556,12.6361],[7.0928,12.3711],[7.1275,12.3054],[7.1575,12.154],[7.1106,12.0342],[7.2338,11.9374],[7.2418,11.9062],[7.1574,11.8934],[7.1486,11.8425],[7.0696,11.7794],[6.918,11.7778],[6.8775,11.5714],[6.9231,11.4823],[6.9024,11.3479],[6.7748,11.2415],[6.7279,11.1014],[6.6412,11.0279],[6.4368,11.027],[6.3305,11.0035],[6.2055,10.8631],[6.1665,10.8564],[6.1421,10.9352],[6.027,11.1113],[6.0103,11.2919],[5.9702,11.3676],[5.8831,11.4106],[5.9163,11.5332],[5.8936,11.6067],[5.7451,11.6449],[5.6852,11.6225],[5.5354,11.6183],[5.4302,11.6586],[5.4029,11.711],[5.2788,11.725],[5.2356,11.6758],[5.1331,11.6524],[5.0235,11.6806],[5.0341,11.9],[5.0341,12.2129],[5.0624,12.2706],[5.213,12.2442],[5.5248,12.2583],[5.5767,12.3335],[5.542,12.5204],[5.6221,12.5804],[5.709,12.7098],[5.9764,12.7441],[6.0635,12.786],[6.0514,13.0124],[6.1639,13.0657],[6.2607,13.0467],[6.282,13.1632],[6.3989,13.1495],[6.4264,13.1169],[6.6108,13.0863],[6.7743,13.1907],[6.9281,12.9898],[7.0639,13.0012]]]},"properties":{"code":null,"name":"za Zamfara State","level":"2","parent":"s5DPBsdoE8b","parentGraph":"s5DPBsdoE8b","groups":["aCdSdgaf2uc","FDdJ6PFtOPk","u9sz1k03gFY","RmYi1UtS9HP","XagGgkCkfOf"]}},{"type":"Feature","id":"IJqe4bVQq83","geometry":{"type":"Polygon","coordinates":[[[7.0639,13.0012],[7.051,12.7758],[7.0564,12.6311],[6.8965,12.6097],[6.7801,12.5511],[6.7367,12.5877],[6.6101,12.6663],[6.4726,12.6729],[6.4106,12.7461],[6.4819,12.784],[6.4116,12.8172],[6.4453,12.9121],[6.5809,12.8619],[6.6678,12.8872],[6.6331,13.0956],[6.7743,13.1907],[6.9281,12.9898],[7.0639,13.0012]]]},"properties":{"code":null,"name":"za Zurmi Local Government Area","level":"3","parent":"FmH4buccgqx","parentGraph":"s5DPBsdoE8b/FmH4buccgqx","groups":["FbBkTDMs9Kb","u9sz1k03gFY"]}}]}
