{"type":"FeatureCollection","features":[{"type":"Feature","id":"sYJ3wYpu8rY","geometry":{"type":"Polygon","coordinates":[[[-11.7324,7.9846],[-11.7326,7.9838],[-11.7331,7.9827],[-11.7336,7.9816],[-11.7336,7.9801],[-11.7336,7.9794],[-11.7334,7.9787],[-11.7329,7.9777],[-11.7321,7.9773],[-11.7313,7.9777],[-11.7305,7.9781],[-11.7295,7.9792],[-11.7295,7.9792],[-11.7294,7.9796],[-11.729,7.9814],[-11.7286,7.9822],[-11.7282,7.9823],[-11.7278,7.9828],[-11.7273,7.9832],[-11.7268,7.9835],[-11.7257,7.9838],[-11.7257,7.9837],[-11.7253,7.9834],[-11.7248,7.9826],[-11.7247,7.9823],[-11.7244,7.9823],[-11.7237,7.9818],[-11.7238,7.9776],[-11.7239,7.9769],[-11.7244,7.9755],[-11.7245,7.9744],[-11.7249,7.9731],[-11.7245,7.973],[-11.7244,7.9731],[-11.724,7.9735],[-11.7236,7.9736],[-11.7171,7.9738],[-11.7165,7.9736],[-11.7145,7.9739],[-11.714,7.9739],[-11.7135,7.9738],[-11.7128,7.9735],[-11.7119,7.9732],[-11.71,7.9714],[-11.7088,7.9685],[-11.7087,7.9657],[-11.7089,7.965],[-11.7096,7.964],[-11.7098,7.9631],[-11.7102,7.9569],[-11.7098,7.9562],[-11.7049,7.9536],[-11.7047,7.9519],[-11.7065,7.9505],[-11.7072,7.95],[-11.708,7.9486],[-11.7084,7.9483],[-11.7093,7.9483],[-11.7094,7.946],[-11.71,7.9452],[-11.7122,7.9438],[-11.7131,7.9431],[-11.7137,7.9426],[-11.7143,7.942],[-11.7145,7.9418],[-11.7154,7.9416],[-11.7188,7.939],[-11.7218,7.9387],[-11.7259,7.9363],[-11.7301,7.9353],[-11.7361,7.9341],[-11.7418,7.9367],[-11.7512,7.937],[-11.7564,7.9401],[-11.76,7.9426],[-11.7601,7.9431],[-11.7581,7.9465],[-11.757,7.9502],[-11.7567,7.9507],[-11.7566,7.9509],[-11.7543,7.9524],[-11.7534,7.9523],[-11.7529,7.9522],[-11.7523,7.9526],[-11.7532,7.9534],[-11.7534,7.9536],[-11.7538,7.9542],[-11.755,7.957],[-11.7555,7.9582],[-11.7555,7.9584],[-11.7574,7.963],[-11.7575,7.9631],[-11.7579,7.964],[-11.7583,7.9651],[-11.761,7.9719],[-11.7616,7.974],[-11.7617,7.9743],[-11.7612,7.9746],[-11.7586,7.9748],[-11.7568,7.9766],[-11.7565,7.9771],[-11.7543,7.9785],[-11.7512,7.9791],[-11.7495,7.9803],[-11.748,7.9809],[-11.7456,7.9815],[-11.7452,7.9818],[-11.7432,7.9823],[-11.742,7.9824],[-11.7396,7.984],[-11.7378,7.9839],[-11.737,7.9873],[-11.7324,7.9846]]]},"properties":{"code":"BOO_BOOCC","name":"Bo City Council","level":"3","parent":"zTHjIvPmPI0","parentGraph":"Plmg8ikyfrK/zTHjIvPmPI0","groups":["aYjKY8GaXYQ","QJuHsfZjNBf"]}},{"type":"Feature","id":"zTHjIvPmPI0","geometry":{"type":"Polygon","coordinates":[[[-11.7406,7.6526],[-11.7447,7.6457],[-11.7463,7.6408],[-11.7463,7.6375],[-11.7508,7.6343],[-11.7552,7.6274],[-11.7589,7.6205],[-11.7621,7.6144],[-11.7654,7.6083],[-11.769,7.6022],[-11.7751,7.5977],[-11.7853,7.5908],[-11.7922,7.5855],[-11.7979,7.5941],[-11.8032,7.5912],[-11.8072,7.5851],[-11.8133,7.5839],[-11.8198,7.5847],[-11.8267,7.5847],[-11.8308,7.5807],[-11.8365,7.577],[-11.8397,7.5738],[-11.8458,7.5648],[-11.848,7.5612],[-11.8411,7.5522],[-11.8346,7.5474],[-11.8285,7.5433],[-11.8241,7.5384],[-11.8216,7.5307],[-11.8237,7.5283],[-11.8285,7.5283],[-11.8334,7.5283],[-11.8375,7.5303],[-11.8419,7.5295],[-11.846,7.5299],[-11.8488,7.5336],[-11.8517,7.536],[-11.8574,7.5396],[-11.8623,7.5388],[-11.8663,7.5356],[-11.8716,7.5291],[-11.8671,7.5206],[-11.8598,7.5128],[-11.8574,7.5072],[-11.859,7.4982],[-11.8602,7.4929],[-11.8623,7.4873],[-11.8696,7.4832],[-11.8801,7.4808],[-11.8854,7.4808],[-11.8935,7.4834],[-11.8978,7.489],[-11.8999,7.491],[-11.896,7.4945],[-11.8925,7.4964],[-11.8902,7.4996],[-11.8858,7.5031],[-11.8829,7.5056],[-11.8794,7.5101],[-11.8815,7.5118],[-11.8855,7.5137],[-11.8946,7.5192],[-11.8961,7.5214],[-11.897,7.5226],[-11.8986,7.5248],[-11.8997,7.5258],[-11.9063,7.5303],[-11.9111,7.5332],[-11.914,7.5346],[-11.9166,7.5355],[-11.9192,7.5346],[-11.9221,7.5326],[-11.9252,7.531],[-11.9289,7.5307],[-11.9385,7.5309],[-11.9471,7.5294],[-11.95,7.5306],[-11.9531,7.5296],[-11.9602,7.5301],[-11.9613,7.5304],[-11.9623,7.5307],[-11.9665,7.5309],[-11.9696,7.5328],[-11.9718,7.5344],[-11.9743,7.5361],[-11.9815,7.5396],[-11.9865,7.546],[-11.9885,7.5502],[-11.9894,7.5527],[-11.9878,7.5576],[-11.9872,7.5597],[-11.984,7.5653],[-11.978,7.5725],[-11.9742,7.577],[-11.973,7.5799],[-11.9716,7.5837],[-11.9687,7.588],[-11.9656,7.5906],[-11.9627,7.5951],[-11.9593,7.5965],[-11.9547,7.5992],[-11.9554,7.6051],[-11.9929,7.5954],[-11.9975,7.5951],[-11.9979,7.5992],[-11.9988,7.604],[-12.0011,7.609],[-12.0018,7.6132],[-12.0042,7.6207],[-12.0061,7.6261],[-12.0068,7.6301],[-12.0057,7.6333],[-12.0028,7.6366],[-12.0004,7.6389],[-11.9964,7.6398],[-11.9914,7.6387],[-11.9869,7.6367],[-11.9812,7.6354],[-11.9757,7.6375],[-11.9738,7.6408],[-11.9717,7.6464],[-11.9715,7.6505],[-11.9744,7.6554],[-11.977,7.6517],[-11.9797,7.6509],[-11.983,7.6514],[-11.983,7.6562],[-11.9836,7.6627],[-11.9845,7.6641],[-11.9876,7.6645],[-11.9931,7.6623],[-11.9996,7.6615],[-12.0021,7.6679],[-12.0041,7.6687],[-12.0091,7.6682],[-12.0108,7.6664],[-12.013,7.6613],[-12.0146,7.6596],[-12.0172,7.6584],[-12.0217,7.6575],[-12.0242,7.6596],[-12.0297,7.6673],[-12.0338,7.6763],[-12.0417,7.6849],[-12.0463,7.689],[-12.0501,7.6914],[-12.0548,7.6907],[-12.0663,7.6916],[-12.0736,7.6916],[-12.0799,7.6909],[-12.0848,7.6894],[-12.1014,7.6807],[-12.1037,7.6791],[-12.1058,7.6771],[-12.1173,7.6872],[-12.1175,7.6887],[-12.116,7.6944],[-12.1118,7.7041],[-12.1079,7.7098],[-12.1084,7.7158],[-12.1092,7.7198],[-12.1125,7.7238],[-12.1145,7.7297],[-12.1179,7.7342],[-12.1196,7.7379],[-12.1207,7.7414],[-12.1226,7.7432],[-12.1236,7.7459],[-12.1231,7.7479],[-12.1236,7.7513],[-12.1298,7.7566],[-12.136,7.763],[-12.137,7.7652],[-12.1362,7.7687],[-12.1335,7.773],[-12.1329,7.7775],[-12.1374,7.7842],[-12.1372,7.7866],[-12.1297,7.7893],[-12.1298,7.7936],[-12.1329,7.7976],[-12.137,7.7993],[-12.1367,7.8038],[-12.1366,7.8071],[-12.1365,7.8097],[-12.138,7.813],[-12.1391,7.8159],[-12.1383,7.8259],[-12.1371,7.8284],[-12.135,7.839],[-12.1358,7.8433],[-12.1381,7.846],[-12.142,7.8478],[-12.1434,7.8498],[-12.1456,7.8548],[-12.1453,7.8601],[-12.1426,7.8647],[-12.1356,7.8727],[-12.1343,7.8755],[-12.1367,7.8879],[-12.1367,7.891],[-12.1359,7.8952],[-12.1323,7.9032],[-12.1333,7.9049],[-12.134,7.9088],[-12.1337,7.9127],[-12.132,7.9151],[-12.1291,7.9172],[-12.1288,7.9186],[-12.1322,7.9266],[-12.1337,7.9327],[-12.1335,7.9376],[-12.1348,7.942],[-12.1399,7.945],[-12.1411,7.9464],[-12.1408,7.9531],[-12.1416,7.9561],[-12.1384,7.9618],[-12.1369,7.9661],[-12.1345,7.9656],[-12.1329,7.9663],[-12.1319,7.9701],[-12.1302,7.972],[-12.1294,7.9745],[-12.1259,7.9767],[-12.1221,7.9763],[-12.1199,7.9746],[-12.117,7.9746],[-12.1155,7.9762],[-12.112,7.9768],[-12.1032,7.9768],[-12.1003,7.9783],[-12.0961,7.9782],[-12.0909,7.9802],[-12.0824,7.9787],[-12.0787,7.9787],[-12.0762,7.9773],[-12.0669,7.9773],[-12.0643,7.9723],[-12.0607,7.9721],[-12.0556,7.9736],[-12.0459,7.9788],[-12.0368,7.985],[-12.0349,7.9872],[-12.0274,7.9964],[-12.0224,8.0016],[-12.0181,8.0095],[-12.0139,8.0123],[-12.0091,8.0138],[-11.9916,8.0135],[-11.9854,8.0125],[-11.9822,8.0125],[-11.9666,8.0093],[-11.959,8.0064],[-11.9542,8.0058],[-11.946,8.0056],[-11.9414,8.0061],[-11.9334,8.0038],[-11.9192,8.0018],[-11.9119,8.0013],[-11.9091,7.9989],[-11.904,7.9964],[-11.8979,7.991],[-11.8937,7.9889],[-11.8907,7.9914],[-11.8846,7.9937],[-11.8821,7.9939],[-11.89,7.9999],[-11.8933,8.0043],[-11.8937,8.0084],[-11.8917,8.0155],[-11.889,8.0183],[-11.8851,8.0233],[-11.8828,8.0263],[-11.8818,8.0292],[-11.883,8.031],[-11.8887,8.0377],[-11.8938,8.0426],[-11.8987,8.0479],[-11.9019,8.0506],[-11.9051,8.0523],[-11.907,8.0543],[-11.9105,8.056],[-11.9133,8.0583],[-11.9152,8.0612],[-11.9165,8.0643],[-11.9163,8.0677],[-11.9135,8.0709],[-11.9098,8.0749],[-11.9076,8.0781],[-11.9073,8.0797],[-11.9035,8.0903],[-11.9013,8.0983],[-11.8982,8.1053],[-11.8925,8.1127],[-11.8898,8.1174],[-11.8878,8.1227],[-11.8855,8.1278],[-11.8823,8.1309],[-11.8774,8.1373],[-11.8703,8.138],[-11.8612,8.1396],[-11.8528,8.1407],[-11.847,8.1435],[-11.843,8.1481],[-11.8397,8.1532],[-11.8372,8.1554],[-11.8339,8.1555],[-11.8241,8.1554],[-11.8203,8.1549],[-11.8163,8.1527],[-11.816,8.158],[-11.8142,8.1619],[-11.8105,8.1656],[-11.8105,8.1677],[-11.8082,8.1686],[-11.8105,8.1713],[-11.8082,8.1744],[-11.8057,8.1766],[-11.8055,8.1796],[-11.8042,8.1858],[-11.803,8.1887],[-11.803,8.1928],[-11.8018,8.2012],[-11.8016,8.2087],[-11.8016,8.2159],[-11.8014,8.2199],[-11.8014,8.2233],[-11.8044,8.229],[-11.8051,8.2317],[-11.8049,8.2352],[-11.8049,8.2384],[-11.8041,8.2439],[-11.8057,8.246],[-11.816,8.2529],[-11.8217,8.2583],[-11.8262,8.2606],[-11.8329,8.2661],[-11.8373,8.269],[-11.8391,8.2722],[-11.84,8.2762],[-11.8398,8.2802],[-11.8376,8.2822],[-11.8328,8.2819],[-11.8264,8.2839],[-11.8102,8.2859],[-11.7909,8.2857],[-11.7816,8.2847],[-11.7796,8.3009],[-11.7808,8.307],[-11.7835,8.3145],[-11.7842,8.3237],[-11.7853,8.33],[-11.788,8.3354],[-11.7877,8.3392],[-11.7912,8.3426],[-11.7964,8.3411],[-11.8027,8.3369],[-11.8029,8.3329],[-11.8054,8.3349],[-11.8104,8.3356],[-11.8148,8.3324],[-11.8176,8.331],[-11.8188,8.3327],[-11.8185,8.3356],[-11.8195,8.3387],[-11.8198,8.3426],[-11.8212,8.3468],[-11.8228,8.3559],[-11.8247,8.3584],[-11.8231,8.3628],[-11.8194,8.3661],[-11.8175,8.3664],[-11.8163,8.3719],[-11.8133,8.3751],[-11.8102,8.377],[-11.809,8.3804],[-11.808,8.3869],[-11.8057,8.3889],[-11.8023,8.3901],[-11.7993,8.3897],[-11.7964,8.3876],[-11.7903,8.3872],[-11.7867,8.3888],[-11.7844,8.3888],[-11.7816,8.3923],[-11.78,8.39],[-11.7768,8.3918],[-11.7729,8.3939],[-11.7702,8.3937],[-11.7667,8.3927],[-11.7653,8.3946],[-11.7665,8.3962],[-11.766,8.3989],[-11.7638,8.3994],[-11.7637,8.3969],[-11.7621,8.3966],[-11.761,8.3991],[-11.7622,8.401],[-11.7619,8.4048],[-11.7594,8.406],[-11.7589,8.4028],[-11.7571,8.4035],[-11.7533,8.4108],[-11.7541,8.4128],[-11.7503,8.4174],[-11.7466,8.4218],[-11.741,8.4222],[-11.7394,8.428],[-11.7392,8.4311],[-11.7369,8.4346],[-11.7385,8.4369],[-11.7389,8.4389],[-11.7376,8.4405],[-11.733,8.4396],[-11.7325,8.4419],[-11.7302,8.4465],[-11.7316,8.4485],[-11.7303,8.4502],[-11.7268,8.452],[-11.727,8.459],[-11.7286,8.4606],[-11.7298,8.4638],[-11.7289,8.4669],[-11.7303,8.4689],[-11.7309,8.4712],[-11.7328,8.4732],[-11.7326,8.4764],[-11.7307,8.4808],[-11.7288,8.4834],[-11.7262,8.4828],[-11.7198,8.4792],[-11.7104,8.476],[-11.6862,8.4712],[-11.6816,8.4714],[-11.6706,8.4732],[-11.6651,8.4735],[-11.6532,8.4733],[-11.6472,8.4742],[-11.6406,8.4742],[-11.6348,8.4753],[-11.6298,8.4749],[-11.6244,8.4755],[-11.6167,8.4781],[-11.6114,8.4801],[-11.6016,8.4851],[-11.5929,8.4888],[-11.5923,8.4888],[-11.5901,8.4824],[-11.5901,8.4678],[-11.5849,8.4619],[-11.57,8.4539],[-11.562,8.4462],[-11.5537,8.4305],[-11.5534,8.425],[-11.5541,8.3977],[-11.5501,8.3816],[-11.5464,8.3702],[-11.5421,8.3648],[-11.5256,8.355],[-11.5168,8.3534],[-11.5004,8.3502],[-11.478,8.3279],[-11.474,8.3225],[-11.4685,8.3141],[-11.4696,8.298],[-11.4689,8.2863],[-11.4652,8.2783],[-11.4616,8.2681],[-11.4557,8.2608],[-11.4467,8.251],[-11.4449,8.247],[-11.4409,8.2422],[-11.438,8.2359],[-11.4331,8.2371],[-11.4273,8.2371],[-11.4225,8.236],[-11.417,8.2356],[-11.4123,8.2327],[-11.4065,8.2312],[-11.4002,8.2283],[-11.4015,8.2159],[-11.399,8.2111],[-11.3935,8.2108],[-11.3913,8.2097],[-11.3906,8.2035],[-11.3895,8.1984],[-11.3858,8.1969],[-11.3822,8.1943],[-11.3829,8.1867],[-11.3873,8.1786],[-11.396,8.1721],[-11.4037,8.163],[-11.3993,8.1546],[-11.3996,8.154],[-11.4026,8.148],[-11.4015,8.1454],[-11.4026,8.1421],[-11.4033,8.1374],[-11.399,8.133],[-11.3917,8.1338],[-11.3847,8.1338],[-11.3771,8.1327],[-11.369,8.1312],[-11.3574,8.1279],[-11.3519,8.1283],[-11.3457,8.1286],[-11.3424,8.1235],[-11.3435,8.1184],[-11.3411,8.114],[-11.3371,8.0998],[-11.3354,8.0962],[-11.3345,8.0943],[-11.3345,8.0859],[-11.3349,8.0753],[-11.3353,8.067],[-11.3364,8.0593],[-11.3364,8.0516],[-11.3382,8.0443],[-11.3349,8.0388],[-11.3353,8.037],[-11.3364,8.0323],[-11.336,8.0242],[-11.3378,8.0217],[-11.3491,8.0224],[-11.3568,8.0235],[-11.363,8.0235],[-11.3699,8.0242],[-11.3776,8.0261],[-11.3849,8.0221],[-11.3875,8.0166],[-11.3877,8.0089],[-11.3829,8.0034],[-11.3778,7.9994],[-11.3727,7.9972],[-11.3668,7.9932],[-11.365,7.9826],[-11.3632,7.975],[-11.3606,7.9655],[-11.3543,7.9573],[-11.3562,7.9555],[-11.3578,7.955],[-11.3595,7.9553],[-11.3613,7.9535],[-11.3615,7.9499],[-11.367,7.9443],[-11.3693,7.9428],[-11.372,7.9415],[-11.3776,7.9392],[-11.3835,7.9373],[-11.3902,7.9358],[-11.3923,7.9345],[-11.3887,7.9209],[-11.3847,7.9151],[-11.384,7.9082],[-11.3873,7.9078],[-11.3906,7.9125],[-11.399,7.9107],[-11.4044,7.9114],[-11.4077,7.9114],[-11.4121,7.9085],[-11.4172,7.9104],[-11.4187,7.9129],[-11.4212,7.9133],[-11.4249,7.9173],[-11.4282,7.9133],[-11.4307,7.9125],[-11.4359,7.9124],[-11.438,7.9085],[-11.4424,7.9067],[-11.447,7.9031],[-11.4495,7.8976],[-11.4484,7.8954],[-11.4498,7.8908],[-11.4481,7.887],[-11.4459,7.8826],[-11.4473,7.8742],[-11.4532,7.8684],[-11.4619,7.864],[-11.4703,7.8614],[-11.4736,7.8571],[-11.4748,7.8546],[-11.4773,7.8498],[-11.4809,7.8399],[-11.4846,7.8322],[-11.482,7.8279],[-11.4802,7.8217],[-11.482,7.818],[-11.4852,7.8145],[-11.4864,7.81],[-11.4864,7.8056],[-11.4835,7.8023],[-11.4816,7.7994],[-11.486,7.7961],[-11.4919,7.7906],[-11.493,7.7855],[-11.4882,7.7822],[-11.4824,7.7808],[-11.4794,7.7801],[-11.4773,7.7797],[-11.4729,7.7797],[-11.4689,7.7815],[-11.4689,7.7851],[-11.466,7.7862],[-11.4674,7.7881],[-11.4649,7.7914],[-11.4572,7.7939],[-11.4561,7.799],[-11.451,7.8045],[-11.451,7.8092],[-11.4466,7.8114],[-11.4426,7.8147],[-11.4389,7.8184],[-11.4342,7.8198],[-11.4305,7.8224],[-11.4254,7.8227],[-11.4232,7.8169],[-11.42,7.8162],[-11.4192,7.8125],[-11.4181,7.8089],[-11.4152,7.8038],[-11.4143,7.7987],[-11.4143,7.7943],[-11.4121,7.7917],[-11.4099,7.7914],[-11.4085,7.7862],[-11.4048,7.7804],[-11.4015,7.7797],[-11.4019,7.776],[-11.4044,7.7735],[-11.4041,7.7702],[-11.4012,7.7687],[-11.4033,7.7596],[-11.4026,7.757],[-11.4037,7.7538],[-11.4077,7.7534],[-11.411,7.7549],[-11.4128,7.7516],[-11.415,7.7494],[-11.4117,7.7465],[-11.4161,7.7443],[-11.4161,7.7421],[-11.4128,7.7384],[-11.4169,7.7362],[-11.4183,7.733],[-11.4136,7.7267],[-11.4169,7.7264],[-11.4212,7.722],[-11.4205,7.7143],[-11.4205,7.7129],[-11.4227,7.7118],[-11.4256,7.7019],[-11.4304,7.7045],[-11.4322,7.7005],[-11.4388,7.7008],[-11.4405,7.6936],[-11.4406,7.6932],[-11.4428,7.6946],[-11.4479,7.6943],[-11.4482,7.6983],[-11.453,7.6954],[-11.4526,7.6928],[-11.4552,7.6928],[-11.457,7.6954],[-11.4581,7.7005],[-11.4618,7.7019],[-11.4628,7.707],[-11.4698,7.7081],[-11.4734,7.714],[-11.4785,7.7132],[-11.4829,7.7132],[-11.4873,7.7059],[-11.4879,7.6913],[-11.4911,7.6859],[-11.4977,7.6789],[-11.5101,7.6709],[-11.5114,7.6693],[-11.5156,7.6717],[-11.5318,7.6769],[-11.5456,7.6765],[-11.5578,7.6688],[-11.5631,7.6627],[-11.57,7.6493],[-11.5724,7.64],[-11.5765,7.6351],[-11.5814,7.6278],[-11.5879,7.6258],[-11.5964,7.6254],[-11.6025,7.6262],[-11.6078,7.6319],[-11.6151,7.6371],[-11.6273,7.6351],[-11.6399,7.6351],[-11.6472,7.6347],[-11.65,7.6331],[-11.659,7.6331],[-11.6642,7.6331],[-11.6687,7.6331],[-11.6752,7.6286],[-11.6797,7.6184],[-11.6837,7.614],[-11.6878,7.6083],[-11.6906,7.6022],[-11.6939,7.5981],[-11.6935,7.5933],[-11.6939,7.5868],[-11.6939,7.5831],[-11.698,7.577],[-11.7024,7.5726],[-11.7093,7.5685],[-11.7105,7.5648],[-11.7105,7.5624],[-11.7158,7.5608],[-11.7158,7.5575],[-11.7232,7.5528],[-11.7256,7.5583],[-11.7329,7.5681],[-11.7402,7.5782],[-11.7418,7.5864],[-11.7369,7.5953],[-11.7296,7.6079],[-11.7268,7.618],[-11.7227,7.6254],[-11.7154,7.6343],[-11.7211,7.6416],[-11.7223,7.6473],[-11.7191,7.6566],[-11.7191,7.666],[-11.7325,7.6676],[-11.737,7.6653],[-11.7382,7.6648],[-11.743,7.6631],[-11.7434,7.657],[-11.7406,7.6526]]]},"properties":{"code":"BOO","name":"Bo District","level":"2","parent":"Plmg8ikyfrK","parentGraph":"Plmg8ikyfrK","groups":["QJuHsfZjNBf","Y1fwmuWGmNr"]}},{"type":"Feature","id":"PANvCoWED2U","geometry":{"type":"Polygon","coordinates":[[[-11.7406,7.6526],[-11.7447,7.6457],[-11.7463,7.6408],[-11.7463,7.6375],[-11.7508,7.6343],[-11.7552,7.6274],[-11.7589,7.6205],[-11.7621,7.6144],[-11.7654,7.6083],[-11.769,7.6022],[-11.7751,7.5977],[-11.7853,7.5908],[-11.7922,7.5855],[-11.7979,7.5941],[-11.8032,7.5912],[-11.8072,7.5851],[-11.8133,7.5839],[-11.8198,7.5847],[-11.8267,7.5847],[-11.8308,7.5807],[-11.8365,7.577],[-11.8397,7.5738],[-11.8458,7.5648],[-11.848,7.5612],[-11.8411,7.5522],[-11.8346,7.5474],[-11.8285,7.5433],[-11.8241,7.5384],[-11.8216,7.5307],[-11.8237,7.5283],[-11.8285,7.5283],[-11.8334,7.5283],[-11.8375,7.5303],[-11.8419,7.5295],[-11.846,7.5299],[-11.8488,7.5336],[-11.8517,7.536],[-11.8574,7.5396],[-11.8623,7.5388],[-11.8663,7.5356],[-11.8716,7.5291],[-11.8671,7.5206],[-11.8598,7.5128],[-11.8574,7.5072],[-11.859,7.4982],[-11.8602,7.4929],[-11.8623,7.4873],[-11.8696,7.4832],[-11.8801,7.4808],[-11.8854,7.4808],[-11.8935,7.4834],[-11.8978,7.489],[-11.8999,7.491],[-11.896,7.4945],[-11.8925,7.4964],[-11.8902,7.4996],[-11.8858,7.5031],[-11.8829,7.5056],[-11.8794,7.5101],[-11.8815,7.5118],[-11.8855,7.5137],[-11.8946,7.5192],[-11.8961,7.5214],[-11.897,7.5226],[-11.8986,7.5248],[-11.8997,7.5258],[-11.9063,7.5303],[-11.9111,7.5332],[-11.914,7.5346],[-11.9166,7.5355],[-11.9192,7.5346],[-11.9221,7.5326],[-11.9252,7.531],[-11.9289,7.5307],[-11.9385,7.5309],[-11.9471,7.5294],[-11.95,7.5306],[-11.9531,7.5296],[-11.9602,7.5301],[-11.9613,7.5304],[-11.9623,7.5307],[-11.9665,7.5309],[-11.9696,7.5328],[-11.9718,7.5344],[-11.9743,7.5361],[-11.9815,7.5396],[-11.9865,7.546],[-11.9885,7.5502],[-11.9894,7.5527],[-11.9878,7.5576],[-11.9872,7.5597],[-11.984,7.5653],[-11.978,7.5725],[-11.9742,7.577],[-11.973,7.5799],[-11.9716,7.5837],[-11.9687,7.588],[-11.9656,7.5906],[-11.9627,7.5951],[-11.9593,7.5965],[-11.9547,7.5992],[-11.9554,7.6051],[-11.9929,7.5954],[-11.9975,7.5951],[-11.9979,7.5992],[-11.9988,7.604],[-12.0011,7.609],[-12.0018,7.6132],[-12.0042,7.6207],[-12.0061,7.6261],[-12.0068,7.6301],[-12.0057,7.6333],[-12.0028,7.6366],[-12.0004,7.6389],[-11.9964,7.6398],[-11.9914,7.6387],[-11.9869,7.6367],[-11.9812,7.6354],[-11.9757,7.6375],[-11.9738,7.6408],[-11.9717,7.6464],[-11.9715,7.6505],[-11.9744,7.6554],[-11.977,7.6517],[-11.9797,7.6509],[-11.983,7.6514],[-11.983,7.6562],[-11.9836,7.6627],[-11.9845,7.6641],[-11.9876,7.6645],[-11.9931,7.6623],[-11.9996,7.6615],[-12.0021,7.6679],[-12.0041,7.6687],[-12.0091,7.6682],[-12.0108,7.6664],[-12.013,7.6613],[-12.0146,7.6596],[-12.0172,7.6584],[-12.0217,7.6575],[-12.0242,7.6596],[-12.0297,7.6673],[-12.0338,7.6763],[-12.0417,7.6849],[-12.0463,7.689],[-12.0501,7.6914],[-12.0548,7.6907],[-12.0663,7.6916],[-12.0736,7.6916],[-12.0799,7.6909],[-12.0848,7.6894],[-12.1014,7.6807],[-12.1037,7.6791],[-12.1058,7.6771],[-12.1173,7.6872],[-12.1175,7.6887],[-12.116,7.6944],[-12.1118,7.7041],[-12.1079,7.7098],[-12.1084,7.7158],[-12.1092,7.7198],[-12.1125,7.7238],[-12.1145,7.7297],[-12.1179,7.7342],[-12.1196,7.7379],[-12.1207,7.7414],[-12.1226,7.7432],[-12.1236,7.7459],[-12.1231,7.7479],[-12.1236,7.7513],[-12.1298,7.7566],[-12.136,7.763],[-12.137,7.7652],[-12.1362,7.7687],[-12.1335,7.773],[-12.1329,7.7775],[-12.1374,7.7842],[-12.1372,7.7866],[-12.1297,7.7893],[-12.1298,7.7936],[-12.1329,7.7976],[-12.137,7.7993],[-12.1367,7.8038],[-12.1366,7.8071],[-12.1365,7.8097],[-12.138,7.813],[-12.1391,7.8159],[-12.1383,7.8259],[-12.1371,7.8284],[-12.135,7.839],[-12.1358,7.8433],[-12.1381,7.846],[-12.142,7.8478],[-12.1434,7.8498],[-12.1456,7.8548],[-12.1453,7.8601],[-12.1426,7.8647],[-12.1356,7.8727],[-12.1343,7.8755],[-12.1367,7.8879],[-12.1367,7.891],[-12.1359,7.8952],[-12.1323,7.9032],[-12.1333,7.9049],[-12.134,7.9088],[-12.1337,7.9127],[-12.132,7.9151],[-12.1291,7.9172],[-12.1288,7.9186],[-12.1322,7.9266],[-12.1337,7.9327],[-12.1335,7.9376],[-12.1348,7.942],[-12.1399,7.945],[-12.1411,7.9464],[-12.1408,7.9531],[-12.1416,7.9561],[-12.1384,7.9618],[-12.1369,7.9661],[-12.1345,7.9656],[-12.1329,7.9663],[-12.1319,7.9701],[-12.1302,7.972],[-12.1294,7.9745],[-12.1259,7.9767],[-12.1221,7.9763],[-12.1199,7.9746],[-12.117,7.9746],[-12.1155,7.9762],[-12.112,7.9768],[-12.1032,7.9768],[-12.1003,7.9783],[-12.0961,7.9782],[-12.0909,7.9802],[-12.0824,7.9787],[-12.0787,7.9787],[-12.0762,7.9773],[-12.0669,7.9773],[-12.0643,7.9723],[-12.0607,7.9721],[-12.0556,7.9736],[-12.0459,7.9788],[-12.0368,7.985],[-12.0349,7.9872],[-12.0274,7.9964],[-12.0224,8.0016],[-12.0181,8.0095],[-12.0139,8.0123],[-12.0091,8.0138],[-11.9916,8.0135],[-11.9854,8.0125],[-11.9822,8.0125],[-11.9666,8.0093],[-11.959,8.0064],[-11.9542,8.0058],[-11.946,8.0056],[-11.9414,8.0061],[-11.9334,8.0038],[-11.9192,8.0018],[-11.9119,8.0013],[-11.9091,7.9989],[-11.904,7.9964],[-11.8979,7.991],[-11.8937,7.9889],[-11.8907,7.9914],[-11.8846,7.9937],[-11.8821,7.9939],[-11.89,7.9999],[-11.8933,8.0043],[-11.8937,8.0084],[-11.8917,8.0155],[-11.889,8.0183],[-11.8851,8.0233],[-11.8828,8.0263],[-11.8818,8.0292],[-11.883,8.031],[-11.8887,8.0377],[-11.8938,8.0426],[-11.8987,8.0479],[-11.9019,8.0506],[-11.9051,8.0523],[-11.907,8.0543],[-11.9105,8.056],[-11.9133,8.0583],[-11.9152,8.0612],[-11.9165,8.0643],[-11.9163,8.0677],[-11.9135,8.0709],[-11.9098,8.0749],[-11.9076,8.0781],[-11.9073,8.0797],[-11.9035,8.0903],[-11.9013,8.0983],[-11.8982,8.1053],[-11.8925,8.1127],[-11.8898,8.1174],[-11.8878,8.1227],[-11.8855,8.1278],[-11.8823,8.1309],[-11.8774,8.1373],[-11.8703,8.138],[-11.8612,8.1396],[-11.8528,8.1407],[-11.847,8.1435],[-11.843,8.1481],[-11.8397,8.1532],[-11.8372,8.1554],[-11.8339,8.1555],[-11.8241,8.1554],[-11.8203,8.1549],[-11.8163,8.1527],[-11.816,8.158],[-11.8142,8.1619],[-11.8105,8.1656],[-11.8105,8.1677],[-11.8082,8.1686],[-11.8105,8.1713],[-11.8082,8.1744],[-11.8057,8.1766],[-11.8055,8.1796],[-11.8042,8.1858],[-11.803,8.1887],[-11.803,8.1928],[-11.8018,8.2012],[-11.8016,8.2087],[-11.8016,8.2159],[-11.8014,8.2199],[-11.8014,8.2233],[-11.8044,8.229],[-11.8051,8.2317],[-11.8049,8.2352],[-11.8049,8.2384],[-11.8041,8.2439],[-11.8057,8.246],[-11.816,8.2529],[-11.8217,8.2583],[-11.8262,8.2606],[-11.8329,8.2661],[-11.8373,8.269],[-11.8391,8.2722],[-11.84,8.2762],[-11.8398,8.2802],[-11.8376,8.2822],[-11.8328,8.2819],[-11.8264,8.2839],[-11.8102,8.2859],[-11.7909,8.2857],[-11.7816,8.2847],[-11.7796,8.3009],[-11.7808,8.307],[-11.7835,8.3145],[-11.7842,8.3237],[-11.7853,8.33],[-11.788,8.3354],[-11.7877,8.3392],[-11.7912,8.3426],[-11.7964,8.3411],[-11.8027,8.3369],[-11.8029,8.3329],[-11.8054,8.3349],[-11.8104,8.3356],[-11.8148,8.3324],[-11.8176,8.331],[-11.8188,8.3327],[-11.8185,8.3356],[-11.8195,8.3387],[-11.8198,8.3426],[-11.8212,8.3468],[-11.8228,8.3559],[-11.8247,8.3584],[-11.8231,8.3628],[-11.8194,8.3661],[-11.8175,8.3664],[-11.8163,8.3719],[-11.8133,8.3751],[-11.8102,8.377],[-11.809,8.3804],[-11.808,8.3869],[-11.8057,8.3889],[-11.8023,8.3901],[-11.7993,8.3897],[-11.7964,8.3876],[-11.7903,8.3872],[-11.7867,8.3888],[-11.7844,8.3888],[-11.7816,8.3923],[-11.78,8.39],[-11.7768,8.3918],[-11.7729,8.3939],[-11.7702,8.3937],[-11.7667,8.3927],[-11.7653,8.3946],[-11.7665,8.3962],[-11.766,8.3989],[-11.7638,8.3994],[-11.7637,8.3969],[-11.7621,8.3966],[-11.761,8.3991],[-11.7622,8.401],[-11.7619,8.4048],[-11.7594,8.406],[-11.7589,8.4028],[-11.7571,8.4035],[-11.7533,8.4108],[-11.7541,8.4128],[-11.7503,8.4174],[-11.7466,8.4218],[-11.741,8.4222],[-11.7394,8.428],[-11.7392,8.4311],[-11.7369,8.4346],[-11.7385,8.4369],[-11.7389,8.4389],[-11.7376,8.4405],[-11.733,8.4396],[-11.7325,8.4419],[-11.7302,8.4465],[-11.7316,8.4485],[-11.7303,8.4502],[-11.7268,8.452],[-11.727,8.459],[-11.7286,8.4606],[-11.7298,8.4638],[-11.7289,8.4669],[-11.7303,8.4689],[-11.7309,8.4712],[-11.7328,8.4732],[-11.7326,8.4764],[-11.7307,8.4808],[-11.7288,8.4834],[-11.7262,8.4828],[-11.7198,8.4792],[-11.7104,8.476],[-11.6862,8.4712],[-11.6816,8.4714],[-11.6706,8.4732],[-11.6651,8.4735],[-11.6532,8.4733],[-11.6472,8.4742],[-11.6406,8.4742],[-11.6348,8.4753],[-11.6298,8.4749],[-11.6244,8.4755],[-11.6167,8.4781],[-11.6114,8.4801],[-11.6016,8.4851],[-11.5929,8.4888],[-11.5923,8.4888],[-11.5901,8.4824],[-11.5901,8.4678],[-11.5849,8.4619],[-11.57,8.4539],[-11.562,8.4462],[-11.5537,8.4305],[-11.5534,8.425],[-11.5541,8.3977],[-11.5501,8.3816],[-11.5464,8.3702],[-11.5421,8.3648],[-11.5256,8.355],[-11.5168,8.3534],[-11.5004,8.3502],[-11.478,8.3279],[-11.474,8.3225],[-11.4685,8.3141],[-11.4696,8.298],[-11.4689,8.2863],[-11.4652,8.2783],[-11.4616,8.2681],[-11.4557,8.2608],[-11.4467,8.251],[-11.4449,8.247],[-11.4409,8.2422],[-11.438,8.2359],[-11.4331,8.2371],[-11.4273,8.2371],[-11.4225,8.236],[-11.417,8.2356],[-11.4123,8.2327],[-11.4065,8.2312],[-11.4002,8.2283],[-11.4015,8.2159],[-11.399,8.2111],[-11.3935,8.2108],[-11.3913,8.2097],[-11.3906,8.2035],[-11.3895,8.1984],[-11.3858,8.1969],[-11.3822,8.1943],[-11.3829,8.1867],[-11.3873,8.1786],[-11.396,8.1721],[-11.4037,8.163],[-11.3993,8.1546],[-11.3996,8.154],[-11.4026,8.148],[-11.4015,8.1454],[-11.4026,8.1421],[-11.4033,8.1374],[-11.399,8.133],[-11.3917,8.1338],[-11.3847,8.1338],[-11.3771,8.1327],[-11.369,8.1312],[-11.3574,8.1279],[-11.3519,8.1283],[-11.3457,8.1286],[-11.3424,8.1235],[-11.3435,8.1184],[-11.3411,8.114],[-11.3371,8.0998],[-11.3354,8.0962],[-11.3345,8.0943],[-11.3345,8.0859],[-11.3349,8.0753],[-11.3353,8.067],[-11.3364,8.0593],[-11.3364,8.0516],[-11.3382,8.0443],[-11.3349,8.0388],[-11.3353,8.037],[-11.3364,8.0323],[-11.336,8.0242],[-11.3378,8.0217],[-11.3491,8.0224],[-11.3568,8.0235],[-11.363,8.0235],[-11.3699,8.0242],[-11.3776,8.0261],[-11.3849,8.0221],[-11.3875,8.0166],[-11.3877,8.0089],[-11.3829,8.0034],[-11.3778,7.9994],[-11.3727,7.9972],[-11.3668,7.9932],[-11.365,7.9826],[-11.3632,7.975],[-11.3606,7.9655],[-11.3543,7.9573],[-11.3562,7.9555],[-11.3578,7.955],[-11.3595,7.9553],[-11.3613,7.9535],[-11.3615,7.9499],[-11.367,7.9443],[-11.3693,7.9428],[-11.372,7.9415],[-11.3776,7.9392],[-11.3835,7.9373],[-11.3902,7.9358],[-11.3923,7.9345],[-11.3887,7.9209],[-11.3847,7.9151],[-11.384,7.9082],[-11.3873,7.9078],[-11.3906,7.9125],[-11.399,7.9107],[-11.4044,7.9114],[-11.4077,7.9114],[-11.4121,7.9085],[-11.4172,7.9104],[-11.4187,7.9129],[-11.4212,7.9133],[-11.4249,7.9173],[-11.4282,7.9133],[-11.4307,7.9125],[-11.4359,7.9124],[-11.438,7.9085],[-11.4424,7.9067],[-11.447,7.9031],[-11.4495,7.8976],[-11.4484,7.8954],[-11.4498,7.8908],[-11.4481,7.887],[-11.4459,7.8826],[-11.4473,7.8742],[-11.4532,7.8684],[-11.4619,7.864],[-11.4703,7.8614],[-11.4736,7.8571],[-11.4748,7.8546],[-11.4773,7.8498],[-11.4809,7.8399],[-11.4846,7.8322],[-11.482,7.8279],[-11.4802,7.8217],[-11.482,7.818],[-11.4852,7.8145],[-11.4864,7.81],[-11.4864,7.8056],[-11.4835,7.8023],[-11.4816,7.7994],[-11.486,7.7961],[-11.4919,7.7906],[-11.493,7.7855],[-11.4882,7.7822],[-11.4824,7.7808],[-11.4794,7.7801],[-11.4773,7.7797],[-11.4729,7.7797],[-11.4689,7.7815],[-11.4689,7.7851],[-11.466,7.7862],[-11.4674,7.7881],[-11.4649,7.7914],[-11.4572,7.7939],[-11.4561,7.799],[-11.451,7.8045],[-11.451,7.8092],[-11.4466,7.8114],[-11.4426,7.8147],[-11.4389,7.8184],[-11.4342,7.8198],[-11.4305,7.8224],[-11.4254,7.8227],[-11.4232,7.8169],[-11.42,7.8162],[-11.4192,7.8125],[-11.4181,7.8089],[-11.4152,7.8038],[-11.4143,7.7987],[-11.4143,7.7943],[-11.4121,7.7917],[-11.4099,7.7914],[-11.4085,7.7862],[-11.4048,7.7804],[-11.4015,7.7797],[-11.4019,7.776],[-11.4044,7.7735],[-11.4041,7.7702],[-11.4012,7.7687],[-11.4033,7.7596],[-11.4026,7.757],[-11.4037,7.7538],[-11.4077,7.7534],[-11.411,7.7549],[-11.4128,7.7516],[-11.415,7.7494],[-11.4117,7.7465],[-11.4161,7.7443],[-11.4161,7.7421],[-11.4128,7.7384],[-11.4169,7.7362],[-11.4183,7.733],[-11.4136,7.7267],[-11.4169,7.7264],[-11.4212,7.722],[-11.4205,7.7143],[-11.4205,7.7129],[-11.4227,7.7118],[-11.4256,7.7019],[-11.4304,7.7045],[-11.4322,7.7005],[-11.4388,7.7008],[-11.4405,7.6936],[-11.4406,7.6932],[-11.4428,7.6946],[-11.4479,7.6943],[-11.4482,7.6983],[-11.453,7.6954],[-11.4526,7.6928],[-11.4552,7.6928],[-11.457,7.6954],[-11.4581,7.7005],[-11.4618,7.7019],[-11.4628,7.707],[-11.4698,7.7081],[-11.4734,7.714],[-11.4785,7.7132],[-11.4829,7.7132],[-11.4873,7.7059],[-11.4879,7.6913],[-11.4911,7.6859],[-11.4977,7.6789],[-11.5101,7.6709],[-11.5114,7.6693],[-11.5156,7.6717],[-11.5318,7.6769],[-11.5456,7.6765],[-11.5578,7.6688],[-11.5631,7.6627],[-11.57,7.6493],[-11.5724,7.64],[-11.5765,7.6351],[-11.5814,7.6278],[-11.5879,7.6258],[-11.5964,7.6254],[-11.6025,7.6262],[-11.6078,7.6319],[-11.6151,7.6371],[-11.6273,7.6351],[-11.6399,7.6351],[-11.6472,7.6347],[-11.65,7.6331],[-11.659,7.6331],[-11.6642,7.6331],[-11.6687,7.6331],[-11.6752,7.6286],[-11.6797,7.6184],[-11.6837,7.614],[-11.6878,7.6083],[-11.6906,7.6022],[-11.6939,7.5981],[-11.6935,7.5933],[-11.6939,7.5868],[-11.6939,7.5831],[-11.698,7.577],[-11.7024,7.5726],[-11.7093,7.5685],[-11.7105,7.5648],[-11.7105,7.5624],[-11.7158,7.5608],[-11.7158,7.5575],[-11.7232,7.5528],[-11.7256,7.5583],[-11.7329,7.5681],[-11.7402,7.5782],[-11.7418,7.5864],[-11.7369,7.5953],[-11.7296,7.6079],[-11.7268,7.618],[-11.7227,7.6254],[-11.7154,7.6343],[-11.7211,7.6416],[-11.7223,7.6473],[-11.7191,7.6566],[-11.7191,7.666],[-11.7325,7.6676],[-11.737,7.6653],[-11.7382,7.6648],[-11.743,7.6631],[-11.7434,7.657],[-11.7406,7.6526]],[[-11.7532,7.9534],[-11.7523,7.9526],[-11.7529,7.9522],[-11.7534,7.9523],[-11.7543,7.9524],[-11.7566,7.9509],[-11.7567,7.9507],[-11.757,7.9502],[-11.7581,7.9465],[-11.7601,7.9431],[-11.76,7.9426],[-11.7564,7.9401],[-11.7512,7.937],[-11.7418,7.9367],[-11.7361,7.9341],[-11.7301,7.9353],[-11.7259,7.9363],[-11.7218,7.9387],[-11.7188,7.939],[-11.7154,7.9416],[-11.7145,7.9418],[-11.7143,7.942],[-11.7137,7.9426],[-11.7131,7.9431],[-11.7122,7.9438],[-11.71,7.9452],[-11.7094,7.946],[-11.7093,7.9483],[-11.7084,7.9483],[-11.708,7.9486],[-11.7072,7.95],[-11.7065,7.9505],[-11.7047,7.9519],[-11.7049,7.9536],[-11.7098,7.9562],[-11.7102,7.9569],[-11.7098,7.9631],[-11.7096,7.964],[-11.7089,7.965],[-11.7087,7.9657],[-11.7088,7.9685],[-11.71,7.9714],[-11.7119,7.9732],[-11.7128,7.9735],[-11.7135,7.9738],[-11.714,7.9739],[-11.7145,7.9739],[-11.7165,7.9736],[-11.7171,7.9738],[-11.7236,7.9736],[-11.724,7.9735],[-11.7244,7.9731],[-11.7245,7.973],[-11.7249,7.9731],[-11.7245,7.9744],[-11.7244,7.9755],[-11.7239,7.9769],[-11.7238,7.9776],[-11.7237,7.9818],[-11.7244,7.9823],[-11.7247,7.9823],[-11.7248,7.9826],[-11.7253,7.9834],[-11.7257,7.9837],[-11.7257,7.9838],[-11.7268,7.9835],[-11.7273,7.9832],[-11.7278,7.9828],[-11.7282,7.9823],[-11.7286,7.9822],[-11.729,7.9814],[-11.7294,7.9796],[-11.7295,7.9792],[-11.7295,7.9792],[-11.7305,7.9781],[-11.7313,7.9777],[-11.7321,7.9773],[-11.7329,7.9777],[-11.7334,7.9787],[-11.7336,7.9794],[-11.7336,7.9801],[-11.7336,7.9816],[-11.7331,7.9827],[-11.7326,7.9838],[-11.7324,7.9846],[-11.737,7.9873],[-11.7378,7.9839],[-11.7396,7.984],[-11.742,7.9824],[-11.7432,7.9823],[-11.7452,7.9818],[-11.7456,7.9815],[-11.748,7.9809],[-11.7495,7.9803],[-11.7512,7.9791],[-11.7543,7.9785],[-11.7565,7.9771],[-11.7568,7.9766],[-11.7586,7.9748],[-11.7612,7.9746],[-11.7617,7.9743],[-11.7616,7.974],[-11.761,7.9719],[-11.7583,7.9651],[-11.7579,7.964],[-11.7575,7.9631],[-11.7574,7.963],[-11.7555,7.9584],[-11.7555,7.9582],[-11.755,7.957],[-11.7538,7.9542],[-11.7534,7.9536],[-11.7532,7.9534]]]},"properties":{"code":"BOO_BOODC","name":"Bo District Council","level":"3","parent":"zTHjIvPmPI0","parentGraph":"Plmg8ikyfrK/zTHjIvPmPI0","groups":["aYjKY8GaXYQ","QJuHsfZjNBf"]}},{"type":"Feature","id":"ucyuSTA19cP","geometry":{"type":"Polygon","coordinates":[[[-11.8726,8.9126],[-11.8726,8.9048],[-11.8696,8.9001],[-11.8683,8.8971],[-11.8691,8.8916],[-11.867,8.883],[-11.867,8.8792],[-11.8713,8.8779],[-11.8713,8.8735],[-11.8751,8.8676],[-11.8824,8.8617],[-11.8845,8.86],[-11.8807,8.8557],[-11.8819,8.8506],[-11.8819,8.8463],[-11.8841,8.8424],[-11.8837,8.8386],[-11.8832,8.8331],[-11.8862,8.8275],[-11.8858,8.8211],[-11.8853,8.8181],[-11.8841,8.81],[-11.8822,8.8049],[-11.8839,8.8014],[-11.8847,8.7967],[-11.8813,8.7929],[-11.8792,8.7878],[-11.8809,8.7831],[-11.883,8.7792],[-11.8864,8.7813],[-11.8881,8.7813],[-11.8886,8.7788],[-11.8864,8.775],[-11.8877,8.7698],[-11.8903,8.7664],[-11.8963,8.7638],[-11.8984,8.7608],[-11.9027,8.7527],[-11.9052,8.7523],[-11.9078,8.7549],[-11.9099,8.7544],[-11.9112,8.7497],[-11.9133,8.748],[-11.9159,8.748],[-11.9185,8.7502],[-11.9223,8.748],[-11.927,8.7442],[-11.9321,8.7417],[-11.9356,8.7387],[-11.9407,8.737],[-11.9458,8.734],[-11.9488,8.7301],[-11.9531,8.7271],[-11.9565,8.7258],[-11.9612,8.7237],[-11.9672,8.7207],[-11.971,8.719],[-11.9753,8.716],[-11.9808,8.7126],[-11.9847,8.7113],[-11.9898,8.7088],[-11.9962,8.7062],[-11.9975,8.7028],[-11.9996,8.6977],[-11.9998,8.6895],[-12.0008,8.6878],[-12.0028,8.684],[-12.005,8.6814],[-12.0084,8.6801],[-12.0109,8.6797],[-12.0148,8.6801],[-12.0191,8.6831],[-12.0216,8.6836],[-12.0255,8.6827],[-12.025,8.6861],[-12.0255,8.6883],[-12.028,8.6891],[-12.0302,8.6861],[-12.0323,8.6823],[-12.0344,8.6797],[-12.0383,8.6793],[-12.0413,8.6814],[-12.0396,8.6878],[-12.0404,8.6904],[-12.0442,8.6921],[-12.0528,8.6917],[-12.0558,8.6891],[-12.0583,8.6861],[-12.0601,8.6861],[-12.0618,8.6891],[-12.0626,8.6951],[-12.0618,8.6989],[-12.0601,8.7028],[-12.0635,8.7049],[-12.067,8.7049],[-12.0692,8.7046],[-12.0729,8.7041],[-12.0746,8.6989],[-12.0759,8.6925],[-12.0741,8.6874],[-12.0716,8.6844],[-12.0729,8.681],[-12.0771,8.6819],[-12.081,8.6831],[-12.0865,8.6797],[-12.0912,8.6776],[-12.0938,8.6754],[-12.0981,8.6754],[-12.1032,8.6742],[-12.1058,8.6682],[-12.1083,8.6643],[-12.1113,8.6635],[-12.1147,8.6639],[-12.1156,8.6628],[-12.1167,8.6625],[-12.1182,8.6617],[-12.1219,8.6593],[-12.1228,8.6573],[-12.1242,8.649],[-12.1253,8.6444],[-12.1278,8.6421],[-12.1387,8.6401],[-12.1489,8.6386],[-12.1522,8.6372],[-12.1563,8.6366],[-12.1619,8.6349],[-12.1655,8.6331],[-12.1664,8.6317],[-12.1674,8.6273],[-12.1689,8.6238],[-12.1716,8.6193],[-12.1729,8.6181],[-12.1745,8.6175],[-12.1767,8.6171],[-12.1782,8.6177],[-12.18,8.6193],[-12.1815,8.6212],[-12.1833,8.6233],[-12.1847,8.6235],[-12.1856,8.6229],[-12.1858,8.6221],[-12.1856,8.621],[-12.1856,8.6193],[-12.1854,8.6181],[-12.1848,8.6171],[-12.1827,8.6162],[-12.1806,8.6157],[-12.1803,8.6148],[-12.1807,8.6135],[-12.1824,8.6122],[-12.1841,8.611],[-12.1867,8.6091],[-12.1893,8.6076],[-12.1903,8.6063],[-12.1907,8.6048],[-12.1907,8.6025],[-12.1903,8.5993],[-12.1905,8.5983],[-12.1915,8.5975],[-12.1959,8.5953],[-12.1971,8.5951],[-12.1981,8.5957],[-12.1996,8.5986],[-12.1993,8.6019],[-12.1988,8.604],[-12.1988,8.6055],[-12.1994,8.6067],[-12.2005,8.6067],[-12.2023,8.6064],[-12.2039,8.6056],[-12.2064,8.6038],[-12.2088,8.6027],[-12.2119,8.6028],[-12.2185,8.6028],[-12.2222,8.602],[-12.2309,8.6016],[-12.2347,8.6006],[-12.2381,8.6008],[-12.24,8.6011],[-12.2411,8.6046],[-12.2427,8.6072],[-12.2436,8.6098],[-12.2435,8.6109],[-12.2427,8.6123],[-12.239,8.6159],[-12.238,8.6172],[-12.2378,8.618],[-12.2357,8.6182],[-12.2327,8.621],[-12.2319,8.6247],[-12.2337,8.6283],[-12.2372,8.6316],[-12.2388,8.6372],[-12.2428,8.6392],[-12.2439,8.6405],[-12.2432,8.6446],[-12.2509,8.6466],[-12.2521,8.6473],[-12.2554,8.6501],[-12.2608,8.6517],[-12.2604,8.6574],[-12.2606,8.6638],[-12.2598,8.6695],[-12.2587,8.6733],[-12.2571,8.6744],[-12.25,8.6748],[-12.2461,8.6751],[-12.2445,8.6757],[-12.2445,8.6769],[-12.2451,8.6777],[-12.2469,8.6798],[-12.2509,8.6849],[-12.2518,8.6866],[-12.252,8.6888],[-12.2517,8.6903],[-12.2508,8.6919],[-12.2494,8.6931],[-12.2476,8.6941],[-12.2449,8.6959],[-12.2433,8.698],[-12.2433,8.7001],[-12.2441,8.7016],[-12.245,8.7024],[-12.2466,8.703],[-12.2487,8.7032],[-12.2506,8.703],[-12.2525,8.7034],[-12.2533,8.7045],[-12.2534,8.7054],[-12.253,8.7062],[-12.2514,8.7075],[-12.2495,8.7081],[-12.2485,8.7077],[-12.2472,8.7065],[-12.2455,8.7055],[-12.2426,8.7042],[-12.2395,8.7035],[-12.2378,8.7037],[-12.2365,8.7046],[-12.2357,8.7063],[-12.2359,8.7077],[-12.2371,8.7094],[-12.2418,8.7154],[-12.2459,8.7193],[-12.2478,8.7219],[-12.2495,8.7309],[-12.2505,8.7352],[-12.2515,8.7375],[-12.2531,8.7399],[-12.2564,8.7442],[-12.2572,8.7449],[-12.2582,8.7454],[-12.2593,8.7454],[-12.2603,8.7451],[-12.2612,8.7443],[-12.2617,8.7432],[-12.2626,8.7403],[-12.263,8.7381],[-12.2627,8.7309],[-12.2622,8.7265],[-12.2628,8.7214],[-12.2647,8.7173],[-12.266,8.7151],[-12.2673,8.7139],[-12.269,8.7126],[-12.2709,8.7118],[-12.2739,8.7107],[-12.2764,8.7103],[-12.2779,8.7101],[-12.279,8.7104],[-12.28,8.7111],[-12.2802,8.7119],[-12.28,8.7138],[-12.2802,8.7158],[-12.2802,8.7173],[-12.2799,8.7189],[-12.279,8.7199],[-12.2776,8.7209],[-12.2751,8.7219],[-12.2721,8.7228],[-12.2713,8.7235],[-12.2709,8.725],[-12.2708,8.7265],[-12.2718,8.7342],[-12.2716,8.737],[-12.271,8.7389],[-12.2688,8.7431],[-12.2673,8.7453],[-12.2666,8.747],[-12.2666,8.7481],[-12.267,8.7491],[-12.268,8.75],[-12.2694,8.7508],[-12.2708,8.7521],[-12.2721,8.753],[-12.2735,8.7533],[-12.2746,8.7533],[-12.2766,8.7528],[-12.2811,8.7493],[-12.2834,8.7468],[-12.2856,8.7443],[-12.2868,8.7439],[-12.288,8.7438],[-12.2893,8.7442],[-12.2909,8.7451],[-12.2928,8.7468],[-12.2935,8.7478],[-12.2939,8.7494],[-12.2948,8.7534],[-12.296,8.757],[-12.2971,8.7594],[-12.2979,8.7602],[-12.299,8.7608],[-12.3011,8.7614],[-12.3024,8.7617],[-12.3033,8.7615],[-12.3044,8.7611],[-12.3052,8.7603],[-12.3068,8.7569],[-12.3077,8.7558],[-12.309,8.7525],[-12.3095,8.7488],[-12.3096,8.7423],[-12.3102,8.7395],[-12.3112,8.7373],[-12.3128,8.7347],[-12.3143,8.7329],[-12.3162,8.731],[-12.3182,8.7299],[-12.3209,8.7285],[-12.3215,8.7317],[-12.3312,8.7322],[-12.3374,8.7351],[-12.3449,8.7455],[-12.3522,8.7564],[-12.3636,8.7609],[-12.3643,8.7623],[-12.3709,8.7728],[-12.3721,8.7841],[-12.3701,8.7912],[-12.3659,8.7919],[-12.3593,8.7977],[-12.352,8.798],[-12.3505,8.7968],[-12.35,8.7965],[-12.3491,8.795],[-12.3485,8.7946],[-12.3475,8.7946],[-12.3466,8.7945],[-12.3446,8.7946],[-12.3431,8.7945],[-12.3414,8.7941],[-12.34,8.7939],[-12.3388,8.7939],[-12.3379,8.7943],[-12.3371,8.7948],[-12.3364,8.7951],[-12.336,8.7951],[-12.3358,8.7954],[-12.3358,8.7956],[-12.3357,8.7958],[-12.3352,8.7961],[-12.3346,8.7964],[-12.3345,8.7969],[-12.3344,8.7973],[-12.3342,8.7973],[-12.334,8.7973],[-12.3339,8.7975],[-12.334,8.7977],[-12.334,8.7979],[-12.3338,8.798],[-12.3336,8.798],[-12.3333,8.7978],[-12.3331,8.7979],[-12.333,8.7981],[-12.3327,8.7983],[-12.3326,8.7987],[-12.3324,8.799],[-12.3321,8.7994],[-12.3317,8.7998],[-12.3252,8.8038],[-12.3229,8.8093],[-12.3208,8.8152],[-12.3209,8.8161],[-12.3209,8.8169],[-12.3206,8.8176],[-12.3201,8.8185],[-12.3193,8.8195],[-12.319,8.8201],[-12.3188,8.8207],[-12.3189,8.8214],[-12.3195,8.8224],[-12.3194,8.8229],[-12.3192,8.8235],[-12.3191,8.8241],[-12.3191,8.8248],[-12.3187,8.8264],[-12.3188,8.827],[-12.319,8.8276],[-12.3194,8.8281],[-12.3198,8.8292],[-12.3201,8.8298],[-12.3201,8.8305],[-12.3204,8.8312],[-12.3205,8.8325],[-12.3207,8.8335],[-12.3206,8.8342],[-12.3204,8.8346],[-12.3205,8.8349],[-12.3209,8.8355],[-12.3211,8.8359],[-12.3211,8.8366],[-12.3212,8.8371],[-12.3215,8.8374],[-12.3218,8.8375],[-12.3222,8.8379],[-12.3235,8.8395],[-12.3243,8.8399],[-12.3257,8.841],[-12.3259,8.842],[-12.329,8.8472],[-12.3293,8.8481],[-12.3294,8.8489],[-12.3298,8.8494],[-12.3299,8.85],[-12.3293,8.8509],[-12.3292,8.8515],[-12.3297,8.8518],[-12.3299,8.8526],[-12.33,8.8539],[-12.3301,8.8542],[-12.33,8.8545],[-12.3298,8.8546],[-12.3296,8.8547],[-12.3297,8.8549],[-12.33,8.8549],[-12.3305,8.855],[-12.3319,8.8564],[-12.3414,8.866],[-12.3414,8.8707],[-12.3428,8.8741],[-12.3431,8.8813],[-12.3442,8.8888],[-12.3484,8.894],[-12.3519,8.8987],[-12.3526,8.9004],[-12.3534,8.9017],[-12.3536,8.9028],[-12.354,8.9036],[-12.3546,8.9042],[-12.3553,8.9046],[-12.3546,8.9048],[-12.3537,8.9047],[-12.3531,8.9045],[-12.3527,8.904],[-12.3525,8.9034],[-12.3523,8.9031],[-12.352,8.9029],[-12.3515,8.9029],[-12.3511,8.9031],[-12.3508,8.9032],[-12.3503,8.903],[-12.3501,8.9028],[-12.3498,8.9026],[-12.3493,8.9026],[-12.3489,8.903],[-12.3486,8.9035],[-12.3482,8.9039],[-12.3472,8.9047],[-12.3465,8.9049],[-12.346,8.9052],[-12.3456,8.9055],[-12.3453,8.906],[-12.3451,8.9063],[-12.3447,8.9064],[-12.344,8.9065],[-12.3433,8.9068],[-12.3425,8.9069],[-12.3417,8.9072],[-12.3413,8.9072],[-12.3404,8.9077],[-12.34,8.9079],[-12.3392,8.908],[-12.339,8.9081],[-12.3387,8.9082],[-12.3384,8.9082],[-12.3378,8.9082],[-12.3376,8.9084],[-12.3372,8.9085],[-12.3367,8.9083],[-12.3365,8.9082],[-12.3363,8.9081],[-12.3357,8.9085],[-12.3354,8.9085],[-12.3351,8.9083],[-12.3348,8.9081],[-12.3346,8.9081],[-12.3343,8.9079],[-12.3341,8.9077],[-12.3337,8.9078],[-12.3333,8.9077],[-12.3329,8.9077],[-12.3326,8.9079],[-12.3323,8.9079],[-12.3319,8.9077],[-12.3316,8.9075],[-12.331,8.9074],[-12.3299,8.9072],[-12.3296,8.9072],[-12.3291,8.9073],[-12.3285,8.9074],[-12.3277,8.9074],[-12.3273,8.9074],[-12.327,8.9076],[-12.3267,8.9079],[-12.3258,8.9081],[-12.3253,8.9081],[-12.3249,8.9084],[-12.3244,8.9085],[-12.3241,8.9085],[-12.3236,8.9085],[-12.3225,8.9089],[-12.3216,8.9087],[-12.3211,8.9087],[-12.3199,8.9087],[-12.3194,8.9088],[-12.3189,8.9088],[-12.3184,8.9087],[-12.3179,8.9086],[-12.3177,8.9083],[-12.3177,8.9076],[-12.3173,8.9073],[-12.3172,8.907],[-12.3175,8.9064],[-12.3175,8.906],[-12.3174,8.9057],[-12.3172,8.9055],[-12.3169,8.905],[-12.3167,8.9044],[-12.3161,8.9034],[-12.316,8.903],[-12.3159,8.9026],[-12.3153,8.9006],[-12.313,8.8925],[-12.3096,8.8914],[-12.3055,8.8914],[-12.2989,8.895],[-12.2917,8.9002],[-12.2865,8.9043],[-12.2781,8.9084],[-12.2838,8.9171],[-12.2855,8.9232],[-12.2774,8.9439],[-12.2761,8.9461],[-12.2738,8.946],[-12.2734,8.948],[-12.2711,8.9502],[-12.2681,8.9491],[-12.2641,8.9504],[-12.2621,8.9537],[-12.2645,8.9546],[-12.2685,8.954],[-12.2712,8.9555],[-12.2734,8.9549],[-12.278,8.9524],[-12.2804,8.9518],[-12.283,8.9544],[-12.2812,8.9599],[-12.2838,8.9611],[-12.2861,8.9604],[-12.2912,8.9608],[-12.296,8.9593],[-12.3011,8.9593],[-12.3102,8.9626],[-12.313,8.9644],[-12.3155,8.9652],[-12.3232,8.9686],[-12.3271,8.9683],[-12.3313,8.9696],[-12.334,8.9679],[-12.3355,8.9683],[-12.339,8.9765],[-12.3395,8.9795],[-12.3427,8.9838],[-12.3425,8.9863],[-12.3405,8.9885],[-12.3422,8.9924],[-12.3424,8.995],[-12.3429,8.9973],[-12.344,9.0005],[-12.3441,9.0025],[-12.3451,9.0035],[-12.3462,9.005],[-12.3468,9.0074],[-12.3488,9.0089],[-12.3496,9.0108],[-12.3535,9.0133],[-12.3551,9.0142],[-12.3567,9.0146],[-12.3582,9.0152],[-12.3587,9.0158],[-12.3597,9.0196],[-12.3605,9.0242],[-12.3624,9.0257],[-12.3636,9.0276],[-12.3639,9.0316],[-12.3616,9.0328],[-12.3579,9.0328],[-12.3593,9.0371],[-12.3587,9.0408],[-12.3616,9.0456],[-12.3673,9.0482],[-12.3707,9.0516],[-12.373,9.0505],[-12.3793,9.0511],[-12.3793,9.0531],[-12.3844,9.0556],[-12.3864,9.0579],[-12.3887,9.0653],[-12.3887,9.069],[-12.3843,9.0728],[-12.3798,9.0673],[-12.3775,9.0664],[-12.3738,9.0673],[-12.3704,9.0687],[-12.3656,9.0735],[-12.3616,9.0755],[-12.3582,9.0783],[-12.3568,9.0834],[-12.3548,9.0882],[-12.3512,9.0908],[-12.3526,9.0942],[-12.3506,9.0964],[-12.3475,9.0945],[-12.3435,9.0967],[-12.3377,9.0976],[-12.3357,9.0996],[-12.3289,9.0967],[-12.3238,9.095],[-12.3198,9.093],[-12.3224,9.0894],[-12.3207,9.0868],[-12.3207,9.0831],[-12.3167,9.0837],[-12.3099,9.0862],[-12.3071,9.0888],[-12.3028,9.0913],[-12.2989,9.0928],[-12.2895,9.0936],[-12.2773,9.0956],[-12.2722,9.0953],[-12.2669,9.0962],[-12.2646,9.0987],[-12.2574,9.1038],[-12.2557,9.1069],[-12.2491,9.112],[-12.2418,9.1168],[-12.2404,9.1191],[-12.2378,9.1194],[-12.2344,9.1185],[-12.2367,9.1234],[-12.2341,9.1287],[-12.2316,9.1293],[-12.2319,9.1313],[-12.2353,9.1336],[-12.2319,9.137],[-12.2225,9.1426],[-12.2157,9.1457],[-12.2129,9.152],[-12.2149,9.1599],[-12.2146,9.163],[-12.2086,9.167],[-12.2007,9.1732],[-12.1973,9.1738],[-12.1947,9.1778],[-12.1925,9.1796],[-12.1862,9.1863],[-12.1859,9.1892],[-12.1824,9.1884],[-12.1823,9.1905],[-12.1807,9.1935],[-12.1829,9.195],[-12.1816,9.1972],[-12.1765,9.2073],[-12.1748,9.2131],[-12.1753,9.2168],[-12.1681,9.2257],[-12.163,9.2303],[-12.156,9.2336],[-12.1505,9.2383],[-12.1585,9.239],[-12.1711,9.2387],[-12.1786,9.239],[-12.1851,9.2409],[-12.1863,9.2431],[-12.1906,9.2453],[-12.201,9.2472],[-12.2085,9.2482],[-12.2243,9.2448],[-12.2274,9.2439],[-12.2319,9.2466],[-12.2339,9.2487],[-12.2368,9.2498],[-12.2479,9.2597],[-12.2535,9.2636],[-12.2546,9.2652],[-12.26,9.27],[-12.2504,9.2752],[-12.2472,9.2787],[-12.2426,9.283],[-12.2345,9.2869],[-12.2433,9.2915],[-12.2439,9.2924],[-12.2424,9.2964],[-12.2391,9.302],[-12.2388,9.3048],[-12.2362,9.3077],[-12.2323,9.3138],[-12.2352,9.318],[-12.2378,9.3185],[-12.2423,9.3209],[-12.2447,9.3232],[-12.2492,9.3238],[-12.2513,9.3274],[-12.2539,9.3274],[-12.2585,9.3285],[-12.261,9.3333],[-12.262,9.3363],[-12.2611,9.3403],[-12.2578,9.3381],[-12.2548,9.3375],[-12.2506,9.3384],[-12.2475,9.3404],[-12.2469,9.3438],[-12.2454,9.3444],[-12.2411,9.3442],[-12.2381,9.3461],[-12.2357,9.3464],[-12.2323,9.3481],[-12.2261,9.3538],[-12.2233,9.3573],[-12.2216,9.3652],[-12.2186,9.3677],[-12.2149,9.3694],[-12.2115,9.3689],[-12.2121,9.363],[-12.2121,9.3588],[-12.2112,9.354],[-12.2097,9.3498],[-12.2067,9.3466],[-12.205,9.3436],[-12.1957,9.3367],[-12.1918,9.3345],[-12.189,9.3318],[-12.1868,9.3308],[-12.1786,9.331],[-12.1724,9.3298],[-12.1677,9.3293],[-12.1643,9.3295],[-12.1561,9.3288],[-12.1556,9.3246],[-12.1531,9.3241],[-12.1447,9.3241],[-12.1423,9.3241],[-12.1357,9.3213],[-12.126,9.318],[-12.1205,9.3245],[-12.1086,9.3371],[-12.1055,9.3391],[-12.0997,9.3451],[-12.096,9.3476],[-12.0941,9.3513],[-12.0936,9.3535],[-12.0948,9.3548],[-12.0995,9.3558],[-12.1007,9.3597],[-12.0988,9.3649],[-12.0965,9.3677],[-12.0955,9.3706],[-12.0955,9.3746],[-12.0963,9.3778],[-12.0953,9.3803],[-12.0903,9.3818],[-12.0856,9.38],[-12.0762,9.3778],[-12.0718,9.3783],[-12.0671,9.3748],[-12.0594,9.3699],[-12.0552,9.3687],[-12.0456,9.3679],[-12.0414,9.3687],[-12.037,9.3689],[-12.0325,9.3706],[-12.028,9.3731],[-12.0244,9.3733],[-12.0216,9.3714],[-12.0209,9.3679],[-12.0179,9.3669],[-12.0144,9.3667],[-12.0123,9.3695],[-12.0126,9.3733],[-12.0112,9.3745],[-12.007,9.3739],[-12.0036,9.3721],[-12.0018,9.3726],[-11.9987,9.3717],[-11.9974,9.3695],[-11.9942,9.3684],[-11.9909,9.373],[-11.9917,9.3795],[-11.9901,9.385],[-11.9896,9.3889],[-11.9932,9.39],[-11.9959,9.3943],[-11.996,9.3966],[-11.9944,9.4],[-11.9907,9.4049],[-11.9884,9.4088],[-11.9864,9.4099],[-11.9796,9.4107],[-11.9805,9.4113],[-11.982,9.4158],[-11.9841,9.4199],[-11.9844,9.4223],[-11.9796,9.4272],[-11.982,9.4315],[-11.9815,9.4353],[-11.9795,9.4382],[-11.9815,9.4428],[-11.9805,9.4449],[-11.9781,9.4468],[-11.979,9.4484],[-11.9767,9.4558],[-11.9763,9.4595],[-11.9727,9.4614],[-11.9728,9.4645],[-11.975,9.4709],[-11.9747,9.4817],[-11.9741,9.4832],[-11.9704,9.4822],[-11.9701,9.4891],[-11.9702,9.4928],[-11.9695,9.4946],[-11.9687,9.5015],[-11.9657,9.5062],[-11.961,9.507],[-11.9601,9.5126],[-11.964,9.5126],[-11.961,9.5211],[-11.9563,9.5224],[-11.9528,9.5262],[-11.9516,9.5292],[-11.9499,9.5335],[-11.9435,9.5305],[-11.9413,9.5335],[-11.9366,9.5335],[-11.9341,9.5365],[-11.9268,9.5382],[-11.9195,9.5395],[-11.9136,9.5378],[-11.9059,9.5391],[-11.8999,9.5399],[-11.8973,9.5404],[-11.8952,9.5408],[-11.8909,9.5395],[-11.8849,9.5386],[-11.8858,9.5335],[-11.8858,9.5292],[-11.8879,9.5267],[-11.8888,9.5215],[-11.8888,9.5177],[-11.8896,9.5139],[-11.8866,9.5113],[-11.8819,9.5207],[-11.877,9.519],[-11.874,9.5164],[-11.8715,9.5122],[-11.8672,9.5083],[-11.8681,9.5045],[-11.8728,9.5049],[-11.8772,9.5002],[-11.8801,9.4954],[-11.8844,9.4915],[-11.8832,9.4895],[-11.8797,9.487],[-11.8775,9.4801],[-11.8758,9.4726],[-11.8732,9.4665],[-11.8672,9.4622],[-11.8617,9.4612],[-11.8587,9.4558],[-11.8553,9.4506],[-11.8493,9.4485],[-11.8412,9.4464],[-11.8433,9.4387],[-11.8407,9.4314],[-11.8352,9.4272],[-11.8322,9.4203],[-11.8228,9.4088],[-11.8187,9.4032],[-11.8123,9.3977],[-11.8126,9.3972],[-11.8162,9.3904],[-11.8175,9.384],[-11.82,9.3763],[-11.8222,9.3716],[-11.8243,9.3652],[-11.8247,9.3605],[-11.8179,9.361],[-11.8106,9.3545],[-11.8081,9.3469],[-11.8183,9.3387],[-11.8298,9.3292],[-11.8264,9.3173],[-11.8266,9.311],[-11.8259,9.3077],[-11.8278,9.2995],[-11.8333,9.2956],[-11.8401,9.2946],[-11.8453,9.2946],[-11.8441,9.2905],[-11.8427,9.2819],[-11.838,9.2734],[-11.8371,9.2661],[-11.8444,9.2661],[-11.8503,9.2653],[-11.8538,9.2683],[-11.8602,9.2678],[-11.8649,9.2666],[-11.8649,9.2614],[-11.8593,9.2597],[-11.8572,9.2614],[-11.8542,9.2597],[-11.8525,9.2533],[-11.8498,9.2492],[-11.8448,9.2448],[-11.8395,9.2414],[-11.8365,9.2337],[-11.8318,9.2294],[-11.8254,9.2281],[-11.8207,9.2324],[-11.81,9.2328],[-11.8049,9.2333],[-11.801,9.2298],[-11.7967,9.231],[-11.7963,9.2311],[-11.7963,9.2162],[-11.7972,9.2102],[-11.7993,9.2072],[-11.8057,9.2025],[-11.8125,9.1999],[-11.8168,9.1931],[-11.8215,9.1858],[-11.8181,9.17],[-11.8249,9.1624],[-11.8334,9.1573],[-11.8343,9.1568],[-11.8382,9.1483],[-11.838,9.1414],[-11.8405,9.1312],[-11.8422,9.1213],[-11.8388,9.1145],[-11.8337,9.1081],[-11.8269,9.1064],[-11.8196,9.106],[-11.8162,9.1004],[-11.8166,9.091],[-11.8132,9.0829],[-11.8055,9.0778],[-11.7978,9.0744],[-11.7923,9.0727],[-11.7863,9.0731],[-11.7812,9.0688],[-11.773,9.0654],[-11.7641,9.0611],[-11.7624,9.0564],[-11.7679,9.0547],[-11.7675,9.0445],[-11.7688,9.0415],[-11.7743,9.0432],[-11.7794,9.0402],[-11.7803,9.0351],[-11.7803,9.0317],[-11.7846,9.0308],[-11.7867,9.0274],[-11.7891,9.0223],[-11.792,9.0218],[-11.7984,9.0201],[-11.7984,9.015],[-11.8002,9.0129],[-11.8057,9.0129],[-11.8107,9.0149],[-11.8139,9.0187],[-11.8182,9.0264],[-11.8203,9.029],[-11.8229,9.0277],[-11.819,9.02],[-11.8203,9.017],[-11.8242,9.0213],[-11.8274,9.0219],[-11.8279,9.0229],[-11.8304,9.022],[-11.8317,9.0195],[-11.827,9.0122],[-11.8304,9.0062],[-11.8364,8.9998],[-11.8394,8.9981],[-11.8428,9.0007],[-11.8478,9.002],[-11.8498,9.0016],[-11.8583,8.9969],[-11.863,8.9948],[-11.8711,8.9877],[-11.8651,8.9825],[-11.8676,8.9761],[-11.8706,8.9731],[-11.8787,8.9744],[-11.883,8.974],[-11.8873,8.9719],[-11.8852,8.9663],[-11.8822,8.9646],[-11.88,8.9616],[-11.8805,8.9578],[-11.8792,8.9556],[-11.8745,8.9552],[-11.8715,8.9526],[-11.8728,8.9492],[-11.8749,8.9471],[-11.8698,8.9445],[-11.8715,8.9373],[-11.8723,8.9313],[-11.8726,8.9262],[-11.8734,8.9189],[-11.8726,8.9138],[-11.8726,8.9126]]]},"properties":{"code":"BOM","name":"Bombali District","level":"2","parent":"Plmg8ikyfrK","parentGraph":"Plmg8ikyfrK","groups":["QJuHsfZjNBf","Y1fwmuWGmNr"]}},{"type":"Feature","id":"S4ncnTj7qdT","geometry":{"type":"Polygon","coordinates":[[[-11.8726,8.9126],[-11.8726,8.9048],[-11.8696,8.9001],[-11.8683,8.8971],[-11.8691,8.8916],[-11.867,8.883],[-11.867,8.8792],[-11.8713,8.8779],[-11.8713,8.8735],[-11.8751,8.8676],[-11.8824,8.8617],[-11.8845,8.86],[-11.8807,8.8557],[-11.8819,8.8506],[-11.8819,8.8463],[-11.8841,8.8424],[-11.8837,8.8386],[-11.8832,8.8331],[-11.8862,8.8275],[-11.8858,8.8211],[-11.8853,8.8181],[-11.8841,8.81],[-11.8822,8.8049],[-11.8839,8.8014],[-11.8847,8.7967],[-11.8813,8.7929],[-11.8792,8.7878],[-11.8809,8.7831],[-11.883,8.7792],[-11.8864,8.7813],[-11.8881,8.7813],[-11.8886,8.7788],[-11.8864,8.775],[-11.8877,8.7698],[-11.8903,8.7664],[-11.8963,8.7638],[-11.8984,8.7608],[-11.9027,8.7527],[-11.9052,8.7523],[-11.9078,8.7549],[-11.9099,8.7544],[-11.9112,8.7497],[-11.9133,8.748],[-11.9159,8.748],[-11.9185,8.7502],[-11.9223,8.748],[-11.927,8.7442],[-11.9321,8.7417],[-11.9356,8.7387],[-11.9407,8.737],[-11.9458,8.734],[-11.9488,8.7301],[-11.9531,8.7271],[-11.9565,8.7258],[-11.9612,8.7237],[-11.9672,8.7207],[-11.971,8.719],[-11.9753,8.716],[-11.9808,8.7126],[-11.9847,8.7113],[-11.9898,8.7088],[-11.9962,8.7062],[-11.9975,8.7028],[-11.9996,8.6977],[-11.9998,8.6895],[-12.0008,8.6878],[-12.0028,8.684],[-12.005,8.6814],[-12.0084,8.6801],[-12.0109,8.6797],[-12.0148,8.6801],[-12.0191,8.6831],[-12.0216,8.6836],[-12.0255,8.6827],[-12.025,8.6861],[-12.0255,8.6883],[-12.028,8.6891],[-12.0302,8.6861],[-12.0323,8.6823],[-12.0344,8.6797],[-12.0383,8.6793],[-12.0413,8.6814],[-12.0396,8.6878],[-12.0404,8.6904],[-12.0442,8.6921],[-12.0528,8.6917],[-12.0558,8.6891],[-12.0583,8.6861],[-12.0601,8.6861],[-12.0618,8.6891],[-12.0626,8.6951],[-12.0618,8.6989],[-12.0601,8.7028],[-12.0635,8.7049],[-12.067,8.7049],[-12.0692,8.7046],[-12.0729,8.7041],[-12.0746,8.6989],[-12.0759,8.6925],[-12.0741,8.6874],[-12.0716,8.6844],[-12.0729,8.681],[-12.0771,8.6819],[-12.081,8.6831],[-12.0865,8.6797],[-12.0912,8.6776],[-12.0938,8.6754],[-12.0981,8.6754],[-12.1032,8.6742],[-12.1058,8.6682],[-12.1083,8.6643],[-12.1113,8.6635],[-12.1147,8.6639],[-12.1156,8.6628],[-12.1167,8.6625],[-12.1182,8.6617],[-12.1219,8.6593],[-12.1228,8.6573],[-12.1242,8.649],[-12.1253,8.6444],[-12.1278,8.6421],[-12.1387,8.6401],[-12.1489,8.6386],[-12.1522,8.6372],[-12.1563,8.6366],[-12.1619,8.6349],[-12.1655,8.6331],[-12.1664,8.6317],[-12.1674,8.6273],[-12.1689,8.6238],[-12.1716,8.6193],[-12.1729,8.6181],[-12.1745,8.6175],[-12.1767,8.6171],[-12.1782,8.6177],[-12.18,8.6193],[-12.1815,8.6212],[-12.1833,8.6233],[-12.1847,8.6235],[-12.1856,8.6229],[-12.1858,8.6221],[-12.1856,8.621],[-12.1856,8.6193],[-12.1854,8.6181],[-12.1848,8.6171],[-12.1827,8.6162],[-12.1806,8.6157],[-12.1803,8.6148],[-12.1807,8.6135],[-12.1824,8.6122],[-12.1841,8.611],[-12.1867,8.6091],[-12.1893,8.6076],[-12.1903,8.6063],[-12.1907,8.6048],[-12.1907,8.6025],[-12.1903,8.5993],[-12.1905,8.5983],[-12.1915,8.5975],[-12.1959,8.5953],[-12.1971,8.5951],[-12.1981,8.5957],[-12.1996,8.5986],[-12.1993,8.6019],[-12.1988,8.604],[-12.1988,8.6055],[-12.1994,8.6067],[-12.2005,8.6067],[-12.2023,8.6064],[-12.2039,8.6056],[-12.2064,8.6038],[-12.2088,8.6027],[-12.2119,8.6028],[-12.2185,8.6028],[-12.2222,8.602],[-12.2309,8.6016],[-12.2347,8.6006],[-12.2381,8.6008],[-12.24,8.6011],[-12.2411,8.6046],[-12.2427,8.6072],[-12.2436,8.6098],[-12.2435,8.6109],[-12.2427,8.6123],[-12.239,8.6159],[-12.238,8.6172],[-12.2378,8.618],[-12.2357,8.6182],[-12.2327,8.621],[-12.2319,8.6247],[-12.2337,8.6283],[-12.2372,8.6316],[-12.2388,8.6372],[-12.2428,8.6392],[-12.2439,8.6405],[-12.2432,8.6446],[-12.2509,8.6466],[-12.2521,8.6473],[-12.2554,8.6501],[-12.2608,8.6517],[-12.2604,8.6574],[-12.2606,8.6638],[-12.2598,8.6695],[-12.2587,8.6733],[-12.2571,8.6744],[-12.25,8.6748],[-12.2461,8.6751],[-12.2445,8.6757],[-12.2445,8.6769],[-12.2451,8.6777],[-12.2469,8.6798],[-12.2509,8.6849],[-12.2518,8.6866],[-12.252,8.6888],[-12.2517,8.6903],[-12.2508,8.6919],[-12.2494,8.6931],[-12.2476,8.6941],[-12.2449,8.6959],[-12.2433,8.698],[-12.2433,8.7001],[-12.2441,8.7016],[-12.245,8.7024],[-12.2466,8.703],[-12.2487,8.7032],[-12.2506,8.703],[-12.2525,8.7034],[-12.2533,8.7045],[-12.2534,8.7054],[-12.253,8.7062],[-12.2514,8.7075],[-12.2495,8.7081],[-12.2485,8.7077],[-12.2472,8.7065],[-12.2455,8.7055],[-12.2426,8.7042],[-12.2395,8.7035],[-12.2378,8.7037],[-12.2365,8.7046],[-12.2357,8.7063],[-12.2359,8.7077],[-12.2371,8.7094],[-12.2418,8.7154],[-12.2459,8.7193],[-12.2478,8.7219],[-12.2495,8.7309],[-12.2505,8.7352],[-12.2515,8.7375],[-12.2531,8.7399],[-12.2564,8.7442],[-12.2572,8.7449],[-12.2582,8.7454],[-12.2593,8.7454],[-12.2603,8.7451],[-12.2612,8.7443],[-12.2617,8.7432],[-12.2626,8.7403],[-12.263,8.7381],[-12.2627,8.7309],[-12.2622,8.7265],[-12.2628,8.7214],[-12.2647,8.7173],[-12.266,8.7151],[-12.2673,8.7139],[-12.269,8.7126],[-12.2709,8.7118],[-12.2739,8.7107],[-12.2764,8.7103],[-12.2779,8.7101],[-12.279,8.7104],[-12.28,8.7111],[-12.2802,8.7119],[-12.28,8.7138],[-12.2802,8.7158],[-12.2802,8.7173],[-12.2799,8.7189],[-12.279,8.7199],[-12.2776,8.7209],[-12.2751,8.7219],[-12.2721,8.7228],[-12.2713,8.7235],[-12.2709,8.725],[-12.2708,8.7265],[-12.2718,8.7342],[-12.2716,8.737],[-12.271,8.7389],[-12.2688,8.7431],[-12.2673,8.7453],[-12.2666,8.747],[-12.2666,8.7481],[-12.267,8.7491],[-12.268,8.75],[-12.2694,8.7508],[-12.2708,8.7521],[-12.2721,8.753],[-12.2735,8.7533],[-12.2746,8.7533],[-12.2766,8.7528],[-12.2811,8.7493],[-12.2834,8.7468],[-12.2856,8.7443],[-12.2868,8.7439],[-12.288,8.7438],[-12.2893,8.7442],[-12.2909,8.7451],[-12.2928,8.7468],[-12.2935,8.7478],[-12.2939,8.7494],[-12.2948,8.7534],[-12.296,8.757],[-12.2971,8.7594],[-12.2979,8.7602],[-12.299,8.7608],[-12.3011,8.7614],[-12.3024,8.7617],[-12.3033,8.7615],[-12.3044,8.7611],[-12.3052,8.7603],[-12.3068,8.7569],[-12.3077,8.7558],[-12.309,8.7525],[-12.3095,8.7488],[-12.3096,8.7423],[-12.3102,8.7395],[-12.3112,8.7373],[-12.3128,8.7347],[-12.3143,8.7329],[-12.3162,8.731],[-12.3182,8.7299],[-12.3209,8.7285],[-12.3215,8.7317],[-12.3312,8.7322],[-12.3374,8.7351],[-12.3449,8.7455],[-12.3522,8.7564],[-12.3636,8.7609],[-12.3643,8.7623],[-12.3709,8.7728],[-12.3721,8.7841],[-12.3701,8.7912],[-12.3659,8.7919],[-12.3593,8.7977],[-12.352,8.798],[-12.3505,8.7968],[-12.35,8.7965],[-12.3491,8.795],[-12.3485,8.7946],[-12.3475,8.7946],[-12.3466,8.7945],[-12.3446,8.7946],[-12.3431,8.7945],[-12.3414,8.7941],[-12.34,8.7939],[-12.3388,8.7939],[-12.3379,8.7943],[-12.3371,8.7948],[-12.3364,8.7951],[-12.336,8.7951],[-12.3358,8.7954],[-12.3358,8.7956],[-12.3357,8.7958],[-12.3352,8.7961],[-12.3346,8.7964],[-12.3345,8.7969],[-12.3344,8.7973],[-12.3342,8.7973],[-12.334,8.7973],[-12.3339,8.7975],[-12.334,8.7977],[-12.334,8.7979],[-12.3338,8.798],[-12.3336,8.798],[-12.3333,8.7978],[-12.3331,8.7979],[-12.333,8.7981],[-12.3327,8.7983],[-12.3326,8.7987],[-12.3324,8.799],[-12.3321,8.7994],[-12.3317,8.7998],[-12.3252,8.8038],[-12.3229,8.8093],[-12.3208,8.8152],[-12.3209,8.8161],[-12.3209,8.8169],[-12.3206,8.8176],[-12.3201,8.8185],[-12.3193,8.8195],[-12.319,8.8201],[-12.3188,8.8207],[-12.3189,8.8214],[-12.3195,8.8224],[-12.3194,8.8229],[-12.3192,8.8235],[-12.3191,8.8241],[-12.3191,8.8248],[-12.3187,8.8264],[-12.3188,8.827],[-12.319,8.8276],[-12.3194,8.8281],[-12.3198,8.8292],[-12.3201,8.8298],[-12.3201,8.8305],[-12.3204,8.8312],[-12.3205,8.8325],[-12.3207,8.8335],[-12.3206,8.8342],[-12.3204,8.8346],[-12.3205,8.8349],[-12.3209,8.8355],[-12.3211,8.8359],[-12.3211,8.8366],[-12.3212,8.8371],[-12.3215,8.8374],[-12.3218,8.8375],[-12.3222,8.8379],[-12.3235,8.8395],[-12.3243,8.8399],[-12.3257,8.841],[-12.3259,8.842],[-12.329,8.8472],[-12.3293,8.8481],[-12.3294,8.8489],[-12.3298,8.8494],[-12.3299,8.85],[-12.3293,8.8509],[-12.3292,8.8515],[-12.3297,8.8518],[-12.3299,8.8526],[-12.33,8.8539],[-12.3301,8.8542],[-12.33,8.8545],[-12.3298,8.8546],[-12.3296,8.8547],[-12.3297,8.8549],[-12.33,8.8549],[-12.3305,8.855],[-12.3319,8.8564],[-12.3414,8.866],[-12.3414,8.8707],[-12.3428,8.8741],[-12.3431,8.8813],[-12.3442,8.8888],[-12.3484,8.894],[-12.3519,8.8987],[-12.3526,8.9004],[-12.3534,8.9017],[-12.3536,8.9028],[-12.354,8.9036],[-12.3546,8.9042],[-12.3553,8.9046],[-12.3546,8.9048],[-12.3537,8.9047],[-12.3531,8.9045],[-12.3527,8.904],[-12.3525,8.9034],[-12.3523,8.9031],[-12.352,8.9029],[-12.3515,8.9029],[-12.3511,8.9031],[-12.3508,8.9032],[-12.3503,8.903],[-12.3501,8.9028],[-12.3498,8.9026],[-12.3493,8.9026],[-12.3489,8.903],[-12.3486,8.9035],[-12.3482,8.9039],[-12.3472,8.9047],[-12.3465,8.9049],[-12.346,8.9052],[-12.3456,8.9055],[-12.3453,8.906],[-12.3451,8.9063],[-12.3447,8.9064],[-12.344,8.9065],[-12.3433,8.9068],[-12.3425,8.9069],[-12.3417,8.9072],[-12.3413,8.9072],[-12.3404,8.9077],[-12.34,8.9079],[-12.3392,8.908],[-12.339,8.9081],[-12.3387,8.9082],[-12.3384,8.9082],[-12.3378,8.9082],[-12.3376,8.9084],[-12.3372,8.9085],[-12.3367,8.9083],[-12.3365,8.9082],[-12.3363,8.9081],[-12.3357,8.9085],[-12.3354,8.9085],[-12.3351,8.9083],[-12.3348,8.9081],[-12.3346,8.9081],[-12.3343,8.9079],[-12.3341,8.9077],[-12.3337,8.9078],[-12.3333,8.9077],[-12.3329,8.9077],[-12.3326,8.9079],[-12.3323,8.9079],[-12.3319,8.9077],[-12.3316,8.9075],[-12.331,8.9074],[-12.3299,8.9072],[-12.3296,8.9072],[-12.3291,8.9073],[-12.3285,8.9074],[-12.3277,8.9074],[-12.3273,8.9074],[-12.327,8.9076],[-12.3267,8.9079],[-12.3258,8.9081],[-12.3253,8.9081],[-12.3249,8.9084],[-12.3244,8.9085],[-12.3241,8.9085],[-12.3236,8.9085],[-12.3225,8.9089],[-12.3216,8.9087],[-12.3211,8.9087],[-12.3199,8.9087],[-12.3194,8.9088],[-12.3189,8.9088],[-12.3184,8.9087],[-12.3179,8.9086],[-12.3177,8.9083],[-12.3177,8.9076],[-12.3173,8.9073],[-12.3172,8.907],[-12.3175,8.9064],[-12.3175,8.906],[-12.3174,8.9057],[-12.3172,8.9055],[-12.3169,8.905],[-12.3167,8.9044],[-12.3161,8.9034],[-12.316,8.903],[-12.3159,8.9026],[-12.3153,8.9006],[-12.313,8.8925],[-12.3096,8.8914],[-12.3055,8.8914],[-12.2989,8.895],[-12.2917,8.9002],[-12.2865,8.9043],[-12.2781,8.9084],[-12.2838,8.9171],[-12.2855,8.9232],[-12.2774,8.9439],[-12.2761,8.9461],[-12.2738,8.946],[-12.2734,8.948],[-12.2711,8.9502],[-12.2681,8.9491],[-12.2641,8.9504],[-12.2621,8.9537],[-12.2645,8.9546],[-12.2685,8.954],[-12.2712,8.9555],[-12.2734,8.9549],[-12.278,8.9524],[-12.2804,8.9518],[-12.283,8.9544],[-12.2812,8.9599],[-12.2838,8.9611],[-12.2861,8.9604],[-12.2912,8.9608],[-12.296,8.9593],[-12.3011,8.9593],[-12.3102,8.9626],[-12.313,8.9644],[-12.3155,8.9652],[-12.3232,8.9686],[-12.3271,8.9683],[-12.3313,8.9696],[-12.334,8.9679],[-12.3355,8.9683],[-12.339,8.9765],[-12.3395,8.9795],[-12.3427,8.9838],[-12.3425,8.9863],[-12.3405,8.9885],[-12.3422,8.9924],[-12.3424,8.995],[-12.3429,8.9973],[-12.344,9.0005],[-12.3441,9.0025],[-12.3451,9.0035],[-12.3462,9.005],[-12.3468,9.0074],[-12.3488,9.0089],[-12.3496,9.0108],[-12.3535,9.0133],[-12.3551,9.0142],[-12.3567,9.0146],[-12.3582,9.0152],[-12.3587,9.0158],[-12.3597,9.0196],[-12.3605,9.0242],[-12.3624,9.0257],[-12.3636,9.0276],[-12.3639,9.0316],[-12.3616,9.0328],[-12.3579,9.0328],[-12.3593,9.0371],[-12.3587,9.0408],[-12.3616,9.0456],[-12.3673,9.0482],[-12.3707,9.0516],[-12.373,9.0505],[-12.3793,9.0511],[-12.3793,9.0531],[-12.3844,9.0556],[-12.3864,9.0579],[-12.3887,9.0653],[-12.3887,9.069],[-12.3843,9.0728],[-12.3798,9.0673],[-12.3775,9.0664],[-12.3738,9.0673],[-12.3704,9.0687],[-12.3656,9.0735],[-12.3616,9.0755],[-12.3582,9.0783],[-12.3568,9.0834],[-12.3548,9.0882],[-12.3512,9.0908],[-12.3526,9.0942],[-12.3506,9.0964],[-12.3475,9.0945],[-12.3435,9.0967],[-12.3377,9.0976],[-12.3357,9.0996],[-12.3289,9.0967],[-12.3238,9.095],[-12.3198,9.093],[-12.3224,9.0894],[-12.3207,9.0868],[-12.3207,9.0831],[-12.3167,9.0837],[-12.3099,9.0862],[-12.3071,9.0888],[-12.3028,9.0913],[-12.2989,9.0928],[-12.2895,9.0936],[-12.2773,9.0956],[-12.2722,9.0953],[-12.2669,9.0962],[-12.2646,9.0987],[-12.2574,9.1038],[-12.2557,9.1069],[-12.2491,9.112],[-12.2418,9.1168],[-12.2404,9.1191],[-12.2378,9.1194],[-12.2344,9.1185],[-12.2367,9.1234],[-12.2341,9.1287],[-12.2316,9.1293],[-12.2319,9.1313],[-12.2353,9.1336],[-12.2319,9.137],[-12.2225,9.1426],[-12.2157,9.1457],[-12.2129,9.152],[-12.2149,9.1599],[-12.2146,9.163],[-12.2086,9.167],[-12.2007,9.1732],[-12.1973,9.1738],[-12.1947,9.1778],[-12.1925,9.1796],[-12.1862,9.1863],[-12.1859,9.1892],[-12.1824,9.1884],[-12.1823,9.1905],[-12.1807,9.1935],[-12.1829,9.195],[-12.1816,9.1972],[-12.1765,9.2073],[-12.1748,9.2131],[-12.1753,9.2168],[-12.1681,9.2257],[-12.163,9.2303],[-12.156,9.2336],[-12.1505,9.2383],[-12.1585,9.239],[-12.1711,9.2387],[-12.1786,9.239],[-12.1851,9.2409],[-12.1863,9.2431],[-12.1906,9.2453],[-12.201,9.2472],[-12.2085,9.2482],[-12.2243,9.2448],[-12.2274,9.2439],[-12.2319,9.2466],[-12.2339,9.2487],[-12.2368,9.2498],[-12.2479,9.2597],[-12.2535,9.2636],[-12.2546,9.2652],[-12.26,9.27],[-12.2504,9.2752],[-12.2472,9.2787],[-12.2426,9.283],[-12.2345,9.2869],[-12.2433,9.2915],[-12.2439,9.2924],[-12.2424,9.2964],[-12.2391,9.302],[-12.2388,9.3048],[-12.2362,9.3077],[-12.2323,9.3138],[-12.2352,9.318],[-12.2378,9.3185],[-12.2423,9.3209],[-12.2447,9.3232],[-12.2492,9.3238],[-12.2513,9.3274],[-12.2539,9.3274],[-12.2585,9.3285],[-12.261,9.3333],[-12.262,9.3363],[-12.2611,9.3403],[-12.2578,9.3381],[-12.2548,9.3375],[-12.2506,9.3384],[-12.2475,9.3404],[-12.2469,9.3438],[-12.2454,9.3444],[-12.2411,9.3442],[-12.2381,9.3461],[-12.2357,9.3464],[-12.2323,9.3481],[-12.2261,9.3538],[-12.2233,9.3573],[-12.2216,9.3652],[-12.2186,9.3677],[-12.2149,9.3694],[-12.2115,9.3689],[-12.2121,9.363],[-12.2121,9.3588],[-12.2112,9.354],[-12.2097,9.3498],[-12.2067,9.3466],[-12.205,9.3436],[-12.1957,9.3367],[-12.1918,9.3345],[-12.189,9.3318],[-12.1868,9.3308],[-12.1786,9.331],[-12.1724,9.3298],[-12.1677,9.3293],[-12.1643,9.3295],[-12.1561,9.3288],[-12.1556,9.3246],[-12.1531,9.3241],[-12.1447,9.3241],[-12.1423,9.3241],[-12.1357,9.3213],[-12.126,9.318],[-12.1205,9.3245],[-12.1086,9.3371],[-12.1055,9.3391],[-12.0997,9.3451],[-12.096,9.3476],[-12.0941,9.3513],[-12.0936,9.3535],[-12.0948,9.3548],[-12.0995,9.3558],[-12.1007,9.3597],[-12.0988,9.3649],[-12.0965,9.3677],[-12.0955,9.3706],[-12.0955,9.3746],[-12.0963,9.3778],[-12.0953,9.3803],[-12.0903,9.3818],[-12.0856,9.38],[-12.0762,9.3778],[-12.0718,9.3783],[-12.0671,9.3748],[-12.0594,9.3699],[-12.0552,9.3687],[-12.0456,9.3679],[-12.0414,9.3687],[-12.037,9.3689],[-12.0325,9.3706],[-12.028,9.3731],[-12.0244,9.3733],[-12.0216,9.3714],[-12.0209,9.3679],[-12.0179,9.3669],[-12.0144,9.3667],[-12.0123,9.3695],[-12.0126,9.3733],[-12.0112,9.3745],[-12.007,9.3739],[-12.0036,9.3721],[-12.0018,9.3726],[-11.9987,9.3717],[-11.9974,9.3695],[-11.9942,9.3684],[-11.9909,9.373],[-11.9917,9.3795],[-11.9901,9.385],[-11.9896,9.3889],[-11.9932,9.39],[-11.9959,9.3943],[-11.996,9.3966],[-11.9944,9.4],[-11.9907,9.4049],[-11.9884,9.4088],[-11.9864,9.4099],[-11.9796,9.4107],[-11.9805,9.4113],[-11.982,9.4158],[-11.9841,9.4199],[-11.9844,9.4223],[-11.9796,9.4272],[-11.982,9.4315],[-11.9815,9.4353],[-11.9795,9.4382],[-11.9815,9.4428],[-11.9805,9.4449],[-11.9781,9.4468],[-11.979,9.4484],[-11.9767,9.4558],[-11.9763,9.4595],[-11.9727,9.4614],[-11.9728,9.4645],[-11.975,9.4709],[-11.9747,9.4817],[-11.9741,9.4832],[-11.9704,9.4822],[-11.9701,9.4891],[-11.9702,9.4928],[-11.9695,9.4946],[-11.9687,9.5015],[-11.9657,9.5062],[-11.961,9.507],[-11.9601,9.5126],[-11.964,9.5126],[-11.961,9.5211],[-11.9563,9.5224],[-11.9528,9.5262],[-11.9516,9.5292],[-11.9499,9.5335],[-11.9435,9.5305],[-11.9413,9.5335],[-11.9366,9.5335],[-11.9341,9.5365],[-11.9268,9.5382],[-11.9195,9.5395],[-11.9136,9.5378],[-11.9059,9.5391],[-11.8999,9.5399],[-11.8973,9.5404],[-11.8952,9.5408],[-11.8909,9.5395],[-11.8849,9.5386],[-11.8858,9.5335],[-11.8858,9.5292],[-11.8879,9.5267],[-11.8888,9.5215],[-11.8888,9.5177],[-11.8896,9.5139],[-11.8866,9.5113],[-11.8819,9.5207],[-11.877,9.519],[-11.874,9.5164],[-11.8715,9.5122],[-11.8672,9.5083],[-11.8681,9.5045],[-11.8728,9.5049],[-11.8772,9.5002],[-11.8801,9.4954],[-11.8844,9.4915],[-11.8832,9.4895],[-11.8797,9.487],[-11.8775,9.4801],[-11.8758,9.4726],[-11.8732,9.4665],[-11.8672,9.4622],[-11.8617,9.4612],[-11.8587,9.4558],[-11.8553,9.4506],[-11.8493,9.4485],[-11.8412,9.4464],[-11.8433,9.4387],[-11.8407,9.4314],[-11.8352,9.4272],[-11.8322,9.4203],[-11.8228,9.4088],[-11.8187,9.4032],[-11.8123,9.3977],[-11.8126,9.3972],[-11.8162,9.3904],[-11.8175,9.384],[-11.82,9.3763],[-11.8222,9.3716],[-11.8243,9.3652],[-11.8247,9.3605],[-11.8179,9.361],[-11.8106,9.3545],[-11.8081,9.3469],[-11.8183,9.3387],[-11.8298,9.3292],[-11.8264,9.3173],[-11.8266,9.311],[-11.8259,9.3077],[-11.8278,9.2995],[-11.8333,9.2956],[-11.8401,9.2946],[-11.8453,9.2946],[-11.8441,9.2905],[-11.8427,9.2819],[-11.838,9.2734],[-11.8371,9.2661],[-11.8444,9.2661],[-11.8503,9.2653],[-11.8538,9.2683],[-11.8602,9.2678],[-11.8649,9.2666],[-11.8649,9.2614],[-11.8593,9.2597],[-11.8572,9.2614],[-11.8542,9.2597],[-11.8525,9.2533],[-11.8498,9.2492],[-11.8448,9.2448],[-11.8395,9.2414],[-11.8365,9.2337],[-11.8318,9.2294],[-11.8254,9.2281],[-11.8207,9.2324],[-11.81,9.2328],[-11.8049,9.2333],[-11.801,9.2298],[-11.7967,9.231],[-11.7963,9.2311],[-11.7963,9.2162],[-11.7972,9.2102],[-11.7993,9.2072],[-11.8057,9.2025],[-11.8125,9.1999],[-11.8168,9.1931],[-11.8215,9.1858],[-11.8181,9.17],[-11.8249,9.1624],[-11.8334,9.1573],[-11.8343,9.1568],[-11.8382,9.1483],[-11.838,9.1414],[-11.8405,9.1312],[-11.8422,9.1213],[-11.8388,9.1145],[-11.8337,9.1081],[-11.8269,9.1064],[-11.8196,9.106],[-11.8162,9.1004],[-11.8166,9.091],[-11.8132,9.0829],[-11.8055,9.0778],[-11.7978,9.0744],[-11.7923,9.0727],[-11.7863,9.0731],[-11.7812,9.0688],[-11.773,9.0654],[-11.7641,9.0611],[-11.7624,9.0564],[-11.7679,9.0547],[-11.7675,9.0445],[-11.7688,9.0415],[-11.7743,9.0432],[-11.7794,9.0402],[-11.7803,9.0351],[-11.7803,9.0317],[-11.7846,9.0308],[-11.7867,9.0274],[-11.7891,9.0223],[-11.792,9.0218],[-11.7984,9.0201],[-11.7984,9.015],[-11.8002,9.0129],[-11.8057,9.0129],[-11.8107,9.0149],[-11.8139,9.0187],[-11.8182,9.0264],[-11.8203,9.029],[-11.8229,9.0277],[-11.819,9.02],[-11.8203,9.017],[-11.8242,9.0213],[-11.8274,9.0219],[-11.8279,9.0229],[-11.8304,9.022],[-11.8317,9.0195],[-11.827,9.0122],[-11.8304,9.0062],[-11.8364,8.9998],[-11.8394,8.9981],[-11.8428,9.0007],[-11.8478,9.002],[-11.8498,9.0016],[-11.8583,8.9969],[-11.863,8.9948],[-11.8711,8.9877],[-11.8651,8.9825],[-11.8676,8.9761],[-11.8706,8.9731],[-11.8787,8.9744],[-11.883,8.974],[-11.8873,8.9719],[-11.8852,8.9663],[-11.8822,8.9646],[-11.88,8.9616],[-11.8805,8.9578],[-11.8792,8.9556],[-11.8745,8.9552],[-11.8715,8.9526],[-11.8728,8.9492],[-11.8749,8.9471],[-11.8698,8.9445],[-11.8715,8.9373],[-11.8723,8.9313],[-11.8726,8.9262],[-11.8734,8.9189],[-11.8726,8.9138],[-11.8726,8.9126]],[[-12.0633,8.8716],[-12.0632,8.8709],[-12.0632,8.8696],[-12.061,8.8695],[-12.0589,8.8698],[-12.057,8.8692],[-12.0561,8.8684],[-12.0539,8.8693],[-12.0522,8.8693],[-12.0509,8.8686],[-12.0506,8.8676],[-12.0506,8.8672],[-12.0507,8.8665],[-12.0483,8.8666],[-12.0462,8.863],[-12.0459,8.8628],[-12.0413,8.861],[-12.0409,8.8609],[-12.0378,8.856],[-12.0341,8.8597],[-12.032,8.8565],[-12.0265,8.852],[-12.0251,8.8519],[-12.0233,8.8521],[-12.0224,8.8551],[-12.0249,8.8576],[-12.0255,8.858],[-12.0258,8.858],[-12.0256,8.8584],[-12.026,8.86],[-12.0249,8.8625],[-12.0248,8.8708],[-12.0263,8.875],[-12.0304,8.8776],[-12.0313,8.8788],[-12.0308,8.8794],[-12.0271,8.8816],[-12.0276,8.8835],[-12.0278,8.886],[-12.028,8.8862],[-12.0284,8.8864],[-12.0293,8.8869],[-12.0298,8.8873],[-12.0305,8.8879],[-12.0311,8.8885],[-12.032,8.8891],[-12.0331,8.8893],[-12.0342,8.8902],[-12.0342,8.8905],[-12.0341,8.8906],[-12.0345,8.891],[-12.035,8.893],[-12.0351,8.8934],[-12.0324,8.8944],[-12.0323,8.8951],[-12.0326,8.8952],[-12.0327,8.8956],[-12.0328,8.8958],[-12.0343,8.8959],[-12.0346,8.8958],[-12.0351,8.896],[-12.0359,8.8963],[-12.0373,8.8968],[-12.0377,8.8968],[-12.038,8.897],[-12.0377,8.8979],[-12.0379,8.8982],[-12.0377,8.8991],[-12.038,8.9005],[-12.0381,8.9008],[-12.0386,8.904],[-12.0391,8.9044],[-12.0392,8.9045],[-12.0402,8.9052],[-12.042,8.906],[-12.0425,8.906],[-12.0443,8.9061],[-12.0448,8.9059],[-12.0459,8.905],[-12.0458,8.9043],[-12.0467,8.901],[-12.0482,8.8993],[-12.0483,8.8988],[-12.0495,8.8972],[-12.05,8.897],[-12.0507,8.8963],[-12.0509,8.8958],[-12.0509,8.8957],[-12.0509,8.8953],[-12.051,8.8949],[-12.051,8.8944],[-12.0515,8.8939],[-12.0521,8.8935],[-12.0524,8.8933],[-12.0527,8.8931],[-12.0537,8.8923],[-12.0544,8.892],[-12.0546,8.8923],[-12.0553,8.8935],[-12.0562,8.8931],[-12.0572,8.8914],[-12.0576,8.8914],[-12.058,8.8914],[-12.0588,8.891],[-12.0597,8.8903],[-12.0599,8.8898],[-12.0602,8.8892],[-12.0601,8.8891],[-12.0597,8.8888],[-12.0605,8.8855],[-12.0604,8.885],[-12.0603,8.885],[-12.0602,8.8848],[-12.0588,8.8833],[-12.0583,8.883],[-12.0582,8.8824],[-12.0582,8.8818],[-12.0581,8.8815],[-12.0589,8.8762],[-12.058,8.8747],[-12.0583,8.8745],[-12.0598,8.8744],[-12.0607,8.8743],[-12.063,8.8741],[-12.0632,8.8734],[-12.0632,8.8728],[-12.0633,8.8716]]]},"properties":{"code":"BOM_BOMDC","name":"Bombali District Council","level":"3","parent":"ucyuSTA19cP","parentGraph":"Plmg8ikyfrK/ucyuSTA19cP","groups":["aYjKY8GaXYQ","QJuHsfZjNBf"]}},{"type":"Feature","id":"iQgaTATK59f","geometry":{"type":"MultiPolygon","coordinates":[[[[-12.4408,7.4105],[-12.4479,7.4104],[-12.4483,7.4134],[-12.4495,7.4151],[-12.4481,7.4165],[-12.4431,7.4184],[-12.4383,7.4188],[-12.4335,7.421],[-12.4264,7.4189],[-12.4273,7.4162],[-12.4346,7.4116],[-12.4408,7.4105]]],[[[-12.4847,7.4317],[-12.4874,7.4306],[-12.4894,7.4318],[-12.49,7.4339],[-12.4945,7.4402],[-12.4958,7.4426],[-12.4928,7.448],[-12.4906,7.4441],[-12.4885,7.4418],[-12.4824,7.4371],[-12.4847,7.4317]]],[[[-12.4727,7.5133],[-12.4774,7.5125],[-12.4767,7.5194],[-12.4754,7.5233],[-12.4744,7.5227],[-12.4723,7.5181],[-12.4708,7.5145],[-12.4727,7.5133]]],[[[-12.4833,7.5211],[-12.4847,7.5212],[-12.4866,7.5241],[-12.4923,7.5294],[-12.4901,7.5345],[-12.4883,7.5344],[-12.4871,7.5312],[-12.4843,7.5275],[-12.4829,7.5228],[-12.4833,7.5211]]],[[[-12.4677,7.5215],[-12.4691,7.5215],[-12.4727,7.5256],[-12.4755,7.5312],[-12.4777,7.5383],[-12.4774,7.5399],[-12.469,7.5447],[-12.4622,7.5424],[-12.4594,7.5407],[-12.4588,7.5377],[-12.4591,7.5347],[-12.4598,7.5319],[-12.4613,7.5277],[-12.4642,7.5233],[-12.4677,7.5215]]],[[[-12.4952,7.532],[-12.4972,7.5322],[-12.4977,7.5367],[-12.4969,7.5419],[-12.4923,7.5419],[-12.4919,7.5376],[-12.4946,7.5338],[-12.4952,7.532]]],[[[-12.4731,7.5445],[-12.4775,7.5444],[-12.4793,7.5424],[-12.4818,7.5439],[-12.4832,7.5479],[-12.4827,7.5511],[-12.4805,7.5505],[-12.4727,7.5457],[-12.4731,7.5445]]],[[[-12.4938,7.5425],[-12.4964,7.5443],[-12.4961,7.5458],[-12.4937,7.5476],[-12.4925,7.5451],[-12.4938,7.5425]]],[[[-13.047,7.6386],[-13.0461,7.63],[-13.0427,7.6267],[-13.0409,7.6233],[-13.042,7.6197],[-13.0449,7.6183],[-13.0519,7.619],[-13.0562,7.6186],[-13.0607,7.6188],[-13.0645,7.6181],[-13.065,7.6219],[-13.0657,7.6254],[-13.0675,7.6287],[-13.0727,7.6335],[-13.0707,7.6389],[-13.0642,7.6429],[-13.0584,7.6417],[-13.055,7.6391],[-13.0502,7.6425],[-13.0485,7.6449],[-13.0425,7.651],[-13.04,7.6532],[-13.0316,7.6583],[-13.0247,7.6608],[-13.0201,7.6572],[-13.0293,7.6544],[-13.0348,7.6521],[-13.0434,7.6453],[-13.0449,7.6406],[-13.047,7.6386]]],[[[-13.0681,7.6699],[-13.0714,7.6723],[-13.0684,7.6732],[-13.0658,7.6741],[-13.0588,7.6778],[-13.0549,7.6767],[-13.0558,7.6741],[-13.0603,7.6715],[-13.0626,7.6705],[-13.0681,7.6699]]],[[[-13.0109,7.6043],[-13.0098,7.6032],[-13.0075,7.604],[-13.0052,7.603],[-13.004,7.6012],[-13.0067,7.5962],[-13.0014,7.5929],[-13.0074,7.5909],[-13.0131,7.5901],[-13.0189,7.5924],[-13.0206,7.5954],[-13.0235,7.6042],[-13.0177,7.6002],[-13.0138,7.6034],[-13.0109,7.6043]]],[[[-12.9808,7.5885],[-12.9794,7.5877],[-12.9775,7.5887],[-12.9719,7.5892],[-12.9686,7.5882],[-12.9671,7.5851],[-12.967,7.5818],[-12.9642,7.5773],[-12.969,7.5736],[-12.9776,7.573],[-12.9838,7.5713],[-12.9892,7.5782],[-12.9939,7.5841],[-12.998,7.5854],[-12.9997,7.5885],[-12.9971,7.5903],[-12.9946,7.591],[-12.9901,7.5913],[-12.9894,7.5932],[-12.9869,7.5937],[-12.9861,7.5923],[-12.9827,7.5892],[-12.9808,7.5885]]],[[[-11.9016,7.3366],[-11.899,7.3328],[-11.8992,7.3098],[-11.8994,7.3019],[-11.9,7.2993],[-11.8977,7.2917],[-11.8952,7.2894],[-11.8872,7.2843],[-11.8799,7.2807],[-11.8829,7.2652],[-11.8853,7.2552],[-11.889,7.25],[-11.8916,7.2424],[-11.8912,7.2363],[-11.8949,7.2141],[-11.8978,7.2113],[-11.9069,7.2123],[-11.913,7.2182],[-11.9228,7.2129],[-11.927,7.2227],[-11.935,7.2288],[-11.9393,7.228],[-11.9485,7.2189],[-11.9602,7.1918],[-11.9723,7.1963],[-12.0328,7.2205],[-12.0705,7.2354],[-12.0928,7.2441],[-12.1108,7.2512],[-12.1207,7.2547],[-12.1414,7.2627],[-12.1546,7.2674],[-12.1682,7.2726],[-12.1834,7.2785],[-12.2074,7.2876],[-12.2171,7.2911],[-12.2289,7.2958],[-12.2478,7.303],[-12.2506,7.3043],[-12.285,7.3178],[-12.3083,7.3274],[-12.3285,7.3348],[-12.3459,7.341],[-12.3717,7.3495],[-12.4059,7.3599],[-12.4397,7.3697],[-12.4575,7.3745],[-12.4729,7.3785],[-12.4774,7.3794],[-12.5016,7.3831],[-12.5068,7.3836],[-12.5126,7.3844],[-12.5157,7.3846],[-12.5188,7.3844],[-12.5196,7.3849],[-12.5198,7.3857],[-12.5197,7.3863],[-12.5193,7.3869],[-12.5187,7.3871],[-12.5178,7.3869],[-12.5171,7.3867],[-12.5165,7.387],[-12.5154,7.3884],[-12.5141,7.3896],[-12.513,7.3895],[-12.5123,7.3899],[-12.5112,7.3906],[-12.5038,7.3907],[-12.5016,7.3903],[-12.4997,7.3913],[-12.4981,7.3952],[-12.4903,7.4008],[-12.4772,7.4068],[-12.4698,7.4066],[-12.4637,7.4071],[-12.4554,7.4071],[-12.4442,7.4077],[-12.4357,7.4099],[-12.4296,7.411],[-12.4246,7.4123],[-12.4203,7.4127],[-12.4133,7.4095],[-12.4118,7.4137],[-12.4181,7.4186],[-12.4268,7.4216],[-12.4318,7.4229],[-12.439,7.4284],[-12.4426,7.4279],[-12.4513,7.4249],[-12.4544,7.4239],[-12.4587,7.4234],[-12.4623,7.4237],[-12.464,7.4245],[-12.4656,7.4259],[-12.4702,7.4295],[-12.4728,7.4315],[-12.4746,7.4326],[-12.4758,7.4348],[-12.4768,7.4377],[-12.478,7.4392],[-12.4799,7.4417],[-12.4832,7.4438],[-12.4884,7.4466],[-12.4888,7.4482],[-12.4886,7.4498],[-12.4864,7.4548],[-12.4836,7.4584],[-12.4825,7.4603],[-12.481,7.4619],[-12.48,7.4622],[-12.4795,7.4615],[-12.4788,7.4616],[-12.4777,7.4645],[-12.4758,7.4687],[-12.4724,7.4734],[-12.4716,7.4735],[-12.4714,7.4744],[-12.4694,7.4793],[-12.4625,7.4903],[-12.4609,7.4964],[-12.459,7.5016],[-12.4573,7.5059],[-12.456,7.5078],[-12.4532,7.5106],[-12.4486,7.5125],[-12.4465,7.5136],[-12.4455,7.5132],[-12.4457,7.5142],[-12.4457,7.5158],[-12.445,7.5166],[-12.4415,7.5203],[-12.4382,7.5239],[-12.4351,7.5263],[-12.4334,7.5272],[-12.4307,7.5297],[-12.4292,7.5306],[-12.4277,7.531],[-12.4252,7.531],[-12.4219,7.5308],[-12.4207,7.5305],[-12.42,7.53],[-12.4194,7.5287],[-12.4181,7.522],[-12.4171,7.5222],[-12.4171,7.5248],[-12.4177,7.5273],[-12.4173,7.5292],[-12.4164,7.5293],[-12.4143,7.5292],[-12.4121,7.53],[-12.4074,7.5311],[-12.4051,7.5316],[-12.4025,7.5321],[-12.4,7.5327],[-12.3987,7.5335],[-12.3971,7.5341],[-12.3926,7.5354],[-12.3914,7.5357],[-12.3896,7.5357],[-12.3862,7.5342],[-12.3856,7.5338],[-12.3855,7.5335],[-12.3863,7.5329],[-12.3867,7.5326],[-12.3864,7.532],[-12.3856,7.532],[-12.3833,7.5323],[-12.3829,7.5351],[-12.3818,7.5422],[-12.385,7.5435],[-12.3889,7.5448],[-12.3915,7.5462],[-12.3919,7.547],[-12.3923,7.5528],[-12.3957,7.5536],[-12.3975,7.5502],[-12.3986,7.5484],[-12.3994,7.5483],[-12.4022,7.5489],[-12.4076,7.5509],[-12.4195,7.5556],[-12.4223,7.5566],[-12.4243,7.5572],[-12.4264,7.5572],[-12.4292,7.5565],[-12.431,7.5561],[-12.434,7.5549],[-12.4368,7.554],[-12.4395,7.5538],[-12.4404,7.5539],[-12.4472,7.5563],[-12.45,7.557],[-12.452,7.5572],[-12.4535,7.5569],[-12.4572,7.5553],[-12.4619,7.5531],[-12.4628,7.5532],[-12.4634,7.5535],[-12.4654,7.5561],[-12.467,7.5585],[-12.4671,7.559],[-12.4675,7.5592],[-12.4683,7.5597],[-12.4689,7.5608],[-12.4693,7.5623],[-12.4693,7.5638],[-12.4688,7.5654],[-12.4688,7.5683],[-12.4691,7.5685],[-12.4692,7.5693],[-12.4692,7.5704],[-12.4692,7.571],[-12.4688,7.5721],[-12.4681,7.5725],[-12.4669,7.5732],[-12.4674,7.5766],[-12.4679,7.5833],[-12.4692,7.5874],[-12.4724,7.5954],[-12.4748,7.6032],[-12.4752,7.6075],[-12.4755,7.6094],[-12.4763,7.6129],[-12.4777,7.6144],[-12.4793,7.6156],[-12.4808,7.6176],[-12.4823,7.6202],[-12.485,7.6231],[-12.487,7.6252],[-12.4884,7.6262],[-12.4908,7.6274],[-12.4959,7.6287],[-12.4979,7.6291],[-12.4985,7.6296],[-12.4989,7.6301],[-12.4994,7.6313],[-12.4996,7.6329],[-12.4995,7.636],[-12.4992,7.6368],[-12.499,7.6384],[-12.4989,7.6395],[-12.4991,7.6404],[-12.4991,7.6415],[-12.4986,7.6426],[-12.4973,7.6439],[-12.4951,7.6456],[-12.4881,7.649],[-12.4922,7.6547],[-12.4958,7.6533],[-12.4975,7.6522],[-12.5018,7.6481],[-12.5036,7.6445],[-12.5058,7.6403],[-12.5078,7.6374],[-12.5087,7.6366],[-12.5094,7.6361],[-12.5102,7.6359],[-12.5127,7.6375],[-12.5151,7.64],[-12.5179,7.6437],[-12.5207,7.6463],[-12.5229,7.6471],[-12.5247,7.6472],[-12.5298,7.6468],[-12.5327,7.6472],[-12.5352,7.6488],[-12.5374,7.6511],[-12.5401,7.6547],[-12.5417,7.6584],[-12.5427,7.661],[-12.5434,7.662],[-12.5439,7.6635],[-12.5454,7.6672],[-12.5474,7.6697],[-12.5476,7.6706],[-12.5472,7.6712],[-12.5473,7.6721],[-12.5478,7.6741],[-12.5478,7.6766],[-12.545,7.6817],[-12.5443,7.6836],[-12.5431,7.6843],[-12.5397,7.6852],[-12.5358,7.6858],[-12.531,7.6861],[-12.5245,7.6877],[-12.52,7.6903],[-12.5183,7.6919],[-12.5156,7.6956],[-12.5135,7.7013],[-12.5127,7.7083],[-12.512,7.711],[-12.5095,7.7196],[-12.5058,7.7237],[-12.5026,7.7275],[-12.4966,7.7358],[-12.4936,7.7392],[-12.4908,7.744],[-12.4903,7.7448],[-12.4894,7.7454],[-12.4882,7.7455],[-12.4871,7.7451],[-12.4843,7.7423],[-12.478,7.7306],[-12.4762,7.7279],[-12.4747,7.726],[-12.4726,7.724],[-12.4706,7.7224],[-12.4686,7.7215],[-12.4667,7.7208],[-12.4653,7.7205],[-12.4634,7.7202],[-12.4607,7.7203],[-12.458,7.721],[-12.4558,7.7218],[-12.4532,7.7233],[-12.4502,7.7267],[-12.4489,7.7287],[-12.448,7.7307],[-12.4472,7.7333],[-12.4466,7.7351],[-12.447,7.7413],[-12.4484,7.7495],[-12.4475,7.7525],[-12.4431,7.7553],[-12.434,7.7557],[-12.4296,7.7576],[-12.4268,7.7607],[-12.4255,7.7622],[-12.4182,7.765],[-12.4042,7.7652],[-12.4008,7.7641],[-12.3989,7.762],[-12.3975,7.7585],[-12.3969,7.7566],[-12.3963,7.756],[-12.3947,7.7558],[-12.3923,7.7581],[-12.3909,7.7598],[-12.3898,7.7609],[-12.39,7.7619],[-12.3905,7.763],[-12.3916,7.7636],[-12.3924,7.7644],[-12.3919,7.7658],[-12.3895,7.7683],[-12.389,7.769],[-12.3886,7.7701],[-12.3886,7.7719],[-12.3883,7.7726],[-12.3878,7.773],[-12.3737,7.794],[-12.356,7.8071],[-12.3267,7.8056],[-12.3122,7.8072],[-12.2965,7.7975],[-12.2972,7.7853],[-12.2977,7.7721],[-12.2981,7.7683],[-12.2963,7.7643],[-12.2946,7.7609],[-12.2908,7.7538],[-12.2873,7.7484],[-12.2802,7.7392],[-12.2777,7.7337],[-12.2744,7.7304],[-12.269,7.7251],[-12.2676,7.7218],[-12.261,7.7178],[-12.2532,7.7109],[-12.2486,7.6994],[-12.2474,7.6918],[-12.2452,7.692],[-12.2403,7.6898],[-12.22,7.6886],[-12.2047,7.6794],[-12.1981,7.6711],[-12.1802,7.6663],[-12.1772,7.6664],[-12.1739,7.6655],[-12.1723,7.665],[-12.1713,7.6651],[-12.1699,7.6656],[-12.1661,7.6681],[-12.1626,7.6694],[-12.1608,7.6694],[-12.1595,7.669],[-12.1581,7.6679],[-12.157,7.6665],[-12.1564,7.6649],[-12.1559,7.6643],[-12.155,7.6637],[-12.1524,7.6629],[-12.1503,7.6628],[-12.1462,7.6639],[-12.1405,7.6642],[-12.1312,7.6633],[-12.1174,7.665],[-12.1106,7.6721],[-12.1058,7.6771],[-12.1037,7.6791],[-12.1014,7.6807],[-12.0848,7.6894],[-12.0799,7.6909],[-12.0736,7.6916],[-12.0663,7.6916],[-12.0548,7.6907],[-12.0501,7.6914],[-12.0463,7.689],[-12.0417,7.6849],[-12.0338,7.6763],[-12.0297,7.6673],[-12.0242,7.6596],[-12.0217,7.6575],[-12.0172,7.6584],[-12.0146,7.6596],[-12.013,7.6613],[-12.0108,7.6664],[-12.0091,7.6682],[-12.0041,7.6687],[-12.0021,7.6679],[-11.9996,7.6615],[-11.9931,7.6623],[-11.9876,7.6645],[-11.9845,7.6641],[-11.9836,7.6627],[-11.983,7.6562],[-11.983,7.6514],[-11.9797,7.6509],[-11.977,7.6517],[-11.9744,7.6554],[-11.9715,7.6505],[-11.9717,7.6464],[-11.9738,7.6408],[-11.9757,7.6375],[-11.9812,7.6354],[-11.9869,7.6367],[-11.9914,7.6387],[-11.9964,7.6398],[-12.0004,7.6389],[-12.0028,7.6366],[-12.0057,7.6333],[-12.0068,7.6301],[-12.0061,7.6261],[-12.0042,7.6207],[-12.0018,7.6132],[-12.0011,7.609],[-11.9988,7.604],[-11.9979,7.5992],[-11.9975,7.5951],[-11.9929,7.5954],[-11.9554,7.6051],[-11.9547,7.5992],[-11.9593,7.5965],[-11.9627,7.5951],[-11.9656,7.5906],[-11.9687,7.588],[-11.9716,7.5837],[-11.973,7.5799],[-11.9742,7.577],[-11.978,7.5725],[-11.984,7.5653],[-11.9872,7.5597],[-11.9878,7.5576],[-11.9894,7.5527],[-11.9885,7.5502],[-11.9865,7.546],[-11.9815,7.5396],[-11.9743,7.5361],[-11.9718,7.5344],[-11.9696,7.5328],[-11.9665,7.5309],[-11.9623,7.5307],[-11.9613,7.5304],[-11.9602,7.5301],[-11.9531,7.5296],[-11.95,7.5306],[-11.9471,7.5294],[-11.9385,7.5309],[-11.9289,7.5307],[-11.9252,7.531],[-11.9221,7.5326],[-11.9192,7.5346],[-11.9166,7.5355],[-11.9164,7.5355],[-11.914,7.5346],[-11.9111,7.5332],[-11.9063,7.5303],[-11.8997,7.5258],[-11.8986,7.5248],[-11.897,7.5226],[-11.8961,7.5214],[-11.8946,7.5192],[-11.8855,7.5137],[-11.8815,7.5118],[-11.8794,7.5101],[-11.8829,7.5056],[-11.8858,7.5031],[-11.8902,7.4996],[-11.8925,7.4964],[-11.896,7.4945],[-11.8999,7.491],[-11.8978,7.489],[-11.8935,7.4834],[-11.8854,7.4808],[-11.8904,7.4765],[-11.8919,7.4717],[-11.8896,7.4678],[-11.8897,7.4659],[-11.8953,7.4618],[-11.8958,7.4581],[-11.8955,7.4518],[-11.897,7.4454],[-11.8996,7.4402],[-11.8943,7.4368],[-11.893,7.435],[-11.893,7.4327],[-11.8913,7.4304],[-11.8863,7.4272],[-11.8839,7.4232],[-11.8861,7.4213],[-11.8844,7.4195],[-11.882,7.4195],[-11.8803,7.4183],[-11.8807,7.4166],[-11.8847,7.4147],[-11.8849,7.4127],[-11.8832,7.4104],[-11.881,7.4078],[-11.8858,7.4087],[-11.8864,7.4027],[-11.8886,7.401],[-11.8866,7.399],[-11.8844,7.399],[-11.8835,7.3942],[-11.8804,7.3951],[-11.8781,7.3939],[-11.8803,7.3797],[-11.8851,7.3729],[-11.8891,7.3644],[-11.885,7.3548],[-11.8833,7.3527],[-11.8853,7.3501],[-11.8885,7.3487],[-11.8916,7.3465],[-11.8979,7.3402],[-11.9024,7.3377],[-11.9016,7.3366]]],[[[-12.5,7.5196],[-12.4977,7.5202],[-12.4957,7.5191],[-12.4948,7.5147],[-12.4924,7.5162],[-12.4904,7.5141],[-12.4891,7.5114],[-12.4899,7.5063],[-12.4925,7.5067],[-12.4915,7.5029],[-12.4939,7.4994],[-12.4968,7.4963],[-12.4996,7.4977],[-12.5008,7.4971],[-12.5006,7.4946],[-12.5042,7.4905],[-12.5064,7.4889],[-12.5146,7.4842],[-12.5235,7.4773],[-12.5304,7.4684],[-12.5332,7.4465],[-12.5339,7.4338],[-12.5357,7.4261],[-12.5348,7.4163],[-12.533,7.4109],[-12.5313,7.4087],[-12.5309,7.4066],[-12.5302,7.4062],[-12.5298,7.4052],[-12.5299,7.4043],[-12.5309,7.4001],[-12.5303,7.3969],[-12.5292,7.3959],[-12.5288,7.3962],[-12.5283,7.3971],[-12.5273,7.3974],[-12.5273,7.3968],[-12.5279,7.396],[-12.5289,7.3948],[-12.5308,7.3938],[-12.5326,7.3927],[-12.5342,7.3921],[-12.5372,7.3912],[-12.5436,7.3905],[-12.551,7.3884],[-12.5573,7.3853],[-12.5593,7.3882],[-12.5663,7.3945],[-12.5679,7.3985],[-12.5668,7.4039],[-12.5667,7.4123],[-12.5642,7.4186],[-12.5664,7.4244],[-12.5688,7.4309],[-12.5783,7.4471],[-12.5836,7.453],[-12.5955,7.4615],[-12.6194,7.4729],[-12.6504,7.4867],[-12.667,7.4935],[-12.6805,7.4978],[-12.6965,7.5019],[-12.7093,7.5072],[-12.7219,7.5113],[-12.7303,7.5137],[-12.7518,7.5211],[-12.7788,7.5291],[-12.8022,7.5351],[-12.8118,7.5383],[-12.8387,7.5454],[-12.8633,7.5515],[-12.896,7.56],[-12.922,7.5645],[-12.9392,7.5677],[-12.948,7.5677],[-12.9558,7.5677],[-12.957,7.57],[-12.9589,7.5713],[-12.9587,7.5746],[-12.9557,7.5756],[-12.9539,7.5776],[-12.9487,7.5804],[-12.9435,7.5797],[-12.9395,7.5772],[-12.9337,7.5765],[-12.9264,7.5761],[-12.9217,7.5794],[-12.9174,7.5797],[-12.9115,7.5787],[-12.9039,7.5761],[-12.901,7.5761],[-12.898,7.5774],[-12.9003,7.5801],[-12.9044,7.5824],[-12.9077,7.5827],[-12.9101,7.5844],[-12.9143,7.5856],[-12.9195,7.59],[-12.9209,7.5938],[-12.9145,7.6014],[-12.9099,7.6036],[-12.9082,7.6055],[-12.9047,7.6064],[-12.8996,7.6059],[-12.8951,7.609],[-12.8913,7.6108],[-12.8725,7.6184],[-12.87,7.6188],[-12.8667,7.6173],[-12.8627,7.6173],[-12.8605,7.6194],[-12.8574,7.619],[-12.8552,7.6166],[-12.8517,7.6173],[-12.8472,7.6169],[-12.8439,7.6159],[-12.8405,7.6185],[-12.8301,7.6209],[-12.8271,7.6224],[-12.821,7.6247],[-12.8162,7.6224],[-12.8144,7.6191],[-12.8108,7.6181],[-12.8082,7.625],[-12.8035,7.6271],[-12.7959,7.6302],[-12.7709,7.6277],[-12.7464,7.6254],[-12.734,7.627],[-12.7267,7.6288],[-12.7244,7.6281],[-12.7215,7.6255],[-12.7159,7.6278],[-12.7105,7.6292],[-12.7007,7.637],[-12.6945,7.639],[-12.6877,7.639],[-12.6813,7.6388],[-12.6722,7.6378],[-12.6548,7.6377],[-12.6415,7.6397],[-12.6285,7.6418],[-12.611,7.6393],[-12.601,7.6375],[-12.599,7.6377],[-12.5911,7.6377],[-12.5892,7.6369],[-12.5847,7.6336],[-12.5778,7.6249],[-12.5759,7.6231],[-12.5751,7.6213],[-12.5725,7.618],[-12.5699,7.6155],[-12.5669,7.6136],[-12.5633,7.6132],[-12.5528,7.6115],[-12.5427,7.6074],[-12.5352,7.6055],[-12.5279,7.602],[-12.5266,7.6008],[-12.5173,7.5943],[-12.5081,7.5892],[-12.5003,7.5799],[-12.4967,7.5745],[-12.4944,7.5694],[-12.4949,7.5642],[-12.4972,7.5599],[-12.4999,7.5532],[-12.5042,7.5471],[-12.5074,7.5494],[-12.5104,7.5489],[-12.5122,7.5513],[-12.5137,7.556],[-12.5161,7.5561],[-12.5165,7.5536],[-12.5154,7.5487],[-12.5127,7.5441],[-12.5099,7.5404],[-12.5052,7.537],[-12.5021,7.5338],[-12.5,7.5258],[-12.5,7.5196]]],[[[-12.9244,7.5849],[-12.9269,7.584],[-12.9295,7.5867],[-12.9291,7.5885],[-12.9258,7.592],[-12.9234,7.5904],[-12.9223,7.5877],[-12.9244,7.5849]]],[[[-12.4761,7.5841],[-12.4774,7.5834],[-12.4792,7.582],[-12.481,7.5839],[-12.482,7.5855],[-12.4824,7.5866],[-12.4831,7.5881],[-12.484,7.5897],[-12.4845,7.5927],[-12.4839,7.5949],[-12.4837,7.5967],[-12.4833,7.5966],[-12.4806,7.5946],[-12.4783,7.5934],[-12.475,7.5911],[-12.4745,7.5904],[-12.4745,7.5896],[-12.4753,7.585],[-12.4761,7.5841]]],[[[-12.4744,7.5915],[-12.475,7.5915],[-12.4773,7.5929],[-12.4808,7.5948],[-12.4824,7.596],[-12.4829,7.5965],[-12.4832,7.5973],[-12.4835,7.5983],[-12.4815,7.5989],[-12.4805,7.599],[-12.4782,7.5978],[-12.477,7.597],[-12.4761,7.5961],[-12.4749,7.5938],[-12.4744,7.5915]]],[[[-12.5016,7.6295],[-12.5012,7.6277],[-12.5019,7.6265],[-12.5022,7.626],[-12.5035,7.6258],[-12.5053,7.6269],[-12.5054,7.6277],[-12.5037,7.6307],[-12.5031,7.6315],[-12.5028,7.6313],[-12.5016,7.6295]]],[[[-12.5235,7.6941],[-12.5296,7.693],[-12.5341,7.6931],[-12.5368,7.6934],[-12.5391,7.6941],[-12.5396,7.6949],[-12.5404,7.6988],[-12.5402,7.6997],[-12.5373,7.7028],[-12.5337,7.7075],[-12.531,7.7103],[-12.5278,7.7119],[-12.5235,7.7135],[-12.5195,7.7152],[-12.5172,7.7162],[-12.5161,7.7156],[-12.5171,7.7077],[-12.5172,7.6989],[-12.5177,7.697],[-12.5183,7.6961],[-12.5235,7.6941]]],[[[-12.5538,7.6303],[-12.5553,7.6298],[-12.558,7.6303],[-12.5593,7.6315],[-12.5607,7.6342],[-12.561,7.6354],[-12.5607,7.6358],[-12.5593,7.6355],[-12.5573,7.6356],[-12.5555,7.6341],[-12.5543,7.6317],[-12.5538,7.6303]]],[[[-12.9935,7.6332],[-13.0005,7.6322],[-13.004,7.6345],[-12.9957,7.641],[-12.9932,7.6427],[-12.9929,7.6406],[-12.9903,7.6383],[-12.9935,7.6332]]],[[[-12.5233,7.625],[-12.5245,7.6245],[-12.5273,7.6243],[-12.532,7.6244],[-12.5346,7.625],[-12.5382,7.6273],[-12.5449,7.6353],[-12.5503,7.642],[-12.5536,7.6482],[-12.5543,7.651],[-12.5555,7.6545],[-12.5557,7.6559],[-12.5548,7.6567],[-12.5532,7.6572],[-12.551,7.6583],[-12.5494,7.6583],[-12.5466,7.658],[-12.5445,7.6565],[-12.5411,7.6492],[-12.5385,7.6464],[-12.5349,7.645],[-12.5252,7.6411],[-12.5226,7.6386],[-12.5221,7.6364],[-12.5222,7.6315],[-12.5213,7.6275],[-12.5233,7.625]]],[[[-12.4807,7.6041],[-12.4823,7.6042],[-12.4842,7.6044],[-12.488,7.6051],[-12.491,7.6067],[-12.4958,7.6103],[-12.5003,7.6136],[-12.505,7.6169],[-12.5071,7.618],[-12.5076,7.6182],[-12.5076,7.6187],[-12.5054,7.6194],[-12.5029,7.6199],[-12.4986,7.6207],[-12.4943,7.6213],[-12.4901,7.6212],[-12.487,7.6204],[-12.4841,7.6172],[-12.4804,7.6122],[-12.4791,7.6098],[-12.4783,7.6077],[-12.4781,7.6059],[-12.4784,7.605],[-12.4789,7.6044],[-12.4807,7.6041]]]]},"properties":{"code":"BON","name":"Bonthe District","level":"2","parent":"Plmg8ikyfrK","parentGraph":"Plmg8ikyfrK","groups":["GASkCj8ce35","QJuHsfZjNBf","Y1fwmuWGmNr"]}},{"type":"Feature","id":"hHoT1cocvLp","geometry":{"type":"MultiPolygon","coordinates":[[[[-11.9016,7.3366],[-11.899,7.3328],[-11.8992,7.3098],[-11.8994,7.3019],[-11.9,7.2993],[-11.8977,7.2917],[-11.8952,7.2894],[-11.8872,7.2843],[-11.8799,7.2807],[-11.8829,7.2652],[-11.8853,7.2552],[-11.889,7.25],[-11.8916,7.2424],[-11.8912,7.2363],[-11.8949,7.2141],[-11.8978,7.2113],[-11.9069,7.2123],[-11.913,7.2182],[-11.9228,7.2129],[-11.927,7.2227],[-11.935,7.2288],[-11.9393,7.228],[-11.9485,7.2189],[-11.9602,7.1918],[-11.9723,7.1963],[-12.0328,7.2205],[-12.0705,7.2354],[-12.0928,7.2441],[-12.1108,7.2512],[-12.1207,7.2547],[-12.1414,7.2627],[-12.1546,7.2674],[-12.1682,7.2726],[-12.1834,7.2785],[-12.2074,7.2876],[-12.2171,7.2911],[-12.2289,7.2958],[-12.2478,7.303],[-12.2506,7.3043],[-12.285,7.3178],[-12.3083,7.3274],[-12.3285,7.3348],[-12.3459,7.341],[-12.3717,7.3495],[-12.4059,7.3599],[-12.4397,7.3697],[-12.4575,7.3745],[-12.4729,7.3785],[-12.4774,7.3794],[-12.5016,7.3831],[-12.5068,7.3836],[-12.5126,7.3844],[-12.5157,7.3846],[-12.5188,7.3844],[-12.5196,7.3849],[-12.5198,7.3857],[-12.5197,7.3863],[-12.5193,7.3869],[-12.5187,7.3871],[-12.5178,7.3869],[-12.5171,7.3867],[-12.5165,7.387],[-12.5154,7.3884],[-12.5141,7.3896],[-12.513,7.3895],[-12.5123,7.3899],[-12.5112,7.3906],[-12.5038,7.3907],[-12.5016,7.3903],[-12.4997,7.3913],[-12.4981,7.3952],[-12.4903,7.4008],[-12.4772,7.4068],[-12.4698,7.4066],[-12.4637,7.4071],[-12.4554,7.4071],[-12.4442,7.4077],[-12.4357,7.4099],[-12.4296,7.411],[-12.4246,7.4123],[-12.4203,7.4127],[-12.4133,7.4095],[-12.4118,7.4137],[-12.4181,7.4186],[-12.4268,7.4216],[-12.4318,7.4229],[-12.439,7.4284],[-12.4426,7.4279],[-12.4513,7.4249],[-12.4544,7.4239],[-12.4587,7.4234],[-12.4623,7.4237],[-12.464,7.4245],[-12.4656,7.4259],[-12.4702,7.4295],[-12.4728,7.4315],[-12.4746,7.4326],[-12.4758,7.4348],[-12.4768,7.4377],[-12.478,7.4392],[-12.4799,7.4417],[-12.4832,7.4438],[-12.4884,7.4466],[-12.4888,7.4482],[-12.4886,7.4498],[-12.4864,7.4548],[-12.4836,7.4584],[-12.4825,7.4603],[-12.481,7.4619],[-12.48,7.4622],[-12.4795,7.4615],[-12.4788,7.4616],[-12.4777,7.4645],[-12.4758,7.4687],[-12.4724,7.4734],[-12.4716,7.4735],[-12.4714,7.4744],[-12.4694,7.4793],[-12.4625,7.4903],[-12.4609,7.4964],[-12.459,7.5016],[-12.4573,7.5059],[-12.456,7.5078],[-12.4532,7.5106],[-12.4486,7.5125],[-12.4465,7.5136],[-12.4455,7.5132],[-12.4457,7.5142],[-12.4457,7.5158],[-12.445,7.5166],[-12.4415,7.5203],[-12.4382,7.5239],[-12.4351,7.5263],[-12.4334,7.5272],[-12.4307,7.5297],[-12.4292,7.5306],[-12.4277,7.531],[-12.4252,7.531],[-12.4219,7.5308],[-12.4207,7.5305],[-12.42,7.53],[-12.4194,7.5287],[-12.4181,7.522],[-12.4171,7.5222],[-12.4171,7.5248],[-12.4177,7.5273],[-12.4173,7.5292],[-12.4164,7.5293],[-12.4143,7.5292],[-12.4121,7.53],[-12.4074,7.5311],[-12.4051,7.5316],[-12.4025,7.5321],[-12.4,7.5327],[-12.3987,7.5335],[-12.3971,7.5341],[-12.3926,7.5354],[-12.3914,7.5357],[-12.3896,7.5357],[-12.3862,7.5342],[-12.3856,7.5338],[-12.3855,7.5335],[-12.3863,7.5329],[-12.3867,7.5326],[-12.3864,7.532],[-12.3856,7.532],[-12.3833,7.5323],[-12.3829,7.5351],[-12.3818,7.5422],[-12.385,7.5435],[-12.3889,7.5448],[-12.3915,7.5462],[-12.3919,7.547],[-12.3923,7.5528],[-12.3957,7.5536],[-12.3975,7.5502],[-12.3986,7.5484],[-12.3994,7.5483],[-12.4022,7.5489],[-12.4076,7.5509],[-12.4195,7.5556],[-12.4223,7.5566],[-12.4243,7.5572],[-12.4264,7.5572],[-12.4292,7.5565],[-12.431,7.5561],[-12.434,7.5549],[-12.4368,7.554],[-12.4395,7.5538],[-12.4404,7.5539],[-12.4472,7.5563],[-12.45,7.557],[-12.452,7.5572],[-12.4535,7.5569],[-12.4572,7.5553],[-12.4619,7.5531],[-12.4628,7.5532],[-12.4634,7.5535],[-12.4654,7.5561],[-12.467,7.5585],[-12.4671,7.559],[-12.4675,7.5592],[-12.4683,7.5597],[-12.4689,7.5608],[-12.4693,7.5623],[-12.4693,7.5638],[-12.4688,7.5654],[-12.4688,7.5683],[-12.4691,7.5685],[-12.4692,7.5693],[-12.4692,7.5704],[-12.4692,7.571],[-12.4688,7.5721],[-12.4681,7.5725],[-12.4669,7.5732],[-12.4674,7.5766],[-12.4679,7.5833],[-12.4692,7.5874],[-12.4724,7.5954],[-12.4748,7.6032],[-12.4752,7.6075],[-12.4755,7.6094],[-12.4763,7.6129],[-12.4777,7.6144],[-12.4793,7.6156],[-12.4808,7.6176],[-12.4823,7.6202],[-12.485,7.6231],[-12.487,7.6252],[-12.4884,7.6262],[-12.4908,7.6274],[-12.4959,7.6287],[-12.4979,7.6291],[-12.4985,7.6296],[-12.4989,7.6301],[-12.4994,7.6313],[-12.4996,7.6329],[-12.4995,7.636],[-12.4992,7.6368],[-12.499,7.6384],[-12.4989,7.6395],[-12.4991,7.6404],[-12.4991,7.6415],[-12.4986,7.6426],[-12.4973,7.6439],[-12.4951,7.6456],[-12.4881,7.649],[-12.4922,7.6547],[-12.4958,7.6533],[-12.4975,7.6522],[-12.5018,7.6481],[-12.5036,7.6445],[-12.5058,7.6403],[-12.5078,7.6374],[-12.5087,7.6366],[-12.5094,7.6361],[-12.5102,7.6359],[-12.5127,7.6375],[-12.5151,7.64],[-12.5179,7.6437],[-12.5207,7.6463],[-12.5229,7.6471],[-12.5247,7.6472],[-12.5298,7.6468],[-12.5327,7.6472],[-12.5352,7.6488],[-12.5374,7.6511],[-12.5401,7.6547],[-12.5417,7.6584],[-12.5427,7.661],[-12.5434,7.662],[-12.5439,7.6635],[-12.5454,7.6672],[-12.5474,7.6697],[-12.5476,7.6706],[-12.5472,7.6712],[-12.5473,7.6721],[-12.5478,7.6741],[-12.5478,7.6766],[-12.545,7.6817],[-12.5443,7.6836],[-12.5431,7.6843],[-12.5397,7.6852],[-12.5358,7.6858],[-12.531,7.6861],[-12.5245,7.6877],[-12.52,7.6903],[-12.5183,7.6919],[-12.5156,7.6956],[-12.5135,7.7013],[-12.5127,7.7083],[-12.512,7.711],[-12.5095,7.7196],[-12.5058,7.7237],[-12.5026,7.7275],[-12.4966,7.7358],[-12.4936,7.7392],[-12.4908,7.744],[-12.4903,7.7448],[-12.4894,7.7454],[-12.4882,7.7455],[-12.4871,7.7451],[-12.4843,7.7423],[-12.478,7.7306],[-12.4762,7.7279],[-12.4747,7.726],[-12.4726,7.724],[-12.4706,7.7224],[-12.4686,7.7215],[-12.4667,7.7208],[-12.4653,7.7205],[-12.4634,7.7202],[-12.4607,7.7203],[-12.458,7.721],[-12.4558,7.7218],[-12.4532,7.7233],[-12.4502,7.7267],[-12.4489,7.7287],[-12.448,7.7307],[-12.4472,7.7333],[-12.4466,7.7351],[-12.447,7.7413],[-12.4484,7.7495],[-12.4475,7.7525],[-12.4431,7.7553],[-12.434,7.7557],[-12.4296,7.7576],[-12.4268,7.7607],[-12.4255,7.7622],[-12.4182,7.765],[-12.4042,7.7652],[-12.4008,7.7641],[-12.3989,7.762],[-12.3975,7.7585],[-12.3969,7.7566],[-12.3963,7.756],[-12.3947,7.7558],[-12.3923,7.7581],[-12.3909,7.7598],[-12.3898,7.7609],[-12.39,7.7619],[-12.3905,7.763],[-12.3916,7.7636],[-12.3924,7.7644],[-12.3919,7.7658],[-12.3895,7.7683],[-12.389,7.769],[-12.3886,7.7701],[-12.3886,7.7719],[-12.3883,7.7726],[-12.3878,7.773],[-12.3737,7.794],[-12.356,7.8071],[-12.3267,7.8056],[-12.3122,7.8072],[-12.2965,7.7975],[-12.2972,7.7853],[-12.2977,7.7721],[-12.2981,7.7683],[-12.2963,7.7643],[-12.2946,7.7609],[-12.2908,7.7538],[-12.2873,7.7484],[-12.2802,7.7392],[-12.2777,7.7337],[-12.2744,7.7304],[-12.269,7.7251],[-12.2676,7.7218],[-12.261,7.7178],[-12.2532,7.7109],[-12.2486,7.6994],[-12.2474,7.6918],[-12.2452,7.692],[-12.2403,7.6898],[-12.22,7.6886],[-12.2047,7.6794],[-12.1981,7.6711],[-12.1802,7.6663],[-12.1772,7.6664],[-12.1739,7.6655],[-12.1723,7.665],[-12.1713,7.6651],[-12.1699,7.6656],[-12.1661,7.6681],[-12.1626,7.6694],[-12.1608,7.6694],[-12.1595,7.669],[-12.1581,7.6679],[-12.157,7.6665],[-12.1564,7.6649],[-12.1559,7.6643],[-12.155,7.6637],[-12.1524,7.6629],[-12.1503,7.6628],[-12.1462,7.6639],[-12.1405,7.6642],[-12.1312,7.6633],[-12.1174,7.665],[-12.1106,7.6721],[-12.1058,7.6771],[-12.1037,7.6791],[-12.1014,7.6807],[-12.0848,7.6894],[-12.0799,7.6909],[-12.0736,7.6916],[-12.0663,7.6916],[-12.0548,7.6907],[-12.0501,7.6914],[-12.0463,7.689],[-12.0417,7.6849],[-12.0338,7.6763],[-12.0297,7.6673],[-12.0242,7.6596],[-12.0217,7.6575],[-12.0172,7.6584],[-12.0146,7.6596],[-12.013,7.6613],[-12.0108,7.6664],[-12.0091,7.6682],[-12.0041,7.6687],[-12.0021,7.6679],[-11.9996,7.6615],[-11.9931,7.6623],[-11.9876,7.6645],[-11.9845,7.6641],[-11.9836,7.6627],[-11.983,7.6562],[-11.983,7.6514],[-11.9797,7.6509],[-11.977,7.6517],[-11.9744,7.6554],[-11.9715,7.6505],[-11.9717,7.6464],[-11.9738,7.6408],[-11.9757,7.6375],[-11.9812,7.6354],[-11.9869,7.6367],[-11.9914,7.6387],[-11.9964,7.6398],[-12.0004,7.6389],[-12.0028,7.6366],[-12.0057,7.6333],[-12.0068,7.6301],[-12.0061,7.6261],[-12.0042,7.6207],[-12.0018,7.6132],[-12.0011,7.609],[-11.9988,7.604],[-11.9979,7.5992],[-11.9975,7.5951],[-11.9929,7.5954],[-11.9554,7.6051],[-11.9547,7.5992],[-11.9593,7.5965],[-11.9627,7.5951],[-11.9656,7.5906],[-11.9687,7.588],[-11.9716,7.5837],[-11.973,7.5799],[-11.9742,7.577],[-11.978,7.5725],[-11.984,7.5653],[-11.9872,7.5597],[-11.9878,7.5576],[-11.9894,7.5527],[-11.9885,7.5502],[-11.9865,7.546],[-11.9815,7.5396],[-11.9743,7.5361],[-11.9718,7.5344],[-11.9696,7.5328],[-11.9665,7.5309],[-11.9623,7.5307],[-11.9613,7.5304],[-11.9602,7.5301],[-11.9531,7.5296],[-11.95,7.5306],[-11.9471,7.5294],[-11.9385,7.5309],[-11.9289,7.5307],[-11.9252,7.531],[-11.9221,7.5326],[-11.9192,7.5346],[-11.9166,7.5355],[-11.9164,7.5355],[-11.914,7.5346],[-11.9111,7.5332],[-11.9063,7.5303],[-11.8997,7.5258],[-11.8986,7.5248],[-11.897,7.5226],[-11.8961,7.5214],[-11.8946,7.5192],[-11.8855,7.5137],[-11.8815,7.5118],[-11.8794,7.5101],[-11.8829,7.5056],[-11.8858,7.5031],[-11.8902,7.4996],[-11.8925,7.4964],[-11.896,7.4945],[-11.8999,7.491],[-11.8978,7.489],[-11.8935,7.4834],[-11.8854,7.4808],[-11.8904,7.4765],[-11.8919,7.4717],[-11.8896,7.4678],[-11.8897,7.4659],[-11.8953,7.4618],[-11.8958,7.4581],[-11.8955,7.4518],[-11.897,7.4454],[-11.8996,7.4402],[-11.8943,7.4368],[-11.893,7.435],[-11.893,7.4327],[-11.8913,7.4304],[-11.8863,7.4272],[-11.8839,7.4232],[-11.8861,7.4213],[-11.8844,7.4195],[-11.882,7.4195],[-11.8803,7.4183],[-11.8807,7.4166],[-11.8847,7.4147],[-11.8849,7.4127],[-11.8832,7.4104],[-11.881,7.4078],[-11.8858,7.4087],[-11.8864,7.4027],[-11.8886,7.401],[-11.8866,7.399],[-11.8844,7.399],[-11.8835,7.3942],[-11.8804,7.3951],[-11.8781,7.3939],[-11.8803,7.3797],[-11.8851,7.3729],[-11.8891,7.3644],[-11.885,7.3548],[-11.8833,7.3527],[-11.8853,7.3501],[-11.8885,7.3487],[-11.8916,7.3465],[-11.8979,7.3402],[-11.9024,7.3377],[-11.9016,7.3366]]],[[[-12.4408,7.4105],[-12.4479,7.4104],[-12.4483,7.4134],[-12.4495,7.4151],[-12.4481,7.4165],[-12.4431,7.4184],[-12.4383,7.4188],[-12.4335,7.421],[-12.4264,7.4189],[-12.4273,7.4162],[-12.4346,7.4116],[-12.4408,7.4105]]],[[[-12.4847,7.4317],[-12.4874,7.4306],[-12.4894,7.4318],[-12.49,7.4339],[-12.4945,7.4402],[-12.4958,7.4426],[-12.4928,7.448],[-12.4906,7.4441],[-12.4885,7.4418],[-12.4824,7.4371],[-12.4847,7.4317]]],[[[-12.5154,7.5487],[-12.5191,7.5487],[-12.5239,7.5461],[-12.5321,7.5395],[-12.5342,7.5348],[-12.5347,7.5223],[-12.5326,7.521],[-12.5244,7.5201],[-12.5162,7.5207],[-12.5123,7.5206],[-12.5099,7.5187],[-12.505,7.5194],[-12.5,7.5196],[-12.4977,7.5202],[-12.4957,7.5191],[-12.4948,7.5147],[-12.4924,7.5162],[-12.4904,7.5141],[-12.4891,7.5114],[-12.4899,7.5063],[-12.4925,7.5067],[-12.4915,7.5029],[-12.4939,7.4994],[-12.4968,7.4963],[-12.4996,7.4977],[-12.5008,7.4971],[-12.5006,7.4946],[-12.5042,7.4905],[-12.5064,7.4889],[-12.5146,7.4842],[-12.5235,7.4773],[-12.5304,7.4684],[-12.5332,7.4465],[-12.5339,7.4338],[-12.5357,7.4261],[-12.5348,7.4163],[-12.533,7.4109],[-12.5313,7.4087],[-12.5309,7.4066],[-12.5302,7.4062],[-12.5298,7.4052],[-12.5299,7.4043],[-12.5309,7.4001],[-12.5303,7.3969],[-12.5292,7.3959],[-12.5288,7.3962],[-12.5283,7.3971],[-12.5273,7.3974],[-12.5273,7.3968],[-12.5279,7.396],[-12.5289,7.3948],[-12.5308,7.3938],[-12.5326,7.3927],[-12.5342,7.3921],[-12.5372,7.3912],[-12.5436,7.3905],[-12.551,7.3884],[-12.5573,7.3853],[-12.5593,7.3882],[-12.5663,7.3945],[-12.5679,7.3985],[-12.5668,7.4039],[-12.5667,7.4123],[-12.5642,7.4186],[-12.5664,7.4244],[-12.5688,7.4309],[-12.5783,7.4471],[-12.5836,7.453],[-12.5955,7.4615],[-12.6194,7.4729],[-12.6504,7.4867],[-12.667,7.4935],[-12.6805,7.4978],[-12.6965,7.5019],[-12.7093,7.5072],[-12.7219,7.5113],[-12.7303,7.5137],[-12.7518,7.5211],[-12.7788,7.5291],[-12.8022,7.5351],[-12.8118,7.5383],[-12.8387,7.5454],[-12.8633,7.5515],[-12.896,7.56],[-12.922,7.5645],[-12.9392,7.5677],[-12.948,7.5677],[-12.9558,7.5677],[-12.957,7.57],[-12.9589,7.5713],[-12.9587,7.5746],[-12.9557,7.5756],[-12.9539,7.5776],[-12.9487,7.5804],[-12.9435,7.5797],[-12.9395,7.5772],[-12.9337,7.5765],[-12.9264,7.5761],[-12.9217,7.5794],[-12.9174,7.5797],[-12.9115,7.5787],[-12.9039,7.5761],[-12.901,7.5761],[-12.898,7.5774],[-12.9003,7.5801],[-12.9044,7.5824],[-12.9077,7.5827],[-12.9101,7.5844],[-12.9143,7.5856],[-12.9195,7.59],[-12.9209,7.5938],[-12.9145,7.6014],[-12.9099,7.6036],[-12.9082,7.6055],[-12.9047,7.6064],[-12.8996,7.6059],[-12.8951,7.609],[-12.8913,7.6108],[-12.8725,7.6184],[-12.87,7.6188],[-12.8667,7.6173],[-12.8627,7.6173],[-12.8605,7.6194],[-12.8574,7.619],[-12.8552,7.6166],[-12.8517,7.6173],[-12.8472,7.6169],[-12.8439,7.6159],[-12.8405,7.6185],[-12.8301,7.6209],[-12.8271,7.6224],[-12.821,7.6247],[-12.8162,7.6224],[-12.8144,7.6191],[-12.8108,7.6181],[-12.8082,7.625],[-12.8035,7.6271],[-12.7959,7.6302],[-12.7709,7.6277],[-12.7464,7.6254],[-12.734,7.627],[-12.7267,7.6288],[-12.7244,7.6281],[-12.7215,7.6255],[-12.7159,7.6278],[-12.7105,7.6292],[-12.7007,7.637],[-12.6945,7.639],[-12.6877,7.639],[-12.6813,7.6388],[-12.6722,7.6378],[-12.6548,7.6377],[-12.6415,7.6397],[-12.6285,7.6418],[-12.611,7.6393],[-12.601,7.6375],[-12.599,7.6377],[-12.5911,7.6377],[-12.5892,7.6369],[-12.5847,7.6336],[-12.5778,7.6249],[-12.5759,7.6231],[-12.5751,7.6213],[-12.5725,7.618],[-12.5699,7.6155],[-12.5669,7.6136],[-12.5633,7.6132],[-12.5528,7.6115],[-12.5427,7.6074],[-12.5352,7.6055],[-12.5279,7.602],[-12.5266,7.6008],[-12.5173,7.5943],[-12.5081,7.5892],[-12.5003,7.5799],[-12.4967,7.5745],[-12.4944,7.5694],[-12.4949,7.5642],[-12.4972,7.5599],[-12.4999,7.5532],[-12.5042,7.5471],[-12.5074,7.5494],[-12.5104,7.5489],[-12.5122,7.5513],[-12.5137,7.556],[-12.5161,7.5561],[-12.5165,7.5536],[-12.5154,7.5487]]],[[[-12.9808,7.5885],[-12.9794,7.5877],[-12.9775,7.5887],[-12.9719,7.5892],[-12.9686,7.5882],[-12.9671,7.5851],[-12.967,7.5818],[-12.9642,7.5773],[-12.969,7.5736],[-12.9776,7.573],[-12.9838,7.5713],[-12.9892,7.5782],[-12.9939,7.5841],[-12.998,7.5854],[-12.9997,7.5885],[-12.9971,7.5903],[-12.9946,7.591],[-12.9901,7.5913],[-12.9894,7.5932],[-12.9869,7.5937],[-12.9861,7.5923],[-12.9827,7.5892],[-12.9808,7.5885]]],[[[-12.9244,7.5849],[-12.9269,7.584],[-12.9295,7.5867],[-12.9291,7.5885],[-12.9258,7.592],[-12.9234,7.5904],[-12.9223,7.5877],[-12.9244,7.5849]]],[[[-12.4761,7.5841],[-12.4774,7.5834],[-12.4792,7.582],[-12.481,7.5839],[-12.482,7.5855],[-12.4824,7.5866],[-12.4831,7.5881],[-12.484,7.5897],[-12.4845,7.5927],[-12.4839,7.5949],[-12.4837,7.5967],[-12.4833,7.5966],[-12.4806,7.5946],[-12.4783,7.5934],[-12.475,7.5911],[-12.4745,7.5904],[-12.4745,7.5896],[-12.4753,7.585],[-12.4761,7.5841]]],[[[-13.0681,7.6699],[-13.0714,7.6723],[-13.0684,7.6732],[-13.0658,7.6741],[-13.0588,7.6778],[-13.0549,7.6767],[-13.0558,7.6741],[-13.0603,7.6715],[-13.0626,7.6705],[-13.0681,7.6699]]],[[[-12.5235,7.6941],[-12.5296,7.693],[-12.5341,7.6931],[-12.5368,7.6934],[-12.5391,7.6941],[-12.5396,7.6949],[-12.5404,7.6988],[-12.5402,7.6997],[-12.5373,7.7028],[-12.5337,7.7075],[-12.531,7.7103],[-12.5278,7.7119],[-12.5235,7.7135],[-12.5195,7.7152],[-12.5172,7.7162],[-12.5161,7.7156],[-12.5171,7.7077],[-12.5172,7.6989],[-12.5177,7.697],[-12.5183,7.6961],[-12.5235,7.6941]]],[[[-13.0109,7.6043],[-13.0098,7.6032],[-13.0075,7.604],[-13.0052,7.603],[-13.004,7.6012],[-13.0067,7.5962],[-13.0014,7.5929],[-13.0074,7.5909],[-13.0131,7.5901],[-13.0189,7.5924],[-13.0206,7.5954],[-13.0235,7.6042],[-13.0177,7.6002],[-13.0138,7.6034],[-13.0109,7.6043]]],[[[-12.4744,7.5915],[-12.475,7.5915],[-12.4773,7.5929],[-12.4808,7.5948],[-12.4824,7.596],[-12.4829,7.5965],[-12.4832,7.5973],[-12.4835,7.5983],[-12.4815,7.5989],[-12.4805,7.599],[-12.4782,7.5978],[-12.477,7.597],[-12.4761,7.5961],[-12.4749,7.5938],[-12.4744,7.5915]]],[[[-12.4807,7.6041],[-12.4823,7.6042],[-12.4842,7.6044],[-12.488,7.6051],[-12.491,7.6067],[-12.4958,7.6103],[-12.5003,7.6136],[-12.505,7.6169],[-12.5071,7.618],[-12.5076,7.6182],[-12.5076,7.6187],[-12.5054,7.6194],[-12.5029,7.6199],[-12.4986,7.6207],[-12.4943,7.6213],[-12.4901,7.6212],[-12.487,7.6204],[-12.4841,7.6172],[-12.4804,7.6122],[-12.4791,7.6098],[-12.4783,7.6077],[-12.4781,7.6059],[-12.4784,7.605],[-12.4789,7.6044],[-12.4807,7.6041]]],[[[-12.5016,7.6295],[-12.5012,7.6277],[-12.5019,7.6265],[-12.5022,7.626],[-12.5035,7.6258],[-12.5053,7.6269],[-12.5054,7.6277],[-12.5037,7.6307],[-12.5031,7.6315],[-12.5028,7.6313],[-12.5016,7.6295]]],[[[-12.5538,7.6303],[-12.5553,7.6298],[-12.558,7.6303],[-12.5593,7.6315],[-12.5607,7.6342],[-12.561,7.6354],[-12.5607,7.6358],[-12.5593,7.6355],[-12.5573,7.6356],[-12.5555,7.6341],[-12.5543,7.6317],[-12.5538,7.6303]]],[[[-12.9935,7.6332],[-13.0005,7.6322],[-13.004,7.6345],[-12.9957,7.641],[-12.9932,7.6427],[-12.9929,7.6406],[-12.9903,7.6383],[-12.9935,7.6332]]],[[[-13.047,7.6386],[-13.0461,7.63],[-13.0427,7.6267],[-13.0409,7.6233],[-13.042,7.6197],[-13.0449,7.6183],[-13.0519,7.619],[-13.0562,7.6186],[-13.0607,7.6188],[-13.0645,7.6181],[-13.065,7.6219],[-13.0657,7.6254],[-13.0675,7.6287],[-13.0727,7.6335],[-13.0707,7.6389],[-13.0642,7.6429],[-13.0584,7.6417],[-13.055,7.6391],[-13.0502,7.6425],[-13.0485,7.6449],[-13.0425,7.651],[-13.04,7.6532],[-13.0316,7.6583],[-13.0247,7.6608],[-13.0201,7.6572],[-13.0293,7.6544],[-13.0348,7.6521],[-13.0434,7.6453],[-13.0449,7.6406],[-13.047,7.6386]]],[[[-12.5233,7.625],[-12.5245,7.6245],[-12.5273,7.6243],[-12.532,7.6244],[-12.5346,7.625],[-12.5382,7.6273],[-12.5449,7.6353],[-12.5503,7.642],[-12.5536,7.6482],[-12.5543,7.651],[-12.5555,7.6545],[-12.5557,7.6559],[-12.5548,7.6567],[-12.5532,7.6572],[-12.551,7.6583],[-12.5494,7.6583],[-12.5466,7.658],[-12.5445,7.6565],[-12.5411,7.6492],[-12.5385,7.6464],[-12.5349,7.645],[-12.5252,7.6411],[-12.5226,7.6386],[-12.5221,7.6364],[-12.5222,7.6315],[-12.5213,7.6275],[-12.5233,7.625]]]]},"properties":{"code":"BON_BONDC","name":"Bonthe District Council","level":"3","parent":"iQgaTATK59f","parentGraph":"Plmg8ikyfrK/iQgaTATK59f","groups":["aYjKY8GaXYQ","QJuHsfZjNBf"]}},{"type":"Feature","id":"LSNDbiDvRUD","geometry":{"type":"MultiPolygon","coordinates":[[[[-12.5,7.5196],[-12.505,7.5194],[-12.5099,7.5187],[-12.5123,7.5206],[-12.5162,7.5207],[-12.5244,7.5201],[-12.5326,7.521],[-12.5347,7.5223],[-12.5342,7.5348],[-12.5321,7.5395],[-12.5239,7.5461],[-12.5191,7.5487],[-12.5154,7.5487],[-12.5127,7.5441],[-12.5099,7.5404],[-12.5052,7.537],[-12.5021,7.5338],[-12.5,7.5258],[-12.5,7.5196]]],[[[-12.4727,7.5133],[-12.4774,7.5125],[-12.4767,7.5194],[-12.4754,7.5233],[-12.4744,7.5227],[-12.4723,7.5181],[-12.4708,7.5145],[-12.4727,7.5133]]],[[[-12.4833,7.5211],[-12.4847,7.5212],[-12.4866,7.5241],[-12.4923,7.5294],[-12.4901,7.5345],[-12.4883,7.5344],[-12.4871,7.5312],[-12.4843,7.5275],[-12.4829,7.5228],[-12.4833,7.5211]]],[[[-12.4677,7.5215],[-12.4691,7.5215],[-12.4727,7.5256],[-12.4755,7.5312],[-12.4777,7.5383],[-12.4774,7.5399],[-12.469,7.5447],[-12.4622,7.5424],[-12.4594,7.5407],[-12.4588,7.5377],[-12.4591,7.5347],[-12.4598,7.5319],[-12.4613,7.5277],[-12.4642,7.5233],[-12.4677,7.5215]]],[[[-12.4952,7.532],[-12.4972,7.5322],[-12.4977,7.5367],[-12.4969,7.5419],[-12.4923,7.5419],[-12.4919,7.5376],[-12.4946,7.5338],[-12.4952,7.532]]],[[[-12.4938,7.5425],[-12.4964,7.5443],[-12.4961,7.5458],[-12.4937,7.5476],[-12.4925,7.5451],[-12.4938,7.5425]]],[[[-12.4731,7.5445],[-12.4775,7.5444],[-12.4793,7.5424],[-12.4818,7.5439],[-12.4832,7.5479],[-12.4827,7.5511],[-12.4805,7.5505],[-12.4727,7.5457],[-12.4731,7.5445]]]]},"properties":{"code":"BON_BONMC","name":"Bonthe Municipal Council","level":"3","parent":"iQgaTATK59f","parentGraph":"Plmg8ikyfrK/iQgaTATK59f","groups":["aYjKY8GaXYQ","QJuHsfZjNBf"]}},{"type":"Feature","id":"pWb43ue4nt8","geometry":{"type":"Polygon","coordinates":[[[-10.7114,9.1553],[-10.7118,9.1526],[-10.7131,9.1524],[-10.7147,9.1519],[-10.716,9.1509],[-10.7166,9.15],[-10.7163,9.1476],[-10.7163,9.1473],[-10.7163,9.1469],[-10.7161,9.1455],[-10.715,9.1447],[-10.7134,9.1446],[-10.7138,9.1431],[-10.7146,9.1419],[-10.715,9.1403],[-10.7149,9.1394],[-10.714,9.1388],[-10.7137,9.1383],[-10.7138,9.1374],[-10.7143,9.137],[-10.7154,9.1364],[-10.7171,9.1365],[-10.7194,9.1371],[-10.72,9.1357],[-10.7206,9.1347],[-10.7209,9.1335],[-10.721,9.1324],[-10.7206,9.1314],[-10.7196,9.1307],[-10.7182,9.1295],[-10.7188,9.1289],[-10.7189,9.1285],[-10.7191,9.1275],[-10.7196,9.1252],[-10.7197,9.124],[-10.7199,9.123],[-10.7201,9.1218],[-10.7213,9.12],[-10.7219,9.1189],[-10.7223,9.118],[-10.7232,9.1166],[-10.7237,9.1154],[-10.7237,9.1142],[-10.7236,9.113],[-10.7233,9.1124],[-10.7224,9.1115],[-10.7258,9.1072],[-10.7258,9.1067],[-10.7254,9.1057],[-10.7254,9.1054],[-10.726,9.1048],[-10.7263,9.1041],[-10.7267,9.1015],[-10.7271,9.1003],[-10.7273,9.0989],[-10.7269,9.0967],[-10.7269,9.0946],[-10.7272,9.0923],[-10.7277,9.0907],[-10.728,9.0886],[-10.7284,9.088],[-10.7298,9.0868],[-10.7302,9.0863],[-10.7308,9.0843],[-10.7308,9.0834],[-10.7308,9.0824],[-10.7308,9.0817],[-10.7305,9.0811],[-10.729,9.0803],[-10.7274,9.0801],[-10.7261,9.0801],[-10.724,9.0784],[-10.7224,9.0774],[-10.7138,9.0804],[-10.7056,9.0795],[-10.7007,9.0787],[-10.6964,9.0802],[-10.6814,9.0817],[-10.6676,9.0857],[-10.6671,9.0857],[-10.6664,9.0856],[-10.6659,9.0853],[-10.6656,9.0849],[-10.6647,9.0842],[-10.6644,9.0836],[-10.664,9.0834],[-10.6634,9.0832],[-10.6628,9.0832],[-10.6621,9.0835],[-10.6617,9.0835],[-10.6614,9.0834],[-10.6611,9.0832],[-10.6608,9.0831],[-10.6605,9.0829],[-10.6603,9.0829],[-10.6598,9.0829],[-10.6587,9.0824],[-10.6582,9.0825],[-10.657,9.0823],[-10.6567,9.0822],[-10.6566,9.0824],[-10.656,9.0824],[-10.6558,9.0825],[-10.6557,9.0824],[-10.6555,9.0823],[-10.6552,9.0827],[-10.6548,9.0827],[-10.6546,9.0825],[-10.6543,9.0824],[-10.6539,9.0823],[-10.6536,9.082],[-10.6532,9.0819],[-10.6525,9.0819],[-10.652,9.0817],[-10.6516,9.0814],[-10.6511,9.0815],[-10.6509,9.0814],[-10.6507,9.0813],[-10.6507,9.0805],[-10.6505,9.0805],[-10.6501,9.0807],[-10.6499,9.0807],[-10.6497,9.0809],[-10.6497,9.0811],[-10.6496,9.0813],[-10.6491,9.0814],[-10.6489,9.0816],[-10.6483,9.0818],[-10.6481,9.0818],[-10.648,9.0817],[-10.6478,9.0815],[-10.6478,9.0812],[-10.6477,9.081],[-10.6476,9.081],[-10.647,9.081],[-10.6466,9.081],[-10.6457,9.0806],[-10.6454,9.0805],[-10.6451,9.0805],[-10.6447,9.0805],[-10.6437,9.08],[-10.6433,9.0797],[-10.6431,9.0796],[-10.643,9.0795],[-10.6422,9.0797],[-10.642,9.0796],[-10.6408,9.0789],[-10.6401,9.0786],[-10.6391,9.0785],[-10.6389,9.0784],[-10.6387,9.0781],[-10.6385,9.0781],[-10.6381,9.0781],[-10.6378,9.0781],[-10.6375,9.078],[-10.637,9.0777],[-10.6367,9.0775],[-10.6365,9.0771],[-10.6363,9.077],[-10.6361,9.077],[-10.6359,9.077],[-10.6357,9.0769],[-10.6357,9.0765],[-10.6355,9.0764],[-10.6353,9.0763],[-10.6351,9.0763],[-10.6348,9.076],[-10.6345,9.076],[-10.6343,9.0757],[-10.6342,9.0757],[-10.634,9.0759],[-10.6338,9.0758],[-10.6336,9.0758],[-10.6335,9.076],[-10.6333,9.076],[-10.6328,9.0761],[-10.6328,9.0764],[-10.6323,9.0762],[-10.6322,9.076],[-10.6322,9.0759],[-10.6324,9.0755],[-10.6323,9.0753],[-10.6322,9.0752],[-10.6318,9.0752],[-10.6314,9.0751],[-10.6308,9.0749],[-10.6304,9.0747],[-10.63,9.0746],[-10.6297,9.0745],[-10.6295,9.0743],[-10.6292,9.0738],[-10.629,9.0736],[-10.6279,9.0738],[-10.6276,9.0743],[-10.6271,9.0744],[-10.6269,9.0743],[-10.6265,9.0737],[-10.6265,9.0735],[-10.6266,9.0729],[-10.6265,9.0726],[-10.6263,9.0723],[-10.6259,9.0719],[-10.6256,9.0717],[-10.6252,9.0717],[-10.6248,9.0716],[-10.6247,9.0715],[-10.6236,9.0721],[-10.6234,9.0721],[-10.6232,9.0723],[-10.6226,9.0724],[-10.6221,9.0727],[-10.622,9.0726],[-10.6219,9.0729],[-10.6215,9.073],[-10.6213,9.0733],[-10.6211,9.0732],[-10.621,9.0732],[-10.6209,9.0734],[-10.6208,9.0736],[-10.6204,9.0736],[-10.6202,9.0736],[-10.62,9.0738],[-10.6199,9.0738],[-10.6195,9.0736],[-10.619,9.0732],[-10.6188,9.0732],[-10.6175,9.0724],[-10.6174,9.0724],[-10.6172,9.0723],[-10.617,9.072],[-10.6168,9.072],[-10.6167,9.0721],[-10.6166,9.0722],[-10.6165,9.0719],[-10.6165,9.0717],[-10.6162,9.0717],[-10.6159,9.0715],[-10.6157,9.0716],[-10.6158,9.0717],[-10.6156,9.0718],[-10.6154,9.0715],[-10.6151,9.0714],[-10.6149,9.0712],[-10.6146,9.0712],[-10.6145,9.0708],[-10.6145,9.0705],[-10.6143,9.0705],[-10.6141,9.0703],[-10.6139,9.0702],[-10.6137,9.0702],[-10.6137,9.07],[-10.6137,9.0699],[-10.6138,9.0697],[-10.6137,9.0696],[-10.6135,9.0696],[-10.6134,9.0696],[-10.6134,9.0693],[-10.6134,9.0691],[-10.6131,9.0692],[-10.6129,9.0691],[-10.6128,9.069],[-10.6126,9.0693],[-10.6124,9.0694],[-10.6121,9.0694],[-10.6119,9.0693],[-10.6118,9.0695],[-10.6116,9.0696],[-10.6114,9.0694],[-10.6112,9.0695],[-10.6112,9.0691],[-10.611,9.0691],[-10.6109,9.0694],[-10.6107,9.0691],[-10.611,9.0689],[-10.6111,9.0689],[-10.6109,9.0686],[-10.6108,9.0685],[-10.6108,9.0683],[-10.6107,9.0681],[-10.6104,9.068],[-10.6103,9.068],[-10.6095,9.0678],[-10.6094,9.0679],[-10.6089,9.068],[-10.6088,9.0684],[-10.6087,9.0684],[-10.6082,9.0682],[-10.6079,9.0679],[-10.6077,9.0676],[-10.6075,9.0675],[-10.6071,9.0677],[-10.6068,9.0675],[-10.6066,9.0671],[-10.6065,9.0672],[-10.6062,9.0669],[-10.6059,9.0669],[-10.6059,9.0671],[-10.6057,9.0668],[-10.6058,9.0665],[-10.6055,9.0663],[-10.6054,9.0667],[-10.6052,9.0665],[-10.6052,9.0666],[-10.6051,9.0666],[-10.605,9.0665],[-10.6048,9.0662],[-10.6046,9.0662],[-10.6046,9.0663],[-10.6045,9.0664],[-10.6043,9.0663],[-10.6041,9.0661],[-10.6041,9.0659],[-10.6039,9.0653],[-10.6037,9.0654],[-10.6036,9.0655],[-10.6034,9.0653],[-10.6032,9.0655],[-10.6029,9.0653],[-10.6028,9.0654],[-10.6025,9.0652],[-10.6023,9.0651],[-10.6022,9.065],[-10.6021,9.0656],[-10.6018,9.0654],[-10.6016,9.065],[-10.6015,9.0648],[-10.6012,9.0649],[-10.601,9.0646],[-10.6009,9.0645],[-10.6008,9.0643],[-10.6006,9.0643],[-10.6005,9.0641],[-10.6002,9.0639],[-10.6001,9.064],[-10.5998,9.0641],[-10.5997,9.064],[-10.5996,9.0639],[-10.5995,9.0642],[-10.5995,9.0642],[-10.5994,9.0642],[-10.5993,9.0637],[-10.5991,9.0636],[-10.599,9.0638],[-10.5989,9.0636],[-10.5988,9.0634],[-10.5986,9.0633],[-10.5984,9.0634],[-10.598,9.0634],[-10.5978,9.0638],[-10.5976,9.0638],[-10.5976,9.0636],[-10.5975,9.0634],[-10.5973,9.0634],[-10.5972,9.0637],[-10.5971,9.0636],[-10.5972,9.0634],[-10.597,9.0632],[-10.5969,9.0634],[-10.5967,9.0633],[-10.5967,9.0632],[-10.5964,9.0631],[-10.5966,9.063],[-10.5967,9.0629],[-10.5967,9.0626],[-10.5969,9.0628],[-10.597,9.0627],[-10.5967,9.0625],[-10.5964,9.0624],[-10.5963,9.0625],[-10.5963,9.0622],[-10.5959,9.062],[-10.5956,9.0618],[-10.5953,9.0618],[-10.5952,9.0616],[-10.5951,9.0616],[-10.5948,9.0618],[-10.5948,9.0616],[-10.5949,9.0615],[-10.5947,9.0614],[-10.5946,9.0616],[-10.5943,9.0615],[-10.5942,9.0614],[-10.594,9.0614],[-10.5939,9.0614],[-10.5938,9.0613],[-10.5937,9.0616],[-10.5934,9.0617],[-10.5932,9.0616],[-10.593,9.0617],[-10.5928,9.0615],[-10.5926,9.0615],[-10.5923,9.0615],[-10.5922,9.0612],[-10.592,9.061],[-10.5919,9.0609],[-10.5918,9.0609],[-10.5917,9.061],[-10.5917,9.0611],[-10.5915,9.0611],[-10.5914,9.0611],[-10.5913,9.0609],[-10.5912,9.0609],[-10.5911,9.0611],[-10.591,9.0612],[-10.5909,9.0611],[-10.5904,9.0605],[-10.5898,9.0601],[-10.5897,9.06],[-10.5898,9.0598],[-10.5895,9.0596],[-10.5895,9.0593],[-10.5893,9.059],[-10.5894,9.0588],[-10.5894,9.0585],[-10.5896,9.0584],[-10.5896,9.0582],[-10.5893,9.0582],[-10.5893,9.058],[-10.5896,9.0577],[-10.5896,9.0576],[-10.5895,9.0575],[-10.5893,9.0575],[-10.5892,9.0574],[-10.5893,9.0573],[-10.5895,9.0572],[-10.5895,9.0571],[-10.5894,9.057],[-10.5892,9.057],[-10.5891,9.0571],[-10.5889,9.0572],[-10.5888,9.0571],[-10.5885,9.0568],[-10.5884,9.0565],[-10.5882,9.0564],[-10.5879,9.0564],[-10.5877,9.0563],[-10.5874,9.0564],[-10.587,9.0563],[-10.5868,9.0561],[-10.5868,9.056],[-10.5869,9.0559],[-10.5869,9.0557],[-10.5868,9.0556],[-10.5867,9.0549],[-10.5859,9.0546],[-10.5858,9.054],[-10.5857,9.0538],[-10.5857,9.0536],[-10.5859,9.0534],[-10.5859,9.0533],[-10.5859,9.0532],[-10.5855,9.0529],[-10.5855,9.0526],[-10.5853,9.0524],[-10.5852,9.0521],[-10.585,9.0519],[-10.5849,9.0515],[-10.5847,9.0513],[-10.5846,9.0513],[-10.5845,9.0515],[-10.5844,9.0516],[-10.5841,9.0515],[-10.584,9.052],[-10.5838,9.052],[-10.5836,9.0518],[-10.5833,9.0517],[-10.5832,9.0519],[-10.5824,9.0523],[-10.5819,9.0526],[-10.5814,9.0524],[-10.581,9.0524],[-10.5804,9.0527],[-10.58,9.0526],[-10.5795,9.0525],[-10.5791,9.0526],[-10.5789,9.0528],[-10.5787,9.0529],[-10.5781,9.0528],[-10.5776,9.0528],[-10.5766,9.0528],[-10.5759,9.0526],[-10.5752,9.0523],[-10.5747,9.0518],[-10.5744,9.0515],[-10.5739,9.0512],[-10.5739,9.0509],[-10.5737,9.0501],[-10.5735,9.0499],[-10.5735,9.0495],[-10.5735,9.0494],[-10.5736,9.0494],[-10.5736,9.049],[-10.5736,9.0488],[-10.5737,9.0485],[-10.574,9.0483],[-10.5741,9.0481],[-10.5742,9.0479],[-10.5737,9.0476],[-10.5736,9.0473],[-10.5737,9.047],[-10.5739,9.047],[-10.5741,9.0472],[-10.5744,9.0473],[-10.5746,9.0471],[-10.5756,9.0472],[-10.576,9.0459],[-10.5769,9.0463],[-10.5786,9.0475],[-10.5799,9.0482],[-10.5817,9.0464],[-10.5836,9.0461],[-10.5848,9.045],[-10.5867,9.0453],[-10.5876,9.044],[-10.5888,9.0427],[-10.5974,9.0414],[-10.6041,9.042],[-10.6087,9.0407],[-10.622,9.042],[-10.626,9.0367],[-10.6313,9.0334],[-10.6359,9.0294],[-10.6419,9.0248],[-10.6498,9.0228],[-10.673,9.0181],[-10.6783,9.0155],[-10.679,9.0089],[-10.6823,9.0089],[-10.6843,9.0022],[-10.6823,8.9949],[-10.687,8.9823],[-10.6943,8.9717],[-10.6952,8.966],[-10.6943,8.9635],[-10.6925,8.9625],[-10.6797,8.962],[-10.6773,8.9603],[-10.675,8.9565],[-10.6737,8.9445],[-10.6737,8.9366],[-10.6737,8.9346],[-10.6903,8.9359],[-10.7029,8.9359],[-10.7168,8.9346],[-10.7287,8.9306],[-10.738,8.9333],[-10.7407,8.9386],[-10.748,8.9366],[-10.7556,8.9326],[-10.7609,8.9346],[-10.7688,8.9399],[-10.7761,8.9399],[-10.7814,8.9439],[-10.7864,8.9435],[-10.79,8.9428],[-10.796,8.9369],[-10.7998,8.9337],[-10.8031,8.9339],[-10.8048,8.9346],[-10.8066,8.9339],[-10.8153,8.9353],[-10.8259,8.9359],[-10.8365,8.9379],[-10.8438,8.9479],[-10.8531,8.9552],[-10.8676,8.9505],[-10.8743,8.9485],[-10.8765,8.953],[-10.8808,8.956],[-10.8832,8.9582],[-10.8873,8.9637],[-10.8936,8.9715],[-10.8977,8.9745],[-10.9056,8.9646],[-10.9095,8.9605],[-10.9114,8.9577],[-10.9125,8.9576],[-10.9154,8.9614],[-10.9173,8.9625],[-10.92,8.9658],[-10.9232,8.9716],[-10.9256,8.9751],[-10.9291,8.9795],[-10.9302,8.981],[-10.9319,8.9858],[-10.928,8.9894],[-10.9182,9.0006],[-10.9133,9.0079],[-10.9274,9.0173],[-10.9382,9.0249],[-10.9534,9.0305],[-10.9635,9.0361],[-10.9689,9.0386],[-10.9771,9.0409],[-10.9808,9.0431],[-10.9882,9.0473],[-10.9984,9.0544],[-11.0046,9.0606],[-11.0119,9.0566],[-11.0149,9.0577],[-11.0242,9.0622],[-11.0271,9.064],[-11.0296,9.0654],[-11.0348,9.0673],[-11.0353,9.068],[-11.0407,9.0709],[-11.0547,9.0769],[-11.0575,9.0771],[-11.06,9.0769],[-11.0688,9.0757],[-11.0703,9.0758],[-11.0721,9.0755],[-11.0739,9.075],[-11.0758,9.0742],[-11.0785,9.0712],[-11.0817,9.0697],[-11.0824,9.0648],[-11.083,9.0628],[-11.0845,9.0628],[-11.0911,9.0661],[-11.1204,9.0407],[-11.1223,9.0392],[-11.1224,9.0307],[-11.1245,9.0258],[-11.1274,9.0216],[-11.1352,9.0155],[-11.1365,9.0095],[-11.1363,9.0085],[-11.139,9.009],[-11.1427,9.0119],[-11.1485,9.019],[-11.1482,9.0272],[-11.149,9.0342],[-11.151,9.0376],[-11.1542,9.0419],[-11.1559,9.0454],[-11.1529,9.0519],[-11.1318,9.0527],[-11.123,9.0506],[-11.1179,9.0595],[-11.1115,9.0658],[-11.1084,9.0667],[-11.1038,9.0655],[-11.1023,9.0662],[-11.0998,9.0707],[-11.0954,9.0773],[-11.0933,9.082],[-11.1177,9.1148],[-11.1176,9.1149],[-11.1789,9.1791],[-11.2028,9.1367],[-11.2069,9.1337],[-11.2092,9.1281],[-11.2112,9.1276],[-11.2153,9.1281],[-11.2158,9.1304],[-11.2143,9.1355],[-11.2143,9.1395],[-11.2168,9.1421],[-11.2219,9.1446],[-11.2224,9.1462],[-11.225,9.1492],[-11.2293,9.151],[-11.2339,9.1502],[-11.2377,9.1462],[-11.2428,9.149],[-11.2481,9.1528],[-11.2514,9.1538],[-11.2527,9.1604],[-11.253,9.1657],[-11.2512,9.1782],[-11.2492,9.183],[-11.2484,9.1869],[-11.2509,9.1897],[-11.2499,9.1963],[-11.2443,9.1981],[-11.2444,9.2091],[-11.247,9.2145],[-11.2488,9.2162],[-11.2587,9.2094],[-11.2661,9.2076],[-11.2839,9.2045],[-11.3144,9.203],[-11.3223,9.2033],[-11.3289,9.2015],[-11.3365,9.1946],[-11.3397,9.1899],[-11.385,9.1899],[-11.3855,9.1777],[-11.3982,9.1772],[-11.413,9.1774],[-11.4175,9.1782],[-11.4132,9.1816],[-11.4059,9.1953],[-11.4038,9.2047],[-11.4025,9.2115],[-11.3982,9.226],[-11.3965,9.2325],[-11.3932,9.2396],[-11.3868,9.2563],[-11.3893,9.2601],[-11.3932,9.2669],[-11.3996,9.2734],[-11.4086,9.2815],[-11.4175,9.2892],[-11.4261,9.2956],[-11.4342,9.3011],[-11.4428,9.3063],[-11.4487,9.3105],[-11.45,9.3187],[-11.4492,9.3281],[-11.4479,9.3323],[-11.4457,9.3366],[-11.4453,9.3417],[-11.4487,9.3452],[-11.4513,9.3499],[-11.4547,9.3541],[-11.4556,9.3597],[-11.4581,9.3635],[-11.4607,9.3697],[-11.4631,9.3734],[-11.4653,9.375],[-11.472,9.3756],[-11.4765,9.375],[-11.4972,9.3748],[-11.5046,9.3756],[-11.5138,9.3756],[-11.5277,9.3728],[-11.5373,9.3715],[-11.5416,9.3771],[-11.5406,9.3802],[-11.5434,9.382],[-11.5363,9.3888],[-11.5385,9.3913],[-11.5385,9.3931],[-11.54,9.3953],[-11.5363,9.3959],[-11.5372,9.4016],[-11.532,9.4045],[-11.5318,9.408],[-11.5337,9.4097],[-11.5387,9.4087],[-11.5406,9.4097],[-11.5421,9.4134],[-11.5416,9.4166],[-11.5389,9.4232],[-11.5387,9.4282],[-11.5394,9.4326],[-11.5404,9.4353],[-11.5426,9.4385],[-11.5451,9.4444],[-11.5453,9.4491],[-11.547,9.4516],[-11.5498,9.4533],[-11.5512,9.4609],[-11.5549,9.4617],[-11.5585,9.4631],[-11.557,9.4731],[-11.5555,9.4796],[-11.5489,9.4881],[-11.5401,9.4958],[-11.5376,9.5002],[-11.5376,9.5049],[-11.5369,9.5104],[-11.5354,9.5144],[-11.535,9.5192],[-11.5356,9.5216],[-11.5318,9.5204],[-11.5292,9.5215],[-11.5241,9.525],[-11.5184,9.5235],[-11.5138,9.521],[-11.5027,9.5201],[-11.4999,9.519],[-11.4917,9.5215],[-11.4855,9.527],[-11.4809,9.5338],[-11.4791,9.5358],[-11.4736,9.5391],[-11.4641,9.5391],[-11.4604,9.5424],[-11.4587,9.5446],[-11.4577,9.5423],[-11.453,9.5361],[-11.4464,9.5269],[-11.4422,9.5216],[-11.4318,9.5141],[-11.4235,9.5097],[-11.4191,9.5057],[-11.4144,9.5008],[-11.4114,9.4967],[-11.4041,9.492],[-11.3928,9.4859],[-11.3891,9.4826],[-11.3862,9.4784],[-11.3826,9.476],[-11.3784,9.4761],[-11.3725,9.4787],[-11.3513,9.4833],[-11.3447,9.4858],[-11.3376,9.4897],[-11.3349,9.4914],[-11.3349,9.4975],[-11.3333,9.5022],[-11.3316,9.5044],[-11.3344,9.5066],[-11.334,9.5081],[-11.3309,9.5097],[-11.3324,9.5121],[-11.3307,9.5154],[-11.332,9.5174],[-11.33,9.5181],[-11.3293,9.5218],[-11.3329,9.5251],[-11.3324,9.5262],[-11.3285,9.5262],[-11.3271,9.5339],[-11.3307,9.5363],[-11.3359,9.5416],[-11.3389,9.5453],[-11.3451,9.5506],[-11.3513,9.5545],[-11.3621,9.5634],[-11.3694,9.5673],[-11.3671,9.5711],[-11.3602,9.5775],[-11.3553,9.5833],[-11.3537,9.5866],[-11.3485,9.5944],[-11.3425,9.6027],[-11.3481,9.6187],[-11.3483,9.6245],[-11.3545,9.6357],[-11.3572,9.6384],[-11.3618,9.6387],[-11.3687,9.6382],[-11.3739,9.6384],[-11.3758,9.6394],[-11.3764,9.6421],[-11.3728,9.6481],[-11.3753,9.6476],[-11.3811,9.6483],[-11.3888,9.6488],[-11.3956,9.6488],[-11.4179,9.6497],[-11.428,9.6512],[-11.4332,9.6511],[-11.4405,9.6434],[-11.4468,9.6362],[-11.45,9.6374],[-11.4597,9.6373],[-11.4686,9.6389],[-11.4709,9.6391],[-11.4809,9.6386],[-11.496,9.6399],[-11.5095,9.6396],[-11.5107,9.6419],[-11.5128,9.6455],[-11.5118,9.6483],[-11.5136,9.6523],[-11.5122,9.6547],[-11.5136,9.6577],[-11.5142,9.6631],[-11.5133,9.6656],[-11.518,9.6656],[-11.5229,9.664],[-11.5254,9.666],[-11.5294,9.6632],[-11.5343,9.6607],[-11.5372,9.664],[-11.547,9.6587],[-11.5535,9.6563],[-11.5613,9.655],[-11.5702,9.6526],[-11.5853,9.6477],[-11.5915,9.6452],[-11.5968,9.6452],[-11.6034,9.6472],[-11.6047,9.6474],[-11.6055,9.6513],[-11.6066,9.6612],[-11.6085,9.6709],[-11.6123,9.6704],[-11.6186,9.6709],[-11.6223,9.6707],[-11.6374,9.6692],[-11.6365,9.6718],[-11.637,9.6779],[-11.6357,9.6848],[-11.6308,9.7011],[-11.6304,9.7101],[-11.6435,9.7219],[-11.6476,9.726],[-11.6545,9.7309],[-11.6623,9.735],[-11.6696,9.7383],[-11.6745,9.7423],[-11.681,9.7468],[-11.6871,9.7505],[-11.688,9.7558],[-11.6867,9.7607],[-11.6835,9.7685],[-11.6796,9.7733],[-11.6763,9.7795],[-11.6771,9.7833],[-11.6776,9.7856],[-11.6812,9.7917],[-11.6808,9.7958],[-11.682,9.797],[-11.6837,9.8011],[-11.6873,9.8023],[-11.6865,9.8068],[-11.6939,9.8129],[-11.6959,9.817],[-11.6996,9.8199],[-11.7008,9.8243],[-11.7077,9.8227],[-11.7098,9.8195],[-11.7151,9.8219],[-11.7179,9.815],[-11.7212,9.8129],[-11.7253,9.8076],[-11.7302,9.8101],[-11.7339,9.8125],[-11.7339,9.8162],[-11.7355,9.8227],[-11.7383,9.828],[-11.7445,9.8317],[-11.749,9.8358],[-11.7532,9.8365],[-11.7543,9.8386],[-11.7551,9.8431],[-11.7543,9.8472],[-11.7514,9.8554],[-11.7547,9.8574],[-11.7563,9.868],[-11.7596,9.8709],[-11.7563,9.8766],[-11.7563,9.8831],[-11.7592,9.8868],[-11.7612,9.8909],[-11.7579,9.8941],[-11.7579,9.8978],[-11.7592,9.9072],[-11.7575,9.9125],[-11.7592,9.919],[-11.7547,9.9198],[-11.7543,9.9235],[-11.7555,9.9276],[-11.76,9.9325],[-11.7587,9.937],[-11.7612,9.9439],[-11.759,9.9499],[-11.7628,9.9557],[-11.7645,9.9618],[-11.7632,9.9671],[-11.76,9.9704],[-11.7559,9.9724],[-11.7563,9.9782],[-11.7538,9.9806],[-11.753,9.9826],[-11.7522,9.9928],[-11.7527,9.9999],[-11.6207,10],[-11.4187,10],[-11.2081,10],[-11.2086,9.9967],[-11.2091,9.9954],[-11.2097,9.9932],[-11.2095,9.9927],[-11.2096,9.9915],[-11.2099,9.9908],[-11.2109,9.9904],[-11.2113,9.9892],[-11.2111,9.9883],[-11.2114,9.987],[-11.2119,9.9859],[-11.2119,9.9851],[-11.2121,9.9843],[-11.2127,9.9835],[-11.2144,9.9815],[-11.2138,9.9811],[-11.2138,9.9796],[-11.214,9.9779],[-11.214,9.9769],[-11.2135,9.9763],[-11.2133,9.975],[-11.2125,9.9745],[-11.211,9.974],[-11.2092,9.9731],[-11.2081,9.9731],[-11.2066,9.9728],[-11.2056,9.9733],[-11.2039,9.9754],[-11.203,9.9757],[-11.2022,9.9755],[-11.201,9.9754],[-11.201,9.9743],[-11.2006,9.9739],[-11.1962,9.9724],[-11.1947,9.9722],[-11.1938,9.9724],[-11.1931,9.9732],[-11.1921,9.9736],[-11.1904,9.9734],[-11.187,9.9719],[-11.1848,9.9714],[-11.1856,9.9695],[-11.1803,9.9675],[-11.1795,9.9664],[-11.1795,9.9652],[-11.1798,9.964],[-11.1789,9.9635],[-11.1774,9.9633],[-11.1728,9.9612],[-11.1719,9.9607],[-11.1717,9.9598],[-11.1718,9.9588],[-11.1732,9.9581],[-11.1744,9.9582],[-11.1746,9.9565],[-11.1742,9.9544],[-11.1738,9.9528],[-11.1729,9.9514],[-11.1717,9.9505],[-11.1697,9.9474],[-11.1676,9.9431],[-11.1673,9.9417],[-11.1665,9.9406],[-11.164,9.9387],[-11.164,9.9378],[-11.1645,9.9366],[-11.1654,9.9354],[-11.1671,9.9344],[-11.1681,9.9336],[-11.169,9.9336],[-11.17,9.9334],[-11.1706,9.9329],[-11.1705,9.9322],[-11.1705,9.931],[-11.169,9.9288],[-11.1684,9.9251],[-11.1678,9.923],[-11.1679,9.9214],[-11.1683,9.9203],[-11.1689,9.9196],[-11.1684,9.919],[-11.1681,9.9181],[-11.1687,9.917],[-11.1671,9.916],[-11.1666,9.9148],[-11.1653,9.9136],[-11.1647,9.9124],[-11.1624,9.9108],[-11.1616,9.9095],[-11.1611,9.906],[-11.1605,9.8978],[-11.1606,9.8948],[-11.1607,9.8932],[-11.1614,9.8907],[-11.1603,9.8866],[-11.1586,9.8818],[-11.1586,9.8794],[-11.1583,9.8786],[-11.1571,9.8773],[-11.1557,9.8768],[-11.1551,9.876],[-11.1549,9.8747],[-11.1556,9.8735],[-11.1568,9.8724],[-11.1569,9.871],[-11.1568,9.8702],[-11.1573,9.8681],[-11.1569,9.8671],[-11.1559,9.8655],[-11.1546,9.8655],[-11.1535,9.8664],[-11.1527,9.8671],[-11.1515,9.8673],[-11.1498,9.8673],[-11.1477,9.8669],[-11.1467,9.8668],[-11.1448,9.8673],[-11.1431,9.8673],[-11.1417,9.8668],[-11.141,9.8663],[-11.1409,9.8652],[-11.1407,9.8624],[-11.1401,9.8615],[-11.1392,9.8607],[-11.1368,9.8605],[-11.1352,9.8597],[-11.1344,9.8584],[-11.1347,9.857],[-11.1346,9.8558],[-11.1338,9.8551],[-11.1324,9.8551],[-11.1244,9.8579],[-11.1229,9.8575],[-11.121,9.8571],[-11.1192,9.8572],[-11.118,9.857],[-11.1148,9.8559],[-11.1135,9.8556],[-11.1123,9.8545],[-11.1109,9.8535],[-11.1095,9.855],[-11.1066,9.8557],[-11.1042,9.857],[-11.1036,9.8587],[-11.1037,9.8604],[-11.1029,9.8615],[-11.0982,9.8593],[-11.0967,9.8583],[-11.0962,9.8576],[-11.0959,9.8551],[-11.0952,9.8543],[-11.0944,9.8527],[-11.0941,9.8519],[-11.0941,9.8507],[-11.0944,9.8496],[-11.0944,9.849],[-11.0924,9.8477],[-11.0919,9.847],[-11.0922,9.8449],[-11.0915,9.844],[-11.0902,9.8435],[-11.0887,9.8438],[-11.0871,9.8443],[-11.0859,9.8449],[-11.085,9.8453],[-11.0842,9.8455],[-11.0834,9.8453],[-11.0811,9.8444],[-11.0801,9.8434],[-11.0792,9.8427],[-11.0777,9.8418],[-11.0762,9.8406],[-11.0749,9.8392],[-11.0745,9.8381],[-11.0743,9.8367],[-11.074,9.8355],[-11.0719,9.8337],[-11.0714,9.8325],[-11.0708,9.8315],[-11.0698,9.8315],[-11.0685,9.8316],[-11.0669,9.8315],[-11.0655,9.8304],[-11.0645,9.8293],[-11.0637,9.8279],[-11.0635,9.8262],[-11.0634,9.8238],[-11.064,9.8204],[-11.0638,9.8195],[-11.0635,9.8189],[-11.0625,9.8175],[-11.062,9.8159],[-11.0618,9.8147],[-11.0615,9.8139],[-11.0606,9.8133],[-11.0596,9.8132],[-11.0583,9.8137],[-11.0581,9.8147],[-11.058,9.8164],[-11.0572,9.8174],[-11.0564,9.8182],[-11.0553,9.8187],[-11.0536,9.8189],[-11.0518,9.8189],[-11.0502,9.8186],[-11.048,9.8188],[-11.0464,9.8188],[-11.044,9.8184],[-11.0432,9.8181],[-11.0431,9.8155],[-11.0451,9.8141],[-11.0444,9.8126],[-11.045,9.8117],[-11.0459,9.8106],[-11.0466,9.809],[-11.046,9.8082],[-11.0458,9.8074],[-11.0461,9.8055],[-11.0458,9.8027],[-11.046,9.8014],[-11.0442,9.801],[-11.0429,9.8001],[-11.0417,9.7989],[-11.0415,9.7981],[-11.0418,9.7972],[-11.0406,9.7958],[-11.0403,9.795],[-11.04,9.7932],[-11.0393,9.7894],[-11.0392,9.7882],[-11.039,9.7874],[-11.0385,9.7871],[-11.0375,9.7872],[-11.0359,9.788],[-11.035,9.7889],[-11.034,9.7892],[-11.0329,9.7891],[-11.0317,9.7881],[-11.0303,9.7883],[-11.0279,9.7882],[-11.027,9.7876],[-11.027,9.786],[-11.0267,9.7853],[-11.0251,9.7846],[-11.0242,9.784],[-11.023,9.7818],[-11.0214,9.7807],[-11.0158,9.7777],[-11.0153,9.777],[-11.0148,9.7757],[-11.0145,9.7736],[-11.0141,9.7725],[-11.0133,9.7718],[-11.0121,9.7716],[-11.0115,9.7711],[-11.0115,9.7672],[-11.0108,9.764],[-11.0098,9.7627],[-11.0056,9.7603],[-11.0043,9.759],[-11.0033,9.757],[-11.0024,9.7555],[-11.0001,9.7544],[-10.9955,9.7533],[-10.9931,9.7527],[-10.9917,9.7518],[-10.9913,9.7511],[-10.9916,9.75],[-10.9936,9.747],[-10.9905,9.7443],[-10.9901,9.743],[-10.9903,9.7395],[-10.991,9.7379],[-10.9915,9.7362],[-10.9914,9.7355],[-10.9895,9.7326],[-10.9899,9.7312],[-10.99,9.7302],[-10.9895,9.7293],[-10.9872,9.7276],[-10.9834,9.7269],[-10.9806,9.7259],[-10.9789,9.725],[-10.9777,9.7239],[-10.9772,9.7225],[-10.9778,9.7185],[-10.9778,9.7167],[-10.9772,9.7154],[-10.977,9.7146],[-10.9772,9.7136],[-10.9783,9.7126],[-10.9788,9.7111],[-10.9791,9.709],[-10.979,9.7081],[-10.9783,9.707],[-10.977,9.7059],[-10.9751,9.7048],[-10.9735,9.7042],[-10.9727,9.7034],[-10.9725,9.7001],[-10.9716,9.6979],[-10.9707,9.6964],[-10.969,9.6923],[-10.9684,9.6902],[-10.9671,9.6878],[-10.9674,9.6856],[-10.9672,9.684],[-10.9664,9.6816],[-10.9656,9.6801],[-10.9654,9.6774],[-10.9656,9.676],[-10.9648,9.6737],[-10.9642,9.6706],[-10.9644,9.6691],[-10.9641,9.6675],[-10.9633,9.6664],[-10.964,9.6651],[-10.9638,9.6639],[-10.9609,9.6608],[-10.9587,9.6579],[-10.958,9.6566],[-10.9569,9.6553],[-10.9554,9.6544],[-10.9527,9.6535],[-10.9519,9.6529],[-10.9514,9.6521],[-10.9506,9.6522],[-10.9487,9.6532],[-10.9474,9.6534],[-10.9459,9.6533],[-10.9457,9.6545],[-10.9456,9.6557],[-10.9453,9.6568],[-10.9444,9.6575],[-10.9432,9.6578],[-10.9422,9.6577],[-10.9396,9.6564],[-10.9386,9.6564],[-10.9376,9.6569],[-10.9363,9.6578],[-10.9338,9.6583],[-10.9325,9.6565],[-10.9314,9.656],[-10.9263,9.6556],[-10.9231,9.6556],[-10.9214,9.6553],[-10.9194,9.6552],[-10.9179,9.6548],[-10.9178,9.6544],[-10.9183,9.653],[-10.9199,9.6517],[-10.9203,9.6502],[-10.9205,9.6487],[-10.9198,9.6465],[-10.9207,9.6434],[-10.9219,9.6417],[-10.9234,9.6406],[-10.9242,9.6392],[-10.9224,9.6387],[-10.9216,9.6377],[-10.9201,9.6374],[-10.918,9.6368],[-10.9163,9.6358],[-10.9154,9.6345],[-10.9153,9.6335],[-10.9159,9.6324],[-10.9176,9.6314],[-10.9193,9.628],[-10.9194,9.6266],[-10.9193,9.6253],[-10.9194,9.6241],[-10.9191,9.623],[-10.9181,9.6223],[-10.9168,9.6222],[-10.9161,9.6225],[-10.915,9.6233],[-10.9142,9.623],[-10.9136,9.6224],[-10.9132,9.6211],[-10.9131,9.6196],[-10.9124,9.6184],[-10.9129,9.6172],[-10.9127,9.6153],[-10.9118,9.6134],[-10.9113,9.6115],[-10.9108,9.6069],[-10.9097,9.6064],[-10.9091,9.6057],[-10.9091,9.6048],[-10.9094,9.6037],[-10.9106,9.6026],[-10.911,9.6018],[-10.909,9.6003],[-10.9077,9.5997],[-10.9068,9.5991],[-10.9074,9.5972],[-10.9073,9.5966],[-10.9065,9.596],[-10.9053,9.5954],[-10.9041,9.5951],[-10.9029,9.595],[-10.9012,9.5954],[-10.9001,9.5953],[-10.899,9.5949],[-10.8981,9.5941],[-10.8972,9.5953],[-10.8963,9.5961],[-10.8953,9.5964],[-10.894,9.5966],[-10.8927,9.5976],[-10.8899,9.5995],[-10.8881,9.5986],[-10.8868,9.5978],[-10.8827,9.5939],[-10.881,9.5915],[-10.8824,9.5906],[-10.8851,9.5892],[-10.8858,9.5885],[-10.8862,9.5872],[-10.8863,9.5861],[-10.8863,9.5851],[-10.8856,9.5837],[-10.8844,9.5825],[-10.883,9.582],[-10.881,9.5818],[-10.8783,9.5798],[-10.8769,9.5793],[-10.8759,9.5785],[-10.8751,9.5769],[-10.8727,9.5734],[-10.8718,9.5723],[-10.8712,9.5712],[-10.8709,9.5698],[-10.8707,9.5687],[-10.8702,9.5674],[-10.8688,9.5657],[-10.8676,9.564],[-10.8688,9.5622],[-10.8687,9.5615],[-10.8661,9.5592],[-10.8661,9.5583],[-10.8666,9.5563],[-10.8666,9.5537],[-10.8668,9.5519],[-10.8663,9.5505],[-10.8641,9.5481],[-10.8632,9.5461],[-10.8631,9.5446],[-10.8636,9.5438],[-10.8649,9.5427],[-10.8678,9.5416],[-10.8677,9.5405],[-10.8671,9.5394],[-10.8661,9.5368],[-10.8654,9.5355],[-10.863,9.5341],[-10.8617,9.5327],[-10.8613,9.5315],[-10.861,9.5298],[-10.86,9.5286],[-10.8584,9.528],[-10.8555,9.5273],[-10.8543,9.5268],[-10.8533,9.5257],[-10.8521,9.5238],[-10.8505,9.5233],[-10.8477,9.5225],[-10.845,9.5213],[-10.8433,9.5198],[-10.8414,9.5182],[-10.8387,9.5169],[-10.8364,9.5164],[-10.8352,9.5165],[-10.8341,9.5171],[-10.834,9.5182],[-10.8334,9.5186],[-10.8326,9.5184],[-10.8299,9.5184],[-10.8273,9.5174],[-10.8258,9.5169],[-10.824,9.5161],[-10.8224,9.5134],[-10.828,9.5076],[-10.8307,9.504],[-10.8319,9.5045],[-10.8331,9.5047],[-10.8338,9.5045],[-10.8342,9.5038],[-10.8343,9.5023],[-10.8353,9.5013],[-10.838,9.5],[-10.8372,9.4994],[-10.8393,9.4993],[-10.8416,9.4987],[-10.845,9.499],[-10.8466,9.4994],[-10.8479,9.4996],[-10.8485,9.499],[-10.8483,9.4978],[-10.8474,9.4969],[-10.8477,9.4959],[-10.8477,9.4946],[-10.8476,9.4933],[-10.8472,9.4924],[-10.8439,9.4914],[-10.8436,9.4909],[-10.8434,9.4892],[-10.8424,9.4892],[-10.8417,9.4889],[-10.8411,9.488],[-10.8407,9.4871],[-10.8409,9.4861],[-10.8424,9.4835],[-10.8408,9.4809],[-10.8409,9.4801],[-10.8407,9.4785],[-10.8401,9.4771],[-10.8404,9.4761],[-10.8401,9.4741],[-10.838,9.4702],[-10.8378,9.4688],[-10.8377,9.4666],[-10.8382,9.465],[-10.8396,9.464],[-10.8442,9.4634],[-10.8474,9.4628],[-10.8492,9.4595],[-10.8507,9.4581],[-10.852,9.4553],[-10.8501,9.456],[-10.8492,9.456],[-10.8482,9.4556],[-10.8469,9.4547],[-10.8455,9.4537],[-10.8444,9.4525],[-10.8436,9.4513],[-10.8426,9.4506],[-10.842,9.4489],[-10.8417,9.4465],[-10.8422,9.4449],[-10.8436,9.4428],[-10.8425,9.4398],[-10.8421,9.4393],[-10.8411,9.4394],[-10.8401,9.4389],[-10.8391,9.4392],[-10.8375,9.4398],[-10.8366,9.4395],[-10.8356,9.4383],[-10.8349,9.437],[-10.8331,9.4356],[-10.8318,9.435],[-10.8301,9.435],[-10.829,9.4348],[-10.8275,9.4339],[-10.8264,9.4311],[-10.8244,9.4299],[-10.8233,9.4303],[-10.8226,9.4304],[-10.8212,9.4302],[-10.8199,9.4312],[-10.8174,9.4297],[-10.8167,9.4287],[-10.8162,9.4275],[-10.8164,9.4261],[-10.8163,9.4237],[-10.816,9.4217],[-10.8123,9.4208],[-10.8104,9.4201],[-10.8091,9.4192],[-10.8077,9.4182],[-10.8068,9.4171],[-10.8064,9.4161],[-10.8051,9.4155],[-10.8041,9.4152],[-10.8025,9.4126],[-10.8022,9.4102],[-10.8018,9.4092],[-10.8021,9.4086],[-10.8033,9.408],[-10.8029,9.406],[-10.8036,9.4056],[-10.8054,9.4051],[-10.8061,9.4042],[-10.8036,9.4025],[-10.8041,9.3995],[-10.8061,9.3987],[-10.8071,9.398],[-10.8077,9.397],[-10.8082,9.3963],[-10.8092,9.396],[-10.809,9.3948],[-10.8085,9.3938],[-10.8091,9.3928],[-10.8094,9.3922],[-10.8102,9.3902],[-10.8136,9.3911],[-10.8145,9.3909],[-10.815,9.3902],[-10.8152,9.3881],[-10.816,9.3877],[-10.8161,9.3871],[-10.8156,9.386],[-10.8146,9.3858],[-10.8129,9.3857],[-10.8119,9.3838],[-10.8117,9.3824],[-10.8108,9.3797],[-10.8109,9.3778],[-10.8097,9.377],[-10.809,9.3761],[-10.8079,9.3752],[-10.8069,9.3747],[-10.8061,9.3737],[-10.8047,9.3737],[-10.804,9.3745],[-10.8041,9.377],[-10.8043,9.38],[-10.8043,9.3816],[-10.804,9.3825],[-10.8035,9.3834],[-10.8024,9.3844],[-10.8012,9.3852],[-10.8,9.3867],[-10.7989,9.3885],[-10.7977,9.3893],[-10.7965,9.3893],[-10.7953,9.3886],[-10.7929,9.3881],[-10.7919,9.3878],[-10.7916,9.3872],[-10.7907,9.3871],[-10.7899,9.3872],[-10.789,9.3878],[-10.7874,9.3885],[-10.7861,9.3887],[-10.7852,9.3883],[-10.7842,9.3875],[-10.7837,9.3863],[-10.783,9.3857],[-10.7823,9.3858],[-10.781,9.3863],[-10.7795,9.3863],[-10.7788,9.3859],[-10.7779,9.3849],[-10.7771,9.3843],[-10.7763,9.3832],[-10.7758,9.382],[-10.775,9.3821],[-10.7742,9.3821],[-10.7735,9.3818],[-10.7734,9.3813],[-10.7735,9.3806],[-10.7719,9.3793],[-10.7714,9.3787],[-10.7706,9.3783],[-10.7696,9.3782],[-10.7686,9.3792],[-10.7678,9.3794],[-10.7662,9.3788],[-10.7649,9.3789],[-10.7636,9.3793],[-10.7625,9.3798],[-10.7629,9.3805],[-10.763,9.3815],[-10.7628,9.3825],[-10.7618,9.3848],[-10.7614,9.3856],[-10.7579,9.3857],[-10.7567,9.3851],[-10.7554,9.385],[-10.7534,9.3848],[-10.7501,9.3838],[-10.7477,9.3834],[-10.7462,9.3836],[-10.7447,9.384],[-10.7437,9.3837],[-10.7427,9.3829],[-10.742,9.3822],[-10.7416,9.3816],[-10.7413,9.3779],[-10.7413,9.3768],[-10.7408,9.3762],[-10.7384,9.3758],[-10.7376,9.3758],[-10.7371,9.3763],[-10.7363,9.3778],[-10.7358,9.3787],[-10.7343,9.3794],[-10.7327,9.3796],[-10.7316,9.3796],[-10.7309,9.3792],[-10.7301,9.3784],[-10.7297,9.3775],[-10.729,9.3771],[-10.7279,9.3772],[-10.7273,9.3772],[-10.7265,9.3764],[-10.7256,9.3753],[-10.7247,9.3732],[-10.7231,9.3706],[-10.7216,9.3695],[-10.7198,9.367],[-10.7194,9.3662],[-10.7191,9.3649],[-10.718,9.3639],[-10.7169,9.363],[-10.7167,9.3621],[-10.7171,9.3615],[-10.7183,9.3609],[-10.7182,9.3571],[-10.7188,9.3558],[-10.7192,9.3542],[-10.7193,9.3527],[-10.7193,9.3513],[-10.7182,9.3505],[-10.7174,9.3497],[-10.7167,9.3484],[-10.7155,9.3475],[-10.7142,9.3479],[-10.7118,9.3491],[-10.7105,9.3489],[-10.7097,9.3481],[-10.7079,9.3466],[-10.7055,9.3455],[-10.7042,9.3445],[-10.7029,9.3416],[-10.7033,9.3398],[-10.7051,9.3374],[-10.7077,9.3352],[-10.7086,9.3322],[-10.7064,9.3306],[-10.7059,9.3294],[-10.7052,9.3283],[-10.7041,9.3278],[-10.7036,9.3273],[-10.7028,9.3273],[-10.7015,9.3281],[-10.699,9.3291],[-10.6981,9.3293],[-10.6968,9.329],[-10.6952,9.3281],[-10.6934,9.3264],[-10.6924,9.3261],[-10.6904,9.3256],[-10.6887,9.3247],[-10.686,9.3246],[-10.6835,9.3241],[-10.6836,9.3231],[-10.6835,9.3217],[-10.6829,9.3208],[-10.6822,9.3202],[-10.682,9.3184],[-10.6813,9.3177],[-10.6797,9.3171],[-10.678,9.3165],[-10.6767,9.3156],[-10.6759,9.3147],[-10.6742,9.3142],[-10.6732,9.3144],[-10.6718,9.3144],[-10.6698,9.3142],[-10.6688,9.3137],[-10.6677,9.3128],[-10.6666,9.3129],[-10.6643,9.3118],[-10.6634,9.3107],[-10.6646,9.3084],[-10.6654,9.3076],[-10.6656,9.3063],[-10.6655,9.3053],[-10.6652,9.3048],[-10.6643,9.3042],[-10.6606,9.3032],[-10.6596,9.3028],[-10.659,9.3016],[-10.6591,9.3008],[-10.6601,9.2998],[-10.6603,9.2987],[-10.6599,9.2975],[-10.6602,9.2968],[-10.6618,9.2951],[-10.6608,9.2939],[-10.6601,9.2932],[-10.6587,9.2925],[-10.6567,9.2919],[-10.6545,9.2909],[-10.6539,9.2897],[-10.654,9.2886],[-10.6567,9.2872],[-10.6602,9.2866],[-10.6609,9.2858],[-10.6611,9.282],[-10.661,9.2808],[-10.6601,9.28],[-10.6616,9.2766],[-10.6626,9.2749],[-10.664,9.274],[-10.6656,9.2734],[-10.6668,9.2733],[-10.668,9.2693],[-10.6692,9.2661],[-10.6669,9.2648],[-10.6685,9.262],[-10.6681,9.2612],[-10.6673,9.2602],[-10.6676,9.2588],[-10.6692,9.2546],[-10.6686,9.2537],[-10.6686,9.2528],[-10.6698,9.2518],[-10.6702,9.251],[-10.67,9.25],[-10.6706,9.2488],[-10.6705,9.2473],[-10.6707,9.245],[-10.6702,9.2436],[-10.6696,9.2421],[-10.6694,9.2408],[-10.6705,9.2381],[-10.6696,9.2378],[-10.6688,9.2373],[-10.668,9.2362],[-10.6677,9.2351],[-10.6672,9.2323],[-10.6667,9.2317],[-10.6656,9.2314],[-10.6616,9.2317],[-10.6597,9.2315],[-10.6583,9.2312],[-10.657,9.2293],[-10.6563,9.2279],[-10.6558,9.2264],[-10.6557,9.2253],[-10.656,9.2242],[-10.6578,9.2223],[-10.6576,9.221],[-10.657,9.2198],[-10.6561,9.2171],[-10.6557,9.2156],[-10.656,9.2132],[-10.6564,9.2125],[-10.6568,9.2112],[-10.6587,9.2107],[-10.6605,9.2105],[-10.6619,9.2099],[-10.6636,9.2074],[-10.664,9.2064],[-10.6639,9.2049],[-10.6636,9.2033],[-10.6657,9.2011],[-10.6672,9.1997],[-10.6702,9.1988],[-10.672,9.1981],[-10.6741,9.1975],[-10.6752,9.1977],[-10.6777,9.1978],[-10.679,9.1972],[-10.6802,9.1965],[-10.6813,9.1964],[-10.6819,9.1958],[-10.6824,9.1949],[-10.6831,9.1933],[-10.6838,9.1922],[-10.6847,9.1912],[-10.6859,9.1911],[-10.6867,9.1915],[-10.687,9.1922],[-10.6882,9.1934],[-10.6892,9.1938],[-10.6903,9.1934],[-10.6912,9.1935],[-10.6938,9.1933],[-10.6952,9.1921],[-10.6962,9.1916],[-10.6969,9.1915],[-10.698,9.1919],[-10.6987,9.1917],[-10.6991,9.1911],[-10.6995,9.1897],[-10.7,9.1887],[-10.7015,9.1861],[-10.7026,9.1857],[-10.7046,9.1856],[-10.7058,9.186],[-10.7062,9.1865],[-10.7062,9.1876],[-10.706,9.1887],[-10.7059,9.1893],[-10.7067,9.1901],[-10.7067,9.1917],[-10.7068,9.1926],[-10.7071,9.1933],[-10.7074,9.1948],[-10.7079,9.1958],[-10.709,9.1968],[-10.7099,9.1973],[-10.7119,9.1974],[-10.7132,9.1996],[-10.7139,9.2013],[-10.7149,9.2001],[-10.7154,9.1992],[-10.7152,9.1984],[-10.715,9.1977],[-10.7154,9.1967],[-10.7159,9.1952],[-10.7159,9.1938],[-10.7166,9.1915],[-10.7174,9.1915],[-10.7187,9.1914],[-10.7195,9.1909],[-10.7203,9.1897],[-10.7206,9.1888],[-10.7215,9.188],[-10.7219,9.1871],[-10.7217,9.1859],[-10.7218,9.1845],[-10.7221,9.1827],[-10.7224,9.182],[-10.7227,9.1802],[-10.7231,9.1788],[-10.7211,9.1777],[-10.7207,9.1763],[-10.7201,9.1757],[-10.7192,9.1754],[-10.7184,9.1757],[-10.7178,9.1762],[-10.717,9.1767],[-10.7161,9.1767],[-10.7153,9.1764],[-10.7141,9.1755],[-10.7154,9.1734],[-10.7155,9.1723],[-10.7155,9.1706],[-10.7159,9.1696],[-10.7158,9.1687],[-10.715,9.1669],[-10.7144,9.1665],[-10.7132,9.1664],[-10.7122,9.1664],[-10.7115,9.1663],[-10.7109,9.1657],[-10.7106,9.1647],[-10.7102,9.1642],[-10.7092,9.1637],[-10.708,9.1634],[-10.7088,9.1627],[-10.7093,9.1622],[-10.7095,9.1609],[-10.7093,9.16],[-10.7083,9.1591],[-10.7077,9.1581],[-10.7088,9.1581],[-10.7105,9.1576],[-10.7111,9.1572],[-10.7115,9.1565],[-10.7114,9.1553]]]},"properties":{"code":"FAL","name":"Falaba District","level":"2","parent":"Plmg8ikyfrK","parentGraph":"Plmg8ikyfrK","groups":["GASkCj8ce35","QJuHsfZjNBf","Y1fwmuWGmNr"]}},{"type":"Feature","id":"rzm6Lwll9yA","geometry":{"type":"Polygon","coordinates":[[[-10.7114,9.1553],[-10.7118,9.1526],[-10.7131,9.1524],[-10.7147,9.1519],[-10.716,9.1509],[-10.7166,9.15],[-10.7163,9.1476],[-10.7163,9.1473],[-10.7163,9.1469],[-10.7161,9.1455],[-10.715,9.1447],[-10.7134,9.1446],[-10.7138,9.1431],[-10.7146,9.1419],[-10.715,9.1403],[-10.7149,9.1394],[-10.714,9.1388],[-10.7137,9.1383],[-10.7138,9.1374],[-10.7143,9.137],[-10.7154,9.1364],[-10.7171,9.1365],[-10.7194,9.1371],[-10.72,9.1357],[-10.7206,9.1347],[-10.7209,9.1335],[-10.721,9.1324],[-10.7206,9.1314],[-10.7196,9.1307],[-10.7182,9.1295],[-10.7188,9.1289],[-10.7189,9.1285],[-10.7191,9.1275],[-10.7196,9.1252],[-10.7197,9.124],[-10.7199,9.123],[-10.7201,9.1218],[-10.7213,9.12],[-10.7219,9.1189],[-10.7223,9.118],[-10.7232,9.1166],[-10.7237,9.1154],[-10.7237,9.1142],[-10.7236,9.113],[-10.7233,9.1124],[-10.7224,9.1115],[-10.7258,9.1072],[-10.7258,9.1067],[-10.7254,9.1057],[-10.7254,9.1054],[-10.726,9.1048],[-10.7263,9.1041],[-10.7267,9.1015],[-10.7271,9.1003],[-10.7273,9.0989],[-10.7269,9.0967],[-10.7269,9.0946],[-10.7272,9.0923],[-10.7277,9.0907],[-10.728,9.0886],[-10.7284,9.088],[-10.7298,9.0868],[-10.7302,9.0863],[-10.7308,9.0843],[-10.7308,9.0834],[-10.7308,9.0824],[-10.7308,9.0817],[-10.7305,9.0811],[-10.729,9.0803],[-10.7274,9.0801],[-10.7261,9.0801],[-10.724,9.0784],[-10.7224,9.0774],[-10.7138,9.0804],[-10.7056,9.0795],[-10.7007,9.0787],[-10.6964,9.0802],[-10.6814,9.0817],[-10.6676,9.0857],[-10.6671,9.0857],[-10.6664,9.0856],[-10.6659,9.0853],[-10.6656,9.0849],[-10.6647,9.0842],[-10.6644,9.0836],[-10.664,9.0834],[-10.6634,9.0832],[-10.6628,9.0832],[-10.6621,9.0835],[-10.6617,9.0835],[-10.6614,9.0834],[-10.6611,9.0832],[-10.6608,9.0831],[-10.6605,9.0829],[-10.6603,9.0829],[-10.6598,9.0829],[-10.6587,9.0824],[-10.6582,9.0825],[-10.657,9.0823],[-10.6567,9.0822],[-10.6566,9.0824],[-10.656,9.0824],[-10.6558,9.0825],[-10.6557,9.0824],[-10.6555,9.0823],[-10.6552,9.0827],[-10.6548,9.0827],[-10.6546,9.0825],[-10.6543,9.0824],[-10.6539,9.0823],[-10.6536,9.082],[-10.6532,9.0819],[-10.6525,9.0819],[-10.652,9.0817],[-10.6516,9.0814],[-10.6511,9.0815],[-10.6509,9.0814],[-10.6507,9.0813],[-10.6507,9.0805],[-10.6505,9.0805],[-10.6501,9.0807],[-10.6499,9.0807],[-10.6497,9.0809],[-10.6497,9.0811],[-10.6496,9.0813],[-10.6491,9.0814],[-10.6489,9.0816],[-10.6483,9.0818],[-10.6481,9.0818],[-10.648,9.0817],[-10.6478,9.0815],[-10.6478,9.0812],[-10.6477,9.081],[-10.6476,9.081],[-10.647,9.081],[-10.6466,9.081],[-10.6457,9.0806],[-10.6454,9.0805],[-10.6451,9.0805],[-10.6447,9.0805],[-10.6437,9.08],[-10.6433,9.0797],[-10.6431,9.0796],[-10.643,9.0795],[-10.6422,9.0797],[-10.642,9.0796],[-10.6408,9.0789],[-10.6401,9.0786],[-10.6391,9.0785],[-10.6389,9.0784],[-10.6387,9.0781],[-10.6385,9.0781],[-10.6381,9.0781],[-10.6378,9.0781],[-10.6375,9.078],[-10.637,9.0777],[-10.6367,9.0775],[-10.6365,9.0771],[-10.6363,9.077],[-10.6361,9.077],[-10.6359,9.077],[-10.6357,9.0769],[-10.6357,9.0765],[-10.6355,9.0764],[-10.6353,9.0763],[-10.6351,9.0763],[-10.6348,9.076],[-10.6345,9.076],[-10.6343,9.0757],[-10.6342,9.0757],[-10.634,9.0759],[-10.6338,9.0758],[-10.6336,9.0758],[-10.6335,9.076],[-10.6333,9.076],[-10.6328,9.0761],[-10.6328,9.0764],[-10.6323,9.0762],[-10.6322,9.076],[-10.6322,9.0759],[-10.6324,9.0755],[-10.6323,9.0753],[-10.6322,9.0752],[-10.6318,9.0752],[-10.6314,9.0751],[-10.6308,9.0749],[-10.6304,9.0747],[-10.63,9.0746],[-10.6297,9.0745],[-10.6295,9.0743],[-10.6292,9.0738],[-10.629,9.0736],[-10.6279,9.0738],[-10.6276,9.0743],[-10.6271,9.0744],[-10.6269,9.0743],[-10.6265,9.0737],[-10.6265,9.0735],[-10.6266,9.0729],[-10.6265,9.0726],[-10.6263,9.0723],[-10.6259,9.0719],[-10.6256,9.0717],[-10.6252,9.0717],[-10.6248,9.0716],[-10.6247,9.0715],[-10.6236,9.0721],[-10.6234,9.0721],[-10.6232,9.0723],[-10.6226,9.0724],[-10.6221,9.0727],[-10.622,9.0726],[-10.6219,9.0729],[-10.6215,9.073],[-10.6213,9.0733],[-10.6211,9.0732],[-10.621,9.0732],[-10.6209,9.0734],[-10.6208,9.0736],[-10.6204,9.0736],[-10.6202,9.0736],[-10.62,9.0738],[-10.6199,9.0738],[-10.6195,9.0736],[-10.619,9.0732],[-10.6188,9.0732],[-10.6175,9.0724],[-10.6174,9.0724],[-10.6172,9.0723],[-10.617,9.072],[-10.6168,9.072],[-10.6167,9.0721],[-10.6166,9.0722],[-10.6165,9.0719],[-10.6165,9.0717],[-10.6162,9.0717],[-10.6159,9.0715],[-10.6157,9.0716],[-10.6158,9.0717],[-10.6156,9.0718],[-10.6154,9.0715],[-10.6151,9.0714],[-10.6149,9.0712],[-10.6146,9.0712],[-10.6145,9.0708],[-10.6145,9.0705],[-10.6143,9.0705],[-10.6141,9.0703],[-10.6139,9.0702],[-10.6137,9.0702],[-10.6137,9.07],[-10.6137,9.0699],[-10.6138,9.0697],[-10.6137,9.0696],[-10.6135,9.0696],[-10.6134,9.0696],[-10.6134,9.0693],[-10.6134,9.0691],[-10.6131,9.0692],[-10.6129,9.0691],[-10.6128,9.069],[-10.6126,9.0693],[-10.6124,9.0694],[-10.6121,9.0694],[-10.6119,9.0693],[-10.6118,9.0695],[-10.6116,9.0696],[-10.6114,9.0694],[-10.6112,9.0695],[-10.6112,9.0691],[-10.611,9.0691],[-10.6109,9.0694],[-10.6107,9.0691],[-10.611,9.0689],[-10.6111,9.0689],[-10.6109,9.0686],[-10.6108,9.0685],[-10.6108,9.0683],[-10.6107,9.0681],[-10.6104,9.068],[-10.6103,9.068],[-10.6095,9.0678],[-10.6094,9.0679],[-10.6089,9.068],[-10.6088,9.0684],[-10.6087,9.0684],[-10.6082,9.0682],[-10.6079,9.0679],[-10.6077,9.0676],[-10.6075,9.0675],[-10.6071,9.0677],[-10.6068,9.0675],[-10.6066,9.0671],[-10.6065,9.0672],[-10.6062,9.0669],[-10.6059,9.0669],[-10.6059,9.0671],[-10.6057,9.0668],[-10.6058,9.0665],[-10.6055,9.0663],[-10.6054,9.0667],[-10.6052,9.0665],[-10.6052,9.0666],[-10.6051,9.0666],[-10.605,9.0665],[-10.6048,9.0662],[-10.6046,9.0662],[-10.6046,9.0663],[-10.6045,9.0664],[-10.6043,9.0663],[-10.6041,9.0661],[-10.6041,9.0659],[-10.6039,9.0653],[-10.6037,9.0654],[-10.6036,9.0655],[-10.6034,9.0653],[-10.6032,9.0655],[-10.6029,9.0653],[-10.6028,9.0654],[-10.6025,9.0652],[-10.6023,9.0651],[-10.6022,9.065],[-10.6021,9.0656],[-10.6018,9.0654],[-10.6016,9.065],[-10.6015,9.0648],[-10.6012,9.0649],[-10.601,9.0646],[-10.6009,9.0645],[-10.6008,9.0643],[-10.6006,9.0643],[-10.6005,9.0641],[-10.6002,9.0639],[-10.6001,9.064],[-10.5998,9.0641],[-10.5997,9.064],[-10.5996,9.0639],[-10.5995,9.0642],[-10.5995,9.0642],[-10.5994,9.0642],[-10.5993,9.0637],[-10.5991,9.0636],[-10.599,9.0638],[-10.5989,9.0636],[-10.5988,9.0634],[-10.5986,9.0633],[-10.5984,9.0634],[-10.598,9.0634],[-10.5978,9.0638],[-10.5976,9.0638],[-10.5976,9.0636],[-10.5975,9.0634],[-10.5973,9.0634],[-10.5972,9.0637],[-10.5971,9.0636],[-10.5972,9.0634],[-10.597,9.0632],[-10.5969,9.0634],[-10.5967,9.0633],[-10.5967,9.0632],[-10.5964,9.0631],[-10.5966,9.063],[-10.5967,9.0629],[-10.5967,9.0626],[-10.5969,9.0628],[-10.597,9.0627],[-10.5967,9.0625],[-10.5964,9.0624],[-10.5963,9.0625],[-10.5963,9.0622],[-10.5959,9.062],[-10.5956,9.0618],[-10.5953,9.0618],[-10.5952,9.0616],[-10.5951,9.0616],[-10.5948,9.0618],[-10.5948,9.0616],[-10.5949,9.0615],[-10.5947,9.0614],[-10.5946,9.0616],[-10.5943,9.0615],[-10.5942,9.0614],[-10.594,9.0614],[-10.5939,9.0614],[-10.5938,9.0613],[-10.5937,9.0616],[-10.5934,9.0617],[-10.5932,9.0616],[-10.593,9.0617],[-10.5928,9.0615],[-10.5926,9.0615],[-10.5923,9.0615],[-10.5922,9.0612],[-10.592,9.061],[-10.5919,9.0609],[-10.5918,9.0609],[-10.5917,9.061],[-10.5917,9.0611],[-10.5915,9.0611],[-10.5914,9.0611],[-10.5913,9.0609],[-10.5912,9.0609],[-10.5911,9.0611],[-10.591,9.0612],[-10.5909,9.0611],[-10.5904,9.0605],[-10.5898,9.0601],[-10.5897,9.06],[-10.5898,9.0598],[-10.5895,9.0596],[-10.5895,9.0593],[-10.5893,9.059],[-10.5894,9.0588],[-10.5894,9.0585],[-10.5896,9.0584],[-10.5896,9.0582],[-10.5893,9.0582],[-10.5893,9.058],[-10.5896,9.0577],[-10.5896,9.0576],[-10.5895,9.0575],[-10.5893,9.0575],[-10.5892,9.0574],[-10.5893,9.0573],[-10.5895,9.0572],[-10.5895,9.0571],[-10.5894,9.057],[-10.5892,9.057],[-10.5891,9.0571],[-10.5889,9.0572],[-10.5888,9.0571],[-10.5885,9.0568],[-10.5884,9.0565],[-10.5882,9.0564],[-10.5879,9.0564],[-10.5877,9.0563],[-10.5874,9.0564],[-10.587,9.0563],[-10.5868,9.0561],[-10.5868,9.056],[-10.5869,9.0559],[-10.5869,9.0557],[-10.5868,9.0556],[-10.5867,9.0549],[-10.5859,9.0546],[-10.5858,9.054],[-10.5857,9.0538],[-10.5857,9.0536],[-10.5859,9.0534],[-10.5859,9.0533],[-10.5859,9.0532],[-10.5855,9.0529],[-10.5855,9.0526],[-10.5853,9.0524],[-10.5852,9.0521],[-10.585,9.0519],[-10.5849,9.0515],[-10.5847,9.0513],[-10.5846,9.0513],[-10.5845,9.0515],[-10.5844,9.0516],[-10.5841,9.0515],[-10.584,9.052],[-10.5838,9.052],[-10.5836,9.0518],[-10.5833,9.0517],[-10.5832,9.0519],[-10.5824,9.0523],[-10.5819,9.0526],[-10.5814,9.0524],[-10.581,9.0524],[-10.5804,9.0527],[-10.58,9.0526],[-10.5795,9.0525],[-10.5791,9.0526],[-10.5789,9.0528],[-10.5787,9.0529],[-10.5781,9.0528],[-10.5776,9.0528],[-10.5766,9.0528],[-10.5759,9.0526],[-10.5752,9.0523],[-10.5747,9.0518],[-10.5744,9.0515],[-10.5739,9.0512],[-10.5739,9.0509],[-10.5737,9.0501],[-10.5735,9.0499],[-10.5735,9.0495],[-10.5735,9.0494],[-10.5736,9.0494],[-10.5736,9.049],[-10.5736,9.0488],[-10.5737,9.0485],[-10.574,9.0483],[-10.5741,9.0481],[-10.5742,9.0479],[-10.5737,9.0476],[-10.5736,9.0473],[-10.5737,9.047],[-10.5739,9.047],[-10.5741,9.0472],[-10.5744,9.0473],[-10.5746,9.0471],[-10.5756,9.0472],[-10.576,9.0459],[-10.5769,9.0463],[-10.5786,9.0475],[-10.5799,9.0482],[-10.5817,9.0464],[-10.5836,9.0461],[-10.5848,9.045],[-10.5867,9.0453],[-10.5876,9.044],[-10.5888,9.0427],[-10.5974,9.0414],[-10.6041,9.042],[-10.6087,9.0407],[-10.622,9.042],[-10.626,9.0367],[-10.6313,9.0334],[-10.6359,9.0294],[-10.6419,9.0248],[-10.6498,9.0228],[-10.673,9.0181],[-10.6783,9.0155],[-10.679,9.0089],[-10.6823,9.0089],[-10.6843,9.0022],[-10.6823,8.9949],[-10.687,8.9823],[-10.6943,8.9717],[-10.6952,8.966],[-10.6943,8.9635],[-10.6925,8.9625],[-10.6797,8.962],[-10.6773,8.9603],[-10.675,8.9565],[-10.6737,8.9445],[-10.6737,8.9366],[-10.6737,8.9346],[-10.6903,8.9359],[-10.7029,8.9359],[-10.7168,8.9346],[-10.7287,8.9306],[-10.738,8.9333],[-10.7407,8.9386],[-10.748,8.9366],[-10.7556,8.9326],[-10.7609,8.9346],[-10.7688,8.9399],[-10.7761,8.9399],[-10.7814,8.9439],[-10.7864,8.9435],[-10.79,8.9428],[-10.796,8.9369],[-10.7998,8.9337],[-10.8031,8.9339],[-10.8048,8.9346],[-10.8066,8.9339],[-10.8153,8.9353],[-10.8259,8.9359],[-10.8365,8.9379],[-10.8438,8.9479],[-10.8531,8.9552],[-10.8676,8.9505],[-10.8743,8.9485],[-10.8765,8.953],[-10.8808,8.956],[-10.8832,8.9582],[-10.8873,8.9637],[-10.8936,8.9715],[-10.8977,8.9745],[-10.9056,8.9646],[-10.9095,8.9605],[-10.9114,8.9577],[-10.9125,8.9576],[-10.9154,8.9614],[-10.9173,8.9625],[-10.92,8.9658],[-10.9232,8.9716],[-10.9256,8.9751],[-10.9291,8.9795],[-10.9302,8.981],[-10.9319,8.9858],[-10.928,8.9894],[-10.9182,9.0006],[-10.9133,9.0079],[-10.9274,9.0173],[-10.9382,9.0249],[-10.9534,9.0305],[-10.9635,9.0361],[-10.9689,9.0386],[-10.9771,9.0409],[-10.9808,9.0431],[-10.9882,9.0473],[-10.9984,9.0544],[-11.0046,9.0606],[-11.0119,9.0566],[-11.0149,9.0577],[-11.0242,9.0622],[-11.0271,9.064],[-11.0296,9.0654],[-11.0348,9.0673],[-11.0353,9.068],[-11.0407,9.0709],[-11.0547,9.0769],[-11.0575,9.0771],[-11.06,9.0769],[-11.0688,9.0757],[-11.0703,9.0758],[-11.0721,9.0755],[-11.0739,9.075],[-11.0758,9.0742],[-11.0785,9.0712],[-11.0817,9.0697],[-11.0824,9.0648],[-11.083,9.0628],[-11.0845,9.0628],[-11.0911,9.0661],[-11.1204,9.0407],[-11.1223,9.0392],[-11.1224,9.0307],[-11.1245,9.0258],[-11.1274,9.0216],[-11.1352,9.0155],[-11.1365,9.0095],[-11.1363,9.0085],[-11.139,9.009],[-11.1427,9.0119],[-11.1485,9.019],[-11.1482,9.0272],[-11.149,9.0342],[-11.151,9.0376],[-11.1542,9.0419],[-11.1559,9.0454],[-11.1529,9.0519],[-11.1318,9.0527],[-11.123,9.0506],[-11.1179,9.0595],[-11.1115,9.0658],[-11.1084,9.0667],[-11.1038,9.0655],[-11.1023,9.0662],[-11.0998,9.0707],[-11.0954,9.0773],[-11.0933,9.082],[-11.1177,9.1148],[-11.1176,9.1149],[-11.1789,9.1791],[-11.2028,9.1367],[-11.2069,9.1337],[-11.2092,9.1281],[-11.2112,9.1276],[-11.2153,9.1281],[-11.2158,9.1304],[-11.2143,9.1355],[-11.2143,9.1395],[-11.2168,9.1421],[-11.2219,9.1446],[-11.2224,9.1462],[-11.225,9.1492],[-11.2293,9.151],[-11.2339,9.1502],[-11.2377,9.1462],[-11.2428,9.149],[-11.2481,9.1528],[-11.2514,9.1538],[-11.2527,9.1604],[-11.253,9.1657],[-11.2512,9.1782],[-11.2492,9.183],[-11.2484,9.1869],[-11.2509,9.1897],[-11.2499,9.1963],[-11.2443,9.1981],[-11.2444,9.2091],[-11.247,9.2145],[-11.2488,9.2162],[-11.2587,9.2094],[-11.2661,9.2076],[-11.2839,9.2045],[-11.3144,9.203],[-11.3223,9.2033],[-11.3289,9.2015],[-11.3365,9.1946],[-11.3397,9.1899],[-11.385,9.1899],[-11.3855,9.1777],[-11.3982,9.1772],[-11.413,9.1774],[-11.4175,9.1782],[-11.4132,9.1816],[-11.4059,9.1953],[-11.4038,9.2047],[-11.4025,9.2115],[-11.3982,9.226],[-11.3965,9.2325],[-11.3932,9.2396],[-11.3868,9.2563],[-11.3893,9.2601],[-11.3932,9.2669],[-11.3996,9.2734],[-11.4086,9.2815],[-11.4175,9.2892],[-11.4261,9.2956],[-11.4342,9.3011],[-11.4428,9.3063],[-11.4487,9.3105],[-11.45,9.3187],[-11.4492,9.3281],[-11.4479,9.3323],[-11.4457,9.3366],[-11.4453,9.3417],[-11.4487,9.3452],[-11.4513,9.3499],[-11.4547,9.3541],[-11.4556,9.3597],[-11.4581,9.3635],[-11.4607,9.3697],[-11.4631,9.3734],[-11.4653,9.375],[-11.472,9.3756],[-11.4765,9.375],[-11.4972,9.3748],[-11.5046,9.3756],[-11.5138,9.3756],[-11.5277,9.3728],[-11.5373,9.3715],[-11.5416,9.3771],[-11.5406,9.3802],[-11.5434,9.382],[-11.5363,9.3888],[-11.5385,9.3913],[-11.5385,9.3931],[-11.54,9.3953],[-11.5363,9.3959],[-11.5372,9.4016],[-11.532,9.4045],[-11.5318,9.408],[-11.5337,9.4097],[-11.5387,9.4087],[-11.5406,9.4097],[-11.5421,9.4134],[-11.5416,9.4166],[-11.5389,9.4232],[-11.5387,9.4282],[-11.5394,9.4326],[-11.5404,9.4353],[-11.5426,9.4385],[-11.5451,9.4444],[-11.5453,9.4491],[-11.547,9.4516],[-11.5498,9.4533],[-11.5512,9.4609],[-11.5549,9.4617],[-11.5585,9.4631],[-11.557,9.4731],[-11.5555,9.4796],[-11.5489,9.4881],[-11.5401,9.4958],[-11.5376,9.5002],[-11.5376,9.5049],[-11.5369,9.5104],[-11.5354,9.5144],[-11.535,9.5192],[-11.5356,9.5216],[-11.5318,9.5204],[-11.5292,9.5215],[-11.5241,9.525],[-11.5184,9.5235],[-11.5138,9.521],[-11.5027,9.5201],[-11.4999,9.519],[-11.4917,9.5215],[-11.4855,9.527],[-11.4809,9.5338],[-11.4791,9.5358],[-11.4736,9.5391],[-11.4641,9.5391],[-11.4604,9.5424],[-11.4587,9.5446],[-11.4577,9.5423],[-11.453,9.5361],[-11.4464,9.5269],[-11.4422,9.5216],[-11.4318,9.5141],[-11.4235,9.5097],[-11.4191,9.5057],[-11.4144,9.5008],[-11.4114,9.4967],[-11.4041,9.492],[-11.3928,9.4859],[-11.3891,9.4826],[-11.3862,9.4784],[-11.3826,9.476],[-11.3784,9.4761],[-11.3725,9.4787],[-11.3513,9.4833],[-11.3447,9.4858],[-11.3376,9.4897],[-11.3349,9.4914],[-11.3349,9.4975],[-11.3333,9.5022],[-11.3316,9.5044],[-11.3344,9.5066],[-11.334,9.5081],[-11.3309,9.5097],[-11.3324,9.5121],[-11.3307,9.5154],[-11.332,9.5174],[-11.33,9.5181],[-11.3293,9.5218],[-11.3329,9.5251],[-11.3324,9.5262],[-11.3285,9.5262],[-11.3271,9.5339],[-11.3307,9.5363],[-11.3359,9.5416],[-11.3389,9.5453],[-11.3451,9.5506],[-11.3513,9.5545],[-11.3621,9.5634],[-11.3694,9.5673],[-11.3671,9.5711],[-11.3602,9.5775],[-11.3553,9.5833],[-11.3537,9.5866],[-11.3485,9.5944],[-11.3425,9.6027],[-11.3481,9.6187],[-11.3483,9.6245],[-11.3545,9.6357],[-11.3572,9.6384],[-11.3618,9.6387],[-11.3687,9.6382],[-11.3739,9.6384],[-11.3758,9.6394],[-11.3764,9.6421],[-11.3728,9.6481],[-11.3753,9.6476],[-11.3811,9.6483],[-11.3888,9.6488],[-11.3956,9.6488],[-11.4179,9.6497],[-11.428,9.6512],[-11.4332,9.6511],[-11.4405,9.6434],[-11.4468,9.6362],[-11.45,9.6374],[-11.4597,9.6373],[-11.4686,9.6389],[-11.4709,9.6391],[-11.4809,9.6386],[-11.496,9.6399],[-11.5095,9.6396],[-11.5107,9.6419],[-11.5128,9.6455],[-11.5118,9.6483],[-11.5136,9.6523],[-11.5122,9.6547],[-11.5136,9.6577],[-11.5142,9.6631],[-11.5133,9.6656],[-11.518,9.6656],[-11.5229,9.664],[-11.5254,9.666],[-11.5294,9.6632],[-11.5343,9.6607],[-11.5372,9.664],[-11.547,9.6587],[-11.5535,9.6563],[-11.5613,9.655],[-11.5702,9.6526],[-11.5853,9.6477],[-11.5915,9.6452],[-11.5968,9.6452],[-11.6034,9.6472],[-11.6047,9.6474],[-11.6055,9.6513],[-11.6066,9.6612],[-11.6085,9.6709],[-11.6123,9.6704],[-11.6186,9.6709],[-11.6223,9.6707],[-11.6374,9.6692],[-11.6365,9.6718],[-11.637,9.6779],[-11.6357,9.6848],[-11.6308,9.7011],[-11.6304,9.7101],[-11.6435,9.7219],[-11.6476,9.726],[-11.6545,9.7309],[-11.6623,9.735],[-11.6696,9.7383],[-11.6745,9.7423],[-11.681,9.7468],[-11.6871,9.7505],[-11.688,9.7558],[-11.6867,9.7607],[-11.6835,9.7685],[-11.6796,9.7733],[-11.6763,9.7795],[-11.6771,9.7833],[-11.6776,9.7856],[-11.6812,9.7917],[-11.6808,9.7958],[-11.682,9.797],[-11.6837,9.8011],[-11.6873,9.8023],[-11.6865,9.8068],[-11.6939,9.8129],[-11.6959,9.817],[-11.6996,9.8199],[-11.7008,9.8243],[-11.7077,9.8227],[-11.7098,9.8195],[-11.7151,9.8219],[-11.7179,9.815],[-11.7212,9.8129],[-11.7253,9.8076],[-11.7302,9.8101],[-11.7339,9.8125],[-11.7339,9.8162],[-11.7355,9.8227],[-11.7383,9.828],[-11.7445,9.8317],[-11.749,9.8358],[-11.7532,9.8365],[-11.7543,9.8386],[-11.7551,9.8431],[-11.7543,9.8472],[-11.7514,9.8554],[-11.7547,9.8574],[-11.7563,9.868],[-11.7596,9.8709],[-11.7563,9.8766],[-11.7563,9.8831],[-11.7592,9.8868],[-11.7612,9.8909],[-11.7579,9.8941],[-11.7579,9.8978],[-11.7592,9.9072],[-11.7575,9.9125],[-11.7592,9.919],[-11.7547,9.9198],[-11.7543,9.9235],[-11.7555,9.9276],[-11.76,9.9325],[-11.7587,9.937],[-11.7612,9.9439],[-11.759,9.9499],[-11.7628,9.9557],[-11.7645,9.9618],[-11.7632,9.9671],[-11.76,9.9704],[-11.7559,9.9724],[-11.7563,9.9782],[-11.7538,9.9806],[-11.753,9.9826],[-11.7522,9.9928],[-11.7527,9.9999],[-11.6207,10],[-11.4187,10],[-11.2081,10],[-11.2086,9.9967],[-11.2091,9.9954],[-11.2097,9.9932],[-11.2095,9.9927],[-11.2096,9.9915],[-11.2099,9.9908],[-11.2109,9.9904],[-11.2113,9.9892],[-11.2111,9.9883],[-11.2114,9.987],[-11.2119,9.9859],[-11.2119,9.9851],[-11.2121,9.9843],[-11.2127,9.9835],[-11.2144,9.9815],[-11.2138,9.9811],[-11.2138,9.9796],[-11.214,9.9779],[-11.214,9.9769],[-11.2135,9.9763],[-11.2133,9.975],[-11.2125,9.9745],[-11.211,9.974],[-11.2092,9.9731],[-11.2081,9.9731],[-11.2066,9.9728],[-11.2056,9.9733],[-11.2039,9.9754],[-11.203,9.9757],[-11.2022,9.9755],[-11.201,9.9754],[-11.201,9.9743],[-11.2006,9.9739],[-11.1962,9.9724],[-11.1947,9.9722],[-11.1938,9.9724],[-11.1931,9.9732],[-11.1921,9.9736],[-11.1904,9.9734],[-11.187,9.9719],[-11.1848,9.9714],[-11.1856,9.9695],[-11.1803,9.9675],[-11.1795,9.9664],[-11.1795,9.9652],[-11.1798,9.964],[-11.1789,9.9635],[-11.1774,9.9633],[-11.1728,9.9612],[-11.1719,9.9607],[-11.1717,9.9598],[-11.1718,9.9588],[-11.1732,9.9581],[-11.1744,9.9582],[-11.1746,9.9565],[-11.1742,9.9544],[-11.1738,9.9528],[-11.1729,9.9514],[-11.1717,9.9505],[-11.1697,9.9474],[-11.1676,9.9431],[-11.1673,9.9417],[-11.1665,9.9406],[-11.164,9.9387],[-11.164,9.9378],[-11.1645,9.9366],[-11.1654,9.9354],[-11.1671,9.9344],[-11.1681,9.9336],[-11.169,9.9336],[-11.17,9.9334],[-11.1706,9.9329],[-11.1705,9.9322],[-11.1705,9.931],[-11.169,9.9288],[-11.1684,9.9251],[-11.1678,9.923],[-11.1679,9.9214],[-11.1683,9.9203],[-11.1689,9.9196],[-11.1684,9.919],[-11.1681,9.9181],[-11.1687,9.917],[-11.1671,9.916],[-11.1666,9.9148],[-11.1653,9.9136],[-11.1647,9.9124],[-11.1624,9.9108],[-11.1616,9.9095],[-11.1611,9.906],[-11.1605,9.8978],[-11.1606,9.8948],[-11.1607,9.8932],[-11.1614,9.8907],[-11.1603,9.8866],[-11.1586,9.8818],[-11.1586,9.8794],[-11.1583,9.8786],[-11.1571,9.8773],[-11.1557,9.8768],[-11.1551,9.876],[-11.1549,9.8747],[-11.1556,9.8735],[-11.1568,9.8724],[-11.1569,9.871],[-11.1568,9.8702],[-11.1573,9.8681],[-11.1569,9.8671],[-11.1559,9.8655],[-11.1546,9.8655],[-11.1535,9.8664],[-11.1527,9.8671],[-11.1515,9.8673],[-11.1498,9.8673],[-11.1477,9.8669],[-11.1467,9.8668],[-11.1448,9.8673],[-11.1431,9.8673],[-11.1417,9.8668],[-11.141,9.8663],[-11.1409,9.8652],[-11.1407,9.8624],[-11.1401,9.8615],[-11.1392,9.8607],[-11.1368,9.8605],[-11.1352,9.8597],[-11.1344,9.8584],[-11.1347,9.857],[-11.1346,9.8558],[-11.1338,9.8551],[-11.1324,9.8551],[-11.1244,9.8579],[-11.1229,9.8575],[-11.121,9.8571],[-11.1192,9.8572],[-11.118,9.857],[-11.1148,9.8559],[-11.1135,9.8556],[-11.1123,9.8545],[-11.1109,9.8535],[-11.1095,9.855],[-11.1066,9.8557],[-11.1042,9.857],[-11.1036,9.8587],[-11.1037,9.8604],[-11.1029,9.8615],[-11.0982,9.8593],[-11.0967,9.8583],[-11.0962,9.8576],[-11.0959,9.8551],[-11.0952,9.8543],[-11.0944,9.8527],[-11.0941,9.8519],[-11.0941,9.8507],[-11.0944,9.8496],[-11.0944,9.849],[-11.0924,9.8477],[-11.0919,9.847],[-11.0922,9.8449],[-11.0915,9.844],[-11.0902,9.8435],[-11.0887,9.8438],[-11.0871,9.8443],[-11.0859,9.8449],[-11.085,9.8453],[-11.0842,9.8455],[-11.0834,9.8453],[-11.0811,9.8444],[-11.0801,9.8434],[-11.0792,9.8427],[-11.0777,9.8418],[-11.0762,9.8406],[-11.0749,9.8392],[-11.0745,9.8381],[-11.0743,9.8367],[-11.074,9.8355],[-11.0719,9.8337],[-11.0714,9.8325],[-11.0708,9.8315],[-11.0698,9.8315],[-11.0685,9.8316],[-11.0669,9.8315],[-11.0655,9.8304],[-11.0645,9.8293],[-11.0637,9.8279],[-11.0635,9.8262],[-11.0634,9.8238],[-11.064,9.8204],[-11.0638,9.8195],[-11.0635,9.8189],[-11.0625,9.8175],[-11.062,9.8159],[-11.0618,9.8147],[-11.0615,9.8139],[-11.0606,9.8133],[-11.0596,9.8132],[-11.0583,9.8137],[-11.0581,9.8147],[-11.058,9.8164],[-11.0572,9.8174],[-11.0564,9.8182],[-11.0553,9.8187],[-11.0536,9.8189],[-11.0518,9.8189],[-11.0502,9.8186],[-11.048,9.8188],[-11.0464,9.8188],[-11.044,9.8184],[-11.0432,9.8181],[-11.0431,9.8155],[-11.0451,9.8141],[-11.0444,9.8126],[-11.045,9.8117],[-11.0459,9.8106],[-11.0466,9.809],[-11.046,9.8082],[-11.0458,9.8074],[-11.0461,9.8055],[-11.0458,9.8027],[-11.046,9.8014],[-11.0442,9.801],[-11.0429,9.8001],[-11.0417,9.7989],[-11.0415,9.7981],[-11.0418,9.7972],[-11.0406,9.7958],[-11.0403,9.795],[-11.04,9.7932],[-11.0393,9.7894],[-11.0392,9.7882],[-11.039,9.7874],[-11.0385,9.7871],[-11.0375,9.7872],[-11.0359,9.788],[-11.035,9.7889],[-11.034,9.7892],[-11.0329,9.7891],[-11.0317,9.7881],[-11.0303,9.7883],[-11.0279,9.7882],[-11.027,9.7876],[-11.027,9.786],[-11.0267,9.7853],[-11.0251,9.7846],[-11.0242,9.784],[-11.023,9.7818],[-11.0214,9.7807],[-11.0158,9.7777],[-11.0153,9.777],[-11.0148,9.7757],[-11.0145,9.7736],[-11.0141,9.7725],[-11.0133,9.7718],[-11.0121,9.7716],[-11.0115,9.7711],[-11.0115,9.7672],[-11.0108,9.764],[-11.0098,9.7627],[-11.0056,9.7603],[-11.0043,9.759],[-11.0033,9.757],[-11.0024,9.7555],[-11.0001,9.7544],[-10.9955,9.7533],[-10.9931,9.7527],[-10.9917,9.7518],[-10.9913,9.7511],[-10.9916,9.75],[-10.9936,9.747],[-10.9905,9.7443],[-10.9901,9.743],[-10.9903,9.7395],[-10.991,9.7379],[-10.9915,9.7362],[-10.9914,9.7355],[-10.9895,9.7326],[-10.9899,9.7312],[-10.99,9.7302],[-10.9895,9.7293],[-10.9872,9.7276],[-10.9834,9.7269],[-10.9806,9.7259],[-10.9789,9.725],[-10.9777,9.7239],[-10.9772,9.7225],[-10.9778,9.7185],[-10.9778,9.7167],[-10.9772,9.7154],[-10.977,9.7146],[-10.9772,9.7136],[-10.9783,9.7126],[-10.9788,9.7111],[-10.9791,9.709],[-10.979,9.7081],[-10.9783,9.707],[-10.977,9.7059],[-10.9751,9.7048],[-10.9735,9.7042],[-10.9727,9.7034],[-10.9725,9.7001],[-10.9716,9.6979],[-10.9707,9.6964],[-10.969,9.6923],[-10.9684,9.6902],[-10.9671,9.6878],[-10.9674,9.6856],[-10.9672,9.684],[-10.9664,9.6816],[-10.9656,9.6801],[-10.9654,9.6774],[-10.9656,9.676],[-10.9648,9.6737],[-10.9642,9.6706],[-10.9644,9.6691],[-10.9641,9.6675],[-10.9633,9.6664],[-10.964,9.6651],[-10.9638,9.6639],[-10.9609,9.6608],[-10.9587,9.6579],[-10.958,9.6566],[-10.9569,9.6553],[-10.9554,9.6544],[-10.9527,9.6535],[-10.9519,9.6529],[-10.9514,9.6521],[-10.9506,9.6522],[-10.9487,9.6532],[-10.9474,9.6534],[-10.9459,9.6533],[-10.9457,9.6545],[-10.9456,9.6557],[-10.9453,9.6568],[-10.9444,9.6575],[-10.9432,9.6578],[-10.9422,9.6577],[-10.9396,9.6564],[-10.9386,9.6564],[-10.9376,9.6569],[-10.9363,9.6578],[-10.9338,9.6583],[-10.9325,9.6565],[-10.9314,9.656],[-10.9263,9.6556],[-10.9231,9.6556],[-10.9214,9.6553],[-10.9194,9.6552],[-10.9179,9.6548],[-10.9178,9.6544],[-10.9183,9.653],[-10.9199,9.6517],[-10.9203,9.6502],[-10.9205,9.6487],[-10.9198,9.6465],[-10.9207,9.6434],[-10.9219,9.6417],[-10.9234,9.6406],[-10.9242,9.6392],[-10.9224,9.6387],[-10.9216,9.6377],[-10.9201,9.6374],[-10.918,9.6368],[-10.9163,9.6358],[-10.9154,9.6345],[-10.9153,9.6335],[-10.9159,9.6324],[-10.9176,9.6314],[-10.9193,9.628],[-10.9194,9.6266],[-10.9193,9.6253],[-10.9194,9.6241],[-10.9191,9.623],[-10.9181,9.6223],[-10.9168,9.6222],[-10.9161,9.6225],[-10.915,9.6233],[-10.9142,9.623],[-10.9136,9.6224],[-10.9132,9.6211],[-10.9131,9.6196],[-10.9124,9.6184],[-10.9129,9.6172],[-10.9127,9.6153],[-10.9118,9.6134],[-10.9113,9.6115],[-10.9108,9.6069],[-10.9097,9.6064],[-10.9091,9.6057],[-10.9091,9.6048],[-10.9094,9.6037],[-10.9106,9.6026],[-10.911,9.6018],[-10.909,9.6003],[-10.9077,9.5997],[-10.9068,9.5991],[-10.9074,9.5972],[-10.9073,9.5966],[-10.9065,9.596],[-10.9053,9.5954],[-10.9041,9.5951],[-10.9029,9.595],[-10.9012,9.5954],[-10.9001,9.5953],[-10.899,9.5949],[-10.8981,9.5941],[-10.8972,9.5953],[-10.8963,9.5961],[-10.8953,9.5964],[-10.894,9.5966],[-10.8927,9.5976],[-10.8899,9.5995],[-10.8881,9.5986],[-10.8868,9.5978],[-10.8827,9.5939],[-10.881,9.5915],[-10.8824,9.5906],[-10.8851,9.5892],[-10.8858,9.5885],[-10.8862,9.5872],[-10.8863,9.5861],[-10.8863,9.5851],[-10.8856,9.5837],[-10.8844,9.5825],[-10.883,9.582],[-10.881,9.5818],[-10.8783,9.5798],[-10.8769,9.5793],[-10.8759,9.5785],[-10.8751,9.5769],[-10.8727,9.5734],[-10.8718,9.5723],[-10.8712,9.5712],[-10.8709,9.5698],[-10.8707,9.5687],[-10.8702,9.5674],[-10.8688,9.5657],[-10.8676,9.564],[-10.8688,9.5622],[-10.8687,9.5615],[-10.8661,9.5592],[-10.8661,9.5583],[-10.8666,9.5563],[-10.8666,9.5537],[-10.8668,9.5519],[-10.8663,9.5505],[-10.8641,9.5481],[-10.8632,9.5461],[-10.8631,9.5446],[-10.8636,9.5438],[-10.8649,9.5427],[-10.8678,9.5416],[-10.8677,9.5405],[-10.8671,9.5394],[-10.8661,9.5368],[-10.8654,9.5355],[-10.863,9.5341],[-10.8617,9.5327],[-10.8613,9.5315],[-10.861,9.5298],[-10.86,9.5286],[-10.8584,9.528],[-10.8555,9.5273],[-10.8543,9.5268],[-10.8533,9.5257],[-10.8521,9.5238],[-10.8505,9.5233],[-10.8477,9.5225],[-10.845,9.5213],[-10.8433,9.5198],[-10.8414,9.5182],[-10.8387,9.5169],[-10.8364,9.5164],[-10.8352,9.5165],[-10.8341,9.5171],[-10.834,9.5182],[-10.8334,9.5186],[-10.8326,9.5184],[-10.8299,9.5184],[-10.8273,9.5174],[-10.8258,9.5169],[-10.824,9.5161],[-10.8224,9.5134],[-10.828,9.5076],[-10.8307,9.504],[-10.8319,9.5045],[-10.8331,9.5047],[-10.8338,9.5045],[-10.8342,9.5038],[-10.8343,9.5023],[-10.8353,9.5013],[-10.838,9.5],[-10.8372,9.4994],[-10.8393,9.4993],[-10.8416,9.4987],[-10.845,9.499],[-10.8466,9.4994],[-10.8479,9.4996],[-10.8485,9.499],[-10.8483,9.4978],[-10.8474,9.4969],[-10.8477,9.4959],[-10.8477,9.4946],[-10.8476,9.4933],[-10.8472,9.4924],[-10.8439,9.4914],[-10.8436,9.4909],[-10.8434,9.4892],[-10.8424,9.4892],[-10.8417,9.4889],[-10.8411,9.488],[-10.8407,9.4871],[-10.8409,9.4861],[-10.8424,9.4835],[-10.8408,9.4809],[-10.8409,9.4801],[-10.8407,9.4785],[-10.8401,9.4771],[-10.8404,9.4761],[-10.8401,9.4741],[-10.838,9.4702],[-10.8378,9.4688],[-10.8377,9.4666],[-10.8382,9.465],[-10.8396,9.464],[-10.8442,9.4634],[-10.8474,9.4628],[-10.8492,9.4595],[-10.8507,9.4581],[-10.852,9.4553],[-10.8501,9.456],[-10.8492,9.456],[-10.8482,9.4556],[-10.8469,9.4547],[-10.8455,9.4537],[-10.8444,9.4525],[-10.8436,9.4513],[-10.8426,9.4506],[-10.842,9.4489],[-10.8417,9.4465],[-10.8422,9.4449],[-10.8436,9.4428],[-10.8425,9.4398],[-10.8421,9.4393],[-10.8411,9.4394],[-10.8401,9.4389],[-10.8391,9.4392],[-10.8375,9.4398],[-10.8366,9.4395],[-10.8356,9.4383],[-10.8349,9.437],[-10.8331,9.4356],[-10.8318,9.435],[-10.8301,9.435],[-10.829,9.4348],[-10.8275,9.4339],[-10.8264,9.4311],[-10.8244,9.4299],[-10.8233,9.4303],[-10.8226,9.4304],[-10.8212,9.4302],[-10.8199,9.4312],[-10.8174,9.4297],[-10.8167,9.4287],[-10.8162,9.4275],[-10.8164,9.4261],[-10.8163,9.4237],[-10.816,9.4217],[-10.8123,9.4208],[-10.8104,9.4201],[-10.8091,9.4192],[-10.8077,9.4182],[-10.8068,9.4171],[-10.8064,9.4161],[-10.8051,9.4155],[-10.8041,9.4152],[-10.8025,9.4126],[-10.8022,9.4102],[-10.8018,9.4092],[-10.8021,9.4086],[-10.8033,9.408],[-10.8029,9.406],[-10.8036,9.4056],[-10.8054,9.4051],[-10.8061,9.4042],[-10.8036,9.4025],[-10.8041,9.3995],[-10.8061,9.3987],[-10.8071,9.398],[-10.8077,9.397],[-10.8082,9.3963],[-10.8092,9.396],[-10.809,9.3948],[-10.8085,9.3938],[-10.8091,9.3928],[-10.8094,9.3922],[-10.8102,9.3902],[-10.8136,9.3911],[-10.8145,9.3909],[-10.815,9.3902],[-10.8152,9.3881],[-10.816,9.3877],[-10.8161,9.3871],[-10.8156,9.386],[-10.8146,9.3858],[-10.8129,9.3857],[-10.8119,9.3838],[-10.8117,9.3824],[-10.8108,9.3797],[-10.8109,9.3778],[-10.8097,9.377],[-10.809,9.3761],[-10.8079,9.3752],[-10.8069,9.3747],[-10.8061,9.3737],[-10.8047,9.3737],[-10.804,9.3745],[-10.8041,9.377],[-10.8043,9.38],[-10.8043,9.3816],[-10.804,9.3825],[-10.8035,9.3834],[-10.8024,9.3844],[-10.8012,9.3852],[-10.8,9.3867],[-10.7989,9.3885],[-10.7977,9.3893],[-10.7965,9.3893],[-10.7953,9.3886],[-10.7929,9.3881],[-10.7919,9.3878],[-10.7916,9.3872],[-10.7907,9.3871],[-10.7899,9.3872],[-10.789,9.3878],[-10.7874,9.3885],[-10.7861,9.3887],[-10.7852,9.3883],[-10.7842,9.3875],[-10.7837,9.3863],[-10.783,9.3857],[-10.7823,9.3858],[-10.781,9.3863],[-10.7795,9.3863],[-10.7788,9.3859],[-10.7779,9.3849],[-10.7771,9.3843],[-10.7763,9.3832],[-10.7758,9.382],[-10.775,9.3821],[-10.7742,9.3821],[-10.7735,9.3818],[-10.7734,9.3813],[-10.7735,9.3806],[-10.7719,9.3793],[-10.7714,9.3787],[-10.7706,9.3783],[-10.7696,9.3782],[-10.7686,9.3792],[-10.7678,9.3794],[-10.7662,9.3788],[-10.7649,9.3789],[-10.7636,9.3793],[-10.7625,9.3798],[-10.7629,9.3805],[-10.763,9.3815],[-10.7628,9.3825],[-10.7618,9.3848],[-10.7614,9.3856],[-10.7579,9.3857],[-10.7567,9.3851],[-10.7554,9.385],[-10.7534,9.3848],[-10.7501,9.3838],[-10.7477,9.3834],[-10.7462,9.3836],[-10.7447,9.384],[-10.7437,9.3837],[-10.7427,9.3829],[-10.742,9.3822],[-10.7416,9.3816],[-10.7413,9.3779],[-10.7413,9.3768],[-10.7408,9.3762],[-10.7384,9.3758],[-10.7376,9.3758],[-10.7371,9.3763],[-10.7363,9.3778],[-10.7358,9.3787],[-10.7343,9.3794],[-10.7327,9.3796],[-10.7316,9.3796],[-10.7309,9.3792],[-10.7301,9.3784],[-10.7297,9.3775],[-10.729,9.3771],[-10.7279,9.3772],[-10.7273,9.3772],[-10.7265,9.3764],[-10.7256,9.3753],[-10.7247,9.3732],[-10.7231,9.3706],[-10.7216,9.3695],[-10.7198,9.367],[-10.7194,9.3662],[-10.7191,9.3649],[-10.718,9.3639],[-10.7169,9.363],[-10.7167,9.3621],[-10.7171,9.3615],[-10.7183,9.3609],[-10.7182,9.3571],[-10.7188,9.3558],[-10.7192,9.3542],[-10.7193,9.3527],[-10.7193,9.3513],[-10.7182,9.3505],[-10.7174,9.3497],[-10.7167,9.3484],[-10.7155,9.3475],[-10.7142,9.3479],[-10.7118,9.3491],[-10.7105,9.3489],[-10.7097,9.3481],[-10.7079,9.3466],[-10.7055,9.3455],[-10.7042,9.3445],[-10.7029,9.3416],[-10.7033,9.3398],[-10.7051,9.3374],[-10.7077,9.3352],[-10.7086,9.3322],[-10.7064,9.3306],[-10.7059,9.3294],[-10.7052,9.3283],[-10.7041,9.3278],[-10.7036,9.3273],[-10.7028,9.3273],[-10.7015,9.3281],[-10.699,9.3291],[-10.6981,9.3293],[-10.6968,9.329],[-10.6952,9.3281],[-10.6934,9.3264],[-10.6924,9.3261],[-10.6904,9.3256],[-10.6887,9.3247],[-10.686,9.3246],[-10.6835,9.3241],[-10.6836,9.3231],[-10.6835,9.3217],[-10.6829,9.3208],[-10.6822,9.3202],[-10.682,9.3184],[-10.6813,9.3177],[-10.6797,9.3171],[-10.678,9.3165],[-10.6767,9.3156],[-10.6759,9.3147],[-10.6742,9.3142],[-10.6732,9.3144],[-10.6718,9.3144],[-10.6698,9.3142],[-10.6688,9.3137],[-10.6677,9.3128],[-10.6666,9.3129],[-10.6643,9.3118],[-10.6634,9.3107],[-10.6646,9.3084],[-10.6654,9.3076],[-10.6656,9.3063],[-10.6655,9.3053],[-10.6652,9.3048],[-10.6643,9.3042],[-10.6606,9.3032],[-10.6596,9.3028],[-10.659,9.3016],[-10.6591,9.3008],[-10.6601,9.2998],[-10.6603,9.2987],[-10.6599,9.2975],[-10.6602,9.2968],[-10.6618,9.2951],[-10.6608,9.2939],[-10.6601,9.2932],[-10.6587,9.2925],[-10.6567,9.2919],[-10.6545,9.2909],[-10.6539,9.2897],[-10.654,9.2886],[-10.6567,9.2872],[-10.6602,9.2866],[-10.6609,9.2858],[-10.6611,9.282],[-10.661,9.2808],[-10.6601,9.28],[-10.6616,9.2766],[-10.6626,9.2749],[-10.664,9.274],[-10.6656,9.2734],[-10.6668,9.2733],[-10.668,9.2693],[-10.6692,9.2661],[-10.6669,9.2648],[-10.6685,9.262],[-10.6681,9.2612],[-10.6673,9.2602],[-10.6676,9.2588],[-10.6692,9.2546],[-10.6686,9.2537],[-10.6686,9.2528],[-10.6698,9.2518],[-10.6702,9.251],[-10.67,9.25],[-10.6706,9.2488],[-10.6705,9.2473],[-10.6707,9.245],[-10.6702,9.2436],[-10.6696,9.2421],[-10.6694,9.2408],[-10.6705,9.2381],[-10.6696,9.2378],[-10.6688,9.2373],[-10.668,9.2362],[-10.6677,9.2351],[-10.6672,9.2323],[-10.6667,9.2317],[-10.6656,9.2314],[-10.6616,9.2317],[-10.6597,9.2315],[-10.6583,9.2312],[-10.657,9.2293],[-10.6563,9.2279],[-10.6558,9.2264],[-10.6557,9.2253],[-10.656,9.2242],[-10.6578,9.2223],[-10.6576,9.221],[-10.657,9.2198],[-10.6561,9.2171],[-10.6557,9.2156],[-10.656,9.2132],[-10.6564,9.2125],[-10.6568,9.2112],[-10.6587,9.2107],[-10.6605,9.2105],[-10.6619,9.2099],[-10.6636,9.2074],[-10.664,9.2064],[-10.6639,9.2049],[-10.6636,9.2033],[-10.6657,9.2011],[-10.6672,9.1997],[-10.6702,9.1988],[-10.672,9.1981],[-10.6741,9.1975],[-10.6752,9.1977],[-10.6777,9.1978],[-10.679,9.1972],[-10.6802,9.1965],[-10.6813,9.1964],[-10.6819,9.1958],[-10.6824,9.1949],[-10.6831,9.1933],[-10.6838,9.1922],[-10.6847,9.1912],[-10.6859,9.1911],[-10.6867,9.1915],[-10.687,9.1922],[-10.6882,9.1934],[-10.6892,9.1938],[-10.6903,9.1934],[-10.6912,9.1935],[-10.6938,9.1933],[-10.6952,9.1921],[-10.6962,9.1916],[-10.6969,9.1915],[-10.698,9.1919],[-10.6987,9.1917],[-10.6991,9.1911],[-10.6995,9.1897],[-10.7,9.1887],[-10.7015,9.1861],[-10.7026,9.1857],[-10.7046,9.1856],[-10.7058,9.186],[-10.7062,9.1865],[-10.7062,9.1876],[-10.706,9.1887],[-10.7059,9.1893],[-10.7067,9.1901],[-10.7067,9.1917],[-10.7068,9.1926],[-10.7071,9.1933],[-10.7074,9.1948],[-10.7079,9.1958],[-10.709,9.1968],[-10.7099,9.1973],[-10.7119,9.1974],[-10.7132,9.1996],[-10.7139,9.2013],[-10.7149,9.2001],[-10.7154,9.1992],[-10.7152,9.1984],[-10.715,9.1977],[-10.7154,9.1967],[-10.7159,9.1952],[-10.7159,9.1938],[-10.7166,9.1915],[-10.7174,9.1915],[-10.7187,9.1914],[-10.7195,9.1909],[-10.7203,9.1897],[-10.7206,9.1888],[-10.7215,9.188],[-10.7219,9.1871],[-10.7217,9.1859],[-10.7218,9.1845],[-10.7221,9.1827],[-10.7224,9.182],[-10.7227,9.1802],[-10.7231,9.1788],[-10.7211,9.1777],[-10.7207,9.1763],[-10.7201,9.1757],[-10.7192,9.1754],[-10.7184,9.1757],[-10.7178,9.1762],[-10.717,9.1767],[-10.7161,9.1767],[-10.7153,9.1764],[-10.7141,9.1755],[-10.7154,9.1734],[-10.7155,9.1723],[-10.7155,9.1706],[-10.7159,9.1696],[-10.7158,9.1687],[-10.715,9.1669],[-10.7144,9.1665],[-10.7132,9.1664],[-10.7122,9.1664],[-10.7115,9.1663],[-10.7109,9.1657],[-10.7106,9.1647],[-10.7102,9.1642],[-10.7092,9.1637],[-10.708,9.1634],[-10.7088,9.1627],[-10.7093,9.1622],[-10.7095,9.1609],[-10.7093,9.16],[-10.7083,9.1591],[-10.7077,9.1581],[-10.7088,9.1581],[-10.7105,9.1576],[-10.7111,9.1572],[-10.7115,9.1565],[-10.7114,9.1553]]]},"properties":{"code":"FAL_FALDC","name":"Falaba District Council","level":"3","parent":"pWb43ue4nt8","parentGraph":"Plmg8ikyfrK/pWb43ue4nt8","groups":["aYjKY8GaXYQ","QJuHsfZjNBf"]}},{"type":"Feature","id":"wlDW6S0pHLL","geometry":{"type":"MultiPolygon","coordinates":[[[[-13.0796,8.5686],[-13.0745,8.5653],[-13.0717,8.5644],[-13.0708,8.5646],[-13.0701,8.5658],[-13.0681,8.5662],[-13.0658,8.5662],[-13.0652,8.566],[-13.0645,8.5652],[-13.0638,8.5647],[-13.0627,8.5646],[-13.0615,8.5649],[-13.0609,8.5647],[-13.0603,8.5633],[-13.0605,8.5622],[-13.061,8.5617],[-13.062,8.5607],[-13.0624,8.5601],[-13.0623,8.5583],[-13.0626,8.5566],[-13.0631,8.5561],[-13.0628,8.5547],[-13.062,8.553],[-13.0605,8.5522],[-13.0581,8.5505],[-13.0576,8.5495],[-13.0577,8.5479],[-13.0594,8.5476],[-13.0605,8.5458],[-13.068,8.5446],[-13.0722,8.5432],[-13.0756,8.541],[-13.0824,8.5377],[-13.0851,8.5376],[-13.0878,8.5392],[-13.0867,8.5405],[-13.0854,8.5489],[-13.0861,8.557],[-13.0887,8.5644],[-13.0878,8.5659],[-13.0844,8.5662],[-13.0817,8.5681],[-13.0796,8.5686]]],[[[-13.1296,8.4183],[-13.1324,8.4184],[-13.1331,8.4177],[-13.1322,8.4166],[-13.1309,8.4148],[-13.1315,8.4141],[-13.1337,8.4127],[-13.1355,8.415],[-13.1369,8.4145],[-13.1372,8.4136],[-13.1387,8.412],[-13.1402,8.4094],[-13.1385,8.4074],[-13.1375,8.4067],[-13.1382,8.4045],[-13.1385,8.4043],[-13.1402,8.4012],[-13.1404,8.4006],[-13.1418,8.3995],[-13.1422,8.3994],[-13.1423,8.3994],[-13.1429,8.3992],[-13.1433,8.3992],[-13.1439,8.3992],[-13.1442,8.3992],[-13.1445,8.399],[-13.1449,8.3986],[-13.1455,8.3983],[-13.1495,8.3982],[-13.1526,8.3995],[-13.1529,8.3995],[-13.1533,8.3994],[-13.1541,8.3991],[-13.1584,8.4004],[-13.1589,8.4005],[-13.1593,8.4008],[-13.1597,8.4009],[-13.1619,8.4015],[-13.1616,8.402],[-13.1613,8.4028],[-13.1614,8.4031],[-13.1663,8.405],[-13.1667,8.4051],[-13.167,8.4053],[-13.1669,8.4054],[-13.1666,8.4062],[-13.1714,8.408],[-13.1718,8.4082],[-13.1726,8.4086],[-13.1729,8.4088],[-13.1732,8.409],[-13.1736,8.4092],[-13.1739,8.4094],[-13.1741,8.4098],[-13.175,8.4104],[-13.1755,8.4104],[-13.1776,8.4128],[-13.178,8.4132],[-13.1782,8.4133],[-13.1786,8.4136],[-13.1792,8.4141],[-13.1793,8.4162],[-13.1794,8.4186],[-13.1798,8.4242],[-13.1791,8.4261],[-13.1788,8.4267],[-13.1879,8.4377],[-13.1904,8.4398],[-13.1943,8.445],[-13.1963,8.4475],[-13.1986,8.4512],[-13.2004,8.4541],[-13.2028,8.4552],[-13.2051,8.4575],[-13.2075,8.4598],[-13.2086,8.4592],[-13.2088,8.459],[-13.2091,8.4588],[-13.2092,8.4588],[-13.2094,8.459],[-13.2109,8.463],[-13.211,8.4633],[-13.2129,8.467],[-13.2127,8.4671],[-13.2125,8.4672],[-13.2122,8.4674],[-13.2118,8.4675],[-13.2118,8.4677],[-13.2118,8.4679],[-13.2116,8.4682],[-13.2115,8.4685],[-13.2116,8.4689],[-13.2124,8.4695],[-13.2127,8.4699],[-13.2129,8.4701],[-13.2131,8.4703],[-13.2136,8.471],[-13.2138,8.4712],[-13.2142,8.4717],[-13.2142,8.4719],[-13.214,8.4742],[-13.2142,8.4744],[-13.2156,8.4755],[-13.2158,8.476],[-13.2172,8.4777],[-13.218,8.4781],[-13.2192,8.479],[-13.2196,8.4793],[-13.2198,8.4793],[-13.2202,8.4795],[-13.2208,8.4799],[-13.2211,8.4801],[-13.2213,8.4801],[-13.2216,8.4803],[-13.222,8.481],[-13.2222,8.4815],[-13.2223,8.4819],[-13.2225,8.4821],[-13.2226,8.4822],[-13.2229,8.4827],[-13.2237,8.4828],[-13.2242,8.482],[-13.2243,8.4816],[-13.2245,8.4809],[-13.2246,8.4805],[-13.2247,8.4801],[-13.2252,8.4791],[-13.223,8.4763],[-13.2216,8.473],[-13.2224,8.468],[-13.2229,8.4684],[-13.2233,8.4687],[-13.2238,8.4685],[-13.2239,8.4675],[-13.2239,8.4632],[-13.2247,8.4609],[-13.2245,8.4608],[-13.2256,8.4585],[-13.2259,8.4587],[-13.231,8.4593],[-13.2333,8.4557],[-13.2345,8.4555],[-13.2366,8.4579],[-13.2402,8.4563],[-13.2406,8.4557],[-13.2423,8.4548],[-13.2439,8.4553],[-13.244,8.4547],[-13.2455,8.4555],[-13.2463,8.4556],[-13.246,8.4526],[-13.2461,8.4516],[-13.2416,8.4472],[-13.2398,8.4468],[-13.2398,8.4433],[-13.2406,8.4418],[-13.2418,8.4415],[-13.2423,8.4411],[-13.2425,8.4395],[-13.2477,8.4378],[-13.2482,8.4379],[-13.2503,8.4382],[-13.2549,8.4351],[-13.2577,8.4372],[-13.2589,8.4389],[-13.2631,8.4358],[-13.2638,8.4413],[-13.2667,8.4424],[-13.2686,8.4408],[-13.271,8.4408],[-13.2714,8.4409],[-13.2733,8.4411],[-13.2756,8.4422],[-13.2797,8.4423],[-13.2796,8.4442],[-13.2797,8.4476],[-13.28,8.451],[-13.2803,8.4516],[-13.2806,8.4521],[-13.2805,8.4529],[-13.2807,8.4531],[-13.2806,8.4531],[-13.2805,8.4531],[-13.2804,8.453],[-13.2803,8.4531],[-13.2802,8.4533],[-13.28,8.4532],[-13.2799,8.4531],[-13.2798,8.453],[-13.2794,8.4532],[-13.2792,8.4534],[-13.279,8.454],[-13.2789,8.4548],[-13.2788,8.4554],[-13.2787,8.4558],[-13.2787,8.4564],[-13.2788,8.4581],[-13.2789,8.4589],[-13.2791,8.4598],[-13.2796,8.4615],[-13.28,8.4629],[-13.2804,8.4649],[-13.2808,8.4664],[-13.2815,8.4681],[-13.2819,8.469],[-13.2823,8.4708],[-13.283,8.4725],[-13.2858,8.4793],[-13.2868,8.4818],[-13.2873,8.4831],[-13.2877,8.4839],[-13.2884,8.4853],[-13.2899,8.488],[-13.2908,8.4897],[-13.2916,8.4909],[-13.2928,8.4922],[-13.2934,8.4926],[-13.294,8.493],[-13.2945,8.4931],[-13.295,8.493],[-13.2951,8.4928],[-13.295,8.4927],[-13.295,8.4926],[-13.295,8.4924],[-13.2951,8.4924],[-13.2953,8.4924],[-13.2955,8.4925],[-13.2959,8.4924],[-13.2965,8.4926],[-13.2969,8.4929],[-13.297,8.4931],[-13.2976,8.4935],[-13.2982,8.4939],[-13.2985,8.4943],[-13.2985,8.4946],[-13.2983,8.4949],[-13.2981,8.4949],[-13.2979,8.4948],[-13.2978,8.4947],[-13.2977,8.4947],[-13.2978,8.4951],[-13.2979,8.4955],[-13.2978,8.4963],[-13.2977,8.4966],[-13.2973,8.4967],[-13.2971,8.4969],[-13.2971,8.4974],[-13.297,8.4976],[-13.297,8.4979],[-13.2969,8.4984],[-13.297,8.4988],[-13.2968,8.499],[-13.2965,8.4991],[-13.2962,8.4991],[-13.2959,8.4989],[-13.2956,8.4986],[-13.2957,8.4984],[-13.2959,8.4984],[-13.2957,8.4981],[-13.2954,8.4977],[-13.2952,8.4974],[-13.2949,8.4973],[-13.2946,8.4973],[-13.2943,8.4971],[-13.2941,8.4967],[-13.294,8.4967],[-13.2939,8.4965],[-13.2941,8.4964],[-13.2941,8.4962],[-13.294,8.496],[-13.2941,8.4959],[-13.2942,8.4957],[-13.2944,8.4957],[-13.2944,8.4954],[-13.2946,8.4953],[-13.2945,8.4948],[-13.2942,8.4945],[-13.2934,8.4941],[-13.2928,8.4941],[-13.2922,8.4941],[-13.2919,8.4942],[-13.2917,8.4943],[-13.2914,8.4946],[-13.2914,8.4947],[-13.2914,8.4949],[-13.2922,8.4957],[-13.2922,8.4964],[-13.292,8.4967],[-13.2917,8.497],[-13.2909,8.497],[-13.2908,8.497],[-13.2907,8.4971],[-13.2907,8.4975],[-13.2906,8.4979],[-13.2906,8.4982],[-13.2905,8.4984],[-13.2906,8.4985],[-13.2905,8.4988],[-13.2903,8.4991],[-13.2897,8.4994],[-13.2885,8.4995],[-13.2882,8.4996],[-13.288,8.4997],[-13.2865,8.4991],[-13.2858,8.4978],[-13.285,8.4965],[-13.2834,8.4948],[-13.2829,8.4948],[-13.2828,8.4952],[-13.2821,8.4961],[-13.2811,8.4963],[-13.2808,8.4954],[-13.2803,8.4951],[-13.2803,8.4946],[-13.2804,8.494],[-13.2797,8.4935],[-13.2791,8.4939],[-13.2787,8.4939],[-13.2783,8.4933],[-13.2779,8.4937],[-13.2773,8.494],[-13.2765,8.4935],[-13.276,8.4935],[-13.2758,8.494],[-13.2753,8.4939],[-13.275,8.4934],[-13.2744,8.4933],[-13.274,8.4934],[-13.2739,8.4931],[-13.2748,8.4926],[-13.2753,8.492],[-13.276,8.4919],[-13.2775,8.4923],[-13.2789,8.4921],[-13.2799,8.4921],[-13.2802,8.4915],[-13.2816,8.4903],[-13.2827,8.4883],[-13.2832,8.4875],[-13.2834,8.4866],[-13.2829,8.487],[-13.282,8.4874],[-13.2808,8.4872],[-13.2803,8.4867],[-13.2799,8.4853],[-13.2798,8.4846],[-13.2804,8.4831],[-13.2803,8.483],[-13.2799,8.4829],[-13.2797,8.482],[-13.2791,8.4801],[-13.2787,8.4795],[-13.2788,8.4791],[-13.2799,8.4787],[-13.2801,8.4785],[-13.2803,8.4778],[-13.2805,8.4766],[-13.2802,8.4761],[-13.2802,8.4754],[-13.2802,8.4747],[-13.2804,8.4742],[-13.2811,8.4734],[-13.2815,8.4728],[-13.2814,8.4724],[-13.281,8.4717],[-13.2806,8.4713],[-13.2801,8.4702],[-13.2798,8.4698],[-13.2783,8.4683],[-13.2778,8.468],[-13.2776,8.4681],[-13.2777,8.4683],[-13.2779,8.4687],[-13.2779,8.4688],[-13.2783,8.4694],[-13.2788,8.4696],[-13.2791,8.4699],[-13.2794,8.4714],[-13.2793,8.4729],[-13.2794,8.4733],[-13.2794,8.4739],[-13.2793,8.4741],[-13.2784,8.4754],[-13.2782,8.4758],[-13.2783,8.4759],[-13.2781,8.4762],[-13.2781,8.4764],[-13.2779,8.477],[-13.2776,8.4774],[-13.2775,8.4774],[-13.2774,8.4774],[-13.2769,8.4777],[-13.2765,8.4779],[-13.2767,8.4785],[-13.2766,8.4786],[-13.2763,8.4788],[-13.2762,8.4789],[-13.2774,8.4805],[-13.2773,8.4811],[-13.2772,8.4812],[-13.2769,8.4814],[-13.2771,8.4818],[-13.277,8.4821],[-13.2767,8.4821],[-13.2764,8.4826],[-13.2762,8.4828],[-13.2758,8.4829],[-13.275,8.4825],[-13.2752,8.4829],[-13.2752,8.4836],[-13.2751,8.4838],[-13.2744,8.4837],[-13.2743,8.4839],[-13.2749,8.4839],[-13.2749,8.4844],[-13.275,8.4852],[-13.2749,8.4855],[-13.2748,8.4862],[-13.2746,8.4864],[-13.2739,8.4865],[-13.2737,8.487],[-13.2737,8.4872],[-13.2739,8.4878],[-13.274,8.4884],[-13.2737,8.4884],[-13.2737,8.4886],[-13.2736,8.4888],[-13.2732,8.489],[-13.2731,8.4891],[-13.2729,8.4895],[-13.2724,8.49],[-13.2721,8.4905],[-13.2723,8.4913],[-13.2726,8.4916],[-13.2725,8.492],[-13.2725,8.4923],[-13.2729,8.4924],[-13.2729,8.4925],[-13.2727,8.4926],[-13.2724,8.4926],[-13.2721,8.4925],[-13.2717,8.4931],[-13.2711,8.4936],[-13.2711,8.4939],[-13.2714,8.4942],[-13.2712,8.4947],[-13.2709,8.4949],[-13.2708,8.4952],[-13.2707,8.4953],[-13.2703,8.4955],[-13.2701,8.4956],[-13.2697,8.496],[-13.269,8.4967],[-13.2683,8.4972],[-13.2681,8.4972],[-13.2675,8.4968],[-13.2672,8.4966],[-13.2668,8.4965],[-13.2663,8.4966],[-13.266,8.4965],[-13.265,8.4959],[-13.2646,8.4959],[-13.264,8.4956],[-13.2636,8.4952],[-13.2632,8.4947],[-13.2629,8.4946],[-13.2626,8.4941],[-13.2623,8.494],[-13.2616,8.4941],[-13.2614,8.4935],[-13.2609,8.4928],[-13.2605,8.4924],[-13.2604,8.4922],[-13.2605,8.492],[-13.2603,8.4916],[-13.26,8.4913],[-13.2594,8.4905],[-13.2592,8.4902],[-13.2592,8.4898],[-13.2599,8.4892],[-13.26,8.4889],[-13.2601,8.4883],[-13.2602,8.4881],[-13.2601,8.488],[-13.2594,8.4873],[-13.2596,8.4871],[-13.2594,8.487],[-13.2593,8.4869],[-13.259,8.4871],[-13.2591,8.4874],[-13.2589,8.4876],[-13.2581,8.4881],[-13.2578,8.4882],[-13.2574,8.4876],[-13.2577,8.4875],[-13.2577,8.4874],[-13.2578,8.4873],[-13.2577,8.4869],[-13.2579,8.4868],[-13.2577,8.4865],[-13.258,8.4864],[-13.2579,8.4862],[-13.2575,8.4859],[-13.2569,8.4856],[-13.2566,8.4855],[-13.2565,8.4854],[-13.2565,8.485],[-13.2564,8.4847],[-13.256,8.4845],[-13.2559,8.4844],[-13.2557,8.4844],[-13.2555,8.4844],[-13.255,8.4843],[-13.2544,8.4845],[-13.2534,8.4849],[-13.2529,8.4852],[-13.2528,8.4855],[-13.2524,8.4856],[-13.2522,8.4859],[-13.2527,8.4863],[-13.2528,8.4865],[-13.2526,8.4868],[-13.2532,8.4877],[-13.2533,8.4897],[-13.2514,8.4924],[-13.2499,8.4933],[-13.249,8.4934],[-13.2485,8.4934],[-13.2483,8.4933],[-13.2478,8.4937],[-13.2472,8.4936],[-13.2468,8.4933],[-13.2463,8.4931],[-13.2456,8.4928],[-13.2437,8.4909],[-13.2434,8.4904],[-13.2434,8.49],[-13.2431,8.4895],[-13.2421,8.4883],[-13.2411,8.489],[-13.2408,8.4889],[-13.2404,8.4889],[-13.2402,8.4887],[-13.2399,8.4886],[-13.2394,8.4885],[-13.2393,8.4886],[-13.2392,8.4889],[-13.239,8.4892],[-13.2386,8.4893],[-13.2384,8.4894],[-13.2383,8.4894],[-13.2375,8.4898],[-13.2375,8.4899],[-13.2375,8.4901],[-13.2374,8.4903],[-13.2375,8.4905],[-13.2374,8.4906],[-13.2368,8.4912],[-13.2364,8.4914],[-13.2362,8.4915],[-13.2363,8.4917],[-13.2362,8.4917],[-13.2363,8.4918],[-13.2362,8.4919],[-13.2358,8.4921],[-13.2356,8.4919],[-13.2352,8.4919],[-13.2349,8.4918],[-13.2344,8.4921],[-13.2343,8.4922],[-13.2339,8.4924],[-13.2332,8.4929],[-13.233,8.493],[-13.2325,8.4932],[-13.2323,8.4932],[-13.2322,8.493],[-13.2319,8.4925],[-13.2319,8.4922],[-13.2316,8.4917],[-13.2316,8.4915],[-13.2312,8.4911],[-13.2311,8.491],[-13.2307,8.4909],[-13.2306,8.4909],[-13.2302,8.4906],[-13.2296,8.4898],[-13.2293,8.4897],[-13.2291,8.4899],[-13.2289,8.49],[-13.2288,8.49],[-13.2286,8.4902],[-13.2286,8.4904],[-13.2285,8.4905],[-13.2283,8.4908],[-13.2282,8.4909],[-13.2282,8.4913],[-13.228,8.4915],[-13.2278,8.4915],[-13.2276,8.4915],[-13.2274,8.4915],[-13.2273,8.4916],[-13.2274,8.4917],[-13.2276,8.4916],[-13.2276,8.4917],[-13.2276,8.4919],[-13.2275,8.4919],[-13.2274,8.4918],[-13.2273,8.4919],[-13.2271,8.4919],[-13.227,8.4919],[-13.2267,8.4918],[-13.226,8.4913],[-13.226,8.4912],[-13.2259,8.4913],[-13.2258,8.4913],[-13.2257,8.4913],[-13.2256,8.4913],[-13.2255,8.4912],[-13.2254,8.4911],[-13.2254,8.491],[-13.2252,8.491],[-13.225,8.491],[-13.2248,8.491],[-13.2246,8.4909],[-13.2241,8.4909],[-13.224,8.4907],[-13.2238,8.4906],[-13.2237,8.4906],[-13.2233,8.4906],[-13.2229,8.4908],[-13.2227,8.4908],[-13.2223,8.4908],[-13.2223,8.4907],[-13.2222,8.4907],[-13.2222,8.4906],[-13.2221,8.4906],[-13.2218,8.4907],[-13.2216,8.4907],[-13.2214,8.4907],[-13.2213,8.4906],[-13.2212,8.4906],[-13.221,8.4907],[-13.2207,8.4908],[-13.2177,8.4915],[-13.2165,8.494],[-13.2101,8.4941],[-13.2068,8.4917],[-13.2058,8.4909],[-13.2051,8.4908],[-13.2047,8.4906],[-13.2039,8.4908],[-13.2033,8.4907],[-13.2031,8.4906],[-13.203,8.4902],[-13.2028,8.4898],[-13.2028,8.4897],[-13.2029,8.4896],[-13.2029,8.4893],[-13.2028,8.4891],[-13.2034,8.4885],[-13.2035,8.4881],[-13.2036,8.4879],[-13.2037,8.4878],[-13.204,8.4876],[-13.2041,8.4877],[-13.2043,8.4876],[-13.2045,8.4873],[-13.2047,8.4872],[-13.2053,8.4871],[-13.2054,8.4872],[-13.2055,8.4873],[-13.2056,8.4874],[-13.2058,8.4875],[-13.2058,8.4878],[-13.2059,8.4879],[-13.206,8.4879],[-13.2061,8.4879],[-13.2061,8.4878],[-13.2063,8.4878],[-13.2065,8.4876],[-13.2065,8.4875],[-13.2066,8.4875],[-13.2067,8.4874],[-13.2067,8.4873],[-13.2067,8.4872],[-13.2067,8.4871],[-13.2065,8.487],[-13.2064,8.487],[-13.2061,8.487],[-13.206,8.487],[-13.206,8.4869],[-13.206,8.4868],[-13.206,8.4867],[-13.2059,8.4865],[-13.2059,8.4864],[-13.2058,8.4862],[-13.2059,8.4859],[-13.2058,8.4859],[-13.2057,8.4859],[-13.2054,8.4859],[-13.2054,8.486],[-13.2053,8.486],[-13.205,8.486],[-13.205,8.4859],[-13.2049,8.4858],[-13.2048,8.4857],[-13.2046,8.4857],[-13.2045,8.4856],[-13.2043,8.4854],[-13.2042,8.4854],[-13.2036,8.4855],[-13.2035,8.4855],[-13.2031,8.4856],[-13.203,8.4856],[-13.2028,8.4856],[-13.2027,8.4856],[-13.2026,8.4856],[-13.2026,8.4855],[-13.2029,8.4854],[-13.2028,8.4852],[-13.2029,8.4849],[-13.2029,8.4848],[-13.2031,8.4847],[-13.2031,8.4845],[-13.2032,8.4845],[-13.2033,8.4844],[-13.2033,8.4842],[-13.2033,8.4838],[-13.2033,8.4836],[-13.2033,8.4834],[-13.2033,8.4832],[-13.2032,8.4829],[-13.2032,8.4828],[-13.2032,8.4827],[-13.2033,8.4825],[-13.2029,8.4821],[-13.2028,8.4819],[-13.2026,8.4815],[-13.2025,8.4813],[-13.2017,8.4809],[-13.2016,8.4809],[-13.2014,8.4809],[-13.2013,8.4809],[-13.2012,8.4809],[-13.2008,8.4813],[-13.2006,8.4814],[-13.2003,8.4814],[-13.1998,8.4817],[-13.1996,8.4818],[-13.1994,8.4817],[-13.199,8.4816],[-13.1986,8.4814],[-13.1984,8.4811],[-13.1981,8.481],[-13.1979,8.4809],[-13.1978,8.4808],[-13.1974,8.4807],[-13.1969,8.4805],[-13.1968,8.4805],[-13.1968,8.4806],[-13.1967,8.4807],[-13.1964,8.4808],[-13.1963,8.4809],[-13.1961,8.481],[-13.1957,8.4812],[-13.1956,8.4812],[-13.1955,8.4812],[-13.1954,8.4813],[-13.1955,8.4813],[-13.1956,8.4814],[-13.1956,8.4815],[-13.1956,8.4816],[-13.1956,8.4818],[-13.1956,8.4819],[-13.1954,8.4819],[-13.1953,8.482],[-13.1949,8.4821],[-13.1949,8.4822],[-13.1948,8.4823],[-13.1946,8.4824],[-13.1946,8.4823],[-13.1945,8.4823],[-13.194,8.4824],[-13.1941,8.483],[-13.194,8.483],[-13.1939,8.4824],[-13.1937,8.4823],[-13.1935,8.482],[-13.1932,8.4817],[-13.1929,8.4813],[-13.1927,8.4813],[-13.1918,8.4809],[-13.1916,8.481],[-13.1914,8.481],[-13.1911,8.481],[-13.1909,8.481],[-13.1906,8.481],[-13.1899,8.4811],[-13.1895,8.4811],[-13.1889,8.4815],[-13.1878,8.4823],[-13.1876,8.4824],[-13.1871,8.4823],[-13.1869,8.4822],[-13.1866,8.4819],[-13.1857,8.4814],[-13.1855,8.4812],[-13.1852,8.4808],[-13.1851,8.4805],[-13.1851,8.4803],[-13.1853,8.4792],[-13.1853,8.4789],[-13.1852,8.4788],[-13.185,8.4786],[-13.1848,8.4783],[-13.1847,8.4781],[-13.1843,8.4779],[-13.1841,8.478],[-13.184,8.4782],[-13.1838,8.4783],[-13.183,8.4782],[-13.1822,8.4779],[-13.182,8.4777],[-13.1819,8.4772],[-13.1817,8.4769],[-13.1815,8.4767],[-13.1811,8.476],[-13.1809,8.4749],[-13.1805,8.4745],[-13.18,8.4741],[-13.1797,8.4738],[-13.1793,8.4735],[-13.1791,8.4734],[-13.1784,8.4733],[-13.1781,8.473],[-13.1779,8.4726],[-13.1776,8.4722],[-13.1774,8.472],[-13.1772,8.4716],[-13.1767,8.4714],[-13.1762,8.4708],[-13.1756,8.4704],[-13.1746,8.47],[-13.1742,8.4698],[-13.174,8.4695],[-13.1738,8.4694],[-13.1736,8.4693],[-13.1735,8.4694],[-13.1733,8.4693],[-13.1734,8.4691],[-13.1731,8.4689],[-13.1731,8.4687],[-13.173,8.4684],[-13.1727,8.4681],[-13.1722,8.4678],[-13.172,8.4676],[-13.1717,8.4671],[-13.1716,8.467],[-13.171,8.4659],[-13.1709,8.4655],[-13.1709,8.4651],[-13.1709,8.4648],[-13.1708,8.4645],[-13.1708,8.4642],[-13.1709,8.464],[-13.1709,8.4638],[-13.1708,8.4636],[-13.1705,8.4634],[-13.1704,8.4632],[-13.17,8.4629],[-13.1695,8.4623],[-13.1694,8.4621],[-13.1693,8.4621],[-13.1692,8.4619],[-13.1693,8.4618],[-13.1692,8.4608],[-13.1691,8.4604],[-13.1689,8.4595],[-13.1689,8.4593],[-13.1685,8.4591],[-13.1681,8.4585],[-13.168,8.4581],[-13.1678,8.4576],[-13.1676,8.4574],[-13.1668,8.4564],[-13.1666,8.4559],[-13.1664,8.4557],[-13.1662,8.4556],[-13.1652,8.4557],[-13.1641,8.4555],[-13.1635,8.4553],[-13.1628,8.4551],[-13.1616,8.4545],[-13.161,8.4543],[-13.1597,8.4539],[-13.159,8.4533],[-13.1585,8.4524],[-13.1561,8.4495],[-13.1552,8.4477],[-13.1542,8.4454],[-13.1537,8.4449],[-13.1531,8.4425],[-13.1519,8.4408],[-13.1501,8.4374],[-13.1497,8.4369],[-13.149,8.4354],[-13.1478,8.4339],[-13.1468,8.4325],[-13.1442,8.4309],[-13.1424,8.4297],[-13.142,8.4287],[-13.142,8.4283],[-13.1424,8.4277],[-13.1424,8.4273],[-13.1423,8.4271],[-13.1418,8.4269],[-13.1411,8.4269],[-13.1405,8.4267],[-13.1402,8.4264],[-13.1399,8.426],[-13.1394,8.4258],[-13.1385,8.4257],[-13.1376,8.4255],[-13.1355,8.4247],[-13.135,8.4244],[-13.1346,8.4243],[-13.1333,8.4245],[-13.1325,8.4249],[-13.1321,8.4253],[-13.132,8.426],[-13.1313,8.427],[-13.1308,8.427],[-13.1301,8.4263],[-13.1296,8.4252],[-13.1289,8.4245],[-13.1278,8.4245],[-13.1253,8.4238],[-13.1206,8.4216],[-13.1198,8.4209],[-13.1193,8.4201],[-13.119,8.4193],[-13.1187,8.4182],[-13.1189,8.4165],[-13.1184,8.4152],[-13.1202,8.4146],[-13.1257,8.4145],[-13.1296,8.4183]],[[-13.2067,8.4871],[-13.2069,8.4872],[-13.2069,8.4871],[-13.2067,8.4871]],[[-13.2269,8.4906],[-13.2268,8.4902],[-13.2266,8.4898],[-13.2269,8.4906]]],[[[-13.2027,8.4856],[-13.2024,8.4859],[-13.2024,8.4858],[-13.2027,8.4856]]]]},"properties":{"code":"WAU_FRTCC","name":"Freetown City Council","level":"3","parent":"PMLlCzM0mWT","parentGraph":"Plmg8ikyfrK/PMLlCzM0mWT","groups":["aYjKY8GaXYQ","QJuHsfZjNBf"]}},{"type":"Feature","id":"oWaJJJLCWzI","geometry":{"type":"Polygon","coordinates":[[[-10.605,7.8685],[-10.6048,7.7779],[-10.6047,7.7767],[-10.6043,7.7746],[-10.6272,7.7681],[-10.6287,7.767],[-10.6315,7.7663],[-10.6386,7.7691],[-10.6397,7.7692],[-10.6407,7.768],[-10.6431,7.7685],[-10.6449,7.7692],[-10.6458,7.769],[-10.646,7.7686],[-10.6458,7.7676],[-10.6457,7.7664],[-10.6464,7.7661],[-10.6475,7.7667],[-10.652,7.7662],[-10.6535,7.7637],[-10.6534,7.7621],[-10.6547,7.762],[-10.6556,7.7613],[-10.6574,7.7615],[-10.6574,7.7625],[-10.657,7.7633],[-10.6567,7.7641],[-10.6571,7.7652],[-10.6579,7.7651],[-10.6588,7.7644],[-10.6589,7.7577],[-10.6641,7.7519],[-10.6668,7.7513],[-10.6696,7.7516],[-10.6707,7.7513],[-10.6713,7.7508],[-10.6707,7.7502],[-10.6697,7.7501],[-10.6695,7.7496],[-10.6696,7.7489],[-10.6715,7.7478],[-10.6732,7.7491],[-10.6744,7.7486],[-10.6755,7.7473],[-10.6773,7.7463],[-10.6791,7.7494],[-10.68,7.7501],[-10.6811,7.7496],[-10.6818,7.7461],[-10.6871,7.7422],[-10.6898,7.744],[-10.6928,7.7427],[-10.692,7.7409],[-10.6918,7.7389],[-10.6926,7.7383],[-10.6932,7.7396],[-10.6966,7.7404],[-10.697,7.7398],[-10.6962,7.7389],[-10.6964,7.7379],[-10.6957,7.7355],[-10.697,7.7353],[-10.6982,7.7353],[-10.6992,7.7368],[-10.7008,7.7365],[-10.7017,7.736],[-10.7043,7.7313],[-10.7085,7.7285],[-10.7074,7.726],[-10.7075,7.7206],[-10.7089,7.7197],[-10.7098,7.7188],[-10.7106,7.7173],[-10.7104,7.7162],[-10.71,7.7146],[-10.7102,7.7135],[-10.7107,7.7128],[-10.7115,7.7122],[-10.7124,7.712],[-10.7132,7.712],[-10.7146,7.7123],[-10.7154,7.7124],[-10.7159,7.7116],[-10.716,7.7109],[-10.7156,7.7095],[-10.7155,7.7084],[-10.7159,7.7078],[-10.7184,7.7071],[-10.7197,7.7064],[-10.7203,7.7057],[-10.7202,7.7054],[-10.7187,7.7053],[-10.7183,7.7049],[-10.7182,7.7042],[-10.7189,7.7036],[-10.7194,7.7028],[-10.7208,7.7015],[-10.7223,7.7],[-10.723,7.6995],[-10.724,7.699],[-10.7247,7.6986],[-10.7252,7.6982],[-10.7262,7.6969],[-10.7264,7.6965],[-10.7266,7.6962],[-10.7268,7.6957],[-10.7267,7.695],[-10.7267,7.6946],[-10.727,7.6941],[-10.7272,7.6934],[-10.7274,7.6926],[-10.7268,7.6905],[-10.7271,7.6882],[-10.7288,7.6868],[-10.7297,7.6872],[-10.7302,7.6878],[-10.7311,7.6879],[-10.7344,7.682],[-10.7372,7.6834],[-10.7378,7.6834],[-10.7387,7.6827],[-10.7396,7.682],[-10.7414,7.6807],[-10.7426,7.6795],[-10.7431,7.6787],[-10.7435,7.6775],[-10.7442,7.6755],[-10.745,7.6745],[-10.7462,7.6739],[-10.7475,7.6719],[-10.748,7.6708],[-10.7488,7.6693],[-10.7497,7.669],[-10.7509,7.6681],[-10.7515,7.6673],[-10.7509,7.6664],[-10.7499,7.6663],[-10.7489,7.6661],[-10.7485,7.6655],[-10.7489,7.665],[-10.7486,7.6641],[-10.7476,7.6629],[-10.7476,7.662],[-10.7478,7.6616],[-10.7486,7.6614],[-10.7512,7.6615],[-10.7531,7.6613],[-10.7542,7.6605],[-10.7553,7.6599],[-10.7568,7.6594],[-10.7589,7.6587],[-10.7605,7.658],[-10.7613,7.6578],[-10.7619,7.6571],[-10.7625,7.6554],[-10.7631,7.6546],[-10.764,7.6538],[-10.7653,7.6524],[-10.7665,7.6515],[-10.7669,7.6511],[-10.7671,7.6499],[-10.7671,7.6486],[-10.7674,7.6479],[-10.7681,7.6474],[-10.769,7.647],[-10.7696,7.6472],[-10.7704,7.6479],[-10.7712,7.6491],[-10.7712,7.6496],[-10.771,7.6503],[-10.7711,7.6516],[-10.7715,7.6525],[-10.7722,7.6531],[-10.7726,7.6534],[-10.773,7.6536],[-10.7748,7.6537],[-10.7754,7.6535],[-10.7758,7.6529],[-10.7756,7.6519],[-10.7752,7.6504],[-10.7747,7.6498],[-10.7738,7.6493],[-10.7728,7.648],[-10.7736,7.6472],[-10.7744,7.6462],[-10.7753,7.6444],[-10.7755,7.6436],[-10.7753,7.6425],[-10.775,7.6416],[-10.7753,7.641],[-10.7756,7.6392],[-10.7756,7.6388],[-10.7754,7.638],[-10.7755,7.6377],[-10.7762,7.6372],[-10.7762,7.6361],[-10.7765,7.6356],[-10.777,7.6354],[-10.7777,7.6353],[-10.7784,7.6352],[-10.779,7.6346],[-10.7799,7.6335],[-10.7808,7.6327],[-10.7819,7.6312],[-10.7824,7.6303],[-10.7827,7.6294],[-10.7832,7.6289],[-10.7837,7.6289],[-10.7848,7.6269],[-10.7858,7.6257],[-10.787,7.6244],[-10.791,7.6207],[-10.7915,7.6199],[-10.7912,7.6189],[-10.7903,7.6177],[-10.7893,7.6168],[-10.789,7.6162],[-10.7892,7.6159],[-10.7896,7.6155],[-10.7905,7.6141],[-10.7907,7.6128],[-10.791,7.612],[-10.7915,7.6112],[-10.7921,7.6105],[-10.7927,7.6099],[-10.7931,7.6092],[-10.7933,7.6087],[-10.7932,7.6084],[-10.7924,7.6084],[-10.7914,7.6095],[-10.791,7.6096],[-10.7905,7.6095],[-10.7903,7.6093],[-10.7903,7.6078],[-10.7904,7.6063],[-10.7898,7.603],[-10.7892,7.602],[-10.7893,7.6018],[-10.816,7.6186],[-10.8244,7.6245],[-10.827,7.6267],[-10.8318,7.6346],[-10.8337,7.6385],[-10.8374,7.6414],[-10.843,7.6435],[-10.8492,7.6451],[-10.8668,7.6491],[-10.8782,7.6502],[-10.8898,7.6515],[-10.8986,7.6507],[-10.9076,7.6504],[-10.9128,7.6511],[-10.9139,7.6551],[-10.9161,7.6666],[-10.9181,7.6749],[-10.9216,7.6775],[-10.9268,7.6806],[-10.9314,7.6861],[-10.9314,7.6983],[-10.9316,7.7038],[-10.9278,7.7195],[-10.9243,7.7271],[-10.9182,7.7337],[-10.9142,7.7411],[-10.9083,7.747],[-10.9079,7.7531],[-10.9088,7.7606],[-10.911,7.7617],[-10.9131,7.7628],[-10.9155,7.7621],[-10.918,7.7645],[-10.9199,7.7654],[-10.923,7.7649],[-10.9258,7.7676],[-10.9287,7.7625],[-10.9287,7.7584],[-10.93,7.7582],[-10.9332,7.761],[-10.9357,7.7619],[-10.937,7.7595],[-10.9407,7.7636],[-10.9431,7.7638],[-10.9448,7.7623],[-10.9472,7.766],[-10.952,7.775],[-10.9531,7.7787],[-10.9552,7.7861],[-10.9598,7.7955],[-10.9642,7.8008],[-10.9688,7.7982],[-10.9747,7.796],[-10.9817,7.799],[-10.9849,7.8041],[-10.9952,7.8185],[-10.9956,7.8193],[-10.9994,7.8266],[-11.0046,7.8403],[-11.0073,7.844],[-11.0117,7.8569],[-11.0174,7.867],[-11.0222,7.8749],[-11.0252,7.8777],[-11.0276,7.8775],[-11.0298,7.8725],[-11.0329,7.8716],[-11.0368,7.8705],[-11.0403,7.8714],[-11.0411,7.8726],[-11.0429,7.8757],[-11.0429,7.8801],[-11.0401,7.884],[-11.0338,7.8895],[-11.0285,7.8989],[-11.027,7.9041],[-11.0264,7.91],[-11.0227,7.9133],[-11.0221,7.917],[-11.0245,7.9234],[-11.0234,7.9251],[-11.0199,7.9251],[-11.0171,7.9282],[-11.0175,7.9341],[-11.0162,7.9382],[-11.0153,7.9435],[-11.0168,7.947],[-11.0157,7.95],[-11.0122,7.9542],[-11.0094,7.9575],[-11.0098,7.961],[-11.0115,7.9627],[-11.0095,7.9649],[-11.006,7.9638],[-11.0045,7.9684],[-11.0021,7.9721],[-11.0001,7.9747],[-10.9984,7.9782],[-10.9942,7.98],[-10.9929,7.9839],[-10.9905,7.9885],[-10.9877,7.9915],[-10.987,7.9946],[-10.9856,7.9979],[-10.9823,8.0044],[-10.9803,8.0088],[-10.9817,8.0143],[-10.9795,8.0182],[-10.9773,8.0221],[-10.976,8.0261],[-10.9736,8.0309],[-10.9729,8.0335],[-10.9699,8.0366],[-10.9694,8.0401],[-10.9666,8.0444],[-10.9633,8.0536],[-10.9653,8.0551],[-10.9547,8.068],[-10.9562,8.0696],[-10.961,8.0711],[-10.9619,8.0752],[-10.9571,8.0787],[-10.9599,8.0805],[-10.9636,8.0838],[-10.9603,8.0859],[-10.9507,8.087],[-10.945,8.0905],[-10.9422,8.0982],[-10.9405,8.1008],[-10.9374,8.1019],[-10.9387,8.1045],[-10.9332,8.1126],[-10.9291,8.117],[-10.9249,8.1187],[-10.9218,8.1231],[-10.9172,8.1244],[-10.9148,8.1266],[-10.9137,8.1294],[-10.91,8.1323],[-10.9067,8.134],[-10.9045,8.1388],[-10.9074,8.143],[-10.9058,8.1434],[-10.9047,8.1458],[-10.9041,8.1471],[-10.9001,8.1476],[-10.9004,8.1506],[-10.8986,8.157],[-10.8964,8.157],[-10.8953,8.1594],[-10.8925,8.1611],[-10.8914,8.1635],[-10.889,8.1626],[-10.8886,8.1646],[-10.8901,8.1661],[-10.8875,8.1681],[-10.889,8.1703],[-10.8872,8.1714],[-10.8883,8.1738],[-10.8905,8.1738],[-10.8927,8.1751],[-10.891,8.1773],[-10.8894,8.1812],[-10.8909,8.186],[-10.8898,8.1882],[-10.888,8.1882],[-10.8889,8.1913],[-10.8856,8.193],[-10.8852,8.1965],[-10.8871,8.1985],[-10.8885,8.2013],[-10.8863,8.2055],[-10.8841,8.2053],[-10.8839,8.2074],[-10.8819,8.2081],[-10.8797,8.2109],[-10.8775,8.2123],[-10.8753,8.2116],[-10.874,8.2142],[-10.8756,8.2166],[-10.874,8.2182],[-10.8751,8.2214],[-10.8705,8.2249],[-10.8738,8.2291],[-10.8708,8.2297],[-10.8725,8.2319],[-10.871,8.2352],[-10.8697,8.2391],[-10.8674,8.2416],[-10.8657,8.2435],[-10.8662,8.2455],[-10.8647,8.2507],[-10.8645,8.252],[-10.8608,8.256],[-10.8577,8.2584],[-10.8606,8.2599],[-10.8582,8.2614],[-10.8591,8.2651],[-10.8571,8.2669],[-10.8567,8.2695],[-10.8551,8.2732],[-10.8573,8.2739],[-10.8577,8.2772],[-10.8571,8.2813],[-10.8586,8.2833],[-10.8623,8.2826],[-10.8656,8.287],[-10.8665,8.2907],[-10.8689,8.2931],[-10.8724,8.2918],[-10.877,8.2914],[-10.8798,8.2898],[-10.8833,8.2914],[-10.8883,8.289],[-10.8912,8.2885],[-10.8942,8.2892],[-10.8969,8.2881],[-10.899,8.2887],[-10.9032,8.2863],[-10.9063,8.2865],[-10.9067,8.2909],[-10.9034,8.2946],[-10.9015,8.2983],[-10.9001,8.3018],[-10.896,8.3056],[-10.8929,8.3091],[-10.89,8.3108],[-10.8821,8.3182],[-10.8777,8.3252],[-10.8736,8.3283],[-10.8714,8.3322],[-10.8683,8.3372],[-10.8712,8.3364],[-10.8727,8.3427],[-10.871,8.3563],[-10.8727,8.3617],[-10.8742,8.3667],[-10.8734,8.37],[-10.8697,8.3731],[-10.8661,8.3753],[-10.8643,8.3788],[-10.8641,8.3825],[-10.8612,8.3853],[-10.8564,8.3888],[-10.855,8.3922],[-10.8444,8.3915],[-10.8444,8.3975],[-10.8484,8.4035],[-10.8391,8.4103],[-10.8385,8.4108],[-10.8299,8.4134],[-10.8226,8.4141],[-10.8133,8.4114],[-10.8047,8.4081],[-10.7967,8.4094],[-10.7907,8.4101],[-10.7808,8.4114],[-10.7672,8.4114],[-10.7637,8.4124],[-10.7594,8.4133],[-10.7549,8.413],[-10.7419,8.414],[-10.7362,8.4197],[-10.7307,8.4262],[-10.7273,8.4349],[-10.7282,8.4357],[-10.7244,8.4426],[-10.7191,8.4426],[-10.712,8.4421],[-10.7124,8.4451],[-10.7093,8.4471],[-10.7064,8.4469],[-10.7044,8.4456],[-10.7018,8.4419],[-10.6986,8.4419],[-10.6964,8.4496],[-10.6897,8.4496],[-10.6829,8.4507],[-10.6813,8.4509],[-10.6729,8.4571],[-10.6612,8.4596],[-10.6578,8.4637],[-10.6505,8.4663],[-10.648,8.4618],[-10.644,8.4555],[-10.6432,8.4543],[-10.643,8.4538],[-10.6429,8.4535],[-10.6425,8.4533],[-10.6421,8.4533],[-10.6419,8.4533],[-10.6418,8.453],[-10.6415,8.452],[-10.6408,8.4514],[-10.6408,8.4505],[-10.6417,8.4498],[-10.6421,8.4481],[-10.6419,8.4466],[-10.6408,8.4433],[-10.6411,8.4412],[-10.6428,8.4397],[-10.6444,8.4387],[-10.6444,8.438],[-10.644,8.4366],[-10.6441,8.4356],[-10.6447,8.4339],[-10.6451,8.4312],[-10.6464,8.4279],[-10.6468,8.4259],[-10.6494,8.4255],[-10.6508,8.4245],[-10.6509,8.4233],[-10.6502,8.4226],[-10.648,8.4233],[-10.6443,8.4218],[-10.6445,8.42],[-10.6442,8.4182],[-10.6439,8.4144],[-10.6449,8.4125],[-10.6454,8.4112],[-10.6447,8.4095],[-10.643,8.4069],[-10.6427,8.4048],[-10.642,8.4027],[-10.6413,8.4009],[-10.6407,8.3994],[-10.6397,8.3981],[-10.6389,8.3941],[-10.6394,8.3927],[-10.6394,8.3923],[-10.6397,8.3919],[-10.6412,8.3914],[-10.6427,8.39],[-10.6451,8.3892],[-10.6474,8.3889],[-10.6476,8.3871],[-10.6473,8.3868],[-10.6474,8.3861],[-10.6478,8.3845],[-10.6493,8.3826],[-10.6535,8.3813],[-10.6587,8.3813],[-10.6619,8.3824],[-10.663,8.3834],[-10.6642,8.3837],[-10.6649,8.3832],[-10.666,8.3818],[-10.6695,8.3785],[-10.6733,8.3784],[-10.6738,8.3783],[-10.6761,8.3756],[-10.6765,8.374],[-10.6769,8.371],[-10.6776,8.3695],[-10.678,8.3685],[-10.6783,8.3667],[-10.6786,8.3661],[-10.6784,8.3654],[-10.6784,8.3638],[-10.6791,8.3624],[-10.6789,8.3622],[-10.6787,8.3618],[-10.6786,8.3609],[-10.6783,8.3607],[-10.6793,8.3558],[-10.6785,8.3538],[-10.6783,8.3535],[-10.6786,8.3529],[-10.6786,8.3518],[-10.6786,8.3512],[-10.6786,8.3503],[-10.679,8.3481],[-10.6811,8.3458],[-10.6826,8.3439],[-10.6832,8.3424],[-10.6836,8.3402],[-10.6851,8.3377],[-10.6855,8.3357],[-10.686,8.3343],[-10.6866,8.3335],[-10.6874,8.3332],[-10.6878,8.3325],[-10.6881,8.3307],[-10.6883,8.33],[-10.6887,8.3293],[-10.6902,8.3285],[-10.692,8.3274],[-10.6921,8.3264],[-10.6916,8.3256],[-10.6903,8.3252],[-10.6894,8.3245],[-10.6899,8.3229],[-10.6906,8.3217],[-10.6949,8.3189],[-10.6966,8.3159],[-10.6982,8.3137],[-10.6983,8.3129],[-10.6965,8.3118],[-10.6949,8.3105],[-10.6942,8.3089],[-10.6944,8.3078],[-10.6954,8.3063],[-10.6965,8.304],[-10.6977,8.3027],[-10.6995,8.3012],[-10.7,8.2998],[-10.6997,8.2985],[-10.6987,8.2973],[-10.6961,8.2954],[-10.6956,8.2938],[-10.6959,8.2917],[-10.6966,8.2909],[-10.6973,8.2905],[-10.6979,8.2909],[-10.698,8.2918],[-10.699,8.2923],[-10.7003,8.2923],[-10.7008,8.2918],[-10.7011,8.2905],[-10.7008,8.2882],[-10.7019,8.2826],[-10.7017,8.2811],[-10.7013,8.2803],[-10.7006,8.2801],[-10.6953,8.2831],[-10.6925,8.2842],[-10.6903,8.2855],[-10.6888,8.2862],[-10.6874,8.2865],[-10.6854,8.2865],[-10.6858,8.2926],[-10.6866,8.2974],[-10.6851,8.3041],[-10.6848,8.3096],[-10.683,8.3154],[-10.6803,8.3159],[-10.6791,8.3154],[-10.677,8.3153],[-10.6761,8.3182],[-10.6756,8.3231],[-10.6731,8.3271],[-10.6734,8.3322],[-10.6725,8.3339],[-10.6694,8.3374],[-10.6669,8.3394],[-10.6661,8.3398],[-10.6659,8.3404],[-10.666,8.3419],[-10.6655,8.3439],[-10.6656,8.3442],[-10.6655,8.3448],[-10.665,8.3457],[-10.6646,8.3459],[-10.6636,8.3459],[-10.6632,8.3469],[-10.6632,8.3476],[-10.6629,8.3489],[-10.6589,8.3503],[-10.6517,8.3512],[-10.6487,8.3527],[-10.6447,8.3532],[-10.6427,8.3545],[-10.6408,8.3537],[-10.6392,8.3537],[-10.6385,8.3525],[-10.6381,8.3509],[-10.6387,8.3488],[-10.6381,8.3446],[-10.6372,8.3428],[-10.6367,8.3422],[-10.6358,8.342],[-10.6354,8.3421],[-10.6336,8.343],[-10.6318,8.3468],[-10.6306,8.3469],[-10.6297,8.3476],[-10.6276,8.3502],[-10.6246,8.3515],[-10.6239,8.3513],[-10.6234,8.3507],[-10.6233,8.3494],[-10.6243,8.3463],[-10.6232,8.3441],[-10.6225,8.3431],[-10.6193,8.3399],[-10.6167,8.3381],[-10.6125,8.3377],[-10.6095,8.3389],[-10.6059,8.3409],[-10.6047,8.3409],[-10.604,8.3399],[-10.6002,8.3395],[-10.5959,8.3377],[-10.5922,8.3376],[-10.5858,8.3374],[-10.5815,8.3337],[-10.5773,8.3341],[-10.5769,8.3335],[-10.576,8.329],[-10.5744,8.3238],[-10.5734,8.3173],[-10.5723,8.3146],[-10.5724,8.3089],[-10.5703,8.3087],[-10.5677,8.3074],[-10.5671,8.3075],[-10.5659,8.3089],[-10.5615,8.3118],[-10.5603,8.3118],[-10.5588,8.3092],[-10.5572,8.3086],[-10.5562,8.3056],[-10.5525,8.3084],[-10.5486,8.3097],[-10.5425,8.3092],[-10.5405,8.3118],[-10.5364,8.3143],[-10.5312,8.3177],[-10.5289,8.3192],[-10.5242,8.3233],[-10.5203,8.326],[-10.5176,8.328],[-10.5134,8.3318],[-10.5112,8.3338],[-10.5086,8.3345],[-10.5068,8.3369],[-10.5034,8.3406],[-10.4983,8.3421],[-10.4964,8.3446],[-10.4931,8.3474],[-10.4907,8.3501],[-10.4869,8.358],[-10.4797,8.3629],[-10.4791,8.3646],[-10.482,8.3664],[-10.4823,8.3697],[-10.4811,8.3722],[-10.4782,8.3767],[-10.475,8.3793],[-10.4711,8.3803],[-10.4692,8.381],[-10.4676,8.3822],[-10.4653,8.3841],[-10.4635,8.3855],[-10.463,8.3899],[-10.4615,8.3905],[-10.4568,8.3904],[-10.4547,8.3909],[-10.4498,8.3942],[-10.4474,8.3971],[-10.4464,8.399],[-10.4443,8.4003],[-10.4408,8.4035],[-10.4383,8.4046],[-10.4366,8.4068],[-10.434,8.4101],[-10.4311,8.4116],[-10.4293,8.4155],[-10.4287,8.4181],[-10.4265,8.4203],[-10.4249,8.4246],[-10.423,8.4284],[-10.4194,8.4336],[-10.4163,8.4368],[-10.4127,8.4413],[-10.4093,8.4411],[-10.407,8.4424],[-10.403,8.4458],[-10.3994,8.4497],[-10.3943,8.4577],[-10.3937,8.4607],[-10.394,8.4632],[-10.3944,8.4648],[-10.394,8.4666],[-10.3941,8.4677],[-10.3931,8.471],[-10.3906,8.4742],[-10.39,8.4765],[-10.39,8.4773],[-10.3896,8.4781],[-10.389,8.479],[-10.3889,8.4796],[-10.3893,8.4802],[-10.3895,8.481],[-10.3893,8.4817],[-10.3883,8.4827],[-10.3878,8.4836],[-10.3872,8.4862],[-10.3867,8.4872],[-10.3859,8.4882],[-10.3846,8.4888],[-10.384,8.4892],[-10.3837,8.4904],[-10.3832,8.4907],[-10.3827,8.491],[-10.3821,8.4909],[-10.3804,8.4902],[-10.3796,8.4897],[-10.3783,8.4861],[-10.3769,8.4835],[-10.3753,8.4808],[-10.3752,8.4804],[-10.3752,8.4801],[-10.3751,8.4799],[-10.3748,8.48],[-10.3684,8.4862],[-10.3678,8.4865],[-10.3664,8.4868],[-10.3646,8.4868],[-10.3632,8.4864],[-10.3623,8.4866],[-10.3614,8.4866],[-10.3589,8.4855],[-10.3582,8.4847],[-10.3581,8.4841],[-10.3585,8.4832],[-10.3583,8.483],[-10.3579,8.4828],[-10.3573,8.4829],[-10.3565,8.483],[-10.3559,8.4838],[-10.355,8.4863],[-10.3547,8.4879],[-10.3538,8.4889],[-10.3524,8.4894],[-10.3506,8.4899],[-10.3482,8.4912],[-10.3454,8.4936],[-10.3432,8.4945],[-10.3419,8.4936],[-10.3403,8.4937],[-10.3392,8.4941],[-10.3382,8.4949],[-10.337,8.4975],[-10.3359,8.4991],[-10.3348,8.4999],[-10.3335,8.5004],[-10.3317,8.5007],[-10.3295,8.5012],[-10.3273,8.5025],[-10.3264,8.5039],[-10.3247,8.5059],[-10.3239,8.5063],[-10.3231,8.5064],[-10.3222,8.5061],[-10.3175,8.5025],[-10.317,8.5021],[-10.3149,8.5007],[-10.3127,8.4997],[-10.3107,8.4992],[-10.3096,8.4988],[-10.3086,8.4983],[-10.3085,8.4978],[-10.3081,8.4973],[-10.3069,8.4969],[-10.3039,8.4969],[-10.3025,8.4966],[-10.3025,8.4954],[-10.3018,8.494],[-10.3015,8.492],[-10.3012,8.4916],[-10.3007,8.4915],[-10.2993,8.4915],[-10.2987,8.4914],[-10.2968,8.493],[-10.2947,8.4935],[-10.2935,8.4917],[-10.2921,8.4906],[-10.291,8.4909],[-10.2901,8.4914],[-10.2892,8.4906],[-10.2884,8.4886],[-10.2862,8.487],[-10.2831,8.4862],[-10.2799,8.485],[-10.2792,8.4846],[-10.2787,8.4845],[-10.2781,8.4846],[-10.2779,8.4846],[-10.2776,8.4837],[-10.2773,8.4826],[-10.2765,8.4813],[-10.2763,8.4808],[-10.2759,8.4802],[-10.2754,8.4795],[-10.2754,8.4789],[-10.2756,8.4781],[-10.2756,8.4778],[-10.2757,8.4774],[-10.2756,8.4765],[-10.2755,8.4758],[-10.2752,8.4755],[-10.2749,8.4748],[-10.2749,8.4743],[-10.2751,8.4736],[-10.2751,8.4733],[-10.2748,8.4727],[-10.2746,8.4725],[-10.2757,8.4721],[-10.277,8.4713],[-10.2768,8.4705],[-10.277,8.4698],[-10.277,8.4694],[-10.2769,8.4684],[-10.2776,8.4679],[-10.2783,8.4672],[-10.2786,8.4669],[-10.2788,8.4664],[-10.279,8.4655],[-10.2806,8.4651],[-10.2816,8.4647],[-10.2819,8.4647],[-10.2822,8.4647],[-10.2822,8.4644],[-10.2819,8.4641],[-10.2818,8.4638],[-10.2813,8.4633],[-10.2811,8.463],[-10.2811,8.4627],[-10.2809,8.4626],[-10.2808,8.4624],[-10.2806,8.4622],[-10.2805,8.462],[-10.2802,8.4619],[-10.2798,8.4619],[-10.2794,8.462],[-10.2791,8.462],[-10.2786,8.4618],[-10.2779,8.4613],[-10.2776,8.4607],[-10.2768,8.4603],[-10.2767,8.4601],[-10.2767,8.4595],[-10.2763,8.458],[-10.2762,8.4569],[-10.2763,8.4564],[-10.2763,8.4559],[-10.2761,8.4553],[-10.2761,8.4549],[-10.2757,8.4541],[-10.2757,8.4539],[-10.2758,8.4533],[-10.2757,8.4521],[-10.2748,8.4499],[-10.274,8.4487],[-10.272,8.4466],[-10.2717,8.4459],[-10.2717,8.4446],[-10.2718,8.4435],[-10.2722,8.4421],[-10.2727,8.4411],[-10.2728,8.4402],[-10.273,8.4398],[-10.2734,8.4395],[-10.2738,8.4389],[-10.2741,8.4387],[-10.2745,8.4385],[-10.275,8.438],[-10.276,8.4369],[-10.2766,8.436],[-10.2767,8.4358],[-10.2764,8.435],[-10.2763,8.4348],[-10.2765,8.4345],[-10.2772,8.434],[-10.2774,8.4337],[-10.2774,8.4334],[-10.2771,8.433],[-10.2771,8.4328],[-10.2775,8.4327],[-10.2782,8.4328],[-10.2786,8.4329],[-10.279,8.4328],[-10.2793,8.4324],[-10.2795,8.4322],[-10.2799,8.4312],[-10.28,8.4309],[-10.2798,8.4305],[-10.2797,8.4303],[-10.2797,8.43],[-10.2803,8.4297],[-10.2803,8.4294],[-10.2803,8.4287],[-10.2807,8.4286],[-10.281,8.4284],[-10.2811,8.428],[-10.2811,8.4273],[-10.2812,8.4269],[-10.2807,8.4263],[-10.2803,8.426],[-10.2794,8.4255],[-10.2784,8.4254],[-10.2782,8.4255],[-10.2782,8.4257],[-10.2777,8.4257],[-10.2764,8.4246],[-10.2762,8.4242],[-10.2763,8.4236],[-10.2763,8.4233],[-10.276,8.423],[-10.2752,8.423],[-10.2743,8.4226],[-10.2738,8.422],[-10.2739,8.421],[-10.2756,8.4188],[-10.2755,8.4179],[-10.2753,8.4171],[-10.2767,8.4163],[-10.2766,8.4157],[-10.2764,8.4154],[-10.2763,8.4151],[-10.2763,8.4147],[-10.2762,8.4143],[-10.2761,8.414],[-10.2759,8.4137],[-10.2759,8.4134],[-10.2759,8.4131],[-10.2759,8.4129],[-10.2761,8.4126],[-10.2764,8.4125],[-10.2768,8.4123],[-10.277,8.4119],[-10.2775,8.4118],[-10.2777,8.4117],[-10.2778,8.4115],[-10.2777,8.411],[-10.2767,8.409],[-10.2778,8.4084],[-10.2804,8.4067],[-10.2803,8.4066],[-10.2802,8.4064],[-10.2799,8.4063],[-10.2796,8.4062],[-10.2791,8.4059],[-10.2787,8.4052],[-10.2787,8.4038],[-10.2788,8.4022],[-10.2799,8.4027],[-10.2811,8.4025],[-10.281,8.4016],[-10.2809,8.4004],[-10.2807,8.4],[-10.2804,8.3996],[-10.2793,8.399],[-10.2791,8.3983],[-10.2794,8.3976],[-10.2793,8.397],[-10.2788,8.3956],[-10.2788,8.3951],[-10.2809,8.3926],[-10.2835,8.3914],[-10.2852,8.3916],[-10.2855,8.3914],[-10.2856,8.3907],[-10.2863,8.3904],[-10.2864,8.3898],[-10.286,8.3887],[-10.2875,8.3876],[-10.2869,8.3852],[-10.2875,8.3849],[-10.288,8.3848],[-10.2885,8.3847],[-10.2903,8.3808],[-10.2904,8.3802],[-10.29,8.3805],[-10.2898,8.3805],[-10.2896,8.3803],[-10.2895,8.3801],[-10.2889,8.3795],[-10.2883,8.3794],[-10.2881,8.3795],[-10.2876,8.3793],[-10.2875,8.3791],[-10.2874,8.3787],[-10.2874,8.3785],[-10.2876,8.3785],[-10.2878,8.3785],[-10.2882,8.3788],[-10.2883,8.3788],[-10.2884,8.3787],[-10.2885,8.3785],[-10.2884,8.3779],[-10.2882,8.3776],[-10.2882,8.3773],[-10.288,8.377],[-10.2874,8.3772],[-10.2872,8.3767],[-10.2874,8.3765],[-10.2878,8.3763],[-10.288,8.3762],[-10.288,8.3759],[-10.2875,8.3756],[-10.2872,8.3754],[-10.2869,8.3748],[-10.2866,8.3741],[-10.2862,8.3727],[-10.2875,8.3716],[-10.2878,8.3709],[-10.2879,8.3701],[-10.2881,8.37],[-10.2883,8.3702],[-10.2888,8.3703],[-10.289,8.37],[-10.2889,8.3695],[-10.2892,8.3694],[-10.2899,8.3687],[-10.2901,8.3683],[-10.2906,8.3681],[-10.2907,8.3678],[-10.2905,8.3672],[-10.2907,8.3667],[-10.2911,8.3667],[-10.2913,8.3666],[-10.2913,8.3664],[-10.291,8.366],[-10.2912,8.3656],[-10.2914,8.3655],[-10.2916,8.3656],[-10.2919,8.3652],[-10.2923,8.3652],[-10.293,8.3652],[-10.2931,8.3648],[-10.2931,8.3644],[-10.294,8.3636],[-10.294,8.3629],[-10.2942,8.3624],[-10.2943,8.3619],[-10.2941,8.3614],[-10.2941,8.361],[-10.2942,8.3609],[-10.2941,8.3605],[-10.2943,8.3599],[-10.2944,8.3599],[-10.295,8.3599],[-10.2952,8.3598],[-10.2954,8.3596],[-10.2954,8.3594],[-10.2948,8.3584],[-10.2947,8.3582],[-10.2947,8.358],[-10.2948,8.3577],[-10.2953,8.3571],[-10.295,8.3561],[-10.2944,8.3557],[-10.2935,8.3553],[-10.2926,8.3548],[-10.2919,8.354],[-10.2915,8.3537],[-10.2912,8.3536],[-10.29,8.3514],[-10.2904,8.3509],[-10.2905,8.3506],[-10.2901,8.3501],[-10.2902,8.3499],[-10.2914,8.3488],[-10.2919,8.3487],[-10.2921,8.3484],[-10.2918,8.3479],[-10.2917,8.3476],[-10.2921,8.3473],[-10.2925,8.3467],[-10.2931,8.3461],[-10.2933,8.3459],[-10.2931,8.3449],[-10.2936,8.3446],[-10.2933,8.3442],[-10.2924,8.3434],[-10.2917,8.3431],[-10.2914,8.3431],[-10.291,8.3429],[-10.2906,8.3427],[-10.2899,8.3426],[-10.2898,8.3423],[-10.2899,8.342],[-10.2898,8.3417],[-10.2895,8.3413],[-10.2885,8.3406],[-10.2884,8.3404],[-10.2885,8.34],[-10.2887,8.3396],[-10.2893,8.3393],[-10.2895,8.339],[-10.2897,8.3387],[-10.2899,8.3383],[-10.2902,8.3381],[-10.2903,8.3376],[-10.2905,8.3374],[-10.2907,8.3368],[-10.2909,8.3361],[-10.2908,8.3352],[-10.293,8.3345],[-10.2947,8.3336],[-10.295,8.3327],[-10.2952,8.3317],[-10.295,8.3308],[-10.2947,8.3303],[-10.2945,8.3288],[-10.2953,8.3289],[-10.2959,8.3281],[-10.2964,8.3276],[-10.2965,8.3272],[-10.2965,8.3269],[-10.2961,8.3259],[-10.2952,8.325],[-10.2947,8.3247],[-10.2945,8.3244],[-10.2943,8.3241],[-10.2948,8.3236],[-10.2952,8.3235],[-10.2954,8.3229],[-10.2962,8.322],[-10.2968,8.3218],[-10.2977,8.3218],[-10.2981,8.3217],[-10.297,8.3188],[-10.2978,8.3177],[-10.2974,8.3175],[-10.2972,8.3168],[-10.2973,8.3161],[-10.2982,8.3141],[-10.2987,8.3134],[-10.2983,8.3128],[-10.2979,8.312],[-10.298,8.3113],[-10.2985,8.3108],[-10.2987,8.3103],[-10.2983,8.3084],[-10.2988,8.3077],[-10.2992,8.3076],[-10.2999,8.3068],[-10.301,8.3058],[-10.303,8.3049],[-10.3033,8.3044],[-10.3035,8.3041],[-10.3033,8.303],[-10.3024,8.3004],[-10.3022,8.3],[-10.3016,8.299],[-10.3016,8.2985],[-10.3017,8.2981],[-10.3011,8.2975],[-10.3026,8.2967],[-10.304,8.2958],[-10.3049,8.2953],[-10.3057,8.2948],[-10.3059,8.2944],[-10.3067,8.2939],[-10.307,8.2939],[-10.3091,8.2935],[-10.3095,8.2925],[-10.3096,8.2917],[-10.3109,8.2913],[-10.3115,8.291],[-10.3135,8.2902],[-10.3147,8.2897],[-10.3158,8.2886],[-10.3183,8.2868],[-10.3189,8.2861],[-10.3202,8.2848],[-10.32,8.2845],[-10.3199,8.284],[-10.319,8.2833],[-10.3185,8.2827],[-10.3175,8.2812],[-10.3172,8.2806],[-10.3171,8.2804],[-10.3174,8.2801],[-10.3175,8.2799],[-10.3167,8.2786],[-10.3158,8.2781],[-10.3154,8.2772],[-10.3156,8.2765],[-10.3163,8.2749],[-10.3155,8.2725],[-10.3156,8.2721],[-10.3159,8.2717],[-10.3151,8.2703],[-10.315,8.27],[-10.315,8.2694],[-10.315,8.2689],[-10.3151,8.2683],[-10.3144,8.2677],[-10.3143,8.2669],[-10.3138,8.2662],[-10.3137,8.2659],[-10.3138,8.2652],[-10.313,8.265],[-10.312,8.265],[-10.3112,8.2648],[-10.311,8.2641],[-10.3107,8.2633],[-10.3103,8.2616],[-10.3115,8.2573],[-10.3121,8.2573],[-10.3115,8.2569],[-10.3111,8.2564],[-10.3113,8.2556],[-10.3107,8.255],[-10.3102,8.2546],[-10.3093,8.2546],[-10.3075,8.2549],[-10.3076,8.2546],[-10.3089,8.2538],[-10.3086,8.2536],[-10.309,8.2519],[-10.3097,8.2502],[-10.3093,8.2498],[-10.3089,8.2488],[-10.3091,8.2483],[-10.3091,8.2477],[-10.3088,8.2472],[-10.3083,8.2467],[-10.3082,8.246],[-10.3077,8.2455],[-10.3073,8.2452],[-10.3073,8.2448],[-10.308,8.2444],[-10.3083,8.2441],[-10.3086,8.2436],[-10.3091,8.2432],[-10.3089,8.2425],[-10.3082,8.2411],[-10.3076,8.2412],[-10.307,8.2413],[-10.3066,8.2416],[-10.3059,8.2418],[-10.3049,8.2419],[-10.3029,8.2418],[-10.3021,8.2416],[-10.3014,8.2413],[-10.3011,8.241],[-10.3008,8.2403],[-10.3007,8.2398],[-10.3007,8.2394],[-10.3011,8.239],[-10.3024,8.2382],[-10.3026,8.2377],[-10.3026,8.2371],[-10.3016,8.2364],[-10.3015,8.2361],[-10.3015,8.2357],[-10.3016,8.2352],[-10.3017,8.2348],[-10.3017,8.2342],[-10.3013,8.2326],[-10.3008,8.2317],[-10.2997,8.2315],[-10.2991,8.231],[-10.299,8.2305],[-10.2985,8.2294],[-10.298,8.2288],[-10.2973,8.2282],[-10.2961,8.2276],[-10.2959,8.2273],[-10.2959,8.2244],[-10.2956,8.2242],[-10.2952,8.2243],[-10.295,8.2241],[-10.2949,8.2238],[-10.2949,8.2236],[-10.2951,8.2233],[-10.2961,8.2225],[-10.2962,8.2221],[-10.2953,8.2209],[-10.2953,8.2203],[-10.2956,8.2196],[-10.296,8.2189],[-10.2965,8.2181],[-10.2976,8.2168],[-10.298,8.2162],[-10.2981,8.216],[-10.2974,8.2155],[-10.2973,8.2152],[-10.2974,8.2146],[-10.2978,8.214],[-10.2992,8.2129],[-10.2993,8.2124],[-10.2994,8.212],[-10.2993,8.2117],[-10.2982,8.2106],[-10.2983,8.21],[-10.2986,8.2097],[-10.2992,8.2097],[-10.2993,8.2096],[-10.2995,8.2092],[-10.2995,8.2088],[-10.2993,8.2083],[-10.2994,8.2073],[-10.2999,8.2069],[-10.2998,8.2065],[-10.3001,8.2061],[-10.3004,8.2057],[-10.3008,8.2045],[-10.3009,8.2039],[-10.3003,8.2032],[-10.3004,8.2024],[-10.3009,8.2014],[-10.3009,8.2007],[-10.3007,8.2002],[-10.3007,8.1996],[-10.301,8.1991],[-10.3018,8.1983],[-10.3026,8.1983],[-10.3024,8.198],[-10.3017,8.1974],[-10.3016,8.1973],[-10.3015,8.197],[-10.3016,8.197],[-10.3018,8.197],[-10.3024,8.1973],[-10.3031,8.1975],[-10.3042,8.1976],[-10.305,8.1975],[-10.3059,8.1973],[-10.3063,8.1973],[-10.3072,8.1977],[-10.3077,8.1981],[-10.3083,8.1982],[-10.3086,8.198],[-10.309,8.1975],[-10.3097,8.1975],[-10.3116,8.1969],[-10.3122,8.1965],[-10.3145,8.1954],[-10.3179,8.1951],[-10.3189,8.1949],[-10.3179,8.1934],[-10.3193,8.1925],[-10.3194,8.1906],[-10.3197,8.1896],[-10.3199,8.189],[-10.3205,8.1882],[-10.3214,8.1867],[-10.322,8.186],[-10.3234,8.1849],[-10.3241,8.1846],[-10.3251,8.1847],[-10.3255,8.1844],[-10.3254,8.1837],[-10.3263,8.1827],[-10.3269,8.1823],[-10.3273,8.1819],[-10.3274,8.1814],[-10.3274,8.1808],[-10.3269,8.1803],[-10.327,8.1797],[-10.3272,8.1794],[-10.3272,8.1786],[-10.3282,8.1777],[-10.3284,8.1773],[-10.3284,8.1768],[-10.3288,8.1766],[-10.3292,8.1761],[-10.3304,8.1756],[-10.3307,8.1752],[-10.3308,8.174],[-10.3313,8.1732],[-10.3321,8.173],[-10.3323,8.1728],[-10.3325,8.1724],[-10.3325,8.1712],[-10.3323,8.1707],[-10.3327,8.1703],[-10.3332,8.17],[-10.3335,8.1698],[-10.3335,8.1696],[-10.3337,8.1695],[-10.3338,8.1693],[-10.3336,8.1692],[-10.3336,8.169],[-10.3337,8.169],[-10.3336,8.1689],[-10.3333,8.1689],[-10.333,8.1684],[-10.3332,8.168],[-10.3347,8.1684],[-10.3349,8.1674],[-10.3349,8.1671],[-10.3351,8.1666],[-10.3356,8.1665],[-10.3359,8.1663],[-10.336,8.1663],[-10.3361,8.1662],[-10.3361,8.1661],[-10.3364,8.1659],[-10.3368,8.1646],[-10.3383,8.1634],[-10.3392,8.163],[-10.3397,8.163],[-10.3411,8.1618],[-10.3417,8.1615],[-10.3424,8.1613],[-10.3431,8.1604],[-10.3433,8.1596],[-10.3434,8.1581],[-10.3442,8.1577],[-10.3445,8.1574],[-10.345,8.1566],[-10.3455,8.1558],[-10.3465,8.1548],[-10.3488,8.154],[-10.3494,8.1535],[-10.3498,8.1525],[-10.3502,8.1522],[-10.3509,8.1522],[-10.3515,8.1517],[-10.3518,8.1511],[-10.3517,8.1502],[-10.352,8.1505],[-10.3523,8.1504],[-10.3525,8.1502],[-10.3529,8.15],[-10.354,8.1501],[-10.3545,8.1503],[-10.3549,8.1506],[-10.3552,8.1511],[-10.3555,8.1517],[-10.3558,8.1522],[-10.3561,8.1524],[-10.3563,8.1526],[-10.3565,8.1526],[-10.3568,8.1526],[-10.3571,8.1523],[-10.3574,8.1523],[-10.3577,8.1525],[-10.358,8.153],[-10.3582,8.1532],[-10.3585,8.1532],[-10.3586,8.1532],[-10.3588,8.1533],[-10.3589,8.1534],[-10.3589,8.1536],[-10.3588,8.1538],[-10.3584,8.1538],[-10.3585,8.1542],[-10.3587,8.1544],[-10.3589,8.1545],[-10.359,8.1545],[-10.3592,8.1542],[-10.3594,8.1538],[-10.3595,8.1536],[-10.3596,8.1534],[-10.3598,8.1532],[-10.3599,8.1533],[-10.3599,8.1534],[-10.3597,8.1536],[-10.3597,8.1537],[-10.3598,8.1537],[-10.3599,8.1538],[-10.3596,8.1543],[-10.3597,8.1544],[-10.3599,8.1546],[-10.3601,8.1546],[-10.361,8.1551],[-10.3612,8.1555],[-10.3616,8.1559],[-10.3625,8.1566],[-10.3631,8.1569],[-10.3638,8.1572],[-10.3645,8.1573],[-10.3647,8.1574],[-10.3649,8.1577],[-10.3651,8.1579],[-10.3661,8.1578],[-10.3662,8.1579],[-10.3665,8.1585],[-10.3666,8.1587],[-10.3665,8.1595],[-10.366,8.1597],[-10.3655,8.1601],[-10.3657,8.1604],[-10.3671,8.1604],[-10.3678,8.1604],[-10.3685,8.1605],[-10.3695,8.1609],[-10.3702,8.1609],[-10.3707,8.1608],[-10.371,8.1609],[-10.3713,8.1611],[-10.3716,8.1618],[-10.3721,8.1621],[-10.3725,8.1625],[-10.3725,8.1628],[-10.3724,8.1631],[-10.3722,8.1632],[-10.372,8.1631],[-10.3714,8.1627],[-10.3711,8.1627],[-10.371,8.1628],[-10.371,8.1631],[-10.3712,8.1636],[-10.3714,8.1639],[-10.3718,8.1641],[-10.3728,8.1652],[-10.3731,8.1654],[-10.3734,8.1654],[-10.3738,8.1653],[-10.3744,8.1648],[-10.3753,8.1643],[-10.3756,8.1644],[-10.3758,8.1646],[-10.376,8.1649],[-10.3761,8.165],[-10.3769,8.1655],[-10.3772,8.1657],[-10.3777,8.1656],[-10.3787,8.1652],[-10.3789,8.1647],[-10.3793,8.1644],[-10.3801,8.1642],[-10.381,8.1641],[-10.3812,8.164],[-10.3814,8.1636],[-10.3817,8.1632],[-10.382,8.1631],[-10.3838,8.1637],[-10.3843,8.1637],[-10.3848,8.1636],[-10.3853,8.1632],[-10.3863,8.1628],[-10.3866,8.1623],[-10.3867,8.162],[-10.387,8.1616],[-10.3873,8.1614],[-10.3875,8.1611],[-10.3876,8.1607],[-10.3875,8.1604],[-10.3872,8.16],[-10.3872,8.1596],[-10.3873,8.159],[-10.3874,8.1585],[-10.3874,8.1578],[-10.3876,8.1573],[-10.3879,8.157],[-10.3891,8.1564],[-10.3894,8.1562],[-10.3895,8.1559],[-10.3894,8.1556],[-10.3895,8.1555],[-10.3898,8.1555],[-10.39,8.1557],[-10.3902,8.1559],[-10.3906,8.156],[-10.3909,8.1558],[-10.3911,8.1557],[-10.3911,8.1551],[-10.3911,8.1546],[-10.3909,8.1543],[-10.3903,8.1535],[-10.39,8.1531],[-10.3897,8.1528],[-10.3895,8.1527],[-10.388,8.153],[-10.3874,8.153],[-10.3869,8.1528],[-10.3865,8.1525],[-10.3862,8.1519],[-10.3863,8.1517],[-10.3866,8.1516],[-10.387,8.1516],[-10.3874,8.1515],[-10.3878,8.1512],[-10.3881,8.1509],[-10.3882,8.1506],[-10.3882,8.1503],[-10.3883,8.1501],[-10.3888,8.1498],[-10.3893,8.1498],[-10.3896,8.1499],[-10.3897,8.1501],[-10.3897,8.1506],[-10.39,8.1507],[-10.3903,8.1505],[-10.3905,8.1503],[-10.3907,8.1503],[-10.391,8.1505],[-10.3912,8.1505],[-10.3923,8.1508],[-10.3929,8.1509],[-10.3934,8.1512],[-10.3937,8.1512],[-10.3944,8.151],[-10.395,8.1509],[-10.3953,8.1512],[-10.3958,8.1512],[-10.3959,8.1509],[-10.3959,8.1505],[-10.3961,8.15],[-10.3964,8.1497],[-10.3968,8.1494],[-10.3972,8.1493],[-10.3975,8.1487],[-10.3975,8.1484],[-10.3973,8.1482],[-10.397,8.148],[-10.3969,8.1479],[-10.3969,8.1477],[-10.3971,8.1476],[-10.3974,8.1477],[-10.3977,8.148],[-10.3979,8.1483],[-10.3982,8.1488],[-10.3992,8.1497],[-10.3996,8.1495],[-10.3996,8.1493],[-10.3998,8.1492],[-10.4001,8.1492],[-10.4002,8.1494],[-10.4002,8.1496],[-10.4003,8.1498],[-10.4004,8.15],[-10.4005,8.1505],[-10.4007,8.1509],[-10.4009,8.1511],[-10.4017,8.151],[-10.4021,8.151],[-10.4025,8.1506],[-10.4028,8.1505],[-10.403,8.1503],[-10.4033,8.1499],[-10.4036,8.1497],[-10.4042,8.1501],[-10.4045,8.1501],[-10.4057,8.1501],[-10.4062,8.1499],[-10.4066,8.1499],[-10.4072,8.1497],[-10.408,8.1497],[-10.4086,8.1495],[-10.4092,8.1496],[-10.4099,8.1496],[-10.4113,8.1491],[-10.4118,8.149],[-10.4127,8.1494],[-10.4133,8.1495],[-10.4143,8.1495],[-10.4156,8.1492],[-10.4159,8.149],[-10.4162,8.1488],[-10.4165,8.1489],[-10.417,8.1492],[-10.4175,8.1494],[-10.4181,8.1493],[-10.4197,8.1495],[-10.4207,8.1494],[-10.422,8.1492],[-10.4231,8.1491],[-10.4245,8.1492],[-10.4253,8.149],[-10.4264,8.1489],[-10.4266,8.1492],[-10.4269,8.1493],[-10.4274,8.1494],[-10.4288,8.1502],[-10.4298,8.151],[-10.4307,8.1513],[-10.4311,8.1518],[-10.4319,8.1528],[-10.4328,8.1538],[-10.4333,8.1547],[-10.4337,8.155],[-10.4343,8.1551],[-10.4348,8.1547],[-10.4357,8.1544],[-10.437,8.1543],[-10.4378,8.1536],[-10.4383,8.1531],[-10.4391,8.1529],[-10.4393,8.1532],[-10.4391,8.1537],[-10.4392,8.1542],[-10.4397,8.1547],[-10.4402,8.1553],[-10.4406,8.1554],[-10.4411,8.1551],[-10.4415,8.1545],[-10.4418,8.1543],[-10.4437,8.1547],[-10.444,8.1554],[-10.4441,8.1557],[-10.4445,8.1558],[-10.4448,8.1556],[-10.4452,8.1555],[-10.4454,8.1557],[-10.4457,8.1565],[-10.4459,8.1568],[-10.4466,8.1572],[-10.4471,8.1577],[-10.4472,8.1584],[-10.4475,8.1591],[-10.4479,8.1592],[-10.4483,8.159],[-10.4485,8.1588],[-10.4486,8.1579],[-10.4488,8.1572],[-10.4492,8.1567],[-10.4496,8.1564],[-10.4498,8.1562],[-10.4502,8.1559],[-10.4507,8.1559],[-10.4512,8.156],[-10.4517,8.156],[-10.4526,8.1561],[-10.453,8.1561],[-10.4533,8.156],[-10.4537,8.1559],[-10.4544,8.1561],[-10.4548,8.1563],[-10.4551,8.1562],[-10.4557,8.1556],[-10.4559,8.1554],[-10.4561,8.1554],[-10.4563,8.1558],[-10.4564,8.1563],[-10.4565,8.1566],[-10.4568,8.1565],[-10.4571,8.1565],[-10.4574,8.1564],[-10.4575,8.156],[-10.4576,8.1556],[-10.4578,8.1555],[-10.4581,8.1556],[-10.4584,8.156],[-10.4588,8.1562],[-10.4591,8.1562],[-10.4594,8.156],[-10.4599,8.1558],[-10.4606,8.1557],[-10.4609,8.1557],[-10.4614,8.1559],[-10.4617,8.1562],[-10.4619,8.1569],[-10.4618,8.1572],[-10.4616,8.1574],[-10.4615,8.1577],[-10.4615,8.1579],[-10.4617,8.158],[-10.4619,8.158],[-10.4624,8.1576],[-10.4626,8.1571],[-10.4628,8.1566],[-10.4631,8.1564],[-10.4635,8.1563],[-10.4641,8.1562],[-10.4644,8.1561],[-10.4649,8.1559],[-10.4654,8.1559],[-10.4657,8.1559],[-10.4659,8.1559],[-10.4665,8.1553],[-10.4669,8.155],[-10.4674,8.1548],[-10.4678,8.1547],[-10.4685,8.1544],[-10.4688,8.1543],[-10.469,8.1545],[-10.4694,8.1549],[-10.4698,8.1551],[-10.4702,8.155],[-10.4705,8.1547],[-10.4705,8.1542],[-10.4705,8.1537],[-10.4706,8.1535],[-10.4709,8.1534],[-10.4714,8.1536],[-10.4719,8.1538],[-10.4725,8.1534],[-10.4727,8.1531],[-10.4726,8.1526],[-10.4726,8.1522],[-10.4725,8.1514],[-10.4726,8.1511],[-10.4732,8.151],[-10.4739,8.1508],[-10.4746,8.1505],[-10.475,8.1503],[-10.4756,8.15],[-10.4761,8.15],[-10.4764,8.1502],[-10.4768,8.1502],[-10.4772,8.1501],[-10.4778,8.1499],[-10.4781,8.15],[-10.4784,8.1501],[-10.4787,8.1506],[-10.479,8.151],[-10.4792,8.1511],[-10.4797,8.1505],[-10.4802,8.1502],[-10.4809,8.1501],[-10.4815,8.15],[-10.4819,8.1498],[-10.4826,8.1496],[-10.4835,8.1494],[-10.4838,8.1494],[-10.4844,8.1496],[-10.4847,8.1494],[-10.4847,8.149],[-10.4849,8.1486],[-10.4849,8.1482],[-10.4847,8.1477],[-10.4847,8.1474],[-10.4848,8.1472],[-10.4855,8.1471],[-10.4859,8.1471],[-10.4862,8.1472],[-10.4864,8.1473],[-10.4869,8.1472],[-10.4873,8.1472],[-10.4877,8.1473],[-10.488,8.1471],[-10.4884,8.147],[-10.4888,8.147],[-10.4896,8.1466],[-10.49,8.1465],[-10.4904,8.1464],[-10.4907,8.1465],[-10.4911,8.1465],[-10.4914,8.1464],[-10.4919,8.1459],[-10.4923,8.146],[-10.4928,8.1461],[-10.4932,8.1462],[-10.4937,8.1463],[-10.4949,8.1461],[-10.4952,8.146],[-10.4954,8.1458],[-10.4959,8.1456],[-10.4962,8.1458],[-10.4963,8.146],[-10.4966,8.1462],[-10.4971,8.1462],[-10.4982,8.1459],[-10.4988,8.1459],[-10.4995,8.1459],[-10.5004,8.1456],[-10.5011,8.1454],[-10.5012,8.1452],[-10.5011,8.1447],[-10.5012,8.1445],[-10.5015,8.1442],[-10.5021,8.144],[-10.5028,8.1438],[-10.5038,8.1436],[-10.5048,8.1432],[-10.5055,8.1429],[-10.5059,8.1425],[-10.506,8.142],[-10.5063,8.1416],[-10.507,8.1412],[-10.5075,8.1408],[-10.5081,8.1404],[-10.5084,8.14],[-10.5088,8.1399],[-10.5091,8.1396],[-10.5096,8.1392],[-10.51,8.1388],[-10.5105,8.1384],[-10.5111,8.1379],[-10.5116,8.1376],[-10.5129,8.1363],[-10.5132,8.136],[-10.514,8.1354],[-10.5143,8.135],[-10.5146,8.1346],[-10.5151,8.1344],[-10.5154,8.1341],[-10.516,8.1338],[-10.5163,8.1335],[-10.5169,8.1332],[-10.5176,8.1324],[-10.5181,8.132],[-10.519,8.1317],[-10.5197,8.1311],[-10.5203,8.1306],[-10.5208,8.1302],[-10.5213,8.1298],[-10.5214,8.1295],[-10.5218,8.1292],[-10.522,8.129],[-10.5224,8.1291],[-10.5228,8.1294],[-10.5233,8.1295],[-10.5238,8.1294],[-10.5243,8.1292],[-10.5246,8.1289],[-10.5249,8.1287],[-10.5252,8.1283],[-10.5253,8.1278],[-10.5256,8.1273],[-10.5258,8.1267],[-10.526,8.1264],[-10.5265,8.1262],[-10.5272,8.1261],[-10.5276,8.1258],[-10.5281,8.1254],[-10.5282,8.1251],[-10.5279,8.1247],[-10.5276,8.1246],[-10.5272,8.1247],[-10.5269,8.1248],[-10.5263,8.1246],[-10.5258,8.1245],[-10.5254,8.1244],[-10.5246,8.1236],[-10.5238,8.1229],[-10.5237,8.1227],[-10.5237,8.1223],[-10.5238,8.1216],[-10.524,8.1212],[-10.5243,8.1208],[-10.5246,8.1204],[-10.5249,8.1201],[-10.5254,8.1199],[-10.526,8.1197],[-10.5264,8.119],[-10.5267,8.119],[-10.5271,8.1193],[-10.5275,8.119],[-10.5281,8.1186],[-10.5289,8.1174],[-10.5292,8.1165],[-10.5297,8.116],[-10.5304,8.1156],[-10.531,8.1146],[-10.5314,8.1142],[-10.5316,8.1136],[-10.5316,8.1131],[-10.5314,8.113],[-10.5308,8.1132],[-10.5303,8.1125],[-10.5304,8.1121],[-10.5308,8.1118],[-10.5315,8.1117],[-10.5318,8.1114],[-10.5319,8.111],[-10.5317,8.1105],[-10.5312,8.1099],[-10.5308,8.1093],[-10.5311,8.1088],[-10.5316,8.1084],[-10.5325,8.1077],[-10.5329,8.1072],[-10.5335,8.1069],[-10.5347,8.1072],[-10.5349,8.1077],[-10.5352,8.1077],[-10.5357,8.1074],[-10.5356,8.1068],[-10.5353,8.1063],[-10.5357,8.1056],[-10.5359,8.1049],[-10.536,8.104],[-10.5364,8.1033],[-10.5367,8.1025],[-10.5367,8.1017],[-10.5367,8.101],[-10.5366,8.1005],[-10.5367,8.1001],[-10.5375,8.0991],[-10.5379,8.0987],[-10.5384,8.0982],[-10.539,8.0979],[-10.5397,8.0975],[-10.5407,8.0961],[-10.5408,8.0955],[-10.5415,8.095],[-10.5422,8.0944],[-10.5431,8.0939],[-10.5434,8.0932],[-10.5435,8.0926],[-10.5435,8.092],[-10.5432,8.0912],[-10.5433,8.0905],[-10.5435,8.0902],[-10.544,8.09],[-10.5445,8.0898],[-10.5452,8.0894],[-10.5456,8.089],[-10.5459,8.0888],[-10.5463,8.0884],[-10.5466,8.088],[-10.5472,8.0874],[-10.5479,8.087],[-10.5485,8.0865],[-10.5487,8.0855],[-10.5491,8.085],[-10.5497,8.0847],[-10.5503,8.0845],[-10.5513,8.0842],[-10.5514,8.0838],[-10.5522,8.083],[-10.5532,8.0825],[-10.5539,8.0821],[-10.5544,8.0815],[-10.5549,8.0809],[-10.556,8.0794],[-10.5564,8.0786],[-10.5566,8.0778],[-10.5569,8.0775],[-10.5573,8.0776],[-10.5574,8.0775],[-10.5577,8.0769],[-10.5579,8.0766],[-10.5584,8.076],[-10.5589,8.0753],[-10.5593,8.0748],[-10.5594,8.0743],[-10.5603,8.0736],[-10.5605,8.073],[-10.5605,8.0725],[-10.5608,8.0717],[-10.5608,8.071],[-10.5609,8.0706],[-10.5619,8.0696],[-10.5621,8.0693],[-10.5625,8.0688],[-10.5629,8.0679],[-10.5631,8.0671],[-10.5632,8.0668],[-10.5637,8.0663],[-10.564,8.0658],[-10.5642,8.0654],[-10.5646,8.0642],[-10.5651,8.0637],[-10.5654,8.0631],[-10.566,8.0622],[-10.5665,8.0615],[-10.5671,8.0612],[-10.5678,8.0603],[-10.568,8.0597],[-10.5683,8.0592],[-10.5686,8.0589],[-10.5688,8.0586],[-10.5689,8.0582],[-10.5691,8.058],[-10.5692,8.0577],[-10.5694,8.0575],[-10.5698,8.0574],[-10.5701,8.0572],[-10.5701,8.0571],[-10.5703,8.0566],[-10.5703,8.0561],[-10.5705,8.0557],[-10.571,8.0552],[-10.5711,8.055],[-10.5719,8.0542],[-10.5723,8.0538],[-10.5727,8.0533],[-10.5728,8.0529],[-10.5727,8.0526],[-10.5728,8.0524],[-10.5731,8.0522],[-10.5733,8.0517],[-10.5734,8.0512],[-10.5737,8.0506],[-10.5741,8.0503],[-10.5747,8.0497],[-10.5748,8.0495],[-10.575,8.0492],[-10.5751,8.0491],[-10.5756,8.0484],[-10.5758,8.0481],[-10.5763,8.0481],[-10.577,8.0483],[-10.5779,8.0481],[-10.5787,8.0482],[-10.5793,8.0481],[-10.5798,8.0479],[-10.5806,8.0477],[-10.5814,8.0474],[-10.5817,8.0473],[-10.5825,8.0472],[-10.5838,8.0471],[-10.5842,8.0471],[-10.585,8.0469],[-10.5857,8.0468],[-10.5865,8.0466],[-10.5872,8.0462],[-10.5885,8.0455],[-10.5891,8.0453],[-10.5899,8.0451],[-10.5906,8.0449],[-10.5914,8.0447],[-10.593,8.0446],[-10.5939,8.0442],[-10.5947,8.0438],[-10.5952,8.0435],[-10.5957,8.0431],[-10.5962,8.0426],[-10.5967,8.0422],[-10.5976,8.0419],[-10.5983,8.0418],[-10.5989,8.0419],[-10.5999,8.0421],[-10.6007,8.0423],[-10.6018,8.0422],[-10.6023,8.0422],[-10.6027,8.0421],[-10.6034,8.0419],[-10.6037,8.0416],[-10.604,8.0413],[-10.6042,8.0413],[-10.6043,8.0412],[-10.6045,8.0411],[-10.6046,8.041],[-10.6048,8.0409],[-10.6052,8.0405],[-10.605,7.9596],[-10.605,7.8685]]]},"properties":{"code":"KAI","name":"Kailahun District","level":"2","parent":"Plmg8ikyfrK","parentGraph":"Plmg8ikyfrK","groups":["GASkCj8ce35","QJuHsfZjNBf","Y1fwmuWGmNr"]}},{"type":"Feature","id":"AvFgw0QcGrM","geometry":{"type":"Polygon","coordinates":[[[-10.605,7.8685],[-10.6048,7.7779],[-10.6047,7.7767],[-10.6043,7.7746],[-10.6272,7.7681],[-10.6287,7.767],[-10.6315,7.7663],[-10.6386,7.7691],[-10.6397,7.7692],[-10.6407,7.768],[-10.6431,7.7685],[-10.6449,7.7692],[-10.6458,7.769],[-10.646,7.7686],[-10.6458,7.7676],[-10.6457,7.7664],[-10.6464,7.7661],[-10.6475,7.7667],[-10.652,7.7662],[-10.6535,7.7637],[-10.6534,7.7621],[-10.6547,7.762],[-10.6556,7.7613],[-10.6574,7.7615],[-10.6574,7.7625],[-10.657,7.7633],[-10.6567,7.7641],[-10.6571,7.7652],[-10.6579,7.7651],[-10.6588,7.7644],[-10.6589,7.7577],[-10.6641,7.7519],[-10.6668,7.7513],[-10.6696,7.7516],[-10.6707,7.7513],[-10.6713,7.7508],[-10.6707,7.7502],[-10.6697,7.7501],[-10.6695,7.7496],[-10.6696,7.7489],[-10.6715,7.7478],[-10.6732,7.7491],[-10.6744,7.7486],[-10.6755,7.7473],[-10.6773,7.7463],[-10.6791,7.7494],[-10.68,7.7501],[-10.6811,7.7496],[-10.6818,7.7461],[-10.6871,7.7422],[-10.6898,7.744],[-10.6928,7.7427],[-10.692,7.7409],[-10.6918,7.7389],[-10.6926,7.7383],[-10.6932,7.7396],[-10.6966,7.7404],[-10.697,7.7398],[-10.6962,7.7389],[-10.6964,7.7379],[-10.6957,7.7355],[-10.697,7.7353],[-10.6982,7.7353],[-10.6992,7.7368],[-10.7008,7.7365],[-10.7017,7.736],[-10.7043,7.7313],[-10.7085,7.7285],[-10.7074,7.726],[-10.7075,7.7206],[-10.7089,7.7197],[-10.7098,7.7188],[-10.7106,7.7173],[-10.7104,7.7162],[-10.71,7.7146],[-10.7102,7.7135],[-10.7107,7.7128],[-10.7115,7.7122],[-10.7124,7.712],[-10.7132,7.712],[-10.7146,7.7123],[-10.7154,7.7124],[-10.7159,7.7116],[-10.716,7.7109],[-10.7156,7.7095],[-10.7155,7.7084],[-10.7159,7.7078],[-10.7184,7.7071],[-10.7197,7.7064],[-10.7203,7.7057],[-10.7202,7.7054],[-10.7187,7.7053],[-10.7183,7.7049],[-10.7182,7.7042],[-10.7189,7.7036],[-10.7194,7.7028],[-10.7208,7.7015],[-10.7223,7.7],[-10.723,7.6995],[-10.724,7.699],[-10.7247,7.6986],[-10.7252,7.6982],[-10.7262,7.6969],[-10.7264,7.6965],[-10.7266,7.6962],[-10.7268,7.6957],[-10.7267,7.695],[-10.7267,7.6946],[-10.727,7.6941],[-10.7272,7.6934],[-10.7274,7.6926],[-10.7268,7.6905],[-10.7271,7.6882],[-10.7288,7.6868],[-10.7297,7.6872],[-10.7302,7.6878],[-10.7311,7.6879],[-10.7344,7.682],[-10.7372,7.6834],[-10.7378,7.6834],[-10.7387,7.6827],[-10.7396,7.682],[-10.7414,7.6807],[-10.7426,7.6795],[-10.7431,7.6787],[-10.7435,7.6775],[-10.7442,7.6755],[-10.745,7.6745],[-10.7462,7.6739],[-10.7475,7.6719],[-10.748,7.6708],[-10.7488,7.6693],[-10.7497,7.669],[-10.7509,7.6681],[-10.7515,7.6673],[-10.7509,7.6664],[-10.7499,7.6663],[-10.7489,7.6661],[-10.7485,7.6655],[-10.7489,7.665],[-10.7486,7.6641],[-10.7476,7.6629],[-10.7476,7.662],[-10.7478,7.6616],[-10.7486,7.6614],[-10.7512,7.6615],[-10.7531,7.6613],[-10.7542,7.6605],[-10.7553,7.6599],[-10.7568,7.6594],[-10.7589,7.6587],[-10.7605,7.658],[-10.7613,7.6578],[-10.7619,7.6571],[-10.7625,7.6554],[-10.7631,7.6546],[-10.764,7.6538],[-10.7653,7.6524],[-10.7665,7.6515],[-10.7669,7.6511],[-10.7671,7.6499],[-10.7671,7.6486],[-10.7674,7.6479],[-10.7681,7.6474],[-10.769,7.647],[-10.7696,7.6472],[-10.7704,7.6479],[-10.7712,7.6491],[-10.7712,7.6496],[-10.771,7.6503],[-10.7711,7.6516],[-10.7715,7.6525],[-10.7722,7.6531],[-10.7726,7.6534],[-10.773,7.6536],[-10.7748,7.6537],[-10.7754,7.6535],[-10.7758,7.6529],[-10.7756,7.6519],[-10.7752,7.6504],[-10.7747,7.6498],[-10.7738,7.6493],[-10.7728,7.648],[-10.7736,7.6472],[-10.7744,7.6462],[-10.7753,7.6444],[-10.7755,7.6436],[-10.7753,7.6425],[-10.775,7.6416],[-10.7753,7.641],[-10.7756,7.6392],[-10.7756,7.6388],[-10.7754,7.638],[-10.7755,7.6377],[-10.7762,7.6372],[-10.7762,7.6361],[-10.7765,7.6356],[-10.777,7.6354],[-10.7777,7.6353],[-10.7784,7.6352],[-10.779,7.6346],[-10.7799,7.6335],[-10.7808,7.6327],[-10.7819,7.6312],[-10.7824,7.6303],[-10.7827,7.6294],[-10.7832,7.6289],[-10.7837,7.6289],[-10.7848,7.6269],[-10.7858,7.6257],[-10.787,7.6244],[-10.791,7.6207],[-10.7915,7.6199],[-10.7912,7.6189],[-10.7903,7.6177],[-10.7893,7.6168],[-10.789,7.6162],[-10.7892,7.6159],[-10.7896,7.6155],[-10.7905,7.6141],[-10.7907,7.6128],[-10.791,7.612],[-10.7915,7.6112],[-10.7921,7.6105],[-10.7927,7.6099],[-10.7931,7.6092],[-10.7933,7.6087],[-10.7932,7.6084],[-10.7924,7.6084],[-10.7914,7.6095],[-10.791,7.6096],[-10.7905,7.6095],[-10.7903,7.6093],[-10.7903,7.6078],[-10.7904,7.6063],[-10.7898,7.603],[-10.7892,7.602],[-10.7893,7.6018],[-10.816,7.6186],[-10.8244,7.6245],[-10.827,7.6267],[-10.8318,7.6346],[-10.8337,7.6385],[-10.8374,7.6414],[-10.843,7.6435],[-10.8492,7.6451],[-10.8668,7.6491],[-10.8782,7.6502],[-10.8898,7.6515],[-10.8986,7.6507],[-10.9076,7.6504],[-10.9128,7.6511],[-10.9139,7.6551],[-10.9161,7.6666],[-10.9181,7.6749],[-10.9216,7.6775],[-10.9268,7.6806],[-10.9314,7.6861],[-10.9314,7.6983],[-10.9316,7.7038],[-10.9278,7.7195],[-10.9243,7.7271],[-10.9182,7.7337],[-10.9142,7.7411],[-10.9083,7.747],[-10.9079,7.7531],[-10.9088,7.7606],[-10.911,7.7617],[-10.9131,7.7628],[-10.9155,7.7621],[-10.918,7.7645],[-10.9199,7.7654],[-10.923,7.7649],[-10.9258,7.7676],[-10.9287,7.7625],[-10.9287,7.7584],[-10.93,7.7582],[-10.9332,7.761],[-10.9357,7.7619],[-10.937,7.7595],[-10.9407,7.7636],[-10.9431,7.7638],[-10.9448,7.7623],[-10.9472,7.766],[-10.952,7.775],[-10.9531,7.7787],[-10.9552,7.7861],[-10.9598,7.7955],[-10.9642,7.8008],[-10.9688,7.7982],[-10.9747,7.796],[-10.9817,7.799],[-10.9849,7.8041],[-10.9952,7.8185],[-10.9956,7.8193],[-10.9994,7.8266],[-11.0046,7.8403],[-11.0073,7.844],[-11.0117,7.8569],[-11.0174,7.867],[-11.0222,7.8749],[-11.0252,7.8777],[-11.0276,7.8775],[-11.0298,7.8725],[-11.0329,7.8716],[-11.0368,7.8705],[-11.0403,7.8714],[-11.0411,7.8726],[-11.0429,7.8757],[-11.0429,7.8801],[-11.0401,7.884],[-11.0338,7.8895],[-11.0285,7.8989],[-11.027,7.9041],[-11.0264,7.91],[-11.0227,7.9133],[-11.0221,7.917],[-11.0245,7.9234],[-11.0234,7.9251],[-11.0199,7.9251],[-11.0171,7.9282],[-11.0175,7.9341],[-11.0162,7.9382],[-11.0153,7.9435],[-11.0168,7.947],[-11.0157,7.95],[-11.0122,7.9542],[-11.0094,7.9575],[-11.0098,7.961],[-11.0115,7.9627],[-11.0095,7.9649],[-11.006,7.9638],[-11.0045,7.9684],[-11.0021,7.9721],[-11.0001,7.9747],[-10.9984,7.9782],[-10.9942,7.98],[-10.9929,7.9839],[-10.9905,7.9885],[-10.9877,7.9915],[-10.987,7.9946],[-10.9856,7.9979],[-10.9823,8.0044],[-10.9803,8.0088],[-10.9817,8.0143],[-10.9795,8.0182],[-10.9773,8.0221],[-10.976,8.0261],[-10.9736,8.0309],[-10.9729,8.0335],[-10.9699,8.0366],[-10.9694,8.0401],[-10.9666,8.0444],[-10.9633,8.0536],[-10.9653,8.0551],[-10.9547,8.068],[-10.9562,8.0696],[-10.961,8.0711],[-10.9619,8.0752],[-10.9571,8.0787],[-10.9599,8.0805],[-10.9636,8.0838],[-10.9603,8.0859],[-10.9507,8.087],[-10.945,8.0905],[-10.9422,8.0982],[-10.9405,8.1008],[-10.9374,8.1019],[-10.9387,8.1045],[-10.9332,8.1126],[-10.9291,8.117],[-10.9249,8.1187],[-10.9218,8.1231],[-10.9172,8.1244],[-10.9148,8.1266],[-10.9137,8.1294],[-10.91,8.1323],[-10.9067,8.134],[-10.9045,8.1388],[-10.9074,8.143],[-10.9058,8.1434],[-10.9047,8.1458],[-10.9041,8.1471],[-10.9001,8.1476],[-10.9004,8.1506],[-10.8986,8.157],[-10.8964,8.157],[-10.8953,8.1594],[-10.8925,8.1611],[-10.8914,8.1635],[-10.889,8.1626],[-10.8886,8.1646],[-10.8901,8.1661],[-10.8875,8.1681],[-10.889,8.1703],[-10.8872,8.1714],[-10.8883,8.1738],[-10.8905,8.1738],[-10.8927,8.1751],[-10.891,8.1773],[-10.8894,8.1812],[-10.8909,8.186],[-10.8898,8.1882],[-10.888,8.1882],[-10.8889,8.1913],[-10.8856,8.193],[-10.8852,8.1965],[-10.8871,8.1985],[-10.8885,8.2013],[-10.8863,8.2055],[-10.8841,8.2053],[-10.8839,8.2074],[-10.8819,8.2081],[-10.8797,8.2109],[-10.8775,8.2123],[-10.8753,8.2116],[-10.874,8.2142],[-10.8756,8.2166],[-10.874,8.2182],[-10.8751,8.2214],[-10.8705,8.2249],[-10.8738,8.2291],[-10.8708,8.2297],[-10.8725,8.2319],[-10.871,8.2352],[-10.8697,8.2391],[-10.8674,8.2416],[-10.8657,8.2435],[-10.8662,8.2455],[-10.8647,8.2507],[-10.8645,8.252],[-10.8608,8.256],[-10.8577,8.2584],[-10.8606,8.2599],[-10.8582,8.2614],[-10.8591,8.2651],[-10.8571,8.2669],[-10.8567,8.2695],[-10.8551,8.2732],[-10.8573,8.2739],[-10.8577,8.2772],[-10.8571,8.2813],[-10.8586,8.2833],[-10.8623,8.2826],[-10.8656,8.287],[-10.8665,8.2907],[-10.8689,8.2931],[-10.8724,8.2918],[-10.877,8.2914],[-10.8798,8.2898],[-10.8833,8.2914],[-10.8883,8.289],[-10.8912,8.2885],[-10.8942,8.2892],[-10.8969,8.2881],[-10.899,8.2887],[-10.9032,8.2863],[-10.9063,8.2865],[-10.9067,8.2909],[-10.9034,8.2946],[-10.9015,8.2983],[-10.9001,8.3018],[-10.896,8.3056],[-10.8929,8.3091],[-10.89,8.3108],[-10.8821,8.3182],[-10.8777,8.3252],[-10.8736,8.3283],[-10.8714,8.3322],[-10.8683,8.3372],[-10.8712,8.3364],[-10.8727,8.3427],[-10.871,8.3563],[-10.8727,8.3617],[-10.8742,8.3667],[-10.8734,8.37],[-10.8697,8.3731],[-10.8661,8.3753],[-10.8643,8.3788],[-10.8641,8.3825],[-10.8612,8.3853],[-10.8564,8.3888],[-10.855,8.3922],[-10.8444,8.3915],[-10.8444,8.3975],[-10.8484,8.4035],[-10.8391,8.4103],[-10.8385,8.4108],[-10.8299,8.4134],[-10.8226,8.4141],[-10.8133,8.4114],[-10.8047,8.4081],[-10.7967,8.4094],[-10.7907,8.4101],[-10.7808,8.4114],[-10.7672,8.4114],[-10.7637,8.4124],[-10.7594,8.4133],[-10.7549,8.413],[-10.7419,8.414],[-10.7362,8.4197],[-10.7307,8.4262],[-10.7273,8.4349],[-10.7282,8.4357],[-10.7244,8.4426],[-10.7191,8.4426],[-10.712,8.4421],[-10.7124,8.4451],[-10.7093,8.4471],[-10.7064,8.4469],[-10.7044,8.4456],[-10.7018,8.4419],[-10.6986,8.4419],[-10.6964,8.4496],[-10.6897,8.4496],[-10.6829,8.4507],[-10.6813,8.4509],[-10.6729,8.4571],[-10.6612,8.4596],[-10.6578,8.4637],[-10.6505,8.4663],[-10.648,8.4618],[-10.644,8.4555],[-10.6432,8.4543],[-10.643,8.4538],[-10.6429,8.4535],[-10.6425,8.4533],[-10.6421,8.4533],[-10.6419,8.4533],[-10.6418,8.453],[-10.6415,8.452],[-10.6408,8.4514],[-10.6408,8.4505],[-10.6417,8.4498],[-10.6421,8.4481],[-10.6419,8.4466],[-10.6408,8.4433],[-10.6411,8.4412],[-10.6428,8.4397],[-10.6444,8.4387],[-10.6444,8.438],[-10.644,8.4366],[-10.6441,8.4356],[-10.6447,8.4339],[-10.6451,8.4312],[-10.6464,8.4279],[-10.6468,8.4259],[-10.6494,8.4255],[-10.6508,8.4245],[-10.6509,8.4233],[-10.6502,8.4226],[-10.648,8.4233],[-10.6443,8.4218],[-10.6445,8.42],[-10.6442,8.4182],[-10.6439,8.4144],[-10.6449,8.4125],[-10.6454,8.4112],[-10.6447,8.4095],[-10.643,8.4069],[-10.6427,8.4048],[-10.642,8.4027],[-10.6413,8.4009],[-10.6407,8.3994],[-10.6397,8.3981],[-10.6389,8.3941],[-10.6394,8.3927],[-10.6394,8.3923],[-10.6397,8.3919],[-10.6412,8.3914],[-10.6427,8.39],[-10.6451,8.3892],[-10.6474,8.3889],[-10.6476,8.3871],[-10.6473,8.3868],[-10.6474,8.3861],[-10.6478,8.3845],[-10.6493,8.3826],[-10.6535,8.3813],[-10.6587,8.3813],[-10.6619,8.3824],[-10.663,8.3834],[-10.6642,8.3837],[-10.6649,8.3832],[-10.666,8.3818],[-10.6695,8.3785],[-10.6733,8.3784],[-10.6738,8.3783],[-10.6761,8.3756],[-10.6765,8.374],[-10.6769,8.371],[-10.6776,8.3695],[-10.678,8.3685],[-10.6783,8.3667],[-10.6786,8.3661],[-10.6784,8.3654],[-10.6784,8.3638],[-10.6791,8.3624],[-10.6789,8.3622],[-10.6787,8.3618],[-10.6786,8.3609],[-10.6783,8.3607],[-10.6793,8.3558],[-10.6785,8.3538],[-10.6783,8.3535],[-10.6786,8.3529],[-10.6786,8.3518],[-10.6786,8.3512],[-10.6786,8.3503],[-10.679,8.3481],[-10.6811,8.3458],[-10.6826,8.3439],[-10.6832,8.3424],[-10.6836,8.3402],[-10.6851,8.3377],[-10.6855,8.3357],[-10.686,8.3343],[-10.6866,8.3335],[-10.6874,8.3332],[-10.6878,8.3325],[-10.6881,8.3307],[-10.6883,8.33],[-10.6887,8.3293],[-10.6902,8.3285],[-10.692,8.3274],[-10.6921,8.3264],[-10.6916,8.3256],[-10.6903,8.3252],[-10.6894,8.3245],[-10.6899,8.3229],[-10.6906,8.3217],[-10.6949,8.3189],[-10.6966,8.3159],[-10.6982,8.3137],[-10.6983,8.3129],[-10.6965,8.3118],[-10.6949,8.3105],[-10.6942,8.3089],[-10.6944,8.3078],[-10.6954,8.3063],[-10.6965,8.304],[-10.6977,8.3027],[-10.6995,8.3012],[-10.7,8.2998],[-10.6997,8.2985],[-10.6987,8.2973],[-10.6961,8.2954],[-10.6956,8.2938],[-10.6959,8.2917],[-10.6966,8.2909],[-10.6973,8.2905],[-10.6979,8.2909],[-10.698,8.2918],[-10.699,8.2923],[-10.7003,8.2923],[-10.7008,8.2918],[-10.7011,8.2905],[-10.7008,8.2882],[-10.7019,8.2826],[-10.7017,8.2811],[-10.7013,8.2803],[-10.7006,8.2801],[-10.6953,8.2831],[-10.6925,8.2842],[-10.6903,8.2855],[-10.6888,8.2862],[-10.6874,8.2865],[-10.6854,8.2865],[-10.6858,8.2926],[-10.6866,8.2974],[-10.6851,8.3041],[-10.6848,8.3096],[-10.683,8.3154],[-10.6803,8.3159],[-10.6791,8.3154],[-10.677,8.3153],[-10.6761,8.3182],[-10.6756,8.3231],[-10.6731,8.3271],[-10.6734,8.3322],[-10.6725,8.3339],[-10.6694,8.3374],[-10.6669,8.3394],[-10.6661,8.3398],[-10.6659,8.3404],[-10.666,8.3419],[-10.6655,8.3439],[-10.6656,8.3442],[-10.6655,8.3448],[-10.665,8.3457],[-10.6646,8.3459],[-10.6636,8.3459],[-10.6632,8.3469],[-10.6632,8.3476],[-10.6629,8.3489],[-10.6589,8.3503],[-10.6517,8.3512],[-10.6487,8.3527],[-10.6447,8.3532],[-10.6427,8.3545],[-10.6408,8.3537],[-10.6392,8.3537],[-10.6385,8.3525],[-10.6381,8.3509],[-10.6387,8.3488],[-10.6381,8.3446],[-10.6372,8.3428],[-10.6367,8.3422],[-10.6358,8.342],[-10.6354,8.3421],[-10.6336,8.343],[-10.6318,8.3468],[-10.6306,8.3469],[-10.6297,8.3476],[-10.6276,8.3502],[-10.6246,8.3515],[-10.6239,8.3513],[-10.6234,8.3507],[-10.6233,8.3494],[-10.6243,8.3463],[-10.6232,8.3441],[-10.6225,8.3431],[-10.6193,8.3399],[-10.6167,8.3381],[-10.6125,8.3377],[-10.6095,8.3389],[-10.6059,8.3409],[-10.6047,8.3409],[-10.604,8.3399],[-10.6002,8.3395],[-10.5959,8.3377],[-10.5922,8.3376],[-10.5858,8.3374],[-10.5815,8.3337],[-10.5773,8.3341],[-10.5769,8.3335],[-10.576,8.329],[-10.5744,8.3238],[-10.5734,8.3173],[-10.5723,8.3146],[-10.5724,8.3089],[-10.5703,8.3087],[-10.5677,8.3074],[-10.5671,8.3075],[-10.5659,8.3089],[-10.5615,8.3118],[-10.5603,8.3118],[-10.5588,8.3092],[-10.5572,8.3086],[-10.5562,8.3056],[-10.5525,8.3084],[-10.5486,8.3097],[-10.5425,8.3092],[-10.5405,8.3118],[-10.5364,8.3143],[-10.5312,8.3177],[-10.5289,8.3192],[-10.5242,8.3233],[-10.5203,8.326],[-10.5176,8.328],[-10.5134,8.3318],[-10.5112,8.3338],[-10.5086,8.3345],[-10.5068,8.3369],[-10.5034,8.3406],[-10.4983,8.3421],[-10.4964,8.3446],[-10.4931,8.3474],[-10.4907,8.3501],[-10.4869,8.358],[-10.4797,8.3629],[-10.4791,8.3646],[-10.482,8.3664],[-10.4823,8.3697],[-10.4811,8.3722],[-10.4782,8.3767],[-10.475,8.3793],[-10.4711,8.3803],[-10.4692,8.381],[-10.4676,8.3822],[-10.4653,8.3841],[-10.4635,8.3855],[-10.463,8.3899],[-10.4615,8.3905],[-10.4568,8.3904],[-10.4547,8.3909],[-10.4498,8.3942],[-10.4474,8.3971],[-10.4464,8.399],[-10.4443,8.4003],[-10.4408,8.4035],[-10.4383,8.4046],[-10.4366,8.4068],[-10.434,8.4101],[-10.4311,8.4116],[-10.4293,8.4155],[-10.4287,8.4181],[-10.4265,8.4203],[-10.4249,8.4246],[-10.423,8.4284],[-10.4194,8.4336],[-10.4163,8.4368],[-10.4127,8.4413],[-10.4093,8.4411],[-10.407,8.4424],[-10.403,8.4458],[-10.3994,8.4497],[-10.3943,8.4577],[-10.3937,8.4607],[-10.394,8.4632],[-10.3944,8.4648],[-10.394,8.4666],[-10.3941,8.4677],[-10.3931,8.471],[-10.3906,8.4742],[-10.39,8.4765],[-10.39,8.4773],[-10.3896,8.4781],[-10.389,8.479],[-10.3889,8.4796],[-10.3893,8.4802],[-10.3895,8.481],[-10.3893,8.4817],[-10.3883,8.4827],[-10.3878,8.4836],[-10.3872,8.4862],[-10.3867,8.4872],[-10.3859,8.4882],[-10.3846,8.4888],[-10.384,8.4892],[-10.3837,8.4904],[-10.3832,8.4907],[-10.3827,8.491],[-10.3821,8.4909],[-10.3804,8.4902],[-10.3796,8.4897],[-10.3783,8.4861],[-10.3769,8.4835],[-10.3753,8.4808],[-10.3752,8.4804],[-10.3752,8.4801],[-10.3751,8.4799],[-10.3748,8.48],[-10.3684,8.4862],[-10.3678,8.4865],[-10.3664,8.4868],[-10.3646,8.4868],[-10.3632,8.4864],[-10.3623,8.4866],[-10.3614,8.4866],[-10.3589,8.4855],[-10.3582,8.4847],[-10.3581,8.4841],[-10.3585,8.4832],[-10.3583,8.483],[-10.3579,8.4828],[-10.3573,8.4829],[-10.3565,8.483],[-10.3559,8.4838],[-10.355,8.4863],[-10.3547,8.4879],[-10.3538,8.4889],[-10.3524,8.4894],[-10.3506,8.4899],[-10.3482,8.4912],[-10.3454,8.4936],[-10.3432,8.4945],[-10.3419,8.4936],[-10.3403,8.4937],[-10.3392,8.4941],[-10.3382,8.4949],[-10.337,8.4975],[-10.3359,8.4991],[-10.3348,8.4999],[-10.3335,8.5004],[-10.3317,8.5007],[-10.3295,8.5012],[-10.3273,8.5025],[-10.3264,8.5039],[-10.3247,8.5059],[-10.3239,8.5063],[-10.3231,8.5064],[-10.3222,8.5061],[-10.3175,8.5025],[-10.317,8.5021],[-10.3149,8.5007],[-10.3127,8.4997],[-10.3107,8.4992],[-10.3096,8.4988],[-10.3086,8.4983],[-10.3085,8.4978],[-10.3081,8.4973],[-10.3069,8.4969],[-10.3039,8.4969],[-10.3025,8.4966],[-10.3025,8.4954],[-10.3018,8.494],[-10.3015,8.492],[-10.3012,8.4916],[-10.3007,8.4915],[-10.2993,8.4915],[-10.2987,8.4914],[-10.2968,8.493],[-10.2947,8.4935],[-10.2935,8.4917],[-10.2921,8.4906],[-10.291,8.4909],[-10.2901,8.4914],[-10.2892,8.4906],[-10.2884,8.4886],[-10.2862,8.487],[-10.2831,8.4862],[-10.2799,8.485],[-10.2792,8.4846],[-10.2787,8.4845],[-10.2781,8.4846],[-10.2779,8.4846],[-10.2776,8.4837],[-10.2773,8.4826],[-10.2765,8.4813],[-10.2763,8.4808],[-10.2759,8.4802],[-10.2754,8.4795],[-10.2754,8.4789],[-10.2756,8.4781],[-10.2756,8.4778],[-10.2757,8.4774],[-10.2756,8.4765],[-10.2755,8.4758],[-10.2752,8.4755],[-10.2749,8.4748],[-10.2749,8.4743],[-10.2751,8.4736],[-10.2751,8.4733],[-10.2748,8.4727],[-10.2746,8.4725],[-10.2757,8.4721],[-10.277,8.4713],[-10.2768,8.4705],[-10.277,8.4698],[-10.277,8.4694],[-10.2769,8.4684],[-10.2776,8.4679],[-10.2783,8.4672],[-10.2786,8.4669],[-10.2788,8.4664],[-10.279,8.4655],[-10.2806,8.4651],[-10.2816,8.4647],[-10.2819,8.4647],[-10.2822,8.4647],[-10.2822,8.4644],[-10.2819,8.4641],[-10.2818,8.4638],[-10.2813,8.4633],[-10.2811,8.463],[-10.2811,8.4627],[-10.2809,8.4626],[-10.2808,8.4624],[-10.2806,8.4622],[-10.2805,8.462],[-10.2802,8.4619],[-10.2798,8.4619],[-10.2794,8.462],[-10.2791,8.462],[-10.2786,8.4618],[-10.2779,8.4613],[-10.2776,8.4607],[-10.2768,8.4603],[-10.2767,8.4601],[-10.2767,8.4595],[-10.2763,8.458],[-10.2762,8.4569],[-10.2763,8.4564],[-10.2763,8.4559],[-10.2761,8.4553],[-10.2761,8.4549],[-10.2757,8.4541],[-10.2757,8.4539],[-10.2758,8.4533],[-10.2757,8.4521],[-10.2748,8.4499],[-10.274,8.4487],[-10.272,8.4466],[-10.2717,8.4459],[-10.2717,8.4446],[-10.2718,8.4435],[-10.2722,8.4421],[-10.2727,8.4411],[-10.2728,8.4402],[-10.273,8.4398],[-10.2734,8.4395],[-10.2738,8.4389],[-10.2741,8.4387],[-10.2745,8.4385],[-10.275,8.438],[-10.276,8.4369],[-10.2766,8.436],[-10.2767,8.4358],[-10.2764,8.435],[-10.2763,8.4348],[-10.2765,8.4345],[-10.2772,8.434],[-10.2774,8.4337],[-10.2774,8.4334],[-10.2771,8.433],[-10.2771,8.4328],[-10.2775,8.4327],[-10.2782,8.4328],[-10.2786,8.4329],[-10.279,8.4328],[-10.2793,8.4324],[-10.2795,8.4322],[-10.2799,8.4312],[-10.28,8.4309],[-10.2798,8.4305],[-10.2797,8.4303],[-10.2797,8.43],[-10.2803,8.4297],[-10.2803,8.4294],[-10.2803,8.4287],[-10.2807,8.4286],[-10.281,8.4284],[-10.2811,8.428],[-10.2811,8.4273],[-10.2812,8.4269],[-10.2807,8.4263],[-10.2803,8.426],[-10.2794,8.4255],[-10.2784,8.4254],[-10.2782,8.4255],[-10.2782,8.4257],[-10.2777,8.4257],[-10.2764,8.4246],[-10.2762,8.4242],[-10.2763,8.4236],[-10.2763,8.4233],[-10.276,8.423],[-10.2752,8.423],[-10.2743,8.4226],[-10.2738,8.422],[-10.2739,8.421],[-10.2756,8.4188],[-10.2755,8.4179],[-10.2753,8.4171],[-10.2767,8.4163],[-10.2766,8.4157],[-10.2764,8.4154],[-10.2763,8.4151],[-10.2763,8.4147],[-10.2762,8.4143],[-10.2761,8.414],[-10.2759,8.4137],[-10.2759,8.4134],[-10.2759,8.4131],[-10.2759,8.4129],[-10.2761,8.4126],[-10.2764,8.4125],[-10.2768,8.4123],[-10.277,8.4119],[-10.2775,8.4118],[-10.2777,8.4117],[-10.2778,8.4115],[-10.2777,8.411],[-10.2767,8.409],[-10.2778,8.4084],[-10.2804,8.4067],[-10.2803,8.4066],[-10.2802,8.4064],[-10.2799,8.4063],[-10.2796,8.4062],[-10.2791,8.4059],[-10.2787,8.4052],[-10.2787,8.4038],[-10.2788,8.4022],[-10.2799,8.4027],[-10.2811,8.4025],[-10.281,8.4016],[-10.2809,8.4004],[-10.2807,8.4],[-10.2804,8.3996],[-10.2793,8.399],[-10.2791,8.3983],[-10.2794,8.3976],[-10.2793,8.397],[-10.2788,8.3956],[-10.2788,8.3951],[-10.2809,8.3926],[-10.2835,8.3914],[-10.2852,8.3916],[-10.2855,8.3914],[-10.2856,8.3907],[-10.2863,8.3904],[-10.2864,8.3898],[-10.286,8.3887],[-10.2875,8.3876],[-10.2869,8.3852],[-10.2875,8.3849],[-10.288,8.3848],[-10.2885,8.3847],[-10.2903,8.3808],[-10.2904,8.3802],[-10.29,8.3805],[-10.2898,8.3805],[-10.2896,8.3803],[-10.2895,8.3801],[-10.2889,8.3795],[-10.2883,8.3794],[-10.2881,8.3795],[-10.2876,8.3793],[-10.2875,8.3791],[-10.2874,8.3787],[-10.2874,8.3785],[-10.2876,8.3785],[-10.2878,8.3785],[-10.2882,8.3788],[-10.2883,8.3788],[-10.2884,8.3787],[-10.2885,8.3785],[-10.2884,8.3779],[-10.2882,8.3776],[-10.2882,8.3773],[-10.288,8.377],[-10.2874,8.3772],[-10.2872,8.3767],[-10.2874,8.3765],[-10.2878,8.3763],[-10.288,8.3762],[-10.288,8.3759],[-10.2875,8.3756],[-10.2872,8.3754],[-10.2869,8.3748],[-10.2866,8.3741],[-10.2862,8.3727],[-10.2875,8.3716],[-10.2878,8.3709],[-10.2879,8.3701],[-10.2881,8.37],[-10.2883,8.3702],[-10.2888,8.3703],[-10.289,8.37],[-10.2889,8.3695],[-10.2892,8.3694],[-10.2899,8.3687],[-10.2901,8.3683],[-10.2906,8.3681],[-10.2907,8.3678],[-10.2905,8.3672],[-10.2907,8.3667],[-10.2911,8.3667],[-10.2913,8.3666],[-10.2913,8.3664],[-10.291,8.366],[-10.2912,8.3656],[-10.2914,8.3655],[-10.2916,8.3656],[-10.2919,8.3652],[-10.2923,8.3652],[-10.293,8.3652],[-10.2931,8.3648],[-10.2931,8.3644],[-10.294,8.3636],[-10.294,8.3629],[-10.2942,8.3624],[-10.2943,8.3619],[-10.2941,8.3614],[-10.2941,8.361],[-10.2942,8.3609],[-10.2941,8.3605],[-10.2943,8.3599],[-10.2944,8.3599],[-10.295,8.3599],[-10.2952,8.3598],[-10.2954,8.3596],[-10.2954,8.3594],[-10.2948,8.3584],[-10.2947,8.3582],[-10.2947,8.358],[-10.2948,8.3577],[-10.2953,8.3571],[-10.295,8.3561],[-10.2944,8.3557],[-10.2935,8.3553],[-10.2926,8.3548],[-10.2919,8.354],[-10.2915,8.3537],[-10.2912,8.3536],[-10.29,8.3514],[-10.2904,8.3509],[-10.2905,8.3506],[-10.2901,8.3501],[-10.2902,8.3499],[-10.2914,8.3488],[-10.2919,8.3487],[-10.2921,8.3484],[-10.2918,8.3479],[-10.2917,8.3476],[-10.2921,8.3473],[-10.2925,8.3467],[-10.2931,8.3461],[-10.2933,8.3459],[-10.2931,8.3449],[-10.2936,8.3446],[-10.2933,8.3442],[-10.2924,8.3434],[-10.2917,8.3431],[-10.2914,8.3431],[-10.291,8.3429],[-10.2906,8.3427],[-10.2899,8.3426],[-10.2898,8.3423],[-10.2899,8.342],[-10.2898,8.3417],[-10.2895,8.3413],[-10.2885,8.3406],[-10.2884,8.3404],[-10.2885,8.34],[-10.2887,8.3396],[-10.2893,8.3393],[-10.2895,8.339],[-10.2897,8.3387],[-10.2899,8.3383],[-10.2902,8.3381],[-10.2903,8.3376],[-10.2905,8.3374],[-10.2907,8.3368],[-10.2909,8.3361],[-10.2908,8.3352],[-10.293,8.3345],[-10.2947,8.3336],[-10.295,8.3327],[-10.2952,8.3317],[-10.295,8.3308],[-10.2947,8.3303],[-10.2945,8.3288],[-10.2953,8.3289],[-10.2959,8.3281],[-10.2964,8.3276],[-10.2965,8.3272],[-10.2965,8.3269],[-10.2961,8.3259],[-10.2952,8.325],[-10.2947,8.3247],[-10.2945,8.3244],[-10.2943,8.3241],[-10.2948,8.3236],[-10.2952,8.3235],[-10.2954,8.3229],[-10.2962,8.322],[-10.2968,8.3218],[-10.2977,8.3218],[-10.2981,8.3217],[-10.297,8.3188],[-10.2978,8.3177],[-10.2974,8.3175],[-10.2972,8.3168],[-10.2973,8.3161],[-10.2982,8.3141],[-10.2987,8.3134],[-10.2983,8.3128],[-10.2979,8.312],[-10.298,8.3113],[-10.2985,8.3108],[-10.2987,8.3103],[-10.2983,8.3084],[-10.2988,8.3077],[-10.2992,8.3076],[-10.2999,8.3068],[-10.301,8.3058],[-10.303,8.3049],[-10.3033,8.3044],[-10.3035,8.3041],[-10.3033,8.303],[-10.3024,8.3004],[-10.3022,8.3],[-10.3016,8.299],[-10.3016,8.2985],[-10.3017,8.2981],[-10.3011,8.2975],[-10.3026,8.2967],[-10.304,8.2958],[-10.3049,8.2953],[-10.3057,8.2948],[-10.3059,8.2944],[-10.3067,8.2939],[-10.307,8.2939],[-10.3091,8.2935],[-10.3095,8.2925],[-10.3096,8.2917],[-10.3109,8.2913],[-10.3115,8.291],[-10.3135,8.2902],[-10.3147,8.2897],[-10.3158,8.2886],[-10.3183,8.2868],[-10.3189,8.2861],[-10.3202,8.2848],[-10.32,8.2845],[-10.3199,8.284],[-10.319,8.2833],[-10.3185,8.2827],[-10.3175,8.2812],[-10.3172,8.2806],[-10.3171,8.2804],[-10.3174,8.2801],[-10.3175,8.2799],[-10.3167,8.2786],[-10.3158,8.2781],[-10.3154,8.2772],[-10.3156,8.2765],[-10.3163,8.2749],[-10.3155,8.2725],[-10.3156,8.2721],[-10.3159,8.2717],[-10.3151,8.2703],[-10.315,8.27],[-10.315,8.2694],[-10.315,8.2689],[-10.3151,8.2683],[-10.3144,8.2677],[-10.3143,8.2669],[-10.3138,8.2662],[-10.3137,8.2659],[-10.3138,8.2652],[-10.313,8.265],[-10.312,8.265],[-10.3112,8.2648],[-10.311,8.2641],[-10.3107,8.2633],[-10.3103,8.2616],[-10.3115,8.2573],[-10.3121,8.2573],[-10.3115,8.2569],[-10.3111,8.2564],[-10.3113,8.2556],[-10.3107,8.255],[-10.3102,8.2546],[-10.3093,8.2546],[-10.3075,8.2549],[-10.3076,8.2546],[-10.3089,8.2538],[-10.3086,8.2536],[-10.309,8.2519],[-10.3097,8.2502],[-10.3093,8.2498],[-10.3089,8.2488],[-10.3091,8.2483],[-10.3091,8.2477],[-10.3088,8.2472],[-10.3083,8.2467],[-10.3082,8.246],[-10.3077,8.2455],[-10.3073,8.2452],[-10.3073,8.2448],[-10.308,8.2444],[-10.3083,8.2441],[-10.3086,8.2436],[-10.3091,8.2432],[-10.3089,8.2425],[-10.3082,8.2411],[-10.3076,8.2412],[-10.307,8.2413],[-10.3066,8.2416],[-10.3059,8.2418],[-10.3049,8.2419],[-10.3029,8.2418],[-10.3021,8.2416],[-10.3014,8.2413],[-10.3011,8.241],[-10.3008,8.2403],[-10.3007,8.2398],[-10.3007,8.2394],[-10.3011,8.239],[-10.3024,8.2382],[-10.3026,8.2377],[-10.3026,8.2371],[-10.3016,8.2364],[-10.3015,8.2361],[-10.3015,8.2357],[-10.3016,8.2352],[-10.3017,8.2348],[-10.3017,8.2342],[-10.3013,8.2326],[-10.3008,8.2317],[-10.2997,8.2315],[-10.2991,8.231],[-10.299,8.2305],[-10.2985,8.2294],[-10.298,8.2288],[-10.2973,8.2282],[-10.2961,8.2276],[-10.2959,8.2273],[-10.2959,8.2244],[-10.2956,8.2242],[-10.2952,8.2243],[-10.295,8.2241],[-10.2949,8.2238],[-10.2949,8.2236],[-10.2951,8.2233],[-10.2961,8.2225],[-10.2962,8.2221],[-10.2953,8.2209],[-10.2953,8.2203],[-10.2956,8.2196],[-10.296,8.2189],[-10.2965,8.2181],[-10.2976,8.2168],[-10.298,8.2162],[-10.2981,8.216],[-10.2974,8.2155],[-10.2973,8.2152],[-10.2974,8.2146],[-10.2978,8.214],[-10.2992,8.2129],[-10.2993,8.2124],[-10.2994,8.212],[-10.2993,8.2117],[-10.2982,8.2106],[-10.2983,8.21],[-10.2986,8.2097],[-10.2992,8.2097],[-10.2993,8.2096],[-10.2995,8.2092],[-10.2995,8.2088],[-10.2993,8.2083],[-10.2994,8.2073],[-10.2999,8.2069],[-10.2998,8.2065],[-10.3001,8.2061],[-10.3004,8.2057],[-10.3008,8.2045],[-10.3009,8.2039],[-10.3003,8.2032],[-10.3004,8.2024],[-10.3009,8.2014],[-10.3009,8.2007],[-10.3007,8.2002],[-10.3007,8.1996],[-10.301,8.1991],[-10.3018,8.1983],[-10.3026,8.1983],[-10.3024,8.198],[-10.3017,8.1974],[-10.3016,8.1973],[-10.3015,8.197],[-10.3016,8.197],[-10.3018,8.197],[-10.3024,8.1973],[-10.3031,8.1975],[-10.3042,8.1976],[-10.305,8.1975],[-10.3059,8.1973],[-10.3063,8.1973],[-10.3072,8.1977],[-10.3077,8.1981],[-10.3083,8.1982],[-10.3086,8.198],[-10.309,8.1975],[-10.3097,8.1975],[-10.3116,8.1969],[-10.3122,8.1965],[-10.3145,8.1954],[-10.3179,8.1951],[-10.3189,8.1949],[-10.3179,8.1934],[-10.3193,8.1925],[-10.3194,8.1906],[-10.3197,8.1896],[-10.3199,8.189],[-10.3205,8.1882],[-10.3214,8.1867],[-10.322,8.186],[-10.3234,8.1849],[-10.3241,8.1846],[-10.3251,8.1847],[-10.3255,8.1844],[-10.3254,8.1837],[-10.3263,8.1827],[-10.3269,8.1823],[-10.3273,8.1819],[-10.3274,8.1814],[-10.3274,8.1808],[-10.3269,8.1803],[-10.327,8.1797],[-10.3272,8.1794],[-10.3272,8.1786],[-10.3282,8.1777],[-10.3284,8.1773],[-10.3284,8.1768],[-10.3288,8.1766],[-10.3292,8.1761],[-10.3304,8.1756],[-10.3307,8.1752],[-10.3308,8.174],[-10.3313,8.1732],[-10.3321,8.173],[-10.3323,8.1728],[-10.3325,8.1724],[-10.3325,8.1712],[-10.3323,8.1707],[-10.3327,8.1703],[-10.3332,8.17],[-10.3335,8.1698],[-10.3335,8.1696],[-10.3337,8.1695],[-10.3338,8.1693],[-10.3336,8.1692],[-10.3336,8.169],[-10.3337,8.169],[-10.3336,8.1689],[-10.3333,8.1689],[-10.333,8.1684],[-10.3332,8.168],[-10.3347,8.1684],[-10.3349,8.1674],[-10.3349,8.1671],[-10.3351,8.1666],[-10.3356,8.1665],[-10.3359,8.1663],[-10.336,8.1663],[-10.3361,8.1662],[-10.3361,8.1661],[-10.3364,8.1659],[-10.3368,8.1646],[-10.3383,8.1634],[-10.3392,8.163],[-10.3397,8.163],[-10.3411,8.1618],[-10.3417,8.1615],[-10.3424,8.1613],[-10.3431,8.1604],[-10.3433,8.1596],[-10.3434,8.1581],[-10.3442,8.1577],[-10.3445,8.1574],[-10.345,8.1566],[-10.3455,8.1558],[-10.3465,8.1548],[-10.3488,8.154],[-10.3494,8.1535],[-10.3498,8.1525],[-10.3502,8.1522],[-10.3509,8.1522],[-10.3515,8.1517],[-10.3518,8.1511],[-10.3517,8.1502],[-10.352,8.1505],[-10.3523,8.1504],[-10.3525,8.1502],[-10.3529,8.15],[-10.354,8.1501],[-10.3545,8.1503],[-10.3549,8.1506],[-10.3552,8.1511],[-10.3555,8.1517],[-10.3558,8.1522],[-10.3561,8.1524],[-10.3563,8.1526],[-10.3565,8.1526],[-10.3568,8.1526],[-10.3571,8.1523],[-10.3574,8.1523],[-10.3577,8.1525],[-10.358,8.153],[-10.3582,8.1532],[-10.3585,8.1532],[-10.3586,8.1532],[-10.3588,8.1533],[-10.3589,8.1534],[-10.3589,8.1536],[-10.3588,8.1538],[-10.3584,8.1538],[-10.3585,8.1542],[-10.3587,8.1544],[-10.3589,8.1545],[-10.359,8.1545],[-10.3592,8.1542],[-10.3594,8.1538],[-10.3595,8.1536],[-10.3596,8.1534],[-10.3598,8.1532],[-10.3599,8.1533],[-10.3599,8.1534],[-10.3597,8.1536],[-10.3597,8.1537],[-10.3598,8.1537],[-10.3599,8.1538],[-10.3596,8.1543],[-10.3597,8.1544],[-10.3599,8.1546],[-10.3601,8.1546],[-10.361,8.1551],[-10.3612,8.1555],[-10.3616,8.1559],[-10.3625,8.1566],[-10.3631,8.1569],[-10.3638,8.1572],[-10.3645,8.1573],[-10.3647,8.1574],[-10.3649,8.1577],[-10.3651,8.1579],[-10.3661,8.1578],[-10.3662,8.1579],[-10.3665,8.1585],[-10.3666,8.1587],[-10.3665,8.1595],[-10.366,8.1597],[-10.3655,8.1601],[-10.3657,8.1604],[-10.3671,8.1604],[-10.3678,8.1604],[-10.3685,8.1605],[-10.3695,8.1609],[-10.3702,8.1609],[-10.3707,8.1608],[-10.371,8.1609],[-10.3713,8.1611],[-10.3716,8.1618],[-10.3721,8.1621],[-10.3725,8.1625],[-10.3725,8.1628],[-10.3724,8.1631],[-10.3722,8.1632],[-10.372,8.1631],[-10.3714,8.1627],[-10.3711,8.1627],[-10.371,8.1628],[-10.371,8.1631],[-10.3712,8.1636],[-10.3714,8.1639],[-10.3718,8.1641],[-10.3728,8.1652],[-10.3731,8.1654],[-10.3734,8.1654],[-10.3738,8.1653],[-10.3744,8.1648],[-10.3753,8.1643],[-10.3756,8.1644],[-10.3758,8.1646],[-10.376,8.1649],[-10.3761,8.165],[-10.3769,8.1655],[-10.3772,8.1657],[-10.3777,8.1656],[-10.3787,8.1652],[-10.3789,8.1647],[-10.3793,8.1644],[-10.3801,8.1642],[-10.381,8.1641],[-10.3812,8.164],[-10.3814,8.1636],[-10.3817,8.1632],[-10.382,8.1631],[-10.3838,8.1637],[-10.3843,8.1637],[-10.3848,8.1636],[-10.3853,8.1632],[-10.3863,8.1628],[-10.3866,8.1623],[-10.3867,8.162],[-10.387,8.1616],[-10.3873,8.1614],[-10.3875,8.1611],[-10.3876,8.1607],[-10.3875,8.1604],[-10.3872,8.16],[-10.3872,8.1596],[-10.3873,8.159],[-10.3874,8.1585],[-10.3874,8.1578],[-10.3876,8.1573],[-10.3879,8.157],[-10.3891,8.1564],[-10.3894,8.1562],[-10.3895,8.1559],[-10.3894,8.1556],[-10.3895,8.1555],[-10.3898,8.1555],[-10.39,8.1557],[-10.3902,8.1559],[-10.3906,8.156],[-10.3909,8.1558],[-10.3911,8.1557],[-10.3911,8.1551],[-10.3911,8.1546],[-10.3909,8.1543],[-10.3903,8.1535],[-10.39,8.1531],[-10.3897,8.1528],[-10.3895,8.1527],[-10.388,8.153],[-10.3874,8.153],[-10.3869,8.1528],[-10.3865,8.1525],[-10.3862,8.1519],[-10.3863,8.1517],[-10.3866,8.1516],[-10.387,8.1516],[-10.3874,8.1515],[-10.3878,8.1512],[-10.3881,8.1509],[-10.3882,8.1506],[-10.3882,8.1503],[-10.3883,8.1501],[-10.3888,8.1498],[-10.3893,8.1498],[-10.3896,8.1499],[-10.3897,8.1501],[-10.3897,8.1506],[-10.39,8.1507],[-10.3903,8.1505],[-10.3905,8.1503],[-10.3907,8.1503],[-10.391,8.1505],[-10.3912,8.1505],[-10.3923,8.1508],[-10.3929,8.1509],[-10.3934,8.1512],[-10.3937,8.1512],[-10.3944,8.151],[-10.395,8.1509],[-10.3953,8.1512],[-10.3958,8.1512],[-10.3959,8.1509],[-10.3959,8.1505],[-10.3961,8.15],[-10.3964,8.1497],[-10.3968,8.1494],[-10.3972,8.1493],[-10.3975,8.1487],[-10.3975,8.1484],[-10.3973,8.1482],[-10.397,8.148],[-10.3969,8.1479],[-10.3969,8.1477],[-10.3971,8.1476],[-10.3974,8.1477],[-10.3977,8.148],[-10.3979,8.1483],[-10.3982,8.1488],[-10.3992,8.1497],[-10.3996,8.1495],[-10.3996,8.1493],[-10.3998,8.1492],[-10.4001,8.1492],[-10.4002,8.1494],[-10.4002,8.1496],[-10.4003,8.1498],[-10.4004,8.15],[-10.4005,8.1505],[-10.4007,8.1509],[-10.4009,8.1511],[-10.4017,8.151],[-10.4021,8.151],[-10.4025,8.1506],[-10.4028,8.1505],[-10.403,8.1503],[-10.4033,8.1499],[-10.4036,8.1497],[-10.4042,8.1501],[-10.4045,8.1501],[-10.4057,8.1501],[-10.4062,8.1499],[-10.4066,8.1499],[-10.4072,8.1497],[-10.408,8.1497],[-10.4086,8.1495],[-10.4092,8.1496],[-10.4099,8.1496],[-10.4113,8.1491],[-10.4118,8.149],[-10.4127,8.1494],[-10.4133,8.1495],[-10.4143,8.1495],[-10.4156,8.1492],[-10.4159,8.149],[-10.4162,8.1488],[-10.4165,8.1489],[-10.417,8.1492],[-10.4175,8.1494],[-10.4181,8.1493],[-10.4197,8.1495],[-10.4207,8.1494],[-10.422,8.1492],[-10.4231,8.1491],[-10.4245,8.1492],[-10.4253,8.149],[-10.4264,8.1489],[-10.4266,8.1492],[-10.4269,8.1493],[-10.4274,8.1494],[-10.4288,8.1502],[-10.4298,8.151],[-10.4307,8.1513],[-10.4311,8.1518],[-10.4319,8.1528],[-10.4328,8.1538],[-10.4333,8.1547],[-10.4337,8.155],[-10.4343,8.1551],[-10.4348,8.1547],[-10.4357,8.1544],[-10.437,8.1543],[-10.4378,8.1536],[-10.4383,8.1531],[-10.4391,8.1529],[-10.4393,8.1532],[-10.4391,8.1537],[-10.4392,8.1542],[-10.4397,8.1547],[-10.4402,8.1553],[-10.4406,8.1554],[-10.4411,8.1551],[-10.4415,8.1545],[-10.4418,8.1543],[-10.4437,8.1547],[-10.444,8.1554],[-10.4441,8.1557],[-10.4445,8.1558],[-10.4448,8.1556],[-10.4452,8.1555],[-10.4454,8.1557],[-10.4457,8.1565],[-10.4459,8.1568],[-10.4466,8.1572],[-10.4471,8.1577],[-10.4472,8.1584],[-10.4475,8.1591],[-10.4479,8.1592],[-10.4483,8.159],[-10.4485,8.1588],[-10.4486,8.1579],[-10.4488,8.1572],[-10.4492,8.1567],[-10.4496,8.1564],[-10.4498,8.1562],[-10.4502,8.1559],[-10.4507,8.1559],[-10.4512,8.156],[-10.4517,8.156],[-10.4526,8.1561],[-10.453,8.1561],[-10.4533,8.156],[-10.4537,8.1559],[-10.4544,8.1561],[-10.4548,8.1563],[-10.4551,8.1562],[-10.4557,8.1556],[-10.4559,8.1554],[-10.4561,8.1554],[-10.4563,8.1558],[-10.4564,8.1563],[-10.4565,8.1566],[-10.4568,8.1565],[-10.4571,8.1565],[-10.4574,8.1564],[-10.4575,8.156],[-10.4576,8.1556],[-10.4578,8.1555],[-10.4581,8.1556],[-10.4584,8.156],[-10.4588,8.1562],[-10.4591,8.1562],[-10.4594,8.156],[-10.4599,8.1558],[-10.4606,8.1557],[-10.4609,8.1557],[-10.4614,8.1559],[-10.4617,8.1562],[-10.4619,8.1569],[-10.4618,8.1572],[-10.4616,8.1574],[-10.4615,8.1577],[-10.4615,8.1579],[-10.4617,8.158],[-10.4619,8.158],[-10.4624,8.1576],[-10.4626,8.1571],[-10.4628,8.1566],[-10.4631,8.1564],[-10.4635,8.1563],[-10.4641,8.1562],[-10.4644,8.1561],[-10.4649,8.1559],[-10.4654,8.1559],[-10.4657,8.1559],[-10.4659,8.1559],[-10.4665,8.1553],[-10.4669,8.155],[-10.4674,8.1548],[-10.4678,8.1547],[-10.4685,8.1544],[-10.4688,8.1543],[-10.469,8.1545],[-10.4694,8.1549],[-10.4698,8.1551],[-10.4702,8.155],[-10.4705,8.1547],[-10.4705,8.1542],[-10.4705,8.1537],[-10.4706,8.1535],[-10.4709,8.1534],[-10.4714,8.1536],[-10.4719,8.1538],[-10.4725,8.1534],[-10.4727,8.1531],[-10.4726,8.1526],[-10.4726,8.1522],[-10.4725,8.1514],[-10.4726,8.1511],[-10.4732,8.151],[-10.4739,8.1508],[-10.4746,8.1505],[-10.475,8.1503],[-10.4756,8.15],[-10.4761,8.15],[-10.4764,8.1502],[-10.4768,8.1502],[-10.4772,8.1501],[-10.4778,8.1499],[-10.4781,8.15],[-10.4784,8.1501],[-10.4787,8.1506],[-10.479,8.151],[-10.4792,8.1511],[-10.4797,8.1505],[-10.4802,8.1502],[-10.4809,8.1501],[-10.4815,8.15],[-10.4819,8.1498],[-10.4826,8.1496],[-10.4835,8.1494],[-10.4838,8.1494],[-10.4844,8.1496],[-10.4847,8.1494],[-10.4847,8.149],[-10.4849,8.1486],[-10.4849,8.1482],[-10.4847,8.1477],[-10.4847,8.1474],[-10.4848,8.1472],[-10.4855,8.1471],[-10.4859,8.1471],[-10.4862,8.1472],[-10.4864,8.1473],[-10.4869,8.1472],[-10.4873,8.1472],[-10.4877,8.1473],[-10.488,8.1471],[-10.4884,8.147],[-10.4888,8.147],[-10.4896,8.1466],[-10.49,8.1465],[-10.4904,8.1464],[-10.4907,8.1465],[-10.4911,8.1465],[-10.4914,8.1464],[-10.4919,8.1459],[-10.4923,8.146],[-10.4928,8.1461],[-10.4932,8.1462],[-10.4937,8.1463],[-10.4949,8.1461],[-10.4952,8.146],[-10.4954,8.1458],[-10.4959,8.1456],[-10.4962,8.1458],[-10.4963,8.146],[-10.4966,8.1462],[-10.4971,8.1462],[-10.4982,8.1459],[-10.4988,8.1459],[-10.4995,8.1459],[-10.5004,8.1456],[-10.5011,8.1454],[-10.5012,8.1452],[-10.5011,8.1447],[-10.5012,8.1445],[-10.5015,8.1442],[-10.5021,8.144],[-10.5028,8.1438],[-10.5038,8.1436],[-10.5048,8.1432],[-10.5055,8.1429],[-10.5059,8.1425],[-10.506,8.142],[-10.5063,8.1416],[-10.507,8.1412],[-10.5075,8.1408],[-10.5081,8.1404],[-10.5084,8.14],[-10.5088,8.1399],[-10.5091,8.1396],[-10.5096,8.1392],[-10.51,8.1388],[-10.5105,8.1384],[-10.5111,8.1379],[-10.5116,8.1376],[-10.5129,8.1363],[-10.5132,8.136],[-10.514,8.1354],[-10.5143,8.135],[-10.5146,8.1346],[-10.5151,8.1344],[-10.5154,8.1341],[-10.516,8.1338],[-10.5163,8.1335],[-10.5169,8.1332],[-10.5176,8.1324],[-10.5181,8.132],[-10.519,8.1317],[-10.5197,8.1311],[-10.5203,8.1306],[-10.5208,8.1302],[-10.5213,8.1298],[-10.5214,8.1295],[-10.5218,8.1292],[-10.522,8.129],[-10.5224,8.1291],[-10.5228,8.1294],[-10.5233,8.1295],[-10.5238,8.1294],[-10.5243,8.1292],[-10.5246,8.1289],[-10.5249,8.1287],[-10.5252,8.1283],[-10.5253,8.1278],[-10.5256,8.1273],[-10.5258,8.1267],[-10.526,8.1264],[-10.5265,8.1262],[-10.5272,8.1261],[-10.5276,8.1258],[-10.5281,8.1254],[-10.5282,8.1251],[-10.5279,8.1247],[-10.5276,8.1246],[-10.5272,8.1247],[-10.5269,8.1248],[-10.5263,8.1246],[-10.5258,8.1245],[-10.5254,8.1244],[-10.5246,8.1236],[-10.5238,8.1229],[-10.5237,8.1227],[-10.5237,8.1223],[-10.5238,8.1216],[-10.524,8.1212],[-10.5243,8.1208],[-10.5246,8.1204],[-10.5249,8.1201],[-10.5254,8.1199],[-10.526,8.1197],[-10.5264,8.119],[-10.5267,8.119],[-10.5271,8.1193],[-10.5275,8.119],[-10.5281,8.1186],[-10.5289,8.1174],[-10.5292,8.1165],[-10.5297,8.116],[-10.5304,8.1156],[-10.531,8.1146],[-10.5314,8.1142],[-10.5316,8.1136],[-10.5316,8.1131],[-10.5314,8.113],[-10.5308,8.1132],[-10.5303,8.1125],[-10.5304,8.1121],[-10.5308,8.1118],[-10.5315,8.1117],[-10.5318,8.1114],[-10.5319,8.111],[-10.5317,8.1105],[-10.5312,8.1099],[-10.5308,8.1093],[-10.5311,8.1088],[-10.5316,8.1084],[-10.5325,8.1077],[-10.5329,8.1072],[-10.5335,8.1069],[-10.5347,8.1072],[-10.5349,8.1077],[-10.5352,8.1077],[-10.5357,8.1074],[-10.5356,8.1068],[-10.5353,8.1063],[-10.5357,8.1056],[-10.5359,8.1049],[-10.536,8.104],[-10.5364,8.1033],[-10.5367,8.1025],[-10.5367,8.1017],[-10.5367,8.101],[-10.5366,8.1005],[-10.5367,8.1001],[-10.5375,8.0991],[-10.5379,8.0987],[-10.5384,8.0982],[-10.539,8.0979],[-10.5397,8.0975],[-10.5407,8.0961],[-10.5408,8.0955],[-10.5415,8.095],[-10.5422,8.0944],[-10.5431,8.0939],[-10.5434,8.0932],[-10.5435,8.0926],[-10.5435,8.092],[-10.5432,8.0912],[-10.5433,8.0905],[-10.5435,8.0902],[-10.544,8.09],[-10.5445,8.0898],[-10.5452,8.0894],[-10.5456,8.089],[-10.5459,8.0888],[-10.5463,8.0884],[-10.5466,8.088],[-10.5472,8.0874],[-10.5479,8.087],[-10.5485,8.0865],[-10.5487,8.0855],[-10.5491,8.085],[-10.5497,8.0847],[-10.5503,8.0845],[-10.5513,8.0842],[-10.5514,8.0838],[-10.5522,8.083],[-10.5532,8.0825],[-10.5539,8.0821],[-10.5544,8.0815],[-10.5549,8.0809],[-10.556,8.0794],[-10.5564,8.0786],[-10.5566,8.0778],[-10.5569,8.0775],[-10.5573,8.0776],[-10.5574,8.0775],[-10.5577,8.0769],[-10.5579,8.0766],[-10.5584,8.076],[-10.5589,8.0753],[-10.5593,8.0748],[-10.5594,8.0743],[-10.5603,8.0736],[-10.5605,8.073],[-10.5605,8.0725],[-10.5608,8.0717],[-10.5608,8.071],[-10.5609,8.0706],[-10.5619,8.0696],[-10.5621,8.0693],[-10.5625,8.0688],[-10.5629,8.0679],[-10.5631,8.0671],[-10.5632,8.0668],[-10.5637,8.0663],[-10.564,8.0658],[-10.5642,8.0654],[-10.5646,8.0642],[-10.5651,8.0637],[-10.5654,8.0631],[-10.566,8.0622],[-10.5665,8.0615],[-10.5671,8.0612],[-10.5678,8.0603],[-10.568,8.0597],[-10.5683,8.0592],[-10.5686,8.0589],[-10.5688,8.0586],[-10.5689,8.0582],[-10.5691,8.058],[-10.5692,8.0577],[-10.5694,8.0575],[-10.5698,8.0574],[-10.5701,8.0572],[-10.5701,8.0571],[-10.5703,8.0566],[-10.5703,8.0561],[-10.5705,8.0557],[-10.571,8.0552],[-10.5711,8.055],[-10.5719,8.0542],[-10.5723,8.0538],[-10.5727,8.0533],[-10.5728,8.0529],[-10.5727,8.0526],[-10.5728,8.0524],[-10.5731,8.0522],[-10.5733,8.0517],[-10.5734,8.0512],[-10.5737,8.0506],[-10.5741,8.0503],[-10.5747,8.0497],[-10.5748,8.0495],[-10.575,8.0492],[-10.5751,8.0491],[-10.5756,8.0484],[-10.5758,8.0481],[-10.5763,8.0481],[-10.577,8.0483],[-10.5779,8.0481],[-10.5787,8.0482],[-10.5793,8.0481],[-10.5798,8.0479],[-10.5806,8.0477],[-10.5814,8.0474],[-10.5817,8.0473],[-10.5825,8.0472],[-10.5838,8.0471],[-10.5842,8.0471],[-10.585,8.0469],[-10.5857,8.0468],[-10.5865,8.0466],[-10.5872,8.0462],[-10.5885,8.0455],[-10.5891,8.0453],[-10.5899,8.0451],[-10.5906,8.0449],[-10.5914,8.0447],[-10.593,8.0446],[-10.5939,8.0442],[-10.5947,8.0438],[-10.5952,8.0435],[-10.5957,8.0431],[-10.5962,8.0426],[-10.5967,8.0422],[-10.5976,8.0419],[-10.5983,8.0418],[-10.5989,8.0419],[-10.5999,8.0421],[-10.6007,8.0423],[-10.6018,8.0422],[-10.6023,8.0422],[-10.6027,8.0421],[-10.6034,8.0419],[-10.6037,8.0416],[-10.604,8.0413],[-10.6042,8.0413],[-10.6043,8.0412],[-10.6045,8.0411],[-10.6046,8.041],[-10.6048,8.0409],[-10.6052,8.0405],[-10.605,7.9596],[-10.605,7.8685]]]},"properties":{"code":"KAI_KAIDC","name":"Kailahun District Council","level":"3","parent":"oWaJJJLCWzI","parentGraph":"Plmg8ikyfrK/oWaJJJLCWzI","groups":["aYjKY8GaXYQ","QJuHsfZjNBf"]}},{"type":"Feature","id":"Ba6McOxy6D2","geometry":{"type":"MultiPolygon","coordinates":[[[[-13.1437,8.8982],[-13.1458,8.8979],[-13.1484,8.899],[-13.1416,8.9092],[-13.1392,8.9152],[-13.1377,8.9199],[-13.1365,8.9216],[-13.1333,8.924],[-13.1273,8.9263],[-13.1211,8.927],[-13.1174,8.9269],[-13.1165,8.9254],[-13.1172,8.9231],[-13.1198,8.9202],[-13.1233,8.917],[-13.1286,8.9137],[-13.1334,8.9098],[-13.1349,8.9082],[-13.1354,8.9071],[-13.1384,8.9003],[-13.1407,8.8991],[-13.1437,8.8982]]],[[[-13.2732,8.8732],[-13.2697,8.8668],[-13.2715,8.8652],[-13.2772,8.8638],[-13.2787,8.8664],[-13.2762,8.8664],[-13.2767,8.8721],[-13.279,8.8724],[-13.2791,8.8742],[-13.2747,8.8769],[-13.2732,8.8732]]],[[[-13.2573,8.8934],[-13.2535,8.8902],[-13.2513,8.886],[-13.2503,8.8825],[-13.2478,8.8795],[-13.2463,8.8788],[-13.2433,8.8797],[-13.24,8.8791],[-13.239,8.8818],[-13.2358,8.8803],[-13.2386,8.875],[-13.2467,8.8697],[-13.2504,8.8683],[-13.2552,8.8706],[-13.2573,8.8725],[-13.2582,8.8759],[-13.2578,8.878],[-13.2586,8.8809],[-13.26,8.8828],[-13.2589,8.8845],[-13.2612,8.8864],[-13.26,8.8883],[-13.2617,8.8898],[-13.2607,8.893],[-13.2573,8.8934]]],[[[-13.1569,8.9039],[-13.1597,8.9019],[-13.1632,8.9034],[-13.1601,8.9052],[-13.1571,8.906],[-13.1569,8.9039]]],[[[-13.2195,8.9192],[-13.2135,8.9158],[-13.2119,8.9139],[-13.2086,8.9078],[-13.2065,8.9054],[-13.2019,8.9025],[-13.1974,8.9005],[-13.198,8.8976],[-13.1989,8.8968],[-13.2045,8.8951],[-13.2091,8.8928],[-13.2164,8.8907],[-13.2186,8.8895],[-13.2219,8.889],[-13.2256,8.8868],[-13.2282,8.8874],[-13.2381,8.8967],[-13.2388,8.9002],[-13.2383,8.9041],[-13.2383,8.9061],[-13.2334,8.9135],[-13.2308,8.9201],[-13.2261,8.9218],[-13.2195,8.9192]]],[[[-12.9306,8.9144],[-12.9133,8.8961],[-12.9127,8.8473],[-12.9136,8.8452],[-12.9221,8.8438],[-12.9278,8.8424],[-12.9322,8.841],[-12.9379,8.8397],[-12.9433,8.8386],[-12.953,8.8361],[-12.9558,8.8355],[-12.9631,8.8358],[-12.9651,8.8366],[-12.973,8.8426],[-12.9787,8.846],[-12.9858,8.8488],[-12.9937,8.8531],[-12.9971,8.8553],[-13.0018,8.8561],[-13.0087,8.8559],[-13.0157,8.8543],[-13.024,8.8535],[-13.0499,8.8485],[-13.0565,8.846],[-13.0639,8.8452],[-13.0726,8.8458],[-13.0741,8.8459],[-13.0817,8.8479],[-13.0894,8.8471],[-13.0948,8.8458],[-13.1128,8.8482],[-13.1245,8.848],[-13.1372,8.8504],[-13.1477,8.8545],[-13.1542,8.8605],[-13.1578,8.8648],[-13.1655,8.8719],[-13.1762,8.8779],[-13.1816,8.8815],[-13.1875,8.8842],[-13.196,8.8855],[-13.1982,8.8869],[-13.2,8.8897],[-13.1991,8.891],[-13.1934,8.8931],[-13.188,8.893],[-13.1793,8.891],[-13.18,8.8946],[-13.179,8.896],[-13.1751,8.8957],[-13.1706,8.8945],[-13.1659,8.8941],[-13.159,8.8923],[-13.1577,8.8915],[-13.1483,8.8921],[-13.1463,8.8938],[-13.142,8.8956],[-13.1394,8.8974],[-13.1361,8.9009],[-13.1332,8.9052],[-13.1298,8.9098],[-13.1275,8.9121],[-13.1244,8.9129],[-13.1213,8.9155],[-13.1196,8.9181],[-13.1169,8.9217],[-13.1137,8.9249],[-13.1094,8.9282],[-13.1073,8.9283],[-13.1006,8.9256],[-13.0963,8.925],[-13.091,8.9246],[-13.0859,8.9246],[-13.0854,8.9275],[-13.0941,8.9286],[-13.1023,8.9302],[-13.1088,8.9309],[-13.1183,8.9308],[-13.1198,8.9331],[-13.128,8.9319],[-13.1338,8.9296],[-13.1365,8.9278],[-13.1375,8.926],[-13.1413,8.9238],[-13.141,8.9226],[-13.1468,8.9163],[-13.1485,8.916],[-13.1548,8.9118],[-13.1576,8.9085],[-13.1611,8.9074],[-13.1651,8.9076],[-13.171,8.9086],[-13.1729,8.9084],[-13.1827,8.9085],[-13.1873,8.9097],[-13.1899,8.911],[-13.1926,8.9111],[-13.1967,8.9127],[-13.1988,8.9153],[-13.2046,8.9246],[-13.2155,8.9344],[-13.221,8.9381],[-13.2254,8.9438],[-13.2265,8.9451],[-13.2304,8.9489],[-13.2325,8.9537],[-13.233,8.9555],[-13.2331,8.9586],[-13.2327,8.9592],[-13.231,8.9619],[-13.2282,8.963],[-13.2303,8.9655],[-13.2335,8.9631],[-13.2358,8.9606],[-13.2379,8.9539],[-13.2376,8.949],[-13.2395,8.9473],[-13.2414,8.9463],[-13.2436,8.9465],[-13.2456,8.9472],[-13.2473,8.9503],[-13.2486,8.9519],[-13.2497,8.953],[-13.2535,8.9552],[-13.2533,8.9625],[-13.2531,8.9683],[-13.2536,8.9743],[-13.2531,8.9786],[-13.2533,8.9852],[-13.2521,8.9875],[-13.254,8.9885],[-13.2568,8.9847],[-13.2578,8.9823],[-13.2577,8.9776],[-13.2576,8.9738],[-13.2584,8.9672],[-13.2591,8.9619],[-13.2585,8.9581],[-13.2582,8.9551],[-13.257,8.9514],[-13.2584,8.9504],[-13.2602,8.95],[-13.2662,8.9519],[-13.2697,8.9528],[-13.274,8.9543],[-13.2753,8.9537],[-13.2805,8.9541],[-13.2842,8.955],[-13.2856,8.9563],[-13.2866,8.9566],[-13.2886,8.9585],[-13.2908,8.962],[-13.2924,8.9662],[-13.2925,8.9682],[-13.2922,8.9696],[-13.291,8.972],[-13.2918,8.9763],[-13.2932,8.9803],[-13.2941,8.9843],[-13.2943,8.9872],[-13.2943,8.9943],[-13.2934,8.9973],[-13.2907,8.9983],[-13.289,8.9999],[-13.2914,9.0052],[-13.2922,9.0124],[-13.294,9.0151],[-13.2944,9.0202],[-13.298,9.0292],[-13.3012,9.036],[-13.3014,9.0397],[-13.3019,9.0419],[-13.3021,9.0439],[-13.3021,9.0449],[-13.3018,9.0462],[-13.3011,9.0475],[-13.3005,9.0485],[-13.2997,9.0493],[-13.2986,9.0498],[-13.2971,9.05],[-13.2937,9.0498],[-13.2919,9.0499],[-13.2895,9.0503],[-13.2884,9.051],[-13.2872,9.0521],[-13.2842,9.0544],[-13.282,9.0556],[-13.2802,9.0569],[-13.2779,9.0593],[-13.2769,9.0609],[-13.2764,9.0617],[-13.2753,9.0629],[-13.274,9.0636],[-13.2725,9.064],[-13.2705,9.064],[-13.2691,9.0641],[-13.2674,9.0646],[-13.2654,9.065],[-13.2593,9.0652],[-13.2561,9.065],[-13.2546,9.0653],[-13.2533,9.0659],[-13.2522,9.067],[-13.2514,9.0685],[-13.2509,9.0697],[-13.2507,9.0708],[-13.2504,9.0714],[-13.2498,9.0721],[-13.2493,9.0724],[-13.2485,9.0722],[-13.2474,9.0717],[-13.2452,9.0696],[-13.244,9.0689],[-13.2428,9.0686],[-13.2416,9.0688],[-13.2396,9.0702],[-13.2337,9.0732],[-13.2252,9.0762],[-13.2228,9.0766],[-13.2166,9.0784],[-13.2133,9.0786],[-13.2118,9.0783],[-13.2094,9.0789],[-13.2081,9.0799],[-13.2068,9.0811],[-13.2051,9.0821],[-13.2033,9.0826],[-13.2022,9.0831],[-13.2016,9.0841],[-13.2015,9.0857],[-13.2017,9.0867],[-13.2026,9.0885],[-13.2029,9.0898],[-13.203,9.0916],[-13.2023,9.0933],[-13.2015,9.0946],[-13.2004,9.0955],[-13.1997,9.0959],[-13.1984,9.0959],[-13.1974,9.0953],[-13.1963,9.0943],[-13.1948,9.0937],[-13.193,9.0933],[-13.1906,9.0931],[-13.1886,9.0935],[-13.1867,9.0943],[-13.1851,9.0948],[-13.1829,9.0946],[-13.1804,9.0936],[-13.1789,9.0932],[-13.1777,9.093],[-13.1755,9.0919],[-13.1727,9.091],[-13.17,9.089],[-13.1684,9.0876],[-13.1664,9.0852],[-13.167,9.0822],[-13.1664,9.0795],[-13.1655,9.0783],[-13.1638,9.077],[-13.1615,9.0762],[-13.1578,9.0742],[-13.156,9.0729],[-13.1526,9.0696],[-13.1503,9.0671],[-13.1491,9.0657],[-13.1467,9.0619],[-13.1448,9.0595],[-13.143,9.0577],[-13.141,9.0564],[-13.1394,9.056],[-13.1368,9.0554],[-13.1349,9.055],[-13.1336,9.0546],[-13.1322,9.0539],[-13.1299,9.052],[-13.128,9.0509],[-13.1254,9.0501],[-13.1224,9.0496],[-13.1205,9.0495],[-13.118,9.05],[-13.1169,9.0504],[-13.1158,9.0514],[-13.115,9.0522],[-13.1144,9.0531],[-13.1132,9.0534],[-13.1121,9.0532],[-13.1106,9.0527],[-13.1088,9.0515],[-13.1072,9.0511],[-13.1057,9.0501],[-13.1042,9.0487],[-13.1026,9.0478],[-13.101,9.0472],[-13.0995,9.0468],[-13.0969,9.0466],[-13.0899,9.0466],[-13.0885,9.0471],[-13.0869,9.0475],[-13.0848,9.0481],[-13.0831,9.0483],[-13.0818,9.0487],[-13.0808,9.0495],[-13.0804,9.0505],[-13.0803,9.0519],[-13.081,9.0556],[-13.0811,9.0577],[-13.0807,9.0592],[-13.0799,9.0607],[-13.079,9.0618],[-13.077,9.0631],[-13.0756,9.0646],[-13.0742,9.0671],[-13.0739,9.0687],[-13.074,9.0702],[-13.0746,9.0727],[-13.0754,9.0748],[-13.0752,9.0762],[-13.0743,9.0778],[-13.0741,9.0789],[-13.0737,9.0801],[-13.0726,9.0812],[-13.0712,9.0825],[-13.0701,9.0832],[-13.0687,9.0836],[-13.0665,9.0837],[-13.0635,9.0834],[-13.0612,9.0834],[-13.0556,9.0825],[-13.0489,9.0831],[-13.0468,9.0833],[-13.0447,9.084],[-13.0431,9.085],[-13.0424,9.0858],[-13.0419,9.0873],[-13.0417,9.0899],[-13.0422,9.0923],[-13.0419,9.0945],[-13.0413,9.0962],[-13.0405,9.0973],[-13.0379,9.0987],[-13.0356,9.0996],[-13.0331,9.1009],[-13.03,9.1019],[-13.0284,9.1018],[-13.0267,9.1011],[-13.0257,9.1002],[-13.0253,9.0987],[-13.0251,9.0976],[-13.0246,9.0967],[-13.0239,9.0962],[-13.0228,9.0963],[-13.0218,9.0969],[-13.0193,9.0999],[-13.0185,9.1014],[-13.017,9.103],[-13.0152,9.1047],[-13.0125,9.1063],[-13.0106,9.1072],[-13.0084,9.1084],[-13.0069,9.1096],[-13.0042,9.1128],[-13.0013,9.1163],[-13.0001,9.1187],[-12.9959,9.1295],[-12.9956,9.1302],[-12.995,9.1314],[-12.9944,9.1335],[-12.9938,9.1363],[-12.9938,9.1396],[-12.9926,9.144],[-12.9898,9.1471],[-12.9881,9.1487],[-12.9863,9.1505],[-12.9847,9.1531],[-12.9822,9.1576],[-12.9813,9.1607],[-12.981,9.1618],[-12.9808,9.1657],[-12.9803,9.1676],[-12.9798,9.1684],[-12.9792,9.1692],[-12.9782,9.1699],[-12.9729,9.1718],[-12.9642,9.1745],[-12.9591,9.1762],[-12.9527,9.1791],[-12.9518,9.1797],[-12.951,9.1806],[-12.9502,9.1834],[-12.9501,9.1848],[-12.9502,9.1857],[-12.9518,9.1933],[-12.952,9.1946],[-12.9525,9.1955],[-12.953,9.1961],[-12.9543,9.1969],[-12.9554,9.1972],[-12.9564,9.1978],[-12.9573,9.1985],[-12.9583,9.1994],[-12.9593,9.2006],[-12.9599,9.2015],[-12.9606,9.2028],[-12.9613,9.2042],[-12.9616,9.2053],[-12.9627,9.2108],[-12.9635,9.2139],[-12.9645,9.2169],[-12.9649,9.2178],[-12.9658,9.2195],[-12.9673,9.2217],[-12.9713,9.227],[-12.9699,9.2278],[-12.9694,9.228],[-12.9681,9.2283],[-12.9668,9.2288],[-12.966,9.2296],[-12.9644,9.232],[-12.9626,9.2341],[-12.9621,9.2348],[-12.9622,9.235],[-12.9622,9.2354],[-12.9621,9.2356],[-12.962,9.236],[-12.9612,9.2363],[-12.9605,9.237],[-12.9602,9.2371],[-12.9601,9.2373],[-12.9596,9.2387],[-12.9594,9.239],[-12.959,9.2392],[-12.9588,9.2396],[-12.9588,9.2402],[-12.9585,9.2406],[-12.9585,9.2408],[-12.9579,9.2416],[-12.9577,9.2422],[-12.9577,9.2426],[-12.9578,9.243],[-12.9578,9.2435],[-12.9576,9.2438],[-12.9574,9.2441],[-12.9572,9.2442],[-12.957,9.2444],[-12.9567,9.2445],[-12.9565,9.2445],[-12.9564,9.2447],[-12.9563,9.245],[-12.9565,9.2455],[-12.9563,9.2461],[-12.9557,9.247],[-12.9555,9.2477],[-12.9552,9.2482],[-12.9551,9.2485],[-12.9548,9.2488],[-12.9549,9.2501],[-12.9548,9.2506],[-12.9547,9.2508],[-12.9545,9.251],[-12.9543,9.2514],[-12.954,9.2517],[-12.9539,9.2521],[-12.9539,9.2529],[-12.9533,9.2538],[-12.9529,9.2546],[-12.9527,9.255],[-12.9518,9.2558],[-12.9514,9.2564],[-12.9512,9.2568],[-12.9512,9.2576],[-12.9513,9.2581],[-12.9515,9.259],[-12.9516,9.2595],[-12.9515,9.2599],[-12.9513,9.2602],[-12.9506,9.2606],[-12.9504,9.2611],[-12.9501,9.262],[-12.9501,9.2629],[-12.9499,9.2631],[-12.9497,9.2634],[-12.9499,9.2639],[-12.9494,9.2653],[-12.9494,9.2656],[-12.9497,9.2666],[-12.9502,9.2676],[-12.9511,9.269],[-12.9515,9.2698],[-12.9519,9.2707],[-12.9522,9.271],[-12.9524,9.2716],[-12.9526,9.2719],[-12.9532,9.2721],[-12.9534,9.2724],[-12.9534,9.2729],[-12.9533,9.2735],[-12.9535,9.2738],[-12.9537,9.2743],[-12.9537,9.2745],[-12.9532,9.2754],[-12.953,9.2759],[-12.953,9.2762],[-12.9535,9.277],[-12.9538,9.2771],[-12.954,9.2775],[-12.954,9.2782],[-12.9542,9.2784],[-12.9544,9.2787],[-12.9545,9.2791],[-12.9541,9.2799],[-12.9543,9.2804],[-12.9545,9.2808],[-12.954,9.2814],[-12.954,9.2818],[-12.9537,9.282],[-12.9531,9.2825],[-12.9526,9.2826],[-12.9521,9.2828],[-12.9519,9.2835],[-12.9516,9.2835],[-12.9515,9.2838],[-12.9513,9.284],[-12.95,9.2838],[-12.9497,9.2839],[-12.9496,9.2843],[-12.9488,9.285],[-12.9486,9.2853],[-12.9487,9.2856],[-12.9486,9.2859],[-12.9484,9.2861],[-12.9481,9.2862],[-12.9477,9.2862],[-12.9474,9.2863],[-12.9472,9.2866],[-12.9471,9.2872],[-12.9466,9.2875],[-12.9461,9.2877],[-12.945,9.2885],[-12.9446,9.2889],[-12.9445,9.2892],[-12.9443,9.2894],[-12.9438,9.2896],[-12.9431,9.2897],[-12.9429,9.2898],[-12.9427,9.2901],[-12.9424,9.2904],[-12.942,9.2907],[-12.9414,9.2907],[-12.941,9.2906],[-12.9404,9.2903],[-12.9392,9.29],[-12.9383,9.2901],[-12.938,9.2901],[-12.9378,9.29],[-12.9369,9.29],[-12.9365,9.2898],[-12.9362,9.2895],[-12.9358,9.2892],[-12.9355,9.2892],[-12.935,9.2891],[-12.9345,9.2889],[-12.9342,9.2884],[-12.9336,9.2882],[-12.9328,9.2883],[-12.9321,9.2886],[-12.9315,9.2886],[-12.931,9.2884],[-12.9294,9.2871],[-12.9287,9.2868],[-12.9284,9.2868],[-12.9277,9.2868],[-12.9274,9.2867],[-12.9272,9.2863],[-12.9274,9.286],[-12.9274,9.2857],[-12.9274,9.2855],[-12.9272,9.2852],[-12.9269,9.285],[-12.9264,9.2848],[-12.9263,9.2846],[-12.9262,9.2841],[-12.9255,9.2834],[-12.9249,9.2832],[-12.9245,9.2831],[-12.9239,9.2831],[-12.9239,9.2835],[-12.9237,9.2838],[-12.9233,9.2839],[-12.9227,9.2835],[-12.9224,9.2834],[-12.9215,9.2835],[-12.921,9.2833],[-12.9208,9.283],[-12.9207,9.2827],[-12.9206,9.2818],[-12.9204,9.2811],[-12.9201,9.2806],[-12.9188,9.2799],[-12.9181,9.2793],[-12.9172,9.2789],[-12.9164,9.2783],[-12.9161,9.2779],[-12.9157,9.2773],[-12.9157,9.2766],[-12.9152,9.2752],[-12.9148,9.2749],[-12.9144,9.2748],[-12.9139,9.2747],[-12.9133,9.2743],[-12.9133,9.2741],[-12.9133,9.2737],[-12.9134,9.2735],[-12.9136,9.2733],[-12.914,9.2733],[-12.9147,9.2733],[-12.9151,9.273],[-12.9153,9.2726],[-12.9151,9.2721],[-12.9146,9.2714],[-12.9144,9.2709],[-12.9143,9.2705],[-12.9144,9.27],[-12.9144,9.2697],[-12.9148,9.2695],[-12.9152,9.2695],[-12.9159,9.2696],[-12.9165,9.2697],[-12.9173,9.2698],[-12.9176,9.2687],[-12.9174,9.2684],[-12.9168,9.2683],[-12.9156,9.2686],[-12.915,9.2687],[-12.9147,9.2685],[-12.9146,9.2681],[-12.9142,9.2677],[-12.9139,9.2672],[-12.9138,9.2665],[-12.9135,9.2661],[-12.9134,9.2655],[-12.913,9.2652],[-12.9125,9.265],[-12.9119,9.265],[-12.9115,9.2652],[-12.911,9.2652],[-12.9105,9.2652],[-12.9101,9.2654],[-12.9091,9.2663],[-12.9087,9.2664],[-12.9085,9.2664],[-12.9081,9.266],[-12.9082,9.2654],[-12.9084,9.265],[-12.9095,9.264],[-12.9096,9.2636],[-12.9096,9.2633],[-12.9094,9.2631],[-12.9084,9.263],[-12.9079,9.2628],[-12.9073,9.262],[-12.9069,9.2618],[-12.9054,9.2638],[-12.9038,9.2659],[-12.9018,9.2677],[-12.9,9.269],[-12.8992,9.2701],[-12.8988,9.271],[-12.8964,9.273],[-12.8955,9.2733],[-12.8946,9.2731],[-12.8927,9.2722],[-12.8888,9.2708],[-12.8877,9.2708],[-12.8866,9.271],[-12.8856,9.2716],[-12.8848,9.2722],[-12.8842,9.2734],[-12.8839,9.2745],[-12.8836,9.2764],[-12.8839,9.2779],[-12.8845,9.2791],[-12.8854,9.2804],[-12.8874,9.2818],[-12.8877,9.2824],[-12.8879,9.283],[-12.8877,9.2838],[-12.8873,9.2847],[-12.8867,9.2855],[-12.8865,9.2876],[-12.8858,9.2887],[-12.8853,9.2893],[-12.8849,9.2893],[-12.8845,9.2891],[-12.8835,9.2896],[-12.8823,9.2903],[-12.8817,9.2911],[-12.8814,9.2924],[-12.8806,9.2931],[-12.8796,9.2936],[-12.877,9.2935],[-12.8739,9.2927],[-12.8733,9.2905],[-12.8717,9.2896],[-12.8681,9.2887],[-12.8673,9.2891],[-12.8656,9.2912],[-12.8643,9.2924],[-12.8639,9.293],[-12.8634,9.2934],[-12.8629,9.2931],[-12.8625,9.2923],[-12.862,9.2918],[-12.8612,9.2931],[-12.8601,9.2941],[-12.8582,9.2937],[-12.8561,9.2916],[-12.8544,9.2881],[-12.8521,9.2863],[-12.8496,9.2834],[-12.8485,9.2813],[-12.8479,9.2811],[-12.8472,9.281],[-12.8454,9.2821],[-12.8451,9.2828],[-12.8451,9.2837],[-12.8452,9.2847],[-12.8449,9.2867],[-12.8434,9.2887],[-12.8397,9.2903],[-12.8376,9.2906],[-12.835,9.2898],[-12.834,9.2897],[-12.8331,9.2898],[-12.8323,9.2903],[-12.8248,9.2952],[-12.8241,9.2954],[-12.8233,9.2954],[-12.8197,9.2939],[-12.8163,9.2923],[-12.8111,9.2895],[-12.8088,9.2895],[-12.8072,9.2898],[-12.8062,9.2907],[-12.8055,9.2916],[-12.8052,9.2944],[-12.8046,9.2953],[-12.8031,9.2964],[-12.8018,9.2978],[-12.8005,9.299],[-12.7989,9.2996],[-12.7958,9.2996],[-12.7902,9.3003],[-12.7879,9.3014],[-12.7855,9.3035],[-12.7847,9.3054],[-12.7843,9.3076],[-12.7843,9.3096],[-12.7866,9.313],[-12.7871,9.3142],[-12.7869,9.3161],[-12.7857,9.3171],[-12.7821,9.3184],[-12.7784,9.3209],[-12.7777,9.322],[-12.7776,9.3225],[-12.7783,9.3245],[-12.7781,9.3265],[-12.776,9.3293],[-12.7721,9.3352],[-12.7718,9.3389],[-12.7735,9.3418],[-12.7749,9.3437],[-12.7748,9.3446],[-12.7744,9.3452],[-12.7735,9.3457],[-12.7724,9.346],[-12.7714,9.3459],[-12.7694,9.3451],[-12.7687,9.3446],[-12.7681,9.3445],[-12.7668,9.3439],[-12.7636,9.3434],[-12.7607,9.3436],[-12.759,9.3439],[-12.7567,9.3447],[-12.7539,9.3449],[-12.7531,9.3455],[-12.7521,9.346],[-12.7513,9.346],[-12.75,9.3451],[-12.7493,9.3447],[-12.7486,9.3447],[-12.7479,9.345],[-12.7463,9.3486],[-12.746,9.3499],[-12.7461,9.3522],[-12.7463,9.3535],[-12.7472,9.3562],[-12.7474,9.3573],[-12.7479,9.3595],[-12.7485,9.3599],[-12.7488,9.36],[-12.7492,9.3605],[-12.75,9.362],[-12.7515,9.363],[-12.7523,9.3632],[-12.753,9.3635],[-12.7533,9.3637],[-12.7534,9.364],[-12.7536,9.3643],[-12.7536,9.365],[-12.7537,9.3655],[-12.754,9.3672],[-12.7536,9.3689],[-12.7535,9.3709],[-12.753,9.373],[-12.7531,9.3738],[-12.7537,9.3757],[-12.7544,9.3768],[-12.7554,9.3789],[-12.756,9.3814],[-12.7554,9.388],[-12.7553,9.3887],[-12.7554,9.3921],[-12.7552,9.3935],[-12.755,9.3942],[-12.7548,9.3946],[-12.7543,9.3954],[-12.7538,9.3963],[-12.7513,9.3982],[-12.7488,9.3999],[-12.7468,9.4006],[-12.7426,9.4003],[-12.7394,9.3998],[-12.7365,9.3991],[-12.735,9.3985],[-12.7341,9.3979],[-12.7337,9.3975],[-12.7333,9.3967],[-12.7328,9.3959],[-12.7324,9.3955],[-12.732,9.3953],[-12.7313,9.3952],[-12.7296,9.3948],[-12.7266,9.3948],[-12.7245,9.3949],[-12.7209,9.3967],[-12.7199,9.397],[-12.7191,9.397],[-12.7184,9.3967],[-12.7139,9.3941],[-12.7103,9.3897],[-12.7073,9.389],[-12.7057,9.3911],[-12.7059,9.395],[-12.707,9.3965],[-12.7075,9.3981],[-12.7081,9.3999],[-12.7082,9.4024],[-12.7069,9.4078],[-12.704,9.4117],[-12.6995,9.4148],[-12.6973,9.417],[-12.695,9.4178],[-12.6925,9.417],[-12.688,9.4125],[-12.6854,9.4079],[-12.6844,9.4078],[-12.6831,9.4084],[-12.6825,9.4114],[-12.6842,9.4167],[-12.6834,9.4186],[-12.6827,9.4192],[-12.6791,9.4199],[-12.6786,9.4218],[-12.6788,9.4237],[-12.6801,9.4251],[-12.6832,9.4288],[-12.6834,9.4296],[-12.6834,9.4304],[-12.6831,9.4309],[-12.6827,9.4316],[-12.6817,9.4325],[-12.6794,9.4338],[-12.678,9.4343],[-12.6775,9.4346],[-12.6748,9.4358],[-12.6747,9.438],[-12.6755,9.4396],[-12.6804,9.4421],[-12.6809,9.4427],[-12.6811,9.444],[-12.6804,9.4452],[-12.6801,9.4458],[-12.6791,9.4469],[-12.6786,9.4471],[-12.6774,9.4488],[-12.6771,9.4502],[-12.6768,9.4521],[-12.6777,9.4567],[-12.6779,9.4581],[-12.6776,9.4596],[-12.6766,9.4615],[-12.6752,9.4632],[-12.6716,9.4663],[-12.6696,9.4676],[-12.6675,9.4685],[-12.667,9.4701],[-12.667,9.4704],[-12.6672,9.4715],[-12.6689,9.4743],[-12.6692,9.4745],[-12.67,9.4759],[-12.6694,9.4775],[-12.6665,9.4791],[-12.6642,9.4839],[-12.6624,9.4872],[-12.6614,9.4884],[-12.6581,9.4934],[-12.6561,9.4962],[-12.6542,9.4986],[-12.6511,9.5034],[-12.6466,9.5103],[-12.6456,9.512],[-12.6446,9.514],[-12.6448,9.5214],[-12.6451,9.5219],[-12.6469,9.5242],[-12.648,9.5265],[-12.6487,9.5275],[-12.6501,9.5278],[-12.6519,9.5295],[-12.6546,9.5326],[-12.655,9.5334],[-12.655,9.534],[-12.6554,9.5355],[-12.6552,9.5363],[-12.6546,9.5385],[-12.654,9.5399],[-12.6528,9.5408],[-12.6513,9.5413],[-12.649,9.5447],[-12.6467,9.5463],[-12.6412,9.5493],[-12.6386,9.5501],[-12.6361,9.5498],[-12.6355,9.5497],[-12.6334,9.5475],[-12.6325,9.547],[-12.6305,9.5471],[-12.6296,9.5478],[-12.629,9.5483],[-12.6286,9.5492],[-12.6282,9.5513],[-12.6284,9.5528],[-12.6303,9.556],[-12.633,9.5612],[-12.6337,9.5638],[-12.6338,9.5661],[-12.633,9.5675],[-12.6323,9.5685],[-12.6276,9.5703],[-12.6268,9.5712],[-12.6264,9.5719],[-12.6241,9.5827],[-12.6229,9.5898],[-12.6173,9.5949],[-12.6168,9.598],[-12.6174,9.601],[-12.6174,9.6039],[-12.6156,9.6057],[-12.6138,9.607],[-12.6123,9.6075],[-12.6102,9.6074],[-12.6089,9.6068],[-12.6041,9.6038],[-12.6004,9.6021],[-12.5977,9.6001],[-12.5971,9.5998],[-12.5964,9.5997],[-12.5928,9.5996],[-12.5915,9.5997],[-12.5882,9.6009],[-12.5737,9.5837],[-12.5401,9.5871],[-12.5111,9.5649],[-12.4842,9.5334],[-12.4705,9.5186],[-12.4413,9.501],[-12.4208,9.4866],[-12.4173,9.4758],[-12.4157,9.4715],[-12.4163,9.4678],[-12.4162,9.4593],[-12.4081,9.4504],[-12.4,9.4401],[-12.3985,9.432],[-12.4022,9.4246],[-12.4051,9.4188],[-12.4036,9.4165],[-12.4007,9.4128],[-12.3919,9.4143],[-12.3816,9.4121],[-12.3749,9.4069],[-12.3704,9.3998],[-12.3698,9.3988],[-12.3757,9.3833],[-12.3764,9.3752],[-12.3711,9.3669],[-12.3698,9.3649],[-12.3661,9.3545],[-12.372,9.3508],[-12.3786,9.3508],[-12.3808,9.3531],[-12.3823,9.3597],[-12.3882,9.3641],[-12.3948,9.359],[-12.3993,9.3516],[-12.4037,9.339],[-12.4089,9.3354],[-12.4133,9.3317],[-12.4125,9.3213],[-12.4096,9.3147],[-12.4037,9.3088],[-12.3956,9.3044],[-12.3912,9.3014],[-12.3875,9.2941],[-12.3904,9.2874],[-12.3971,9.2852],[-12.403,9.2852],[-12.4103,9.2896],[-12.414,9.2955],[-12.4162,9.3],[-12.4229,9.3036],[-12.4243,9.3088],[-12.4243,9.3147],[-12.4288,9.314],[-12.4325,9.3081],[-12.4332,9.3],[-12.4317,9.2926],[-12.4306,9.2859],[-12.4343,9.2823],[-12.4395,9.2749],[-12.4402,9.2712],[-12.4387,9.2616],[-12.4381,9.2592],[-12.4365,9.2528],[-12.4409,9.252],[-12.4461,9.2572],[-12.455,9.2653],[-12.4645,9.269],[-12.4741,9.266],[-12.4815,9.2668],[-12.4867,9.2727],[-12.4896,9.2734],[-12.4904,9.2609],[-12.4904,9.2535],[-12.4933,9.2491],[-12.5007,9.2461],[-12.5036,9.2535],[-12.5081,9.2601],[-12.511,9.2668],[-12.5132,9.2705],[-12.5176,9.2727],[-12.5213,9.2719],[-12.5199,9.2653],[-12.5176,9.2579],[-12.5213,9.255],[-12.5272,9.2483],[-12.5302,9.2417],[-12.5309,9.2358],[-12.5324,9.2277],[-12.5398,9.2247],[-12.5457,9.2255],[-12.553,9.2299],[-12.5471,9.2358],[-12.5427,9.2439],[-12.5464,9.2491],[-12.5538,9.2513],[-12.5626,9.2498],[-12.5641,9.2476],[-12.5604,9.238],[-12.5579,9.2337],[-12.5581,9.2288],[-12.5604,9.2269],[-12.5678,9.2233],[-12.5752,9.2233],[-12.5825,9.221],[-12.5884,9.2196],[-12.5973,9.2159],[-12.6002,9.2218],[-12.6002,9.2277],[-12.6039,9.2336],[-12.6106,9.2336],[-12.6143,9.2321],[-12.6157,9.2196],[-12.6224,9.2122],[-12.6283,9.2092],[-12.6312,9.2056],[-12.6349,9.2041],[-12.6379,9.2063],[-12.6408,9.21],[-12.646,9.2092],[-12.6533,9.2026],[-12.6585,9.1989],[-12.6615,9.1923],[-12.66,9.1842],[-12.657,9.1783],[-12.6519,9.1665],[-12.6526,9.1591],[-12.6556,9.1517],[-12.6563,9.1451],[-12.6622,9.1325],[-12.6696,9.1325],[-12.6651,9.123],[-12.6637,9.1134],[-12.6666,9.1082],[-12.6784,9.1075],[-12.6836,9.1075],[-12.6895,9.1075],[-12.6936,9.1075],[-12.6954,9.1075],[-12.6991,9.0994],[-12.7006,9.0981],[-12.7035,9.0957],[-12.7087,9.092],[-12.7109,9.0839],[-12.7151,9.077],[-12.7171,9.0735],[-12.7174,9.0733],[-12.7223,9.0691],[-12.7297,9.0617],[-12.7341,9.0529],[-12.737,9.0455],[-12.7326,9.0381],[-12.7297,9.0337],[-12.7334,9.0263],[-12.7356,9.0227],[-12.7379,9.0217],[-12.7429,9.0197],[-12.7474,9.0153],[-12.7533,9.0116],[-12.7584,9.0072],[-12.7577,8.9998],[-12.7511,8.9968],[-12.7466,8.9924],[-12.7446,8.983],[-12.7503,8.9843],[-12.7547,8.9865],[-12.7606,8.9939],[-12.7665,8.9932],[-12.771,8.9946],[-12.7769,8.9998],[-12.7806,8.9998],[-12.7806,9.0042],[-12.7894,9.0109],[-12.795,9.0148],[-12.7968,9.016],[-12.8012,9.0219],[-12.8071,9.0271],[-12.8115,9.0322],[-12.8196,9.03],[-12.8248,9.0278],[-12.8292,9.0249],[-12.8322,9.0197],[-12.8388,9.0145],[-12.8432,9.0138],[-12.8468,9.0154],[-12.8499,9.0168],[-12.8543,9.0027],[-12.8565,8.9946],[-12.8587,8.9895],[-12.8617,8.9843],[-12.8617,8.9755],[-12.8646,8.9725],[-12.866,8.9674],[-12.8624,8.9592],[-12.8624,8.9526],[-12.8646,8.9519],[-12.8668,8.9511],[-12.8772,8.9511],[-12.8816,8.9467],[-12.8868,8.9452],[-12.8956,8.9445],[-12.8968,8.9391],[-12.8998,8.9354],[-12.9306,8.9144]]]]},"properties":{"code":"KAM","name":"Kambia District","level":"2","parent":"Plmg8ikyfrK","parentGraph":"Plmg8ikyfrK","groups":["QJuHsfZjNBf","Y1fwmuWGmNr"]}},{"type":"Feature","id":"PbIN2IEePZe","geometry":{"type":"MultiPolygon","coordinates":[[[[-13.2732,8.8732],[-13.2697,8.8668],[-13.2715,8.8652],[-13.2772,8.8638],[-13.2787,8.8664],[-13.2762,8.8664],[-13.2767,8.8721],[-13.279,8.8724],[-13.2791,8.8742],[-13.2747,8.8769],[-13.2732,8.8732]]],[[[-13.2573,8.8934],[-13.2535,8.8902],[-13.2513,8.886],[-13.2503,8.8825],[-13.2478,8.8795],[-13.2463,8.8788],[-13.2433,8.8797],[-13.24,8.8791],[-13.239,8.8818],[-13.2358,8.8803],[-13.2386,8.875],[-13.2467,8.8697],[-13.2504,8.8683],[-13.2552,8.8706],[-13.2573,8.8725],[-13.2582,8.8759],[-13.2578,8.878],[-13.2586,8.8809],[-13.26,8.8828],[-13.2589,8.8845],[-13.2612,8.8864],[-13.26,8.8883],[-13.2617,8.8898],[-13.2607,8.893],[-13.2573,8.8934]]],[[[-12.9306,8.9144],[-12.9133,8.8961],[-12.9127,8.8473],[-12.9136,8.8452],[-12.9221,8.8438],[-12.9278,8.8424],[-12.9322,8.841],[-12.9379,8.8397],[-12.9433,8.8386],[-12.953,8.8361],[-12.9558,8.8355],[-12.9631,8.8358],[-12.9651,8.8366],[-12.973,8.8426],[-12.9787,8.846],[-12.9858,8.8488],[-12.9937,8.8531],[-12.9971,8.8553],[-13.0018,8.8561],[-13.0087,8.8559],[-13.0157,8.8543],[-13.024,8.8535],[-13.0499,8.8485],[-13.0565,8.846],[-13.0639,8.8452],[-13.0726,8.8458],[-13.0741,8.8459],[-13.0817,8.8479],[-13.0894,8.8471],[-13.0948,8.8458],[-13.1128,8.8482],[-13.1245,8.848],[-13.1372,8.8504],[-13.1477,8.8545],[-13.1542,8.8605],[-13.1578,8.8648],[-13.1655,8.8719],[-13.1762,8.8779],[-13.1816,8.8815],[-13.1875,8.8842],[-13.196,8.8855],[-13.1982,8.8869],[-13.2,8.8897],[-13.1991,8.891],[-13.1934,8.8931],[-13.188,8.893],[-13.1793,8.891],[-13.18,8.8946],[-13.179,8.896],[-13.1751,8.8957],[-13.1706,8.8945],[-13.1659,8.8941],[-13.159,8.8923],[-13.1577,8.8915],[-13.1483,8.8921],[-13.1463,8.8938],[-13.142,8.8956],[-13.1394,8.8974],[-13.1361,8.9009],[-13.1332,8.9052],[-13.1298,8.9098],[-13.1275,8.9121],[-13.1244,8.9129],[-13.1213,8.9155],[-13.1196,8.9181],[-13.1169,8.9217],[-13.1137,8.9249],[-13.1094,8.9282],[-13.1073,8.9283],[-13.1006,8.9256],[-13.0963,8.925],[-13.091,8.9246],[-13.0859,8.9246],[-13.0854,8.9275],[-13.0941,8.9286],[-13.1023,8.9302],[-13.1088,8.9309],[-13.1183,8.9308],[-13.1198,8.9331],[-13.128,8.9319],[-13.1338,8.9296],[-13.1365,8.9278],[-13.1375,8.926],[-13.1413,8.9238],[-13.141,8.9226],[-13.1468,8.9163],[-13.1485,8.916],[-13.1548,8.9118],[-13.1576,8.9085],[-13.1611,8.9074],[-13.1651,8.9076],[-13.171,8.9086],[-13.1729,8.9084],[-13.1827,8.9085],[-13.1873,8.9097],[-13.1899,8.911],[-13.1926,8.9111],[-13.1967,8.9127],[-13.1988,8.9153],[-13.2046,8.9246],[-13.2155,8.9344],[-13.221,8.9381],[-13.2254,8.9438],[-13.2265,8.9451],[-13.2304,8.9489],[-13.2325,8.9537],[-13.233,8.9555],[-13.2331,8.9586],[-13.2327,8.9592],[-13.231,8.9619],[-13.2282,8.963],[-13.2303,8.9655],[-13.2335,8.9631],[-13.2358,8.9606],[-13.2379,8.9539],[-13.2376,8.949],[-13.2395,8.9473],[-13.2414,8.9463],[-13.2436,8.9465],[-13.2456,8.9472],[-13.2473,8.9503],[-13.2486,8.9519],[-13.2497,8.953],[-13.2535,8.9552],[-13.2533,8.9625],[-13.2531,8.9683],[-13.2536,8.9743],[-13.2531,8.9786],[-13.2533,8.9852],[-13.2521,8.9875],[-13.254,8.9885],[-13.2568,8.9847],[-13.2578,8.9823],[-13.2577,8.9776],[-13.2576,8.9738],[-13.2584,8.9672],[-13.2591,8.9619],[-13.2585,8.9581],[-13.2582,8.9551],[-13.257,8.9514],[-13.2584,8.9504],[-13.2602,8.95],[-13.2662,8.9519],[-13.2697,8.9528],[-13.274,8.9543],[-13.2753,8.9537],[-13.2805,8.9541],[-13.2842,8.955],[-13.2856,8.9563],[-13.2866,8.9566],[-13.2886,8.9585],[-13.2908,8.962],[-13.2924,8.9662],[-13.2925,8.9682],[-13.2922,8.9696],[-13.291,8.972],[-13.2918,8.9763],[-13.2932,8.9803],[-13.2941,8.9843],[-13.2943,8.9872],[-13.2943,8.9943],[-13.2934,8.9973],[-13.2907,8.9983],[-13.289,8.9999],[-13.2914,9.0052],[-13.2922,9.0124],[-13.294,9.0151],[-13.2944,9.0202],[-13.298,9.0292],[-13.3012,9.036],[-13.3014,9.0397],[-13.3019,9.0419],[-13.3021,9.0439],[-13.3021,9.0449],[-13.3018,9.0462],[-13.3011,9.0475],[-13.3005,9.0485],[-13.2997,9.0493],[-13.2986,9.0498],[-13.2971,9.05],[-13.2937,9.0498],[-13.2919,9.0499],[-13.2895,9.0503],[-13.2884,9.051],[-13.2872,9.0521],[-13.2842,9.0544],[-13.282,9.0556],[-13.2802,9.0569],[-13.2779,9.0593],[-13.2769,9.0609],[-13.2764,9.0617],[-13.2753,9.0629],[-13.274,9.0636],[-13.2725,9.064],[-13.2705,9.064],[-13.2691,9.0641],[-13.2674,9.0646],[-13.2654,9.065],[-13.2593,9.0652],[-13.2561,9.065],[-13.2546,9.0653],[-13.2533,9.0659],[-13.2522,9.067],[-13.2514,9.0685],[-13.2509,9.0697],[-13.2507,9.0708],[-13.2504,9.0714],[-13.2498,9.0721],[-13.2493,9.0724],[-13.2485,9.0722],[-13.2474,9.0717],[-13.2452,9.0696],[-13.244,9.0689],[-13.2428,9.0686],[-13.2416,9.0688],[-13.2396,9.0702],[-13.2337,9.0732],[-13.2252,9.0762],[-13.2228,9.0766],[-13.2166,9.0784],[-13.2133,9.0786],[-13.2118,9.0783],[-13.2094,9.0789],[-13.2081,9.0799],[-13.2068,9.0811],[-13.2051,9.0821],[-13.2033,9.0826],[-13.2022,9.0831],[-13.2016,9.0841],[-13.2015,9.0857],[-13.2017,9.0867],[-13.2026,9.0885],[-13.2029,9.0898],[-13.203,9.0916],[-13.2023,9.0933],[-13.2015,9.0946],[-13.2004,9.0955],[-13.1997,9.0959],[-13.1984,9.0959],[-13.1974,9.0953],[-13.1963,9.0943],[-13.1948,9.0937],[-13.193,9.0933],[-13.1906,9.0931],[-13.1886,9.0935],[-13.1867,9.0943],[-13.1851,9.0948],[-13.1829,9.0946],[-13.1804,9.0936],[-13.1789,9.0932],[-13.1777,9.093],[-13.1755,9.0919],[-13.1727,9.091],[-13.17,9.089],[-13.1684,9.0876],[-13.1664,9.0852],[-13.167,9.0822],[-13.1664,9.0795],[-13.1655,9.0783],[-13.1638,9.077],[-13.1615,9.0762],[-13.1578,9.0742],[-13.156,9.0729],[-13.1526,9.0696],[-13.1503,9.0671],[-13.1491,9.0657],[-13.1467,9.0619],[-13.1448,9.0595],[-13.143,9.0577],[-13.141,9.0564],[-13.1394,9.056],[-13.1368,9.0554],[-13.1349,9.055],[-13.1336,9.0546],[-13.1322,9.0539],[-13.1299,9.052],[-13.128,9.0509],[-13.1254,9.0501],[-13.1224,9.0496],[-13.1205,9.0495],[-13.118,9.05],[-13.1169,9.0504],[-13.1158,9.0514],[-13.115,9.0522],[-13.1144,9.0531],[-13.1132,9.0534],[-13.1121,9.0532],[-13.1106,9.0527],[-13.1088,9.0515],[-13.1072,9.0511],[-13.1057,9.0501],[-13.1042,9.0487],[-13.1026,9.0478],[-13.101,9.0472],[-13.0995,9.0468],[-13.0969,9.0466],[-13.0899,9.0466],[-13.0885,9.0471],[-13.0869,9.0475],[-13.0848,9.0481],[-13.0831,9.0483],[-13.0818,9.0487],[-13.0808,9.0495],[-13.0804,9.0505],[-13.0803,9.0519],[-13.081,9.0556],[-13.0811,9.0577],[-13.0807,9.0592],[-13.0799,9.0607],[-13.079,9.0618],[-13.077,9.0631],[-13.0756,9.0646],[-13.0742,9.0671],[-13.0739,9.0687],[-13.074,9.0702],[-13.0746,9.0727],[-13.0754,9.0748],[-13.0752,9.0762],[-13.0743,9.0778],[-13.0741,9.0789],[-13.0737,9.0801],[-13.0726,9.0812],[-13.0712,9.0825],[-13.0701,9.0832],[-13.0687,9.0836],[-13.0665,9.0837],[-13.0635,9.0834],[-13.0612,9.0834],[-13.0556,9.0825],[-13.0489,9.0831],[-13.0468,9.0833],[-13.0447,9.084],[-13.0431,9.085],[-13.0424,9.0858],[-13.0419,9.0873],[-13.0417,9.0899],[-13.0422,9.0923],[-13.0419,9.0945],[-13.0413,9.0962],[-13.0405,9.0973],[-13.0379,9.0987],[-13.0356,9.0996],[-13.0331,9.1009],[-13.03,9.1019],[-13.0284,9.1018],[-13.0267,9.1011],[-13.0257,9.1002],[-13.0253,9.0987],[-13.0251,9.0976],[-13.0246,9.0967],[-13.0239,9.0962],[-13.0228,9.0963],[-13.0218,9.0969],[-13.0193,9.0999],[-13.0185,9.1014],[-13.017,9.103],[-13.0152,9.1047],[-13.0125,9.1063],[-13.0106,9.1072],[-13.0084,9.1084],[-13.0069,9.1096],[-13.0042,9.1128],[-13.0013,9.1163],[-13.0001,9.1187],[-12.9959,9.1295],[-12.9956,9.1302],[-12.995,9.1314],[-12.9944,9.1335],[-12.9938,9.1363],[-12.9938,9.1396],[-12.9926,9.144],[-12.9898,9.1471],[-12.9881,9.1487],[-12.9863,9.1505],[-12.9847,9.1531],[-12.9822,9.1576],[-12.9813,9.1607],[-12.981,9.1618],[-12.9808,9.1657],[-12.9803,9.1676],[-12.9798,9.1684],[-12.9792,9.1692],[-12.9782,9.1699],[-12.9729,9.1718],[-12.9642,9.1745],[-12.9591,9.1762],[-12.9527,9.1791],[-12.9518,9.1797],[-12.951,9.1806],[-12.9502,9.1834],[-12.9501,9.1848],[-12.9502,9.1857],[-12.9518,9.1933],[-12.952,9.1946],[-12.9525,9.1955],[-12.953,9.1961],[-12.9543,9.1969],[-12.9554,9.1972],[-12.9564,9.1978],[-12.9573,9.1985],[-12.9583,9.1994],[-12.9593,9.2006],[-12.9599,9.2015],[-12.9606,9.2028],[-12.9613,9.2042],[-12.9616,9.2053],[-12.9627,9.2108],[-12.9635,9.2139],[-12.9645,9.2169],[-12.9649,9.2178],[-12.9658,9.2195],[-12.9673,9.2217],[-12.9713,9.227],[-12.9699,9.2278],[-12.9694,9.228],[-12.9681,9.2283],[-12.9668,9.2288],[-12.966,9.2296],[-12.9644,9.232],[-12.9626,9.2341],[-12.9621,9.2348],[-12.9622,9.235],[-12.9622,9.2354],[-12.9621,9.2356],[-12.962,9.236],[-12.9612,9.2363],[-12.9605,9.237],[-12.9602,9.2371],[-12.9601,9.2373],[-12.9596,9.2387],[-12.9594,9.239],[-12.959,9.2392],[-12.9588,9.2396],[-12.9588,9.2402],[-12.9585,9.2406],[-12.9585,9.2408],[-12.9579,9.2416],[-12.9577,9.2422],[-12.9577,9.2426],[-12.9578,9.243],[-12.9578,9.2435],[-12.9576,9.2438],[-12.9574,9.2441],[-12.9572,9.2442],[-12.957,9.2444],[-12.9567,9.2445],[-12.9565,9.2445],[-12.9564,9.2447],[-12.9563,9.245],[-12.9565,9.2455],[-12.9563,9.2461],[-12.9557,9.247],[-12.9555,9.2477],[-12.9552,9.2482],[-12.9551,9.2485],[-12.9548,9.2488],[-12.9549,9.2501],[-12.9548,9.2506],[-12.9547,9.2508],[-12.9545,9.251],[-12.9543,9.2514],[-12.954,9.2517],[-12.9539,9.2521],[-12.9539,9.2529],[-12.9533,9.2538],[-12.9529,9.2546],[-12.9527,9.255],[-12.9518,9.2558],[-12.9514,9.2564],[-12.9512,9.2568],[-12.9512,9.2576],[-12.9513,9.2581],[-12.9515,9.259],[-12.9516,9.2595],[-12.9515,9.2599],[-12.9513,9.2602],[-12.9506,9.2606],[-12.9504,9.2611],[-12.9501,9.262],[-12.9501,9.2629],[-12.9499,9.2631],[-12.9497,9.2634],[-12.9499,9.2639],[-12.9494,9.2653],[-12.9494,9.2656],[-12.9497,9.2666],[-12.9502,9.2676],[-12.9511,9.269],[-12.9515,9.2698],[-12.9519,9.2707],[-12.9522,9.271],[-12.9524,9.2716],[-12.9526,9.2719],[-12.9532,9.2721],[-12.9534,9.2724],[-12.9534,9.2729],[-12.9533,9.2735],[-12.9535,9.2738],[-12.9537,9.2743],[-12.9537,9.2745],[-12.9532,9.2754],[-12.953,9.2759],[-12.953,9.2762],[-12.9535,9.277],[-12.9538,9.2771],[-12.954,9.2775],[-12.954,9.2782],[-12.9542,9.2784],[-12.9544,9.2787],[-12.9545,9.2791],[-12.9541,9.2799],[-12.9543,9.2804],[-12.9545,9.2808],[-12.954,9.2814],[-12.954,9.2818],[-12.9537,9.282],[-12.9531,9.2825],[-12.9526,9.2826],[-12.9521,9.2828],[-12.9519,9.2835],[-12.9516,9.2835],[-12.9515,9.2838],[-12.9513,9.284],[-12.95,9.2838],[-12.9497,9.2839],[-12.9496,9.2843],[-12.9488,9.285],[-12.9486,9.2853],[-12.9487,9.2856],[-12.9486,9.2859],[-12.9484,9.2861],[-12.9481,9.2862],[-12.9477,9.2862],[-12.9474,9.2863],[-12.9472,9.2866],[-12.9471,9.2872],[-12.9466,9.2875],[-12.9461,9.2877],[-12.945,9.2885],[-12.9446,9.2889],[-12.9445,9.2892],[-12.9443,9.2894],[-12.9438,9.2896],[-12.9431,9.2897],[-12.9429,9.2898],[-12.9427,9.2901],[-12.9424,9.2904],[-12.942,9.2907],[-12.9414,9.2907],[-12.941,9.2906],[-12.9404,9.2903],[-12.9392,9.29],[-12.9383,9.2901],[-12.938,9.2901],[-12.9378,9.29],[-12.9369,9.29],[-12.9365,9.2898],[-12.9362,9.2895],[-12.9358,9.2892],[-12.9355,9.2892],[-12.935,9.2891],[-12.9345,9.2889],[-12.9342,9.2884],[-12.9336,9.2882],[-12.9328,9.2883],[-12.9321,9.2886],[-12.9315,9.2886],[-12.931,9.2884],[-12.9294,9.2871],[-12.9287,9.2868],[-12.9284,9.2868],[-12.9277,9.2868],[-12.9274,9.2867],[-12.9272,9.2863],[-12.9274,9.286],[-12.9274,9.2857],[-12.9274,9.2855],[-12.9272,9.2852],[-12.9269,9.285],[-12.9264,9.2848],[-12.9263,9.2846],[-12.9262,9.2841],[-12.9255,9.2834],[-12.9249,9.2832],[-12.9245,9.2831],[-12.9239,9.2831],[-12.9239,9.2835],[-12.9237,9.2838],[-12.9233,9.2839],[-12.9227,9.2835],[-12.9224,9.2834],[-12.9215,9.2835],[-12.921,9.2833],[-12.9208,9.283],[-12.9207,9.2827],[-12.9206,9.2818],[-12.9204,9.2811],[-12.9201,9.2806],[-12.9188,9.2799],[-12.9181,9.2793],[-12.9172,9.2789],[-12.9164,9.2783],[-12.9161,9.2779],[-12.9157,9.2773],[-12.9157,9.2766],[-12.9152,9.2752],[-12.9148,9.2749],[-12.9144,9.2748],[-12.9139,9.2747],[-12.9133,9.2743],[-12.9133,9.2741],[-12.9133,9.2737],[-12.9134,9.2735],[-12.9136,9.2733],[-12.914,9.2733],[-12.9147,9.2733],[-12.9151,9.273],[-12.9153,9.2726],[-12.9151,9.2721],[-12.9146,9.2714],[-12.9144,9.2709],[-12.9143,9.2705],[-12.9144,9.27],[-12.9144,9.2697],[-12.9148,9.2695],[-12.9152,9.2695],[-12.9159,9.2696],[-12.9165,9.2697],[-12.9173,9.2698],[-12.9176,9.2687],[-12.9174,9.2684],[-12.9168,9.2683],[-12.9156,9.2686],[-12.915,9.2687],[-12.9147,9.2685],[-12.9146,9.2681],[-12.9142,9.2677],[-12.9139,9.2672],[-12.9138,9.2665],[-12.9135,9.2661],[-12.9134,9.2655],[-12.913,9.2652],[-12.9125,9.265],[-12.9119,9.265],[-12.9115,9.2652],[-12.911,9.2652],[-12.9105,9.2652],[-12.9101,9.2654],[-12.9091,9.2663],[-12.9087,9.2664],[-12.9085,9.2664],[-12.9081,9.266],[-12.9082,9.2654],[-12.9084,9.265],[-12.9095,9.264],[-12.9096,9.2636],[-12.9096,9.2633],[-12.9094,9.2631],[-12.9084,9.263],[-12.9079,9.2628],[-12.9073,9.262],[-12.9069,9.2618],[-12.9054,9.2638],[-12.9038,9.2659],[-12.9018,9.2677],[-12.9,9.269],[-12.8992,9.2701],[-12.8988,9.271],[-12.8964,9.273],[-12.8955,9.2733],[-12.8946,9.2731],[-12.8927,9.2722],[-12.8888,9.2708],[-12.8877,9.2708],[-12.8866,9.271],[-12.8856,9.2716],[-12.8848,9.2722],[-12.8842,9.2734],[-12.8839,9.2745],[-12.8836,9.2764],[-12.8839,9.2779],[-12.8845,9.2791],[-12.8854,9.2804],[-12.8874,9.2818],[-12.8877,9.2824],[-12.8879,9.283],[-12.8877,9.2838],[-12.8873,9.2847],[-12.8867,9.2855],[-12.8865,9.2876],[-12.8858,9.2887],[-12.8853,9.2893],[-12.8849,9.2893],[-12.8845,9.2891],[-12.8835,9.2896],[-12.8823,9.2903],[-12.8817,9.2911],[-12.8814,9.2924],[-12.8806,9.2931],[-12.8796,9.2936],[-12.877,9.2935],[-12.8739,9.2927],[-12.8733,9.2905],[-12.8717,9.2896],[-12.8681,9.2887],[-12.8673,9.2891],[-12.8656,9.2912],[-12.8643,9.2924],[-12.8639,9.293],[-12.8634,9.2934],[-12.8629,9.2931],[-12.8625,9.2923],[-12.862,9.2918],[-12.8612,9.2931],[-12.8601,9.2941],[-12.8582,9.2937],[-12.8561,9.2916],[-12.8544,9.2881],[-12.8521,9.2863],[-12.8496,9.2834],[-12.8485,9.2813],[-12.8479,9.2811],[-12.8472,9.281],[-12.8454,9.2821],[-12.8451,9.2828],[-12.8451,9.2837],[-12.8452,9.2847],[-12.8449,9.2867],[-12.8434,9.2887],[-12.8397,9.2903],[-12.8376,9.2906],[-12.835,9.2898],[-12.834,9.2897],[-12.8331,9.2898],[-12.8323,9.2903],[-12.8248,9.2952],[-12.8241,9.2954],[-12.8233,9.2954],[-12.8197,9.2939],[-12.8163,9.2923],[-12.8111,9.2895],[-12.8088,9.2895],[-12.8072,9.2898],[-12.8062,9.2907],[-12.8055,9.2916],[-12.8052,9.2944],[-12.8046,9.2953],[-12.8031,9.2964],[-12.8018,9.2978],[-12.8005,9.299],[-12.7989,9.2996],[-12.7958,9.2996],[-12.7902,9.3003],[-12.7879,9.3014],[-12.7855,9.3035],[-12.7847,9.3054],[-12.7843,9.3076],[-12.7843,9.3096],[-12.7866,9.313],[-12.7871,9.3142],[-12.7869,9.3161],[-12.7857,9.3171],[-12.7821,9.3184],[-12.7784,9.3209],[-12.7777,9.322],[-12.7776,9.3225],[-12.7783,9.3245],[-12.7781,9.3265],[-12.776,9.3293],[-12.7721,9.3352],[-12.7718,9.3389],[-12.7735,9.3418],[-12.7749,9.3437],[-12.7748,9.3446],[-12.7744,9.3452],[-12.7735,9.3457],[-12.7724,9.346],[-12.7714,9.3459],[-12.7694,9.3451],[-12.7687,9.3446],[-12.7681,9.3445],[-12.7668,9.3439],[-12.7636,9.3434],[-12.7607,9.3436],[-12.759,9.3439],[-12.7567,9.3447],[-12.7539,9.3449],[-12.7531,9.3455],[-12.7521,9.346],[-12.7513,9.346],[-12.75,9.3451],[-12.7493,9.3447],[-12.7486,9.3447],[-12.7479,9.345],[-12.7463,9.3486],[-12.746,9.3499],[-12.7461,9.3522],[-12.7463,9.3535],[-12.7472,9.3562],[-12.7474,9.3573],[-12.7479,9.3595],[-12.7485,9.3599],[-12.7488,9.36],[-12.7492,9.3605],[-12.75,9.362],[-12.7515,9.363],[-12.7523,9.3632],[-12.753,9.3635],[-12.7533,9.3637],[-12.7534,9.364],[-12.7536,9.3643],[-12.7536,9.365],[-12.7537,9.3655],[-12.754,9.3672],[-12.7536,9.3689],[-12.7535,9.3709],[-12.753,9.373],[-12.7531,9.3738],[-12.7537,9.3757],[-12.7544,9.3768],[-12.7554,9.3789],[-12.756,9.3814],[-12.7554,9.388],[-12.7553,9.3887],[-12.7554,9.3921],[-12.7552,9.3935],[-12.755,9.3942],[-12.7548,9.3946],[-12.7543,9.3954],[-12.7538,9.3963],[-12.7513,9.3982],[-12.7488,9.3999],[-12.7468,9.4006],[-12.7426,9.4003],[-12.7394,9.3998],[-12.7365,9.3991],[-12.735,9.3985],[-12.7341,9.3979],[-12.7337,9.3975],[-12.7333,9.3967],[-12.7328,9.3959],[-12.7324,9.3955],[-12.732,9.3953],[-12.7313,9.3952],[-12.7296,9.3948],[-12.7266,9.3948],[-12.7245,9.3949],[-12.7209,9.3967],[-12.7199,9.397],[-12.7191,9.397],[-12.7184,9.3967],[-12.7139,9.3941],[-12.7103,9.3897],[-12.7073,9.389],[-12.7057,9.3911],[-12.7059,9.395],[-12.707,9.3965],[-12.7075,9.3981],[-12.7081,9.3999],[-12.7082,9.4024],[-12.7069,9.4078],[-12.704,9.4117],[-12.6995,9.4148],[-12.6973,9.417],[-12.695,9.4178],[-12.6925,9.417],[-12.688,9.4125],[-12.6854,9.4079],[-12.6844,9.4078],[-12.6831,9.4084],[-12.6825,9.4114],[-12.6842,9.4167],[-12.6834,9.4186],[-12.6827,9.4192],[-12.6791,9.4199],[-12.6786,9.4218],[-12.6788,9.4237],[-12.6801,9.4251],[-12.6832,9.4288],[-12.6834,9.4296],[-12.6834,9.4304],[-12.6831,9.4309],[-12.6827,9.4316],[-12.6817,9.4325],[-12.6794,9.4338],[-12.678,9.4343],[-12.6775,9.4346],[-12.6748,9.4358],[-12.6747,9.438],[-12.6755,9.4396],[-12.6804,9.4421],[-12.6809,9.4427],[-12.6811,9.444],[-12.6804,9.4452],[-12.6801,9.4458],[-12.6791,9.4469],[-12.6786,9.4471],[-12.6774,9.4488],[-12.6771,9.4502],[-12.6768,9.4521],[-12.6777,9.4567],[-12.6779,9.4581],[-12.6776,9.4596],[-12.6766,9.4615],[-12.6752,9.4632],[-12.6716,9.4663],[-12.6696,9.4676],[-12.6675,9.4685],[-12.667,9.4701],[-12.667,9.4704],[-12.6672,9.4715],[-12.6689,9.4743],[-12.6692,9.4745],[-12.67,9.4759],[-12.6694,9.4775],[-12.6665,9.4791],[-12.6642,9.4839],[-12.6624,9.4872],[-12.6614,9.4884],[-12.6581,9.4934],[-12.6561,9.4962],[-12.6542,9.4986],[-12.6511,9.5034],[-12.6466,9.5103],[-12.6456,9.512],[-12.6446,9.514],[-12.6448,9.5214],[-12.6451,9.5219],[-12.6469,9.5242],[-12.648,9.5265],[-12.6487,9.5275],[-12.6501,9.5278],[-12.6519,9.5295],[-12.6546,9.5326],[-12.655,9.5334],[-12.655,9.534],[-12.6554,9.5355],[-12.6552,9.5363],[-12.6546,9.5385],[-12.654,9.5399],[-12.6528,9.5408],[-12.6513,9.5413],[-12.649,9.5447],[-12.6467,9.5463],[-12.6412,9.5493],[-12.6386,9.5501],[-12.6361,9.5498],[-12.6355,9.5497],[-12.6334,9.5475],[-12.6325,9.547],[-12.6305,9.5471],[-12.6296,9.5478],[-12.629,9.5483],[-12.6286,9.5492],[-12.6282,9.5513],[-12.6284,9.5528],[-12.6303,9.556],[-12.633,9.5612],[-12.6337,9.5638],[-12.6338,9.5661],[-12.633,9.5675],[-12.6323,9.5685],[-12.6276,9.5703],[-12.6268,9.5712],[-12.6264,9.5719],[-12.6241,9.5827],[-12.6229,9.5898],[-12.6173,9.5949],[-12.6168,9.598],[-12.6174,9.601],[-12.6174,9.6039],[-12.6156,9.6057],[-12.6138,9.607],[-12.6123,9.6075],[-12.6102,9.6074],[-12.6089,9.6068],[-12.6041,9.6038],[-12.6004,9.6021],[-12.5977,9.6001],[-12.5971,9.5998],[-12.5964,9.5997],[-12.5928,9.5996],[-12.5915,9.5997],[-12.5882,9.6009],[-12.5737,9.5837],[-12.5401,9.5871],[-12.5111,9.5649],[-12.4842,9.5334],[-12.4705,9.5186],[-12.4413,9.501],[-12.4208,9.4866],[-12.4173,9.4758],[-12.4157,9.4715],[-12.4163,9.4678],[-12.4162,9.4593],[-12.4081,9.4504],[-12.4,9.4401],[-12.3985,9.432],[-12.4022,9.4246],[-12.4051,9.4188],[-12.4036,9.4165],[-12.4007,9.4128],[-12.3919,9.4143],[-12.3816,9.4121],[-12.3749,9.4069],[-12.3704,9.3998],[-12.3698,9.3988],[-12.3757,9.3833],[-12.3764,9.3752],[-12.3711,9.3669],[-12.3698,9.3649],[-12.3661,9.3545],[-12.372,9.3508],[-12.3786,9.3508],[-12.3808,9.3531],[-12.3823,9.3597],[-12.3882,9.3641],[-12.3948,9.359],[-12.3993,9.3516],[-12.4037,9.339],[-12.4089,9.3354],[-12.4133,9.3317],[-12.4125,9.3213],[-12.4096,9.3147],[-12.4037,9.3088],[-12.3956,9.3044],[-12.3912,9.3014],[-12.3875,9.2941],[-12.3904,9.2874],[-12.3971,9.2852],[-12.403,9.2852],[-12.4103,9.2896],[-12.414,9.2955],[-12.4162,9.3],[-12.4229,9.3036],[-12.4243,9.3088],[-12.4243,9.3147],[-12.4288,9.314],[-12.4325,9.3081],[-12.4332,9.3],[-12.4317,9.2926],[-12.4306,9.2859],[-12.4343,9.2823],[-12.4395,9.2749],[-12.4402,9.2712],[-12.4387,9.2616],[-12.4381,9.2592],[-12.4365,9.2528],[-12.4409,9.252],[-12.4461,9.2572],[-12.455,9.2653],[-12.4645,9.269],[-12.4741,9.266],[-12.4815,9.2668],[-12.4867,9.2727],[-12.4896,9.2734],[-12.4904,9.2609],[-12.4904,9.2535],[-12.4933,9.2491],[-12.5007,9.2461],[-12.5036,9.2535],[-12.5081,9.2601],[-12.511,9.2668],[-12.5132,9.2705],[-12.5176,9.2727],[-12.5213,9.2719],[-12.5199,9.2653],[-12.5176,9.2579],[-12.5213,9.255],[-12.5272,9.2483],[-12.5302,9.2417],[-12.5309,9.2358],[-12.5324,9.2277],[-12.5398,9.2247],[-12.5457,9.2255],[-12.553,9.2299],[-12.5471,9.2358],[-12.5427,9.2439],[-12.5464,9.2491],[-12.5538,9.2513],[-12.5626,9.2498],[-12.5641,9.2476],[-12.5604,9.238],[-12.5579,9.2337],[-12.5581,9.2288],[-12.5604,9.2269],[-12.5678,9.2233],[-12.5752,9.2233],[-12.5825,9.221],[-12.5884,9.2196],[-12.5973,9.2159],[-12.6002,9.2218],[-12.6002,9.2277],[-12.6039,9.2336],[-12.6106,9.2336],[-12.6143,9.2321],[-12.6157,9.2196],[-12.6224,9.2122],[-12.6283,9.2092],[-12.6312,9.2056],[-12.6349,9.2041],[-12.6379,9.2063],[-12.6408,9.21],[-12.646,9.2092],[-12.6533,9.2026],[-12.6585,9.1989],[-12.6615,9.1923],[-12.66,9.1842],[-12.657,9.1783],[-12.6519,9.1665],[-12.6526,9.1591],[-12.6556,9.1517],[-12.6563,9.1451],[-12.6622,9.1325],[-12.6696,9.1325],[-12.6651,9.123],[-12.6637,9.1134],[-12.6666,9.1082],[-12.6784,9.1075],[-12.6836,9.1075],[-12.6895,9.1075],[-12.6936,9.1075],[-12.6954,9.1075],[-12.6991,9.0994],[-12.7006,9.0981],[-12.7035,9.0957],[-12.7087,9.092],[-12.7109,9.0839],[-12.7151,9.077],[-12.7171,9.0735],[-12.7174,9.0733],[-12.7223,9.0691],[-12.7297,9.0617],[-12.7341,9.0529],[-12.737,9.0455],[-12.7326,9.0381],[-12.7297,9.0337],[-12.7334,9.0263],[-12.7356,9.0227],[-12.7379,9.0217],[-12.7429,9.0197],[-12.7474,9.0153],[-12.7533,9.0116],[-12.7584,9.0072],[-12.7577,8.9998],[-12.7511,8.9968],[-12.7466,8.9924],[-12.7446,8.983],[-12.7503,8.9843],[-12.7547,8.9865],[-12.7606,8.9939],[-12.7665,8.9932],[-12.771,8.9946],[-12.7769,8.9998],[-12.7806,8.9998],[-12.7806,9.0042],[-12.7894,9.0109],[-12.795,9.0148],[-12.7968,9.016],[-12.8012,9.0219],[-12.8071,9.0271],[-12.8115,9.0322],[-12.8196,9.03],[-12.8248,9.0278],[-12.8292,9.0249],[-12.8322,9.0197],[-12.8388,9.0145],[-12.8432,9.0138],[-12.8468,9.0154],[-12.8499,9.0168],[-12.8543,9.0027],[-12.8565,8.9946],[-12.8587,8.9895],[-12.8617,8.9843],[-12.8617,8.9755],[-12.8646,8.9725],[-12.866,8.9674],[-12.8624,8.9592],[-12.8624,8.9526],[-12.8646,8.9519],[-12.8668,8.9511],[-12.8772,8.9511],[-12.8816,8.9467],[-12.8868,8.9452],[-12.8956,8.9445],[-12.8968,8.9391],[-12.8998,8.9354],[-12.9306,8.9144]]],[[[-13.1569,8.9039],[-13.1597,8.9019],[-13.1632,8.9034],[-13.1601,8.9052],[-13.1571,8.906],[-13.1569,8.9039]]],[[[-13.2195,8.9192],[-13.2135,8.9158],[-13.2119,8.9139],[-13.2086,8.9078],[-13.2065,8.9054],[-13.2019,8.9025],[-13.1974,8.9005],[-13.198,8.8976],[-13.1989,8.8968],[-13.2045,8.8951],[-13.2091,8.8928],[-13.2164,8.8907],[-13.2186,8.8895],[-13.2219,8.889],[-13.2256,8.8868],[-13.2282,8.8874],[-13.2381,8.8967],[-13.2388,8.9002],[-13.2383,8.9041],[-13.2383,8.9061],[-13.2334,8.9135],[-13.2308,8.9201],[-13.2261,8.9218],[-13.2195,8.9192]]],[[[-13.1437,8.8982],[-13.1458,8.8979],[-13.1484,8.899],[-13.1416,8.9092],[-13.1392,8.9152],[-13.1377,8.9199],[-13.1365,8.9216],[-13.1333,8.924],[-13.1273,8.9263],[-13.1211,8.927],[-13.1174,8.9269],[-13.1165,8.9254],[-13.1172,8.9231],[-13.1198,8.9202],[-13.1233,8.917],[-13.1286,8.9137],[-13.1334,8.9098],[-13.1349,8.9082],[-13.1354,8.9071],[-13.1384,8.9003],[-13.1407,8.8991],[-13.1437,8.8982]]]]},"properties":{"code":"KAM_KAMDC","name":"Kambia District Council","level":"3","parent":"Ba6McOxy6D2","parentGraph":"Plmg8ikyfrK/Ba6McOxy6D2","groups":["aYjKY8GaXYQ","QJuHsfZjNBf"]}},{"type":"Feature","id":"x4tRoN2ue9w","geometry":{"type":"Polygon","coordinates":[[[-12.3209,8.8161],[-12.3208,8.8152],[-12.3229,8.8093],[-12.3252,8.8038],[-12.3317,8.7998],[-12.3321,8.7994],[-12.3324,8.799],[-12.3326,8.7987],[-12.3327,8.7983],[-12.333,8.7981],[-12.3331,8.7979],[-12.3333,8.7978],[-12.3336,8.798],[-12.3338,8.798],[-12.334,8.7979],[-12.334,8.7977],[-12.3339,8.7975],[-12.334,8.7973],[-12.3342,8.7973],[-12.3344,8.7973],[-12.3345,8.7969],[-12.3346,8.7964],[-12.3352,8.7961],[-12.3357,8.7958],[-12.3358,8.7956],[-12.3358,8.7954],[-12.336,8.7951],[-12.3364,8.7951],[-12.3371,8.7948],[-12.3379,8.7943],[-12.3388,8.7939],[-12.34,8.7939],[-12.3414,8.7941],[-12.3431,8.7945],[-12.3446,8.7946],[-12.3466,8.7945],[-12.3475,8.7946],[-12.3485,8.7946],[-12.3491,8.795],[-12.35,8.7965],[-12.3505,8.7968],[-12.352,8.798],[-12.3593,8.7977],[-12.3659,8.7919],[-12.3701,8.7912],[-12.3721,8.7841],[-12.3709,8.7728],[-12.3643,8.7623],[-12.3676,8.7596],[-12.3711,8.7589],[-12.3747,8.7559],[-12.3763,8.7513],[-12.378,8.7504],[-12.3799,8.7479],[-12.3881,8.7513],[-12.3958,8.7524],[-12.4039,8.7529],[-12.4093,8.7549],[-12.4137,8.7563],[-12.4155,8.7564],[-12.4277,8.7496],[-12.436,8.7391],[-12.4402,8.7391],[-12.4437,8.7361],[-12.4496,8.7327],[-12.4604,8.729],[-12.4628,8.7286],[-12.4742,8.7334],[-12.4803,8.734],[-12.4823,8.7357],[-12.4856,8.7357],[-12.4887,8.7371],[-12.4991,8.7374],[-12.5018,8.7357],[-12.5011,8.7297],[-12.5015,8.7246],[-12.5045,8.7226],[-12.5116,8.7236],[-12.5159,8.7236],[-12.5173,8.7195],[-12.5173,8.7145],[-12.5193,8.7105],[-12.5223,8.7098],[-12.5304,8.7101],[-12.5317,8.7072],[-12.5385,8.7052],[-12.54,8.7026],[-12.5466,8.7031],[-12.5558,8.7027],[-12.5597,8.703],[-12.5605,8.7056],[-12.5608,8.707],[-12.5617,8.7092],[-12.5632,8.712],[-12.5632,8.715],[-12.563,8.7186],[-12.5633,8.7212],[-12.5626,8.7231],[-12.5621,8.7255],[-12.562,8.7266],[-12.5613,8.7299],[-12.5592,8.733],[-12.5543,8.7373],[-12.5505,8.7394],[-12.549,8.741],[-12.5492,8.7436],[-12.5505,8.7467],[-12.553,8.7501],[-12.5537,8.7516],[-12.5588,8.7564],[-12.5634,8.7569],[-12.5684,8.7583],[-12.5722,8.7587],[-12.5757,8.7597],[-12.577,8.7591],[-12.5769,8.7604],[-12.5759,8.7616],[-12.5755,8.7628],[-12.5749,8.7645],[-12.573,8.7657],[-12.5711,8.7663],[-12.5698,8.766],[-12.5681,8.7667],[-12.5674,8.7661],[-12.5667,8.7667],[-12.5652,8.7662],[-12.5639,8.767],[-12.563,8.7686],[-12.5624,8.7691],[-12.5618,8.7693],[-12.5613,8.7701],[-12.5619,8.7707],[-12.5617,8.7714],[-12.5623,8.7714],[-12.5621,8.7727],[-12.5611,8.7736],[-12.5616,8.7748],[-12.5621,8.7753],[-12.563,8.7755],[-12.564,8.777],[-12.5641,8.7776],[-12.5635,8.7789],[-12.564,8.7801],[-12.5649,8.7802],[-12.5647,8.7812],[-12.5636,8.7817],[-12.5631,8.7826],[-12.5643,8.783],[-12.5657,8.7838],[-12.566,8.7846],[-12.5655,8.785],[-12.5662,8.7859],[-12.5663,8.7867],[-12.5655,8.7873],[-12.5651,8.7888],[-12.5654,8.7902],[-12.5652,8.7911],[-12.5643,8.7913],[-12.5633,8.7928],[-12.5635,8.7936],[-12.5633,8.7939],[-12.5625,8.7939],[-12.5621,8.7941],[-12.5623,8.7946],[-12.5621,8.7951],[-12.5617,8.7952],[-12.5615,8.7955],[-12.5617,8.7958],[-12.5611,8.7964],[-12.5611,8.7967],[-12.5613,8.7971],[-12.5613,8.7978],[-12.5621,8.7978],[-12.5629,8.7984],[-12.5635,8.7988],[-12.5635,8.7993],[-12.5642,8.7999],[-12.5651,8.801],[-12.5652,8.8022],[-12.5654,8.8028],[-12.5657,8.8027],[-12.566,8.8041],[-12.5652,8.8042],[-12.5648,8.8053],[-12.5642,8.8057],[-12.564,8.8063],[-12.5633,8.8066],[-12.5628,8.807],[-12.5626,8.8079],[-12.5612,8.8089],[-12.5613,8.8104],[-12.5605,8.8113],[-12.5596,8.8112],[-12.5592,8.8123],[-12.5577,8.813],[-12.5567,8.8142],[-12.5556,8.8152],[-12.5545,8.815],[-12.5533,8.8165],[-12.5515,8.8176],[-12.5506,8.8176],[-12.549,8.8191],[-12.5462,8.8201],[-12.5451,8.8242],[-12.5442,8.8289],[-12.5439,8.8326],[-12.5451,8.8364],[-12.5456,8.8397],[-12.5459,8.8407],[-12.5468,8.8426],[-12.5463,8.8458],[-12.5462,8.8499],[-12.5468,8.8519],[-12.546,8.8545],[-12.5455,8.8589],[-12.5435,8.8615],[-12.5423,8.8628],[-12.5454,8.868],[-12.5472,8.8704],[-12.5477,8.8736],[-12.5504,8.88],[-12.5501,8.8819],[-12.558,8.8858],[-12.5624,8.8845],[-12.5648,8.8852],[-12.5695,8.8889],[-12.5735,8.8895],[-12.5843,8.8895],[-12.5893,8.8885],[-12.5961,8.8845],[-12.6004,8.8832],[-12.6028,8.8805],[-12.6062,8.8778],[-12.6126,8.8757],[-12.6206,8.8747],[-12.6222,8.8747],[-12.6233,8.8754],[-12.6274,8.8754],[-12.6294,8.8761],[-12.6314,8.8784],[-12.6354,8.8801],[-12.6361,8.8828],[-12.6378,8.8832],[-12.6385,8.8852],[-12.6415,8.8879],[-12.6459,8.8926],[-12.6493,8.8926],[-12.6503,8.8939],[-12.6543,8.8933],[-12.658,8.8919],[-12.6617,8.8919],[-12.6634,8.8895],[-12.6641,8.8865],[-12.6681,8.8855],[-12.6691,8.8825],[-12.6718,8.8798],[-12.6758,8.8747],[-12.6806,8.867],[-12.6839,8.8586],[-12.686,8.8519],[-12.6894,8.8536],[-12.6904,8.8551],[-12.6941,8.8569],[-12.7007,8.8616],[-12.7034,8.8623],[-12.7045,8.8649],[-12.7061,8.8663],[-12.7075,8.8693],[-12.706,8.8764],[-12.7048,8.8778],[-12.7042,8.882],[-12.7038,8.886],[-12.7034,8.8879],[-12.7045,8.8912],[-12.7098,8.8973],[-12.7125,8.9017],[-12.7122,8.9037],[-12.7085,8.9077],[-12.7024,8.9128],[-12.691,8.9242],[-12.692,8.9306],[-12.692,8.9333],[-12.6853,8.933],[-12.6795,8.9333],[-12.6748,8.936],[-12.6728,8.9404],[-12.6674,8.9424],[-12.6624,8.9458],[-12.6614,8.9505],[-12.66,8.9538],[-12.6577,8.9559],[-12.653,8.9565],[-12.6493,8.9626],[-12.6415,8.9656],[-12.6388,8.969],[-12.6348,8.9727],[-12.6324,8.9757],[-12.6314,8.9814],[-12.6287,8.9845],[-12.62,8.9895],[-12.619,8.9919],[-12.6161,9.004],[-12.616,9.0045],[-12.6159,9.0052],[-12.6158,9.0058],[-12.6155,9.0066],[-12.6153,9.0072],[-12.6151,9.0074],[-12.6142,9.0076],[-12.614,9.0078],[-12.614,9.0081],[-12.6142,9.0083],[-12.6145,9.0084],[-12.6151,9.0084],[-12.6157,9.0086],[-12.616,9.009],[-12.6163,9.0093],[-12.6166,9.0094],[-12.6169,9.0097],[-12.6173,9.0098],[-12.618,9.0098],[-12.6185,9.0109],[-12.6188,9.0108],[-12.6206,9.0105],[-12.6222,9.0097],[-12.6242,9.0093],[-12.6267,9.011],[-12.6276,9.0129],[-12.6317,9.0165],[-12.6361,9.0181],[-12.6405,9.0158],[-12.6499,9.0091],[-12.6543,9.0047],[-12.6577,9.002],[-12.6597,9.0013],[-12.6637,9.0053],[-12.6661,9.0097],[-12.6664,9.0138],[-12.6688,9.0148],[-12.6725,9.0151],[-12.6772,9.0141],[-12.6809,9.0128],[-12.687,9.008],[-12.6907,9.0003],[-12.692,8.999],[-12.695,9.001],[-12.6964,9.0057],[-12.694,9.0121],[-12.695,9.0138],[-12.7024,9.0175],[-12.7048,9.0215],[-12.7031,9.0276],[-12.7055,9.0309],[-12.7085,9.0313],[-12.7122,9.0296],[-12.7152,9.0269],[-12.7152,9.0198],[-12.7169,9.0178],[-12.7236,9.0111],[-12.7267,9.0087],[-12.729,9.0077],[-12.7344,9.0124],[-12.7351,9.0148],[-12.7314,9.0161],[-12.7273,9.0185],[-12.728,9.0202],[-12.7334,9.0195],[-12.7371,9.0195],[-12.7379,9.0217],[-12.7356,9.0227],[-12.7334,9.0263],[-12.7297,9.0337],[-12.7326,9.0381],[-12.737,9.0455],[-12.7341,9.0529],[-12.7297,9.0617],[-12.7223,9.0691],[-12.7174,9.0733],[-12.7171,9.0735],[-12.7151,9.077],[-12.7109,9.0839],[-12.7087,9.092],[-12.7035,9.0957],[-12.7006,9.0981],[-12.6991,9.0994],[-12.6954,9.1075],[-12.6936,9.1075],[-12.6895,9.1075],[-12.6836,9.1075],[-12.6784,9.1075],[-12.6666,9.1082],[-12.6637,9.1134],[-12.6651,9.123],[-12.6696,9.1325],[-12.6622,9.1325],[-12.6563,9.1451],[-12.6556,9.1517],[-12.6526,9.1591],[-12.6519,9.1665],[-12.657,9.1783],[-12.66,9.1842],[-12.6615,9.1923],[-12.6585,9.1989],[-12.6533,9.2026],[-12.646,9.2092],[-12.6408,9.21],[-12.6379,9.2063],[-12.6349,9.2041],[-12.6312,9.2056],[-12.6283,9.2092],[-12.6224,9.2122],[-12.6157,9.2196],[-12.6143,9.2321],[-12.6106,9.2336],[-12.6039,9.2336],[-12.6002,9.2277],[-12.6002,9.2218],[-12.5973,9.2159],[-12.5884,9.2196],[-12.5825,9.221],[-12.5752,9.2233],[-12.5678,9.2233],[-12.5604,9.2269],[-12.5581,9.2288],[-12.5579,9.2337],[-12.5604,9.238],[-12.5641,9.2476],[-12.5626,9.2498],[-12.5538,9.2513],[-12.5464,9.2491],[-12.5427,9.2439],[-12.5471,9.2358],[-12.553,9.2299],[-12.5457,9.2255],[-12.5398,9.2247],[-12.5324,9.2277],[-12.5309,9.2358],[-12.5302,9.2417],[-12.5272,9.2483],[-12.5213,9.255],[-12.5176,9.2579],[-12.5199,9.2653],[-12.5213,9.2719],[-12.5176,9.2727],[-12.5132,9.2705],[-12.511,9.2668],[-12.5081,9.2601],[-12.5036,9.2535],[-12.5007,9.2461],[-12.4933,9.2491],[-12.4904,9.2535],[-12.4904,9.2609],[-12.4896,9.2734],[-12.4867,9.2727],[-12.4815,9.2668],[-12.4741,9.266],[-12.4645,9.269],[-12.455,9.2653],[-12.4461,9.2572],[-12.4409,9.252],[-12.4365,9.2528],[-12.4381,9.2592],[-12.4387,9.2616],[-12.4402,9.2712],[-12.4395,9.2749],[-12.4343,9.2823],[-12.4306,9.2859],[-12.4317,9.2926],[-12.4332,9.3],[-12.4325,9.3081],[-12.4288,9.314],[-12.4243,9.3147],[-12.4243,9.3088],[-12.4229,9.3036],[-12.4162,9.3],[-12.414,9.2955],[-12.4103,9.2896],[-12.403,9.2852],[-12.3971,9.2852],[-12.3904,9.2874],[-12.3875,9.2941],[-12.3912,9.3014],[-12.3956,9.3044],[-12.4037,9.3088],[-12.4096,9.3147],[-12.4125,9.3213],[-12.4133,9.3317],[-12.4089,9.3354],[-12.4037,9.339],[-12.3993,9.3516],[-12.3948,9.359],[-12.3882,9.3641],[-12.3823,9.3597],[-12.3808,9.3531],[-12.3786,9.3508],[-12.372,9.3508],[-12.3661,9.3545],[-12.3698,9.3649],[-12.3711,9.3669],[-12.3764,9.3752],[-12.3757,9.3833],[-12.3698,9.3988],[-12.3704,9.3998],[-12.3749,9.4069],[-12.3816,9.4121],[-12.3919,9.4143],[-12.4007,9.4128],[-12.4036,9.4165],[-12.4052,9.4187],[-12.4022,9.4246],[-12.3985,9.432],[-12.4,9.4401],[-12.4081,9.4504],[-12.4162,9.4593],[-12.4163,9.4678],[-12.4157,9.4715],[-12.4173,9.4758],[-12.4208,9.4866],[-12.4413,9.501],[-12.4705,9.5186],[-12.4842,9.5334],[-12.5111,9.5649],[-12.5401,9.5871],[-12.5737,9.5837],[-12.5882,9.6009],[-12.5877,9.6017],[-12.5875,9.6035],[-12.5876,9.6063],[-12.5872,9.6126],[-12.5857,9.6187],[-12.5832,9.6263],[-12.5834,9.629],[-12.5832,9.6303],[-12.5815,9.6332],[-12.5812,9.6358],[-12.5813,9.6364],[-12.5833,9.6394],[-12.5841,9.6408],[-12.5845,9.6419],[-12.5845,9.645],[-12.5845,9.6466],[-12.585,9.6482],[-12.5855,9.649],[-12.5867,9.6518],[-12.587,9.6529],[-12.5872,9.6542],[-12.5872,9.6561],[-12.587,9.6573],[-12.587,9.6586],[-12.5863,9.6616],[-12.5858,9.6624],[-12.5852,9.6631],[-12.5846,9.6634],[-12.583,9.6639],[-12.5821,9.6642],[-12.5812,9.6642],[-12.5805,9.6639],[-12.5795,9.6631],[-12.578,9.6613],[-12.5767,9.6603],[-12.574,9.6571],[-12.5737,9.6569],[-12.5732,9.6567],[-12.5726,9.6568],[-12.5722,9.6571],[-12.5718,9.6575],[-12.5712,9.6585],[-12.5711,9.6596],[-12.571,9.6619],[-12.5711,9.6642],[-12.5714,9.666],[-12.5718,9.667],[-12.5717,9.6696],[-12.5713,9.6704],[-12.5706,9.6713],[-12.5695,9.6723],[-12.5676,9.6748],[-12.5659,9.6779],[-12.5656,9.6789],[-12.5653,9.6816],[-12.5649,9.6846],[-12.5647,9.687],[-12.5648,9.6886],[-12.5656,9.6927],[-12.5656,9.6938],[-12.5646,9.7023],[-12.5643,9.7033],[-12.5637,9.704],[-12.5627,9.7045],[-12.5618,9.705],[-12.5612,9.7051],[-12.5585,9.7054],[-12.5556,9.7053],[-12.5539,9.7054],[-12.5504,9.7063],[-12.5484,9.707],[-12.5472,9.7078],[-12.5451,9.7101],[-12.5442,9.7109],[-12.5413,9.7124],[-12.5398,9.7137],[-12.5357,9.7148],[-12.5348,9.7152],[-12.5343,9.7158],[-12.5346,9.7184],[-12.5345,9.7191],[-12.5342,9.7199],[-12.533,9.7212],[-12.5324,9.7215],[-12.5317,9.7217],[-12.5305,9.7215],[-12.5289,9.7198],[-12.5282,9.718],[-12.528,9.7174],[-12.5282,9.7169],[-12.5292,9.7154],[-12.5297,9.7145],[-12.5298,9.7127],[-12.5294,9.7105],[-12.5289,9.7095],[-12.5279,9.7085],[-12.5233,9.7071],[-12.5219,9.7066],[-12.5203,9.7057],[-12.5193,9.7058],[-12.5185,9.7066],[-12.5178,9.708],[-12.5171,9.7105],[-12.5168,9.7117],[-12.5167,9.7136],[-12.5173,9.7162],[-12.5181,9.7178],[-12.5208,9.7212],[-12.5221,9.7236],[-12.5226,9.7249],[-12.5231,9.7288],[-12.5261,9.734],[-12.5262,9.736],[-12.5262,9.7371],[-12.5256,9.7384],[-12.5246,9.7399],[-12.5236,9.7414],[-12.5231,9.7419],[-12.5217,9.7429],[-12.5202,9.7432],[-12.5189,9.7431],[-12.5183,9.7429],[-12.5139,9.7413],[-12.5131,9.7412],[-12.5104,9.7409],[-12.5094,9.7411],[-12.507,9.7422],[-12.5062,9.743],[-12.5049,9.745],[-12.5041,9.7478],[-12.5044,9.7498],[-12.5054,9.7517],[-12.5061,9.7528],[-12.5072,9.754],[-12.5087,9.7546],[-12.5116,9.7542],[-12.5127,9.7538],[-12.5149,9.753],[-12.5154,9.7533],[-12.5159,9.7542],[-12.5157,9.7566],[-12.5152,9.7574],[-12.5147,9.7588],[-12.5109,9.7632],[-12.509,9.766],[-12.5088,9.7672],[-12.5081,9.7705],[-12.507,9.773],[-12.5065,9.7756],[-12.5067,9.7801],[-12.5065,9.7815],[-12.5045,9.7856],[-12.5029,9.7877],[-12.5014,9.7901],[-12.5003,9.7917],[-12.4993,9.793],[-12.4986,9.7947],[-12.4981,9.7968],[-12.4977,9.7995],[-12.4978,9.802],[-12.4976,9.805],[-12.4967,9.8099],[-12.4966,9.8109],[-12.4958,9.8124],[-12.4954,9.8127],[-12.4944,9.8132],[-12.4935,9.8134],[-12.4926,9.8133],[-12.4919,9.813],[-12.4911,9.8121],[-12.4904,9.8118],[-12.4897,9.8119],[-12.4891,9.8124],[-12.4885,9.813],[-12.4881,9.8144],[-12.4878,9.8159],[-12.4882,9.818],[-12.4882,9.8194],[-12.4881,9.82],[-12.4876,9.8214],[-12.4866,9.8234],[-12.4862,9.8247],[-12.4862,9.8271],[-12.4865,9.8286],[-12.4871,9.8297],[-12.4877,9.8302],[-12.4888,9.8307],[-12.4897,9.8308],[-12.4905,9.8308],[-12.4921,9.8301],[-12.4935,9.8299],[-12.4943,9.8302],[-12.496,9.8308],[-12.4966,9.8313],[-12.497,9.8317],[-12.4975,9.8324],[-12.4976,9.834],[-12.4973,9.8352],[-12.4965,9.837],[-12.4961,9.8376],[-12.4957,9.839],[-12.4956,9.8397],[-12.4943,9.8423],[-12.4942,9.8427],[-12.4941,9.8432],[-12.4945,9.8442],[-12.4957,9.8453],[-12.4922,9.8471],[-12.4884,9.8482],[-12.4752,9.849],[-12.4711,9.85],[-12.4635,9.8547],[-12.4588,9.8625],[-12.4558,9.866],[-12.4492,9.8716],[-12.4452,9.873],[-12.4421,9.8758],[-12.4407,9.8776],[-12.4394,9.8787],[-12.4387,9.8795],[-12.4377,9.8802],[-12.4352,9.8809],[-12.4184,9.8841],[-12.3904,9.8878],[-12.3504,9.8926],[-12.3453,9.8936],[-12.3393,9.9036],[-12.2225,9.9329],[-12.2226,9.9324],[-12.2229,9.9317],[-12.2229,9.9309],[-12.2228,9.9301],[-12.2229,9.9292],[-12.2229,9.9283],[-12.2231,9.927],[-12.2233,9.9262],[-12.2235,9.9253],[-12.2235,9.9248],[-12.2233,9.9237],[-12.2232,9.9233],[-12.2229,9.9227],[-12.222,9.9221],[-12.222,9.9215],[-12.2216,9.9209],[-12.2215,9.9205],[-12.2217,9.92],[-12.2218,9.9191],[-12.2216,9.9184],[-12.2214,9.9179],[-12.2208,9.9172],[-12.2205,9.9166],[-12.2202,9.9165],[-12.22,9.9162],[-12.2199,9.9159],[-12.22,9.9156],[-12.2197,9.9151],[-12.2197,9.9148],[-12.2197,9.9144],[-12.2194,9.914],[-12.2193,9.9137],[-12.2196,9.913],[-12.2198,9.9122],[-12.2198,9.9118],[-12.2195,9.9112],[-12.2191,9.9109],[-12.2188,9.9106],[-12.2185,9.9105],[-12.2183,9.9104],[-12.2182,9.91],[-12.2178,9.9097],[-12.2176,9.9094],[-12.2175,9.9088],[-12.2176,9.9081],[-12.2178,9.9078],[-12.2182,9.9076],[-12.2185,9.9073],[-12.2187,9.907],[-12.2185,9.9067],[-12.218,9.9068],[-12.2178,9.9068],[-12.2176,9.907],[-12.2176,9.9073],[-12.2174,9.9075],[-12.2168,9.9074],[-12.2163,9.9075],[-12.2162,9.9078],[-12.2163,9.9082],[-12.2161,9.9083],[-12.2158,9.9082],[-12.2158,9.9079],[-12.2157,9.9076],[-12.2155,9.9075],[-12.2152,9.9076],[-12.2147,9.9081],[-12.2143,9.9081],[-12.2141,9.9081],[-12.2136,9.9076],[-12.213,9.9075],[-12.2126,9.9074],[-12.2124,9.907],[-12.2123,9.9062],[-12.2119,9.9061],[-12.2117,9.9061],[-12.2115,9.9064],[-12.2111,9.9067],[-12.2108,9.9067],[-12.2106,9.9063],[-12.2105,9.9061],[-12.2092,9.905],[-12.2089,9.9048],[-12.2085,9.9047],[-12.2083,9.9045],[-12.2073,9.9039],[-12.2064,9.904],[-12.2061,9.9039],[-12.2059,9.9037],[-12.2059,9.9035],[-12.2051,9.9029],[-12.2046,9.9021],[-12.2043,9.9016],[-12.204,9.9015],[-12.2036,9.9018],[-12.2031,9.9019],[-12.2028,9.9022],[-12.2026,9.9024],[-12.2019,9.9027],[-12.2014,9.9025],[-12.2011,9.9023],[-12.2007,9.9017],[-12.2001,9.9015],[-12.2,9.9013],[-12.1997,9.9013],[-12.1995,9.9011],[-12.1995,9.9008],[-12.1992,9.9009],[-12.1988,9.901],[-12.1986,9.9012],[-12.1984,9.9011],[-12.1982,9.9009],[-12.198,9.901],[-12.1979,9.9012],[-12.1978,9.9012],[-12.1975,9.9011],[-12.1973,9.9008],[-12.1977,9.9002],[-12.1978,9.9001],[-12.1978,9.8998],[-12.1972,9.8992],[-12.1965,9.899],[-12.1953,9.8989],[-12.1951,9.8987],[-12.1951,9.898],[-12.1953,9.8964],[-12.1951,9.8961],[-12.1948,9.8961],[-12.1942,9.8965],[-12.193,9.897],[-12.1928,9.8969],[-12.1924,9.8968],[-12.192,9.8965],[-12.1916,9.896],[-12.1916,9.8957],[-12.1919,9.8952],[-12.1917,9.8949],[-12.1912,9.8947],[-12.191,9.8944],[-12.1905,9.8942],[-12.1901,9.8942],[-12.1889,9.8931],[-12.1883,9.8928],[-12.1877,9.8926],[-12.1868,9.8926],[-12.1865,9.8927],[-12.1863,9.8931],[-12.1858,9.8931],[-12.1851,9.8933],[-12.1846,9.8934],[-12.1843,9.8932],[-12.1842,9.8929],[-12.1842,9.8927],[-12.1846,9.8927],[-12.1847,9.8924],[-12.1845,9.892],[-12.1842,9.8917],[-12.1841,9.8913],[-12.1842,9.891],[-12.1845,9.8906],[-12.1845,9.8902],[-12.1847,9.8898],[-12.1845,9.8895],[-12.1841,9.8895],[-12.1836,9.8894],[-12.1825,9.8896],[-12.1818,9.8895],[-12.1807,9.8897],[-12.1802,9.8897],[-12.1797,9.8896],[-12.1794,9.8893],[-12.1792,9.889],[-12.1789,9.8887],[-12.1785,9.8888],[-12.1779,9.8892],[-12.1776,9.8894],[-12.1773,9.8893],[-12.1771,9.889],[-12.1772,9.8887],[-12.1775,9.8884],[-12.1774,9.888],[-12.1769,9.8871],[-12.1763,9.8867],[-12.1757,9.8862],[-12.1754,9.8858],[-12.1751,9.8857],[-12.1745,9.8857],[-12.1739,9.8853],[-12.1736,9.8854],[-12.1737,9.8856],[-12.1739,9.8861],[-12.1739,9.8867],[-12.1737,9.8872],[-12.1735,9.8875],[-12.1728,9.8879],[-12.1727,9.8883],[-12.1726,9.8886],[-12.1723,9.8889],[-12.1721,9.889],[-12.1718,9.8889],[-12.1715,9.8883],[-12.1714,9.8878],[-12.1713,9.8872],[-12.171,9.8869],[-12.1704,9.8871],[-12.1701,9.887],[-12.1702,9.8865],[-12.1705,9.8863],[-12.1706,9.8859],[-12.1706,9.8855],[-12.1702,9.8851],[-12.17,9.8847],[-12.1697,9.8844],[-12.1696,9.8839],[-12.1695,9.8834],[-12.1693,9.8829],[-12.1689,9.8823],[-12.1688,9.8821],[-12.1686,9.8816],[-12.1682,9.8814],[-12.1679,9.8815],[-12.1675,9.8817],[-12.1672,9.8821],[-12.1668,9.8822],[-12.1663,9.8821],[-12.1661,9.8823],[-12.166,9.8828],[-12.1655,9.883],[-12.1652,9.8825],[-12.1649,9.8823],[-12.1646,9.8826],[-12.1649,9.8831],[-12.1651,9.8835],[-12.1651,9.8839],[-12.1649,9.8841],[-12.1646,9.884],[-12.1642,9.8843],[-12.1639,9.8843],[-12.1636,9.8842],[-12.1633,9.8844],[-12.163,9.8848],[-12.1627,9.8849],[-12.1623,9.8847],[-12.162,9.8843],[-12.1615,9.8831],[-12.1612,9.8827],[-12.1609,9.8825],[-12.1604,9.8827],[-12.1599,9.8822],[-12.1592,9.8823],[-12.159,9.8821],[-12.159,9.8819],[-12.1592,9.8816],[-12.159,9.8813],[-12.1587,9.8814],[-12.1584,9.8815],[-12.158,9.8815],[-12.1578,9.8811],[-12.1579,9.8807],[-12.1579,9.8799],[-12.1578,9.8796],[-12.1574,9.8794],[-12.1568,9.8797],[-12.1565,9.8801],[-12.1565,9.8806],[-12.1561,9.881],[-12.1556,9.8812],[-12.1551,9.8811],[-12.1541,9.8806],[-12.1539,9.8803],[-12.154,9.8797],[-12.1544,9.8791],[-12.1548,9.8785],[-12.155,9.8781],[-12.1549,9.8777],[-12.1542,9.8772],[-12.1538,9.8767],[-12.1533,9.8764],[-12.1531,9.8762],[-12.1528,9.876],[-12.1525,9.876],[-12.1521,9.8762],[-12.1517,9.8761],[-12.1513,9.8755],[-12.151,9.8753],[-12.1506,9.8753],[-12.1502,9.8754],[-12.1498,9.8751],[-12.1495,9.8747],[-12.1491,9.8747],[-12.1489,9.875],[-12.1486,9.875],[-12.1483,9.8748],[-12.1481,9.8746],[-12.148,9.8742],[-12.1478,9.874],[-12.1474,9.874],[-12.1472,9.8736],[-12.1469,9.8724],[-12.1467,9.872],[-12.1465,9.8719],[-12.1464,9.872],[-12.1461,9.8722],[-12.1457,9.872],[-12.1452,9.8719],[-12.145,9.872],[-12.1449,9.8723],[-12.1454,9.8731],[-12.1456,9.8732],[-12.1457,9.8734],[-12.1458,9.8736],[-12.1456,9.8738],[-12.1453,9.8739],[-12.145,9.8737],[-12.1447,9.8738],[-12.1446,9.8739],[-12.1445,9.8741],[-12.1445,9.8744],[-12.1448,9.8747],[-12.1452,9.8754],[-12.1454,9.8763],[-12.1454,9.8769],[-12.1453,9.8773],[-12.1452,9.8775],[-12.1449,9.8774],[-12.1445,9.8773],[-12.1441,9.877],[-12.1437,9.8766],[-12.1433,9.876],[-12.1431,9.8757],[-12.1431,9.8754],[-12.143,9.8751],[-12.1425,9.8749],[-12.1422,9.8746],[-12.1416,9.875],[-12.1413,9.875],[-12.1409,9.8748],[-12.1406,9.8744],[-12.1403,9.8742],[-12.1401,9.8741],[-12.1399,9.8743],[-12.1398,9.8745],[-12.1399,9.8748],[-12.1403,9.8753],[-12.1402,9.8757],[-12.14,9.8758],[-12.1396,9.8758],[-12.1393,9.8755],[-12.1389,9.8754],[-12.1385,9.8755],[-12.1383,9.8758],[-12.1378,9.876],[-12.1375,9.876],[-12.1371,9.8764],[-12.1367,9.8765],[-12.1363,9.8762],[-12.1362,9.8754],[-12.1362,9.8749],[-12.1364,9.8745],[-12.1368,9.8744],[-12.1367,9.8739],[-12.1367,9.8733],[-12.1368,9.873],[-12.137,9.8727],[-12.1373,9.8722],[-12.1373,9.872],[-12.1359,9.8728],[-12.1354,9.8733],[-12.1347,9.8735],[-12.1342,9.874],[-12.1336,9.8744],[-12.1332,9.8746],[-12.1329,9.8747],[-12.1324,9.8743],[-12.132,9.8741],[-12.1317,9.8737],[-12.1312,9.8738],[-12.1307,9.8738],[-12.1306,9.8739],[-12.1306,9.8741],[-12.1308,9.8743],[-12.131,9.8744],[-12.1312,9.8746],[-12.1312,9.8748],[-12.131,9.8749],[-12.1305,9.8749],[-12.1299,9.8746],[-12.1293,9.8738],[-12.1291,9.8731],[-12.1288,9.8727],[-12.1283,9.8723],[-12.1278,9.8721],[-12.127,9.8721],[-12.126,9.8724],[-12.1253,9.8721],[-12.1251,9.8718],[-12.125,9.8715],[-12.1252,9.8711],[-12.1252,9.8707],[-12.1251,9.8704],[-12.1241,9.87],[-12.1236,9.87],[-12.1233,9.8702],[-12.1231,9.8705],[-12.1231,9.8712],[-12.1227,9.8723],[-12.1223,9.8728],[-12.1218,9.8729],[-12.1202,9.8722],[-12.1199,9.8723],[-11.9069,9.9402],[-11.9044,9.9379],[-11.9027,9.9368],[-11.9024,9.9363],[-11.902,9.9351],[-11.9012,9.9344],[-11.8993,9.9333],[-11.8967,9.9322],[-11.8957,9.9315],[-11.8949,9.9305],[-11.8942,9.9292],[-11.8939,9.9282],[-11.8941,9.9274],[-11.8946,9.9268],[-11.8964,9.9256],[-11.8977,9.9243],[-11.8982,9.9233],[-11.8985,9.9228],[-11.8986,9.922],[-11.8983,9.9213],[-11.8976,9.921],[-11.8972,9.9206],[-11.8967,9.9198],[-11.8951,9.9184],[-11.8922,9.9167],[-11.8917,9.9164],[-11.8914,9.9161],[-11.8912,9.9156],[-11.8914,9.9152],[-11.8918,9.9147],[-11.8926,9.9143],[-11.8933,9.9136],[-11.894,9.9127],[-11.8946,9.9117],[-11.8965,9.9088],[-11.8973,9.9073],[-11.8976,9.9061],[-11.8978,9.9049],[-11.898,9.9043],[-11.8983,9.9039],[-11.8987,9.9037],[-11.8992,9.9036],[-11.8997,9.9038],[-11.9001,9.9041],[-11.9007,9.9041],[-11.9026,9.9036],[-11.9051,9.9024],[-11.9062,9.9013],[-11.9067,9.9007],[-11.9072,9.8996],[-11.9072,9.8991],[-11.9067,9.8978],[-11.9066,9.8969],[-11.9061,9.8955],[-11.9061,9.8943],[-11.9058,9.8934],[-11.9054,9.893],[-11.9046,9.8924],[-11.9042,9.8917],[-11.904,9.891],[-11.9041,9.8902],[-11.9041,9.8893],[-11.9038,9.8886],[-11.9032,9.8879],[-11.9026,9.8877],[-11.9017,9.8878],[-11.9009,9.8881],[-11.9002,9.8881],[-11.8997,9.888],[-11.8993,9.8872],[-11.8988,9.8857],[-11.8981,9.8848],[-11.8974,9.8843],[-11.8964,9.8841],[-11.8953,9.884],[-11.8939,9.884],[-11.8929,9.8841],[-11.8923,9.8844],[-11.8913,9.8847],[-11.8898,9.8846],[-11.8884,9.8842],[-11.8858,9.8833],[-11.8849,9.8826],[-11.8842,9.8811],[-11.8839,9.8796],[-11.8841,9.8787],[-11.8851,9.8747],[-11.8863,9.8731],[-11.8868,9.8723],[-11.8872,9.8663],[-11.8876,9.8655],[-11.8902,9.8644],[-11.8905,9.8638],[-11.8909,9.8626],[-11.891,9.8621],[-11.8907,9.8602],[-11.8901,9.8581],[-11.8898,9.8561],[-11.8889,9.8539],[-11.889,9.853],[-11.8893,9.852],[-11.8901,9.8504],[-11.8911,9.8487],[-11.8909,9.8466],[-11.8905,9.8441],[-11.8903,9.8422],[-11.8897,9.8402],[-11.8894,9.8389],[-11.8894,9.8376],[-11.8905,9.8361],[-11.8827,9.826],[-11.888,9.8059],[-11.8817,9.7851],[-11.8785,9.7808],[-11.8812,9.7765],[-11.8759,9.7707],[-11.8775,9.7605],[-11.878,9.7541],[-11.878,9.7392],[-11.8766,9.7276],[-11.8731,9.7227],[-11.8742,9.7222],[-11.8748,9.7219],[-11.8752,9.7214],[-11.8753,9.7207],[-11.8752,9.7195],[-11.8748,9.7177],[-11.8739,9.7159],[-11.8738,9.7152],[-11.8738,9.7142],[-11.8741,9.7135],[-11.8748,9.7127],[-11.8765,9.7117],[-11.8782,9.7113],[-11.8788,9.711],[-11.8793,9.7106],[-11.88,9.7093],[-11.8805,9.7081],[-11.881,9.7074],[-11.8817,9.7071],[-11.8828,9.7066],[-11.8835,9.7059],[-11.8837,9.705],[-11.8837,9.7041],[-11.8832,9.7033],[-11.8829,9.7023],[-11.8836,9.7008],[-11.8844,9.6997],[-11.8853,9.6992],[-11.8878,9.7001],[-11.8924,9.6997],[-11.8937,9.6993],[-11.8942,9.6979],[-11.8959,9.6977],[-11.8977,9.6988],[-11.9006,9.7],[-11.9024,9.6998],[-11.9041,9.6992],[-11.9065,9.6993],[-11.9077,9.7003],[-11.9083,9.7012],[-11.9095,9.7014],[-11.9107,9.7005],[-11.9119,9.7005],[-11.9127,9.7019],[-11.9137,9.7024],[-11.9155,9.7019],[-11.9167,9.7004],[-11.9217,9.6985],[-11.9226,9.6971],[-11.9239,9.696],[-11.9322,9.6957],[-11.9366,9.6949],[-11.941,9.6952],[-11.9528,9.6933],[-11.9608,9.6913],[-11.9724,9.6878],[-11.9754,9.6877],[-11.9773,9.6872],[-11.9792,9.6827],[-11.9797,9.6819],[-11.9805,9.6817],[-11.9817,9.6821],[-11.983,9.6821],[-11.985,9.6812],[-11.9875,9.681],[-11.9884,9.6808],[-11.9909,9.6811],[-11.9921,9.6809],[-11.9944,9.6794],[-11.9972,9.6784],[-11.9987,9.6775],[-12.0005,9.6777],[-12.006,9.679],[-12.007,9.679],[-12.0072,9.6783],[-12.0069,9.6763],[-12.0055,9.6738],[-12.0052,9.671],[-12.0054,9.6695],[-12.0076,9.6678],[-12.0108,9.6673],[-12.02,9.6656],[-12.0228,9.6669],[-12.0236,9.6691],[-12.0245,9.6706],[-12.0251,9.6711],[-12.0258,9.6712],[-12.0276,9.6706],[-12.0282,9.6701],[-12.0286,9.6698],[-12.0289,9.669],[-12.0285,9.6686],[-12.0267,9.6689],[-12.0262,9.6688],[-12.0261,9.6683],[-12.026,9.6671],[-12.0256,9.6662],[-12.0261,9.665],[-12.0269,9.664],[-12.0317,9.6605],[-12.0324,9.6595],[-12.0333,9.6584],[-12.0354,9.6573],[-12.0364,9.6584],[-12.0368,9.6594],[-12.0373,9.66],[-12.0383,9.6608],[-12.0388,9.6611],[-12.039,9.6617],[-12.039,9.6622],[-12.0393,9.6626],[-12.0399,9.6626],[-12.0404,9.6628],[-12.0412,9.6637],[-12.0419,9.6641],[-12.043,9.6644],[-12.0442,9.6637],[-12.0484,9.6605],[-12.0517,9.6578],[-12.055,9.6573],[-12.061,9.6555],[-12.0627,9.6544],[-12.0674,9.6527],[-12.073,9.6498],[-12.0776,9.6481],[-12.0819,9.6457],[-12.0881,9.6438],[-12.0931,9.6415],[-12.0934,9.6395],[-12.0972,9.6352],[-12.1005,9.6334],[-12.1044,9.6291],[-12.1077,9.6269],[-12.1088,9.6208],[-12.1119,9.6174],[-12.1124,9.6127],[-12.1107,9.6081],[-12.1136,9.6063],[-12.115,9.6033],[-12.1164,9.5999],[-12.1189,9.5991],[-12.1232,9.5949],[-12.1261,9.5941],[-12.1308,9.5926],[-12.1321,9.5915],[-12.1336,9.5906],[-12.1351,9.5901],[-12.1307,9.5873],[-12.1295,9.5818],[-12.126,9.5826],[-12.1213,9.5801],[-12.1154,9.5839],[-12.1128,9.5813],[-12.1098,9.5805],[-12.1072,9.5835],[-12.1004,9.5779],[-12.0944,9.5758],[-12.0897,9.5749],[-12.081,9.5716],[-12.0765,9.5713],[-12.0712,9.5716],[-12.0697,9.574],[-12.0697,9.5774],[-12.0662,9.5754],[-12.0607,9.5681],[-12.0603,9.563],[-12.0624,9.5608],[-12.0607,9.554],[-12.0577,9.5467],[-12.0551,9.5485],[-12.0509,9.5446],[-12.0491,9.5454],[-12.0446,9.5476],[-12.0376,9.5476],[-12.0334,9.551],[-12.0291,9.5489],[-12.0235,9.5425],[-12.0184,9.5408],[-12.0094,9.5305],[-12.0051,9.5245],[-12.0008,9.5198],[-11.9746,9.4985],[-11.9695,9.4946],[-11.9702,9.4928],[-11.9701,9.4891],[-11.9704,9.4822],[-11.9741,9.4832],[-11.9747,9.4817],[-11.975,9.4709],[-11.9728,9.4645],[-11.9727,9.4614],[-11.9763,9.4595],[-11.9767,9.4558],[-11.979,9.4484],[-11.9781,9.4468],[-11.9805,9.4449],[-11.9815,9.4428],[-11.9795,9.4382],[-11.9815,9.4353],[-11.982,9.4315],[-11.9796,9.4272],[-11.9844,9.4223],[-11.9841,9.4199],[-11.982,9.4158],[-11.9805,9.4113],[-11.9796,9.4107],[-11.9864,9.4099],[-11.9884,9.4088],[-11.9907,9.4049],[-11.9944,9.4],[-11.996,9.3966],[-11.9959,9.3943],[-11.9932,9.39],[-11.9896,9.3889],[-11.9901,9.385],[-11.9917,9.3795],[-11.9909,9.373],[-11.9942,9.3684],[-11.9974,9.3695],[-11.9987,9.3717],[-12.0018,9.3726],[-12.0036,9.3721],[-12.007,9.3739],[-12.0112,9.3745],[-12.0126,9.3733],[-12.0123,9.3695],[-12.0144,9.3667],[-12.0179,9.3669],[-12.0209,9.3679],[-12.0216,9.3714],[-12.0244,9.3733],[-12.028,9.3731],[-12.0325,9.3706],[-12.037,9.3689],[-12.0414,9.3687],[-12.0456,9.3679],[-12.0552,9.3687],[-12.0594,9.3699],[-12.0671,9.3748],[-12.0718,9.3783],[-12.0762,9.3778],[-12.0856,9.38],[-12.0903,9.3818],[-12.0953,9.3803],[-12.0963,9.3778],[-12.0955,9.3746],[-12.0955,9.3706],[-12.0965,9.3677],[-12.0988,9.3649],[-12.1007,9.3597],[-12.0995,9.3558],[-12.0948,9.3548],[-12.0936,9.3535],[-12.0941,9.3513],[-12.096,9.3476],[-12.0997,9.3451],[-12.1055,9.3391],[-12.1086,9.3371],[-12.1205,9.3245],[-12.126,9.318],[-12.1357,9.3213],[-12.1423,9.3241],[-12.1447,9.3241],[-12.1531,9.3241],[-12.1556,9.3246],[-12.1561,9.3288],[-12.1643,9.3295],[-12.1677,9.3293],[-12.1724,9.3298],[-12.1786,9.331],[-12.1868,9.3308],[-12.189,9.3318],[-12.1918,9.3345],[-12.1957,9.3367],[-12.205,9.3436],[-12.2067,9.3466],[-12.2097,9.3498],[-12.2112,9.354],[-12.2121,9.3588],[-12.2121,9.363],[-12.2115,9.3689],[-12.2149,9.3694],[-12.2186,9.3677],[-12.2216,9.3652],[-12.2233,9.3573],[-12.2261,9.3538],[-12.2323,9.3481],[-12.2357,9.3464],[-12.2381,9.3461],[-12.2411,9.3442],[-12.2454,9.3444],[-12.2469,9.3438],[-12.2475,9.3404],[-12.2506,9.3384],[-12.2548,9.3375],[-12.2578,9.3381],[-12.2611,9.3403],[-12.262,9.3363],[-12.261,9.3333],[-12.2585,9.3285],[-12.2539,9.3274],[-12.2513,9.3274],[-12.2492,9.3238],[-12.2447,9.3232],[-12.2423,9.3209],[-12.2378,9.3185],[-12.2352,9.318],[-12.2323,9.3138],[-12.2362,9.3077],[-12.2388,9.3048],[-12.2391,9.302],[-12.2424,9.2964],[-12.2439,9.2924],[-12.2433,9.2915],[-12.2345,9.2869],[-12.2426,9.283],[-12.2472,9.2787],[-12.2504,9.2752],[-12.26,9.27],[-12.2546,9.2652],[-12.2535,9.2636],[-12.2479,9.2597],[-12.2368,9.2498],[-12.2339,9.2487],[-12.2319,9.2466],[-12.2274,9.2439],[-12.2243,9.2448],[-12.2085,9.2482],[-12.201,9.2472],[-12.1906,9.2453],[-12.1863,9.2431],[-12.1851,9.2409],[-12.1786,9.239],[-12.1711,9.2387],[-12.1585,9.239],[-12.1505,9.2383],[-12.156,9.2336],[-12.163,9.2303],[-12.1681,9.2257],[-12.1753,9.2168],[-12.1748,9.2131],[-12.1765,9.2073],[-12.1816,9.1972],[-12.1829,9.195],[-12.1807,9.1935],[-12.1823,9.1905],[-12.1824,9.1884],[-12.1859,9.1892],[-12.1862,9.1863],[-12.1925,9.1796],[-12.1947,9.1778],[-12.1973,9.1738],[-12.2007,9.1732],[-12.2086,9.167],[-12.2146,9.163],[-12.2149,9.1599],[-12.2129,9.152],[-12.2157,9.1457],[-12.2225,9.1426],[-12.2319,9.137],[-12.2353,9.1336],[-12.2319,9.1313],[-12.2316,9.1293],[-12.2341,9.1287],[-12.2367,9.1234],[-12.2344,9.1185],[-12.2378,9.1194],[-12.2404,9.1191],[-12.2418,9.1168],[-12.2491,9.112],[-12.2557,9.1069],[-12.2574,9.1038],[-12.2646,9.0987],[-12.2669,9.0962],[-12.2722,9.0953],[-12.2773,9.0956],[-12.2895,9.0936],[-12.2989,9.0928],[-12.3028,9.0913],[-12.3071,9.0888],[-12.3099,9.0862],[-12.3167,9.0837],[-12.3207,9.0831],[-12.3207,9.0868],[-12.3224,9.0894],[-12.3198,9.093],[-12.3238,9.095],[-12.3289,9.0967],[-12.3357,9.0996],[-12.3377,9.0976],[-12.3435,9.0967],[-12.3475,9.0945],[-12.3506,9.0964],[-12.3526,9.0942],[-12.3512,9.0908],[-12.3548,9.0882],[-12.3568,9.0834],[-12.3582,9.0783],[-12.3616,9.0755],[-12.3656,9.0735],[-12.3704,9.0687],[-12.3738,9.0673],[-12.3775,9.0664],[-12.3798,9.0673],[-12.3843,9.0728],[-12.3887,9.069],[-12.3887,9.0653],[-12.3864,9.0579],[-12.3844,9.0556],[-12.3793,9.0531],[-12.3793,9.0511],[-12.373,9.0505],[-12.3707,9.0516],[-12.3673,9.0482],[-12.3616,9.0456],[-12.3587,9.0408],[-12.3593,9.0371],[-12.3579,9.0328],[-12.3616,9.0328],[-12.3639,9.0316],[-12.3636,9.0276],[-12.3624,9.0257],[-12.3605,9.0242],[-12.3597,9.0196],[-12.3587,9.0158],[-12.3582,9.0152],[-12.3567,9.0146],[-12.3551,9.0142],[-12.3535,9.0133],[-12.3496,9.0108],[-12.3488,9.0089],[-12.3468,9.0074],[-12.3462,9.005],[-12.3451,9.0035],[-12.3441,9.0025],[-12.344,9.0005],[-12.3429,8.9973],[-12.3424,8.995],[-12.3422,8.9924],[-12.3405,8.9885],[-12.3425,8.9863],[-12.3427,8.9838],[-12.3395,8.9795],[-12.339,8.9765],[-12.3355,8.9683],[-12.334,8.9679],[-12.3313,8.9696],[-12.3271,8.9683],[-12.3232,8.9686],[-12.3155,8.9652],[-12.313,8.9644],[-12.3102,8.9626],[-12.3011,8.9593],[-12.296,8.9593],[-12.2912,8.9608],[-12.2861,8.9604],[-12.2838,8.9611],[-12.2812,8.9599],[-12.283,8.9544],[-12.2804,8.9518],[-12.278,8.9524],[-12.2734,8.9549],[-12.2712,8.9555],[-12.2685,8.954],[-12.2645,8.9546],[-12.2621,8.9537],[-12.2641,8.9504],[-12.2681,8.9491],[-12.2711,8.9502],[-12.2734,8.948],[-12.2738,8.946],[-12.2761,8.9461],[-12.2774,8.9439],[-12.2855,8.9232],[-12.2838,8.9171],[-12.2781,8.9084],[-12.2865,8.9043],[-12.2917,8.9002],[-12.2989,8.895],[-12.3055,8.8914],[-12.3096,8.8914],[-12.313,8.8925],[-12.3153,8.9006],[-12.3159,8.9026],[-12.316,8.903],[-12.3161,8.9034],[-12.3167,8.9044],[-12.3169,8.905],[-12.3172,8.9055],[-12.3174,8.9057],[-12.3175,8.906],[-12.3175,8.9064],[-12.3172,8.907],[-12.3173,8.9073],[-12.3177,8.9076],[-12.3177,8.9083],[-12.3179,8.9086],[-12.3184,8.9087],[-12.3189,8.9088],[-12.3194,8.9088],[-12.3199,8.9087],[-12.3211,8.9087],[-12.3216,8.9087],[-12.3225,8.9089],[-12.3236,8.9085],[-12.3241,8.9085],[-12.3244,8.9085],[-12.3249,8.9084],[-12.3253,8.9081],[-12.3258,8.9081],[-12.3267,8.9079],[-12.327,8.9076],[-12.3273,8.9074],[-12.3277,8.9074],[-12.3285,8.9074],[-12.3291,8.9073],[-12.3296,8.9072],[-12.3299,8.9072],[-12.331,8.9074],[-12.3316,8.9075],[-12.3319,8.9077],[-12.3323,8.9079],[-12.3326,8.9079],[-12.3329,8.9077],[-12.3333,8.9077],[-12.3337,8.9078],[-12.3341,8.9077],[-12.3343,8.9079],[-12.3346,8.9081],[-12.3348,8.9081],[-12.3351,8.9083],[-12.3354,8.9085],[-12.3357,8.9085],[-12.3363,8.9081],[-12.3365,8.9082],[-12.3367,8.9083],[-12.3372,8.9085],[-12.3376,8.9084],[-12.3378,8.9082],[-12.3384,8.9082],[-12.3387,8.9082],[-12.339,8.9081],[-12.3392,8.908],[-12.34,8.9079],[-12.3404,8.9077],[-12.3413,8.9072],[-12.3417,8.9072],[-12.3425,8.9069],[-12.3433,8.9068],[-12.344,8.9065],[-12.3447,8.9064],[-12.3451,8.9063],[-12.3453,8.906],[-12.3456,8.9055],[-12.346,8.9052],[-12.3465,8.9049],[-12.3472,8.9047],[-12.3482,8.9039],[-12.3486,8.9035],[-12.3489,8.903],[-12.3493,8.9026],[-12.3498,8.9026],[-12.3501,8.9028],[-12.3503,8.903],[-12.3508,8.9032],[-12.3511,8.9031],[-12.3515,8.9029],[-12.352,8.9029],[-12.3523,8.9031],[-12.3525,8.9034],[-12.3527,8.904],[-12.3531,8.9045],[-12.3537,8.9047],[-12.3546,8.9048],[-12.3553,8.9046],[-12.3546,8.9042],[-12.354,8.9036],[-12.3536,8.9028],[-12.3534,8.9017],[-12.3526,8.9004],[-12.3519,8.8987],[-12.3484,8.894],[-12.3442,8.8888],[-12.3431,8.8813],[-12.3428,8.8741],[-12.3414,8.8707],[-12.3414,8.866],[-12.3319,8.8564],[-12.3305,8.855],[-12.33,8.8549],[-12.3297,8.8549],[-12.3296,8.8547],[-12.3298,8.8546],[-12.33,8.8545],[-12.3301,8.8542],[-12.33,8.8539],[-12.3299,8.8526],[-12.3297,8.8518],[-12.3292,8.8515],[-12.3293,8.8509],[-12.3299,8.85],[-12.3298,8.8494],[-12.3294,8.8489],[-12.3293,8.8481],[-12.329,8.8472],[-12.3259,8.842],[-12.3257,8.841],[-12.3243,8.8399],[-12.3235,8.8395],[-12.3222,8.8379],[-12.3218,8.8375],[-12.3215,8.8374],[-12.3212,8.8371],[-12.3211,8.8366],[-12.3211,8.8359],[-12.3209,8.8355],[-12.3205,8.8349],[-12.3204,8.8346],[-12.3206,8.8342],[-12.3207,8.8335],[-12.3205,8.8325],[-12.3204,8.8312],[-12.3201,8.8305],[-12.3201,8.8298],[-12.3198,8.8292],[-12.3194,8.8281],[-12.319,8.8276],[-12.3188,8.827],[-12.3187,8.8264],[-12.3191,8.8248],[-12.3191,8.8241],[-12.3192,8.8235],[-12.3194,8.8229],[-12.3195,8.8224],[-12.3189,8.8214],[-12.3188,8.8207],[-12.319,8.8201],[-12.3193,8.8195],[-12.3201,8.8185],[-12.3206,8.8176],[-12.3209,8.8169],[-12.3209,8.8161]]]},"properties":{"code":"KAR","name":"Karene District","level":"2","parent":"Plmg8ikyfrK","parentGraph":"Plmg8ikyfrK","groups":["QJuHsfZjNBf","Y1fwmuWGmNr"]}},{"type":"Feature","id":"RDiTDCZASCX","geometry":{"type":"Polygon","coordinates":[[[-12.3209,8.8161],[-12.3208,8.8152],[-12.3229,8.8093],[-12.3252,8.8038],[-12.3317,8.7998],[-12.3321,8.7994],[-12.3324,8.799],[-12.3326,8.7987],[-12.3327,8.7983],[-12.333,8.7981],[-12.3331,8.7979],[-12.3333,8.7978],[-12.3336,8.798],[-12.3338,8.798],[-12.334,8.7979],[-12.334,8.7977],[-12.3339,8.7975],[-12.334,8.7973],[-12.3342,8.7973],[-12.3344,8.7973],[-12.3345,8.7969],[-12.3346,8.7964],[-12.3352,8.7961],[-12.3357,8.7958],[-12.3358,8.7956],[-12.3358,8.7954],[-12.336,8.7951],[-12.3364,8.7951],[-12.3371,8.7948],[-12.3379,8.7943],[-12.3388,8.7939],[-12.34,8.7939],[-12.3414,8.7941],[-12.3431,8.7945],[-12.3446,8.7946],[-12.3466,8.7945],[-12.3475,8.7946],[-12.3485,8.7946],[-12.3491,8.795],[-12.35,8.7965],[-12.3505,8.7968],[-12.352,8.798],[-12.3593,8.7977],[-12.3659,8.7919],[-12.3701,8.7912],[-12.3721,8.7841],[-12.3709,8.7728],[-12.3643,8.7623],[-12.3676,8.7596],[-12.3711,8.7589],[-12.3747,8.7559],[-12.3763,8.7513],[-12.378,8.7504],[-12.3799,8.7479],[-12.3881,8.7513],[-12.3958,8.7524],[-12.4039,8.7529],[-12.4093,8.7549],[-12.4137,8.7563],[-12.4155,8.7564],[-12.4277,8.7496],[-12.436,8.7391],[-12.4402,8.7391],[-12.4437,8.7361],[-12.4496,8.7327],[-12.4604,8.729],[-12.4628,8.7286],[-12.4742,8.7334],[-12.4803,8.734],[-12.4823,8.7357],[-12.4856,8.7357],[-12.4887,8.7371],[-12.4991,8.7374],[-12.5018,8.7357],[-12.5011,8.7297],[-12.5015,8.7246],[-12.5045,8.7226],[-12.5116,8.7236],[-12.5159,8.7236],[-12.5173,8.7195],[-12.5173,8.7145],[-12.5193,8.7105],[-12.5223,8.7098],[-12.5304,8.7101],[-12.5317,8.7072],[-12.5385,8.7052],[-12.54,8.7026],[-12.5466,8.7031],[-12.5558,8.7027],[-12.5597,8.703],[-12.5605,8.7056],[-12.5608,8.707],[-12.5617,8.7092],[-12.5632,8.712],[-12.5632,8.715],[-12.563,8.7186],[-12.5633,8.7212],[-12.5626,8.7231],[-12.5621,8.7255],[-12.562,8.7266],[-12.5613,8.7299],[-12.5592,8.733],[-12.5543,8.7373],[-12.5505,8.7394],[-12.549,8.741],[-12.5492,8.7436],[-12.5505,8.7467],[-12.553,8.7501],[-12.5537,8.7516],[-12.5588,8.7564],[-12.5634,8.7569],[-12.5684,8.7583],[-12.5722,8.7587],[-12.5757,8.7597],[-12.577,8.7591],[-12.5769,8.7604],[-12.5759,8.7616],[-12.5755,8.7628],[-12.5749,8.7645],[-12.573,8.7657],[-12.5711,8.7663],[-12.5698,8.766],[-12.5681,8.7667],[-12.5674,8.7661],[-12.5667,8.7667],[-12.5652,8.7662],[-12.5639,8.767],[-12.563,8.7686],[-12.5624,8.7691],[-12.5618,8.7693],[-12.5613,8.7701],[-12.5619,8.7707],[-12.5617,8.7714],[-12.5623,8.7714],[-12.5621,8.7727],[-12.5611,8.7736],[-12.5616,8.7748],[-12.5621,8.7753],[-12.563,8.7755],[-12.564,8.777],[-12.5641,8.7776],[-12.5635,8.7789],[-12.564,8.7801],[-12.5649,8.7802],[-12.5647,8.7812],[-12.5636,8.7817],[-12.5631,8.7826],[-12.5643,8.783],[-12.5657,8.7838],[-12.566,8.7846],[-12.5655,8.785],[-12.5662,8.7859],[-12.5663,8.7867],[-12.5655,8.7873],[-12.5651,8.7888],[-12.5654,8.7902],[-12.5652,8.7911],[-12.5643,8.7913],[-12.5633,8.7928],[-12.5635,8.7936],[-12.5633,8.7939],[-12.5625,8.7939],[-12.5621,8.7941],[-12.5623,8.7946],[-12.5621,8.7951],[-12.5617,8.7952],[-12.5615,8.7955],[-12.5617,8.7958],[-12.5611,8.7964],[-12.5611,8.7967],[-12.5613,8.7971],[-12.5613,8.7978],[-12.5621,8.7978],[-12.5629,8.7984],[-12.5635,8.7988],[-12.5635,8.7993],[-12.5642,8.7999],[-12.5651,8.801],[-12.5652,8.8022],[-12.5654,8.8028],[-12.5657,8.8027],[-12.566,8.8041],[-12.5652,8.8042],[-12.5648,8.8053],[-12.5642,8.8057],[-12.564,8.8063],[-12.5633,8.8066],[-12.5628,8.807],[-12.5626,8.8079],[-12.5612,8.8089],[-12.5613,8.8104],[-12.5605,8.8113],[-12.5596,8.8112],[-12.5592,8.8123],[-12.5577,8.813],[-12.5567,8.8142],[-12.5556,8.8152],[-12.5545,8.815],[-12.5533,8.8165],[-12.5515,8.8176],[-12.5506,8.8176],[-12.549,8.8191],[-12.5462,8.8201],[-12.5451,8.8242],[-12.5442,8.8289],[-12.5439,8.8326],[-12.5451,8.8364],[-12.5456,8.8397],[-12.5459,8.8407],[-12.5468,8.8426],[-12.5463,8.8458],[-12.5462,8.8499],[-12.5468,8.8519],[-12.546,8.8545],[-12.5455,8.8589],[-12.5435,8.8615],[-12.5423,8.8628],[-12.5454,8.868],[-12.5472,8.8704],[-12.5477,8.8736],[-12.5504,8.88],[-12.5501,8.8819],[-12.558,8.8858],[-12.5624,8.8845],[-12.5648,8.8852],[-12.5695,8.8889],[-12.5735,8.8895],[-12.5843,8.8895],[-12.5893,8.8885],[-12.5961,8.8845],[-12.6004,8.8832],[-12.6028,8.8805],[-12.6062,8.8778],[-12.6126,8.8757],[-12.6206,8.8747],[-12.6222,8.8747],[-12.6233,8.8754],[-12.6274,8.8754],[-12.6294,8.8761],[-12.6314,8.8784],[-12.6354,8.8801],[-12.6361,8.8828],[-12.6378,8.8832],[-12.6385,8.8852],[-12.6415,8.8879],[-12.6459,8.8926],[-12.6493,8.8926],[-12.6503,8.8939],[-12.6543,8.8933],[-12.658,8.8919],[-12.6617,8.8919],[-12.6634,8.8895],[-12.6641,8.8865],[-12.6681,8.8855],[-12.6691,8.8825],[-12.6718,8.8798],[-12.6758,8.8747],[-12.6806,8.867],[-12.6839,8.8586],[-12.686,8.8519],[-12.6894,8.8536],[-12.6904,8.8551],[-12.6941,8.8569],[-12.7007,8.8616],[-12.7034,8.8623],[-12.7045,8.8649],[-12.7061,8.8663],[-12.7075,8.8693],[-12.706,8.8764],[-12.7048,8.8778],[-12.7042,8.882],[-12.7038,8.886],[-12.7034,8.8879],[-12.7045,8.8912],[-12.7098,8.8973],[-12.7125,8.9017],[-12.7122,8.9037],[-12.7085,8.9077],[-12.7024,8.9128],[-12.691,8.9242],[-12.692,8.9306],[-12.692,8.9333],[-12.6853,8.933],[-12.6795,8.9333],[-12.6748,8.936],[-12.6728,8.9404],[-12.6674,8.9424],[-12.6624,8.9458],[-12.6614,8.9505],[-12.66,8.9538],[-12.6577,8.9559],[-12.653,8.9565],[-12.6493,8.9626],[-12.6415,8.9656],[-12.6388,8.969],[-12.6348,8.9727],[-12.6324,8.9757],[-12.6314,8.9814],[-12.6287,8.9845],[-12.62,8.9895],[-12.619,8.9919],[-12.6161,9.004],[-12.616,9.0045],[-12.6159,9.0052],[-12.6158,9.0058],[-12.6155,9.0066],[-12.6153,9.0072],[-12.6151,9.0074],[-12.6142,9.0076],[-12.614,9.0078],[-12.614,9.0081],[-12.6142,9.0083],[-12.6145,9.0084],[-12.6151,9.0084],[-12.6157,9.0086],[-12.616,9.009],[-12.6163,9.0093],[-12.6166,9.0094],[-12.6169,9.0097],[-12.6173,9.0098],[-12.618,9.0098],[-12.6185,9.0109],[-12.6188,9.0108],[-12.6206,9.0105],[-12.6222,9.0097],[-12.6242,9.0093],[-12.6267,9.011],[-12.6276,9.0129],[-12.6317,9.0165],[-12.6361,9.0181],[-12.6405,9.0158],[-12.6499,9.0091],[-12.6543,9.0047],[-12.6577,9.002],[-12.6597,9.0013],[-12.6637,9.0053],[-12.6661,9.0097],[-12.6664,9.0138],[-12.6688,9.0148],[-12.6725,9.0151],[-12.6772,9.0141],[-12.6809,9.0128],[-12.687,9.008],[-12.6907,9.0003],[-12.692,8.999],[-12.695,9.001],[-12.6964,9.0057],[-12.694,9.0121],[-12.695,9.0138],[-12.7024,9.0175],[-12.7048,9.0215],[-12.7031,9.0276],[-12.7055,9.0309],[-12.7085,9.0313],[-12.7122,9.0296],[-12.7152,9.0269],[-12.7152,9.0198],[-12.7169,9.0178],[-12.7236,9.0111],[-12.7267,9.0087],[-12.729,9.0077],[-12.7344,9.0124],[-12.7351,9.0148],[-12.7314,9.0161],[-12.7273,9.0185],[-12.728,9.0202],[-12.7334,9.0195],[-12.7371,9.0195],[-12.7379,9.0217],[-12.7356,9.0227],[-12.7334,9.0263],[-12.7297,9.0337],[-12.7326,9.0381],[-12.737,9.0455],[-12.7341,9.0529],[-12.7297,9.0617],[-12.7223,9.0691],[-12.7174,9.0733],[-12.7171,9.0735],[-12.7151,9.077],[-12.7109,9.0839],[-12.7087,9.092],[-12.7035,9.0957],[-12.7006,9.0981],[-12.6991,9.0994],[-12.6954,9.1075],[-12.6936,9.1075],[-12.6895,9.1075],[-12.6836,9.1075],[-12.6784,9.1075],[-12.6666,9.1082],[-12.6637,9.1134],[-12.6651,9.123],[-12.6696,9.1325],[-12.6622,9.1325],[-12.6563,9.1451],[-12.6556,9.1517],[-12.6526,9.1591],[-12.6519,9.1665],[-12.657,9.1783],[-12.66,9.1842],[-12.6615,9.1923],[-12.6585,9.1989],[-12.6533,9.2026],[-12.646,9.2092],[-12.6408,9.21],[-12.6379,9.2063],[-12.6349,9.2041],[-12.6312,9.2056],[-12.6283,9.2092],[-12.6224,9.2122],[-12.6157,9.2196],[-12.6143,9.2321],[-12.6106,9.2336],[-12.6039,9.2336],[-12.6002,9.2277],[-12.6002,9.2218],[-12.5973,9.2159],[-12.5884,9.2196],[-12.5825,9.221],[-12.5752,9.2233],[-12.5678,9.2233],[-12.5604,9.2269],[-12.5581,9.2288],[-12.5579,9.2337],[-12.5604,9.238],[-12.5641,9.2476],[-12.5626,9.2498],[-12.5538,9.2513],[-12.5464,9.2491],[-12.5427,9.2439],[-12.5471,9.2358],[-12.553,9.2299],[-12.5457,9.2255],[-12.5398,9.2247],[-12.5324,9.2277],[-12.5309,9.2358],[-12.5302,9.2417],[-12.5272,9.2483],[-12.5213,9.255],[-12.5176,9.2579],[-12.5199,9.2653],[-12.5213,9.2719],[-12.5176,9.2727],[-12.5132,9.2705],[-12.511,9.2668],[-12.5081,9.2601],[-12.5036,9.2535],[-12.5007,9.2461],[-12.4933,9.2491],[-12.4904,9.2535],[-12.4904,9.2609],[-12.4896,9.2734],[-12.4867,9.2727],[-12.4815,9.2668],[-12.4741,9.266],[-12.4645,9.269],[-12.455,9.2653],[-12.4461,9.2572],[-12.4409,9.252],[-12.4365,9.2528],[-12.4381,9.2592],[-12.4387,9.2616],[-12.4402,9.2712],[-12.4395,9.2749],[-12.4343,9.2823],[-12.4306,9.2859],[-12.4317,9.2926],[-12.4332,9.3],[-12.4325,9.3081],[-12.4288,9.314],[-12.4243,9.3147],[-12.4243,9.3088],[-12.4229,9.3036],[-12.4162,9.3],[-12.414,9.2955],[-12.4103,9.2896],[-12.403,9.2852],[-12.3971,9.2852],[-12.3904,9.2874],[-12.3875,9.2941],[-12.3912,9.3014],[-12.3956,9.3044],[-12.4037,9.3088],[-12.4096,9.3147],[-12.4125,9.3213],[-12.4133,9.3317],[-12.4089,9.3354],[-12.4037,9.339],[-12.3993,9.3516],[-12.3948,9.359],[-12.3882,9.3641],[-12.3823,9.3597],[-12.3808,9.3531],[-12.3786,9.3508],[-12.372,9.3508],[-12.3661,9.3545],[-12.3698,9.3649],[-12.3711,9.3669],[-12.3764,9.3752],[-12.3757,9.3833],[-12.3698,9.3988],[-12.3704,9.3998],[-12.3749,9.4069],[-12.3816,9.4121],[-12.3919,9.4143],[-12.4007,9.4128],[-12.4036,9.4165],[-12.4052,9.4187],[-12.4022,9.4246],[-12.3985,9.432],[-12.4,9.4401],[-12.4081,9.4504],[-12.4162,9.4593],[-12.4163,9.4678],[-12.4157,9.4715],[-12.4173,9.4758],[-12.4208,9.4866],[-12.4413,9.501],[-12.4705,9.5186],[-12.4842,9.5334],[-12.5111,9.5649],[-12.5401,9.5871],[-12.5737,9.5837],[-12.5882,9.6009],[-12.5877,9.6017],[-12.5875,9.6035],[-12.5876,9.6063],[-12.5872,9.6126],[-12.5857,9.6187],[-12.5832,9.6263],[-12.5834,9.629],[-12.5832,9.6303],[-12.5815,9.6332],[-12.5812,9.6358],[-12.5813,9.6364],[-12.5833,9.6394],[-12.5841,9.6408],[-12.5845,9.6419],[-12.5845,9.645],[-12.5845,9.6466],[-12.585,9.6482],[-12.5855,9.649],[-12.5867,9.6518],[-12.587,9.6529],[-12.5872,9.6542],[-12.5872,9.6561],[-12.587,9.6573],[-12.587,9.6586],[-12.5863,9.6616],[-12.5858,9.6624],[-12.5852,9.6631],[-12.5846,9.6634],[-12.583,9.6639],[-12.5821,9.6642],[-12.5812,9.6642],[-12.5805,9.6639],[-12.5795,9.6631],[-12.578,9.6613],[-12.5767,9.6603],[-12.574,9.6571],[-12.5737,9.6569],[-12.5732,9.6567],[-12.5726,9.6568],[-12.5722,9.6571],[-12.5718,9.6575],[-12.5712,9.6585],[-12.5711,9.6596],[-12.571,9.6619],[-12.5711,9.6642],[-12.5714,9.666],[-12.5718,9.667],[-12.5717,9.6696],[-12.5713,9.6704],[-12.5706,9.6713],[-12.5695,9.6723],[-12.5676,9.6748],[-12.5659,9.6779],[-12.5656,9.6789],[-12.5653,9.6816],[-12.5649,9.6846],[-12.5647,9.687],[-12.5648,9.6886],[-12.5656,9.6927],[-12.5656,9.6938],[-12.5646,9.7023],[-12.5643,9.7033],[-12.5637,9.704],[-12.5627,9.7045],[-12.5618,9.705],[-12.5612,9.7051],[-12.5585,9.7054],[-12.5556,9.7053],[-12.5539,9.7054],[-12.5504,9.7063],[-12.5484,9.707],[-12.5472,9.7078],[-12.5451,9.7101],[-12.5442,9.7109],[-12.5413,9.7124],[-12.5398,9.7137],[-12.5357,9.7148],[-12.5348,9.7152],[-12.5343,9.7158],[-12.5346,9.7184],[-12.5345,9.7191],[-12.5342,9.7199],[-12.533,9.7212],[-12.5324,9.7215],[-12.5317,9.7217],[-12.5305,9.7215],[-12.5289,9.7198],[-12.5282,9.718],[-12.528,9.7174],[-12.5282,9.7169],[-12.5292,9.7154],[-12.5297,9.7145],[-12.5298,9.7127],[-12.5294,9.7105],[-12.5289,9.7095],[-12.5279,9.7085],[-12.5233,9.7071],[-12.5219,9.7066],[-12.5203,9.7057],[-12.5193,9.7058],[-12.5185,9.7066],[-12.5178,9.708],[-12.5171,9.7105],[-12.5168,9.7117],[-12.5167,9.7136],[-12.5173,9.7162],[-12.5181,9.7178],[-12.5208,9.7212],[-12.5221,9.7236],[-12.5226,9.7249],[-12.5231,9.7288],[-12.5261,9.734],[-12.5262,9.736],[-12.5262,9.7371],[-12.5256,9.7384],[-12.5246,9.7399],[-12.5236,9.7414],[-12.5231,9.7419],[-12.5217,9.7429],[-12.5202,9.7432],[-12.5189,9.7431],[-12.5183,9.7429],[-12.5139,9.7413],[-12.5131,9.7412],[-12.5104,9.7409],[-12.5094,9.7411],[-12.507,9.7422],[-12.5062,9.743],[-12.5049,9.745],[-12.5041,9.7478],[-12.5044,9.7498],[-12.5054,9.7517],[-12.5061,9.7528],[-12.5072,9.754],[-12.5087,9.7546],[-12.5116,9.7542],[-12.5127,9.7538],[-12.5149,9.753],[-12.5154,9.7533],[-12.5159,9.7542],[-12.5157,9.7566],[-12.5152,9.7574],[-12.5147,9.7588],[-12.5109,9.7632],[-12.509,9.766],[-12.5088,9.7672],[-12.5081,9.7705],[-12.507,9.773],[-12.5065,9.7756],[-12.5067,9.7801],[-12.5065,9.7815],[-12.5045,9.7856],[-12.5029,9.7877],[-12.5014,9.7901],[-12.5003,9.7917],[-12.4993,9.793],[-12.4986,9.7947],[-12.4981,9.7968],[-12.4977,9.7995],[-12.4978,9.802],[-12.4976,9.805],[-12.4967,9.8099],[-12.4966,9.8109],[-12.4958,9.8124],[-12.4954,9.8127],[-12.4944,9.8132],[-12.4935,9.8134],[-12.4926,9.8133],[-12.4919,9.813],[-12.4911,9.8121],[-12.4904,9.8118],[-12.4897,9.8119],[-12.4891,9.8124],[-12.4885,9.813],[-12.4881,9.8144],[-12.4878,9.8159],[-12.4882,9.818],[-12.4882,9.8194],[-12.4881,9.82],[-12.4876,9.8214],[-12.4866,9.8234],[-12.4862,9.8247],[-12.4862,9.8271],[-12.4865,9.8286],[-12.4871,9.8297],[-12.4877,9.8302],[-12.4888,9.8307],[-12.4897,9.8308],[-12.4905,9.8308],[-12.4921,9.8301],[-12.4935,9.8299],[-12.4943,9.8302],[-12.496,9.8308],[-12.4966,9.8313],[-12.497,9.8317],[-12.4975,9.8324],[-12.4976,9.834],[-12.4973,9.8352],[-12.4965,9.837],[-12.4961,9.8376],[-12.4957,9.839],[-12.4956,9.8397],[-12.4943,9.8423],[-12.4942,9.8427],[-12.4941,9.8432],[-12.4945,9.8442],[-12.4957,9.8453],[-12.4922,9.8471],[-12.4884,9.8482],[-12.4752,9.849],[-12.4711,9.85],[-12.4635,9.8547],[-12.4588,9.8625],[-12.4558,9.866],[-12.4492,9.8716],[-12.4452,9.873],[-12.4421,9.8758],[-12.4407,9.8776],[-12.4394,9.8787],[-12.4387,9.8795],[-12.4377,9.8802],[-12.4352,9.8809],[-12.4184,9.8841],[-12.3904,9.8878],[-12.3504,9.8926],[-12.3453,9.8936],[-12.3393,9.9036],[-12.2225,9.9329],[-12.2226,9.9324],[-12.2229,9.9317],[-12.2229,9.9309],[-12.2228,9.9301],[-12.2229,9.9292],[-12.2229,9.9283],[-12.2231,9.927],[-12.2233,9.9262],[-12.2235,9.9253],[-12.2235,9.9248],[-12.2233,9.9237],[-12.2232,9.9233],[-12.2229,9.9227],[-12.222,9.9221],[-12.222,9.9215],[-12.2216,9.9209],[-12.2215,9.9205],[-12.2217,9.92],[-12.2218,9.9191],[-12.2216,9.9184],[-12.2214,9.9179],[-12.2208,9.9172],[-12.2205,9.9166],[-12.2202,9.9165],[-12.22,9.9162],[-12.2199,9.9159],[-12.22,9.9156],[-12.2197,9.9151],[-12.2197,9.9148],[-12.2197,9.9144],[-12.2194,9.914],[-12.2193,9.9137],[-12.2196,9.913],[-12.2198,9.9122],[-12.2198,9.9118],[-12.2195,9.9112],[-12.2191,9.9109],[-12.2188,9.9106],[-12.2185,9.9105],[-12.2183,9.9104],[-12.2182,9.91],[-12.2178,9.9097],[-12.2176,9.9094],[-12.2175,9.9088],[-12.2176,9.9081],[-12.2178,9.9078],[-12.2182,9.9076],[-12.2185,9.9073],[-12.2187,9.907],[-12.2185,9.9067],[-12.218,9.9068],[-12.2178,9.9068],[-12.2176,9.907],[-12.2176,9.9073],[-12.2174,9.9075],[-12.2168,9.9074],[-12.2163,9.9075],[-12.2162,9.9078],[-12.2163,9.9082],[-12.2161,9.9083],[-12.2158,9.9082],[-12.2158,9.9079],[-12.2157,9.9076],[-12.2155,9.9075],[-12.2152,9.9076],[-12.2147,9.9081],[-12.2143,9.9081],[-12.2141,9.9081],[-12.2136,9.9076],[-12.213,9.9075],[-12.2126,9.9074],[-12.2124,9.907],[-12.2123,9.9062],[-12.2119,9.9061],[-12.2117,9.9061],[-12.2115,9.9064],[-12.2111,9.9067],[-12.2108,9.9067],[-12.2106,9.9063],[-12.2105,9.9061],[-12.2092,9.905],[-12.2089,9.9048],[-12.2085,9.9047],[-12.2083,9.9045],[-12.2073,9.9039],[-12.2064,9.904],[-12.2061,9.9039],[-12.2059,9.9037],[-12.2059,9.9035],[-12.2051,9.9029],[-12.2046,9.9021],[-12.2043,9.9016],[-12.204,9.9015],[-12.2036,9.9018],[-12.2031,9.9019],[-12.2028,9.9022],[-12.2026,9.9024],[-12.2019,9.9027],[-12.2014,9.9025],[-12.2011,9.9023],[-12.2007,9.9017],[-12.2001,9.9015],[-12.2,9.9013],[-12.1997,9.9013],[-12.1995,9.9011],[-12.1995,9.9008],[-12.1992,9.9009],[-12.1988,9.901],[-12.1986,9.9012],[-12.1984,9.9011],[-12.1982,9.9009],[-12.198,9.901],[-12.1979,9.9012],[-12.1978,9.9012],[-12.1975,9.9011],[-12.1973,9.9008],[-12.1977,9.9002],[-12.1978,9.9001],[-12.1978,9.8998],[-12.1972,9.8992],[-12.1965,9.899],[-12.1953,9.8989],[-12.1951,9.8987],[-12.1951,9.898],[-12.1953,9.8964],[-12.1951,9.8961],[-12.1948,9.8961],[-12.1942,9.8965],[-12.193,9.897],[-12.1928,9.8969],[-12.1924,9.8968],[-12.192,9.8965],[-12.1916,9.896],[-12.1916,9.8957],[-12.1919,9.8952],[-12.1917,9.8949],[-12.1912,9.8947],[-12.191,9.8944],[-12.1905,9.8942],[-12.1901,9.8942],[-12.1889,9.8931],[-12.1883,9.8928],[-12.1877,9.8926],[-12.1868,9.8926],[-12.1865,9.8927],[-12.1863,9.8931],[-12.1858,9.8931],[-12.1851,9.8933],[-12.1846,9.8934],[-12.1843,9.8932],[-12.1842,9.8929],[-12.1842,9.8927],[-12.1846,9.8927],[-12.1847,9.8924],[-12.1845,9.892],[-12.1842,9.8917],[-12.1841,9.8913],[-12.1842,9.891],[-12.1845,9.8906],[-12.1845,9.8902],[-12.1847,9.8898],[-12.1845,9.8895],[-12.1841,9.8895],[-12.1836,9.8894],[-12.1825,9.8896],[-12.1818,9.8895],[-12.1807,9.8897],[-12.1802,9.8897],[-12.1797,9.8896],[-12.1794,9.8893],[-12.1792,9.889],[-12.1789,9.8887],[-12.1785,9.8888],[-12.1779,9.8892],[-12.1776,9.8894],[-12.1773,9.8893],[-12.1771,9.889],[-12.1772,9.8887],[-12.1775,9.8884],[-12.1774,9.888],[-12.1769,9.8871],[-12.1763,9.8867],[-12.1757,9.8862],[-12.1754,9.8858],[-12.1751,9.8857],[-12.1745,9.8857],[-12.1739,9.8853],[-12.1736,9.8854],[-12.1737,9.8856],[-12.1739,9.8861],[-12.1739,9.8867],[-12.1737,9.8872],[-12.1735,9.8875],[-12.1728,9.8879],[-12.1727,9.8883],[-12.1726,9.8886],[-12.1723,9.8889],[-12.1721,9.889],[-12.1718,9.8889],[-12.1715,9.8883],[-12.1714,9.8878],[-12.1713,9.8872],[-12.171,9.8869],[-12.1704,9.8871],[-12.1701,9.887],[-12.1702,9.8865],[-12.1705,9.8863],[-12.1706,9.8859],[-12.1706,9.8855],[-12.1702,9.8851],[-12.17,9.8847],[-12.1697,9.8844],[-12.1696,9.8839],[-12.1695,9.8834],[-12.1693,9.8829],[-12.1689,9.8823],[-12.1688,9.8821],[-12.1686,9.8816],[-12.1682,9.8814],[-12.1679,9.8815],[-12.1675,9.8817],[-12.1672,9.8821],[-12.1668,9.8822],[-12.1663,9.8821],[-12.1661,9.8823],[-12.166,9.8828],[-12.1655,9.883],[-12.1652,9.8825],[-12.1649,9.8823],[-12.1646,9.8826],[-12.1649,9.8831],[-12.1651,9.8835],[-12.1651,9.8839],[-12.1649,9.8841],[-12.1646,9.884],[-12.1642,9.8843],[-12.1639,9.8843],[-12.1636,9.8842],[-12.1633,9.8844],[-12.163,9.8848],[-12.1627,9.8849],[-12.1623,9.8847],[-12.162,9.8843],[-12.1615,9.8831],[-12.1612,9.8827],[-12.1609,9.8825],[-12.1604,9.8827],[-12.1599,9.8822],[-12.1592,9.8823],[-12.159,9.8821],[-12.159,9.8819],[-12.1592,9.8816],[-12.159,9.8813],[-12.1587,9.8814],[-12.1584,9.8815],[-12.158,9.8815],[-12.1578,9.8811],[-12.1579,9.8807],[-12.1579,9.8799],[-12.1578,9.8796],[-12.1574,9.8794],[-12.1568,9.8797],[-12.1565,9.8801],[-12.1565,9.8806],[-12.1561,9.881],[-12.1556,9.8812],[-12.1551,9.8811],[-12.1541,9.8806],[-12.1539,9.8803],[-12.154,9.8797],[-12.1544,9.8791],[-12.1548,9.8785],[-12.155,9.8781],[-12.1549,9.8777],[-12.1542,9.8772],[-12.1538,9.8767],[-12.1533,9.8764],[-12.1531,9.8762],[-12.1528,9.876],[-12.1525,9.876],[-12.1521,9.8762],[-12.1517,9.8761],[-12.1513,9.8755],[-12.151,9.8753],[-12.1506,9.8753],[-12.1502,9.8754],[-12.1498,9.8751],[-12.1495,9.8747],[-12.1491,9.8747],[-12.1489,9.875],[-12.1486,9.875],[-12.1483,9.8748],[-12.1481,9.8746],[-12.148,9.8742],[-12.1478,9.874],[-12.1474,9.874],[-12.1472,9.8736],[-12.1469,9.8724],[-12.1467,9.872],[-12.1465,9.8719],[-12.1464,9.872],[-12.1461,9.8722],[-12.1457,9.872],[-12.1452,9.8719],[-12.145,9.872],[-12.1449,9.8723],[-12.1454,9.8731],[-12.1456,9.8732],[-12.1457,9.8734],[-12.1458,9.8736],[-12.1456,9.8738],[-12.1453,9.8739],[-12.145,9.8737],[-12.1447,9.8738],[-12.1446,9.8739],[-12.1445,9.8741],[-12.1445,9.8744],[-12.1448,9.8747],[-12.1452,9.8754],[-12.1454,9.8763],[-12.1454,9.8769],[-12.1453,9.8773],[-12.1452,9.8775],[-12.1449,9.8774],[-12.1445,9.8773],[-12.1441,9.877],[-12.1437,9.8766],[-12.1433,9.876],[-12.1431,9.8757],[-12.1431,9.8754],[-12.143,9.8751],[-12.1425,9.8749],[-12.1422,9.8746],[-12.1416,9.875],[-12.1413,9.875],[-12.1409,9.8748],[-12.1406,9.8744],[-12.1403,9.8742],[-12.1401,9.8741],[-12.1399,9.8743],[-12.1398,9.8745],[-12.1399,9.8748],[-12.1403,9.8753],[-12.1402,9.8757],[-12.14,9.8758],[-12.1396,9.8758],[-12.1393,9.8755],[-12.1389,9.8754],[-12.1385,9.8755],[-12.1383,9.8758],[-12.1378,9.876],[-12.1375,9.876],[-12.1371,9.8764],[-12.1367,9.8765],[-12.1363,9.8762],[-12.1362,9.8754],[-12.1362,9.8749],[-12.1364,9.8745],[-12.1368,9.8744],[-12.1367,9.8739],[-12.1367,9.8733],[-12.1368,9.873],[-12.137,9.8727],[-12.1373,9.8722],[-12.1373,9.872],[-12.1359,9.8728],[-12.1354,9.8733],[-12.1347,9.8735],[-12.1342,9.874],[-12.1336,9.8744],[-12.1332,9.8746],[-12.1329,9.8747],[-12.1324,9.8743],[-12.132,9.8741],[-12.1317,9.8737],[-12.1312,9.8738],[-12.1307,9.8738],[-12.1306,9.8739],[-12.1306,9.8741],[-12.1308,9.8743],[-12.131,9.8744],[-12.1312,9.8746],[-12.1312,9.8748],[-12.131,9.8749],[-12.1305,9.8749],[-12.1299,9.8746],[-12.1293,9.8738],[-12.1291,9.8731],[-12.1288,9.8727],[-12.1283,9.8723],[-12.1278,9.8721],[-12.127,9.8721],[-12.126,9.8724],[-12.1253,9.8721],[-12.1251,9.8718],[-12.125,9.8715],[-12.1252,9.8711],[-12.1252,9.8707],[-12.1251,9.8704],[-12.1241,9.87],[-12.1236,9.87],[-12.1233,9.8702],[-12.1231,9.8705],[-12.1231,9.8712],[-12.1227,9.8723],[-12.1223,9.8728],[-12.1218,9.8729],[-12.1202,9.8722],[-12.1199,9.8723],[-11.9069,9.9402],[-11.9044,9.9379],[-11.9027,9.9368],[-11.9024,9.9363],[-11.902,9.9351],[-11.9012,9.9344],[-11.8993,9.9333],[-11.8967,9.9322],[-11.8957,9.9315],[-11.8949,9.9305],[-11.8942,9.9292],[-11.8939,9.9282],[-11.8941,9.9274],[-11.8946,9.9268],[-11.8964,9.9256],[-11.8977,9.9243],[-11.8982,9.9233],[-11.8985,9.9228],[-11.8986,9.922],[-11.8983,9.9213],[-11.8976,9.921],[-11.8972,9.9206],[-11.8967,9.9198],[-11.8951,9.9184],[-11.8922,9.9167],[-11.8917,9.9164],[-11.8914,9.9161],[-11.8912,9.9156],[-11.8914,9.9152],[-11.8918,9.9147],[-11.8926,9.9143],[-11.8933,9.9136],[-11.894,9.9127],[-11.8946,9.9117],[-11.8965,9.9088],[-11.8973,9.9073],[-11.8976,9.9061],[-11.8978,9.9049],[-11.898,9.9043],[-11.8983,9.9039],[-11.8987,9.9037],[-11.8992,9.9036],[-11.8997,9.9038],[-11.9001,9.9041],[-11.9007,9.9041],[-11.9026,9.9036],[-11.9051,9.9024],[-11.9062,9.9013],[-11.9067,9.9007],[-11.9072,9.8996],[-11.9072,9.8991],[-11.9067,9.8978],[-11.9066,9.8969],[-11.9061,9.8955],[-11.9061,9.8943],[-11.9058,9.8934],[-11.9054,9.893],[-11.9046,9.8924],[-11.9042,9.8917],[-11.904,9.891],[-11.9041,9.8902],[-11.9041,9.8893],[-11.9038,9.8886],[-11.9032,9.8879],[-11.9026,9.8877],[-11.9017,9.8878],[-11.9009,9.8881],[-11.9002,9.8881],[-11.8997,9.888],[-11.8993,9.8872],[-11.8988,9.8857],[-11.8981,9.8848],[-11.8974,9.8843],[-11.8964,9.8841],[-11.8953,9.884],[-11.8939,9.884],[-11.8929,9.8841],[-11.8923,9.8844],[-11.8913,9.8847],[-11.8898,9.8846],[-11.8884,9.8842],[-11.8858,9.8833],[-11.8849,9.8826],[-11.8842,9.8811],[-11.8839,9.8796],[-11.8841,9.8787],[-11.8851,9.8747],[-11.8863,9.8731],[-11.8868,9.8723],[-11.8872,9.8663],[-11.8876,9.8655],[-11.8902,9.8644],[-11.8905,9.8638],[-11.8909,9.8626],[-11.891,9.8621],[-11.8907,9.8602],[-11.8901,9.8581],[-11.8898,9.8561],[-11.8889,9.8539],[-11.889,9.853],[-11.8893,9.852],[-11.8901,9.8504],[-11.8911,9.8487],[-11.8909,9.8466],[-11.8905,9.8441],[-11.8903,9.8422],[-11.8897,9.8402],[-11.8894,9.8389],[-11.8894,9.8376],[-11.8905,9.8361],[-11.8827,9.826],[-11.888,9.8059],[-11.8817,9.7851],[-11.8785,9.7808],[-11.8812,9.7765],[-11.8759,9.7707],[-11.8775,9.7605],[-11.878,9.7541],[-11.878,9.7392],[-11.8766,9.7276],[-11.8731,9.7227],[-11.8742,9.7222],[-11.8748,9.7219],[-11.8752,9.7214],[-11.8753,9.7207],[-11.8752,9.7195],[-11.8748,9.7177],[-11.8739,9.7159],[-11.8738,9.7152],[-11.8738,9.7142],[-11.8741,9.7135],[-11.8748,9.7127],[-11.8765,9.7117],[-11.8782,9.7113],[-11.8788,9.711],[-11.8793,9.7106],[-11.88,9.7093],[-11.8805,9.7081],[-11.881,9.7074],[-11.8817,9.7071],[-11.8828,9.7066],[-11.8835,9.7059],[-11.8837,9.705],[-11.8837,9.7041],[-11.8832,9.7033],[-11.8829,9.7023],[-11.8836,9.7008],[-11.8844,9.6997],[-11.8853,9.6992],[-11.8878,9.7001],[-11.8924,9.6997],[-11.8937,9.6993],[-11.8942,9.6979],[-11.8959,9.6977],[-11.8977,9.6988],[-11.9006,9.7],[-11.9024,9.6998],[-11.9041,9.6992],[-11.9065,9.6993],[-11.9077,9.7003],[-11.9083,9.7012],[-11.9095,9.7014],[-11.9107,9.7005],[-11.9119,9.7005],[-11.9127,9.7019],[-11.9137,9.7024],[-11.9155,9.7019],[-11.9167,9.7004],[-11.9217,9.6985],[-11.9226,9.6971],[-11.9239,9.696],[-11.9322,9.6957],[-11.9366,9.6949],[-11.941,9.6952],[-11.9528,9.6933],[-11.9608,9.6913],[-11.9724,9.6878],[-11.9754,9.6877],[-11.9773,9.6872],[-11.9792,9.6827],[-11.9797,9.6819],[-11.9805,9.6817],[-11.9817,9.6821],[-11.983,9.6821],[-11.985,9.6812],[-11.9875,9.681],[-11.9884,9.6808],[-11.9909,9.6811],[-11.9921,9.6809],[-11.9944,9.6794],[-11.9972,9.6784],[-11.9987,9.6775],[-12.0005,9.6777],[-12.006,9.679],[-12.007,9.679],[-12.0072,9.6783],[-12.0069,9.6763],[-12.0055,9.6738],[-12.0052,9.671],[-12.0054,9.6695],[-12.0076,9.6678],[-12.0108,9.6673],[-12.02,9.6656],[-12.0228,9.6669],[-12.0236,9.6691],[-12.0245,9.6706],[-12.0251,9.6711],[-12.0258,9.6712],[-12.0276,9.6706],[-12.0282,9.6701],[-12.0286,9.6698],[-12.0289,9.669],[-12.0285,9.6686],[-12.0267,9.6689],[-12.0262,9.6688],[-12.0261,9.6683],[-12.026,9.6671],[-12.0256,9.6662],[-12.0261,9.665],[-12.0269,9.664],[-12.0317,9.6605],[-12.0324,9.6595],[-12.0333,9.6584],[-12.0354,9.6573],[-12.0364,9.6584],[-12.0368,9.6594],[-12.0373,9.66],[-12.0383,9.6608],[-12.0388,9.6611],[-12.039,9.6617],[-12.039,9.6622],[-12.0393,9.6626],[-12.0399,9.6626],[-12.0404,9.6628],[-12.0412,9.6637],[-12.0419,9.6641],[-12.043,9.6644],[-12.0442,9.6637],[-12.0484,9.6605],[-12.0517,9.6578],[-12.055,9.6573],[-12.061,9.6555],[-12.0627,9.6544],[-12.0674,9.6527],[-12.073,9.6498],[-12.0776,9.6481],[-12.0819,9.6457],[-12.0881,9.6438],[-12.0931,9.6415],[-12.0934,9.6395],[-12.0972,9.6352],[-12.1005,9.6334],[-12.1044,9.6291],[-12.1077,9.6269],[-12.1088,9.6208],[-12.1119,9.6174],[-12.1124,9.6127],[-12.1107,9.6081],[-12.1136,9.6063],[-12.115,9.6033],[-12.1164,9.5999],[-12.1189,9.5991],[-12.1232,9.5949],[-12.1261,9.5941],[-12.1308,9.5926],[-12.1321,9.5915],[-12.1336,9.5906],[-12.1351,9.5901],[-12.1307,9.5873],[-12.1295,9.5818],[-12.126,9.5826],[-12.1213,9.5801],[-12.1154,9.5839],[-12.1128,9.5813],[-12.1098,9.5805],[-12.1072,9.5835],[-12.1004,9.5779],[-12.0944,9.5758],[-12.0897,9.5749],[-12.081,9.5716],[-12.0765,9.5713],[-12.0712,9.5716],[-12.0697,9.574],[-12.0697,9.5774],[-12.0662,9.5754],[-12.0607,9.5681],[-12.0603,9.563],[-12.0624,9.5608],[-12.0607,9.554],[-12.0577,9.5467],[-12.0551,9.5485],[-12.0509,9.5446],[-12.0491,9.5454],[-12.0446,9.5476],[-12.0376,9.5476],[-12.0334,9.551],[-12.0291,9.5489],[-12.0235,9.5425],[-12.0184,9.5408],[-12.0094,9.5305],[-12.0051,9.5245],[-12.0008,9.5198],[-11.9746,9.4985],[-11.9695,9.4946],[-11.9702,9.4928],[-11.9701,9.4891],[-11.9704,9.4822],[-11.9741,9.4832],[-11.9747,9.4817],[-11.975,9.4709],[-11.9728,9.4645],[-11.9727,9.4614],[-11.9763,9.4595],[-11.9767,9.4558],[-11.979,9.4484],[-11.9781,9.4468],[-11.9805,9.4449],[-11.9815,9.4428],[-11.9795,9.4382],[-11.9815,9.4353],[-11.982,9.4315],[-11.9796,9.4272],[-11.9844,9.4223],[-11.9841,9.4199],[-11.982,9.4158],[-11.9805,9.4113],[-11.9796,9.4107],[-11.9864,9.4099],[-11.9884,9.4088],[-11.9907,9.4049],[-11.9944,9.4],[-11.996,9.3966],[-11.9959,9.3943],[-11.9932,9.39],[-11.9896,9.3889],[-11.9901,9.385],[-11.9917,9.3795],[-11.9909,9.373],[-11.9942,9.3684],[-11.9974,9.3695],[-11.9987,9.3717],[-12.0018,9.3726],[-12.0036,9.3721],[-12.007,9.3739],[-12.0112,9.3745],[-12.0126,9.3733],[-12.0123,9.3695],[-12.0144,9.3667],[-12.0179,9.3669],[-12.0209,9.3679],[-12.0216,9.3714],[-12.0244,9.3733],[-12.028,9.3731],[-12.0325,9.3706],[-12.037,9.3689],[-12.0414,9.3687],[-12.0456,9.3679],[-12.0552,9.3687],[-12.0594,9.3699],[-12.0671,9.3748],[-12.0718,9.3783],[-12.0762,9.3778],[-12.0856,9.38],[-12.0903,9.3818],[-12.0953,9.3803],[-12.0963,9.3778],[-12.0955,9.3746],[-12.0955,9.3706],[-12.0965,9.3677],[-12.0988,9.3649],[-12.1007,9.3597],[-12.0995,9.3558],[-12.0948,9.3548],[-12.0936,9.3535],[-12.0941,9.3513],[-12.096,9.3476],[-12.0997,9.3451],[-12.1055,9.3391],[-12.1086,9.3371],[-12.1205,9.3245],[-12.126,9.318],[-12.1357,9.3213],[-12.1423,9.3241],[-12.1447,9.3241],[-12.1531,9.3241],[-12.1556,9.3246],[-12.1561,9.3288],[-12.1643,9.3295],[-12.1677,9.3293],[-12.1724,9.3298],[-12.1786,9.331],[-12.1868,9.3308],[-12.189,9.3318],[-12.1918,9.3345],[-12.1957,9.3367],[-12.205,9.3436],[-12.2067,9.3466],[-12.2097,9.3498],[-12.2112,9.354],[-12.2121,9.3588],[-12.2121,9.363],[-12.2115,9.3689],[-12.2149,9.3694],[-12.2186,9.3677],[-12.2216,9.3652],[-12.2233,9.3573],[-12.2261,9.3538],[-12.2323,9.3481],[-12.2357,9.3464],[-12.2381,9.3461],[-12.2411,9.3442],[-12.2454,9.3444],[-12.2469,9.3438],[-12.2475,9.3404],[-12.2506,9.3384],[-12.2548,9.3375],[-12.2578,9.3381],[-12.2611,9.3403],[-12.262,9.3363],[-12.261,9.3333],[-12.2585,9.3285],[-12.2539,9.3274],[-12.2513,9.3274],[-12.2492,9.3238],[-12.2447,9.3232],[-12.2423,9.3209],[-12.2378,9.3185],[-12.2352,9.318],[-12.2323,9.3138],[-12.2362,9.3077],[-12.2388,9.3048],[-12.2391,9.302],[-12.2424,9.2964],[-12.2439,9.2924],[-12.2433,9.2915],[-12.2345,9.2869],[-12.2426,9.283],[-12.2472,9.2787],[-12.2504,9.2752],[-12.26,9.27],[-12.2546,9.2652],[-12.2535,9.2636],[-12.2479,9.2597],[-12.2368,9.2498],[-12.2339,9.2487],[-12.2319,9.2466],[-12.2274,9.2439],[-12.2243,9.2448],[-12.2085,9.2482],[-12.201,9.2472],[-12.1906,9.2453],[-12.1863,9.2431],[-12.1851,9.2409],[-12.1786,9.239],[-12.1711,9.2387],[-12.1585,9.239],[-12.1505,9.2383],[-12.156,9.2336],[-12.163,9.2303],[-12.1681,9.2257],[-12.1753,9.2168],[-12.1748,9.2131],[-12.1765,9.2073],[-12.1816,9.1972],[-12.1829,9.195],[-12.1807,9.1935],[-12.1823,9.1905],[-12.1824,9.1884],[-12.1859,9.1892],[-12.1862,9.1863],[-12.1925,9.1796],[-12.1947,9.1778],[-12.1973,9.1738],[-12.2007,9.1732],[-12.2086,9.167],[-12.2146,9.163],[-12.2149,9.1599],[-12.2129,9.152],[-12.2157,9.1457],[-12.2225,9.1426],[-12.2319,9.137],[-12.2353,9.1336],[-12.2319,9.1313],[-12.2316,9.1293],[-12.2341,9.1287],[-12.2367,9.1234],[-12.2344,9.1185],[-12.2378,9.1194],[-12.2404,9.1191],[-12.2418,9.1168],[-12.2491,9.112],[-12.2557,9.1069],[-12.2574,9.1038],[-12.2646,9.0987],[-12.2669,9.0962],[-12.2722,9.0953],[-12.2773,9.0956],[-12.2895,9.0936],[-12.2989,9.0928],[-12.3028,9.0913],[-12.3071,9.0888],[-12.3099,9.0862],[-12.3167,9.0837],[-12.3207,9.0831],[-12.3207,9.0868],[-12.3224,9.0894],[-12.3198,9.093],[-12.3238,9.095],[-12.3289,9.0967],[-12.3357,9.0996],[-12.3377,9.0976],[-12.3435,9.0967],[-12.3475,9.0945],[-12.3506,9.0964],[-12.3526,9.0942],[-12.3512,9.0908],[-12.3548,9.0882],[-12.3568,9.0834],[-12.3582,9.0783],[-12.3616,9.0755],[-12.3656,9.0735],[-12.3704,9.0687],[-12.3738,9.0673],[-12.3775,9.0664],[-12.3798,9.0673],[-12.3843,9.0728],[-12.3887,9.069],[-12.3887,9.0653],[-12.3864,9.0579],[-12.3844,9.0556],[-12.3793,9.0531],[-12.3793,9.0511],[-12.373,9.0505],[-12.3707,9.0516],[-12.3673,9.0482],[-12.3616,9.0456],[-12.3587,9.0408],[-12.3593,9.0371],[-12.3579,9.0328],[-12.3616,9.0328],[-12.3639,9.0316],[-12.3636,9.0276],[-12.3624,9.0257],[-12.3605,9.0242],[-12.3597,9.0196],[-12.3587,9.0158],[-12.3582,9.0152],[-12.3567,9.0146],[-12.3551,9.0142],[-12.3535,9.0133],[-12.3496,9.0108],[-12.3488,9.0089],[-12.3468,9.0074],[-12.3462,9.005],[-12.3451,9.0035],[-12.3441,9.0025],[-12.344,9.0005],[-12.3429,8.9973],[-12.3424,8.995],[-12.3422,8.9924],[-12.3405,8.9885],[-12.3425,8.9863],[-12.3427,8.9838],[-12.3395,8.9795],[-12.339,8.9765],[-12.3355,8.9683],[-12.334,8.9679],[-12.3313,8.9696],[-12.3271,8.9683],[-12.3232,8.9686],[-12.3155,8.9652],[-12.313,8.9644],[-12.3102,8.9626],[-12.3011,8.9593],[-12.296,8.9593],[-12.2912,8.9608],[-12.2861,8.9604],[-12.2838,8.9611],[-12.2812,8.9599],[-12.283,8.9544],[-12.2804,8.9518],[-12.278,8.9524],[-12.2734,8.9549],[-12.2712,8.9555],[-12.2685,8.954],[-12.2645,8.9546],[-12.2621,8.9537],[-12.2641,8.9504],[-12.2681,8.9491],[-12.2711,8.9502],[-12.2734,8.948],[-12.2738,8.946],[-12.2761,8.9461],[-12.2774,8.9439],[-12.2855,8.9232],[-12.2838,8.9171],[-12.2781,8.9084],[-12.2865,8.9043],[-12.2917,8.9002],[-12.2989,8.895],[-12.3055,8.8914],[-12.3096,8.8914],[-12.313,8.8925],[-12.3153,8.9006],[-12.3159,8.9026],[-12.316,8.903],[-12.3161,8.9034],[-12.3167,8.9044],[-12.3169,8.905],[-12.3172,8.9055],[-12.3174,8.9057],[-12.3175,8.906],[-12.3175,8.9064],[-12.3172,8.907],[-12.3173,8.9073],[-12.3177,8.9076],[-12.3177,8.9083],[-12.3179,8.9086],[-12.3184,8.9087],[-12.3189,8.9088],[-12.3194,8.9088],[-12.3199,8.9087],[-12.3211,8.9087],[-12.3216,8.9087],[-12.3225,8.9089],[-12.3236,8.9085],[-12.3241,8.9085],[-12.3244,8.9085],[-12.3249,8.9084],[-12.3253,8.9081],[-12.3258,8.9081],[-12.3267,8.9079],[-12.327,8.9076],[-12.3273,8.9074],[-12.3277,8.9074],[-12.3285,8.9074],[-12.3291,8.9073],[-12.3296,8.9072],[-12.3299,8.9072],[-12.331,8.9074],[-12.3316,8.9075],[-12.3319,8.9077],[-12.3323,8.9079],[-12.3326,8.9079],[-12.3329,8.9077],[-12.3333,8.9077],[-12.3337,8.9078],[-12.3341,8.9077],[-12.3343,8.9079],[-12.3346,8.9081],[-12.3348,8.9081],[-12.3351,8.9083],[-12.3354,8.9085],[-12.3357,8.9085],[-12.3363,8.9081],[-12.3365,8.9082],[-12.3367,8.9083],[-12.3372,8.9085],[-12.3376,8.9084],[-12.3378,8.9082],[-12.3384,8.9082],[-12.3387,8.9082],[-12.339,8.9081],[-12.3392,8.908],[-12.34,8.9079],[-12.3404,8.9077],[-12.3413,8.9072],[-12.3417,8.9072],[-12.3425,8.9069],[-12.3433,8.9068],[-12.344,8.9065],[-12.3447,8.9064],[-12.3451,8.9063],[-12.3453,8.906],[-12.3456,8.9055],[-12.346,8.9052],[-12.3465,8.9049],[-12.3472,8.9047],[-12.3482,8.9039],[-12.3486,8.9035],[-12.3489,8.903],[-12.3493,8.9026],[-12.3498,8.9026],[-12.3501,8.9028],[-12.3503,8.903],[-12.3508,8.9032],[-12.3511,8.9031],[-12.3515,8.9029],[-12.352,8.9029],[-12.3523,8.9031],[-12.3525,8.9034],[-12.3527,8.904],[-12.3531,8.9045],[-12.3537,8.9047],[-12.3546,8.9048],[-12.3553,8.9046],[-12.3546,8.9042],[-12.354,8.9036],[-12.3536,8.9028],[-12.3534,8.9017],[-12.3526,8.9004],[-12.3519,8.8987],[-12.3484,8.894],[-12.3442,8.8888],[-12.3431,8.8813],[-12.3428,8.8741],[-12.3414,8.8707],[-12.3414,8.866],[-12.3319,8.8564],[-12.3305,8.855],[-12.33,8.8549],[-12.3297,8.8549],[-12.3296,8.8547],[-12.3298,8.8546],[-12.33,8.8545],[-12.3301,8.8542],[-12.33,8.8539],[-12.3299,8.8526],[-12.3297,8.8518],[-12.3292,8.8515],[-12.3293,8.8509],[-12.3299,8.85],[-12.3298,8.8494],[-12.3294,8.8489],[-12.3293,8.8481],[-12.329,8.8472],[-12.3259,8.842],[-12.3257,8.841],[-12.3243,8.8399],[-12.3235,8.8395],[-12.3222,8.8379],[-12.3218,8.8375],[-12.3215,8.8374],[-12.3212,8.8371],[-12.3211,8.8366],[-12.3211,8.8359],[-12.3209,8.8355],[-12.3205,8.8349],[-12.3204,8.8346],[-12.3206,8.8342],[-12.3207,8.8335],[-12.3205,8.8325],[-12.3204,8.8312],[-12.3201,8.8305],[-12.3201,8.8298],[-12.3198,8.8292],[-12.3194,8.8281],[-12.319,8.8276],[-12.3188,8.827],[-12.3187,8.8264],[-12.3191,8.8248],[-12.3191,8.8241],[-12.3192,8.8235],[-12.3194,8.8229],[-12.3195,8.8224],[-12.3189,8.8214],[-12.3188,8.8207],[-12.319,8.8201],[-12.3193,8.8195],[-12.3201,8.8185],[-12.3206,8.8176],[-12.3209,8.8169],[-12.3209,8.8161]]]},"properties":{"code":"KAR_KARDC","name":"Karene District Council","level":"3","parent":"x4tRoN2ue9w","parentGraph":"Plmg8ikyfrK/x4tRoN2ue9w","groups":["aYjKY8GaXYQ","QJuHsfZjNBf"]}},{"type":"Feature","id":"CkTVwQY01fI","geometry":{"type":"Polygon","coordinates":[[[-11.16,7.92],[-11.1594,7.9195],[-11.1592,7.9161],[-11.1625,7.9097],[-11.163,7.9038],[-11.1618,7.9017],[-11.1614,7.9015],[-11.1605,7.9028],[-11.1603,7.9034],[-11.1594,7.9024],[-11.1584,7.9006],[-11.1573,7.8953],[-11.1562,7.8871],[-11.1591,7.885],[-11.1615,7.8834],[-11.1611,7.8776],[-11.1593,7.8771],[-11.158,7.8751],[-11.163,7.8724],[-11.1643,7.873],[-11.1693,7.8727],[-11.1699,7.8716],[-11.1683,7.869],[-11.1676,7.8617],[-11.1677,7.8586],[-11.1691,7.8562],[-11.1694,7.8502],[-11.1686,7.8484],[-11.1668,7.8481],[-11.1674,7.8447],[-11.1686,7.8442],[-11.1686,7.8421],[-11.1715,7.8352],[-11.1686,7.8292],[-11.1685,7.8279],[-11.1653,7.823],[-11.164,7.8216],[-11.1685,7.8156],[-11.1748,7.8106],[-11.1787,7.8084],[-11.1813,7.8092],[-11.1837,7.808],[-11.1842,7.8103],[-11.1824,7.813],[-11.185,7.8161],[-11.1865,7.819],[-11.1882,7.8197],[-11.1887,7.8219],[-11.1906,7.8238],[-11.1916,7.8253],[-11.1969,7.823],[-11.1981,7.8143],[-11.2014,7.8153],[-11.2006,7.8247],[-11.2017,7.8289],[-11.2035,7.8309],[-11.2048,7.8306],[-11.2119,7.8297],[-11.2171,7.8311],[-11.2179,7.8332],[-11.2196,7.8345],[-11.2234,7.8354],[-11.2232,7.8374],[-11.2222,7.8422],[-11.2214,7.8443],[-11.2208,7.8558],[-11.2202,7.8572],[-11.2177,7.8589],[-11.2142,7.8642],[-11.2132,7.8686],[-11.2087,7.8769],[-11.207,7.8819],[-11.2037,7.8857],[-11.1992,7.8939],[-11.198,7.8947],[-11.1968,7.8949],[-11.1933,7.8954],[-11.1921,7.8955],[-11.1887,7.8982],[-11.1889,7.8985],[-11.1915,7.9024],[-11.1915,7.9039],[-11.189,7.9057],[-11.1845,7.9063],[-11.1843,7.9069],[-11.1836,7.9092],[-11.1793,7.9124],[-11.1782,7.9121],[-11.177,7.9121],[-11.1759,7.9133],[-11.176,7.9136],[-11.1801,7.9146],[-11.1804,7.9162],[-11.1655,7.9219],[-11.1606,7.9211],[-11.16,7.92]]]},"properties":{"code":"KEN_KENCC","name":"Kenema City Council","level":"3","parent":"gheAIXur8EJ","parentGraph":"Plmg8ikyfrK/gheAIXur8EJ","groups":["aYjKY8GaXYQ","QJuHsfZjNBf"]}},{"type":"Feature","id":"gheAIXur8EJ","geometry":{"type":"Polygon","coordinates":[[[-10.9139,7.6551],[-10.9128,7.6511],[-10.9076,7.6504],[-10.8986,7.6507],[-10.8898,7.6515],[-10.8782,7.6502],[-10.8668,7.6491],[-10.8492,7.6451],[-10.843,7.6435],[-10.8374,7.6414],[-10.8337,7.6385],[-10.8318,7.6346],[-10.827,7.6267],[-10.8244,7.6245],[-10.816,7.6186],[-10.7893,7.6018],[-10.7893,7.6015],[-10.7897,7.6014],[-10.7904,7.6015],[-10.791,7.6018],[-10.792,7.6022],[-10.7926,7.6022],[-10.7938,7.6006],[-10.7945,7.5968],[-10.7955,7.5948],[-10.7964,7.5938],[-10.7985,7.5918],[-10.7999,7.5913],[-10.8006,7.5915],[-10.8017,7.592],[-10.8027,7.5918],[-10.8036,7.5917],[-10.8049,7.5927],[-10.8072,7.5925],[-10.81,7.5928],[-10.8113,7.5931],[-10.8144,7.5951],[-10.8166,7.5959],[-10.8173,7.5959],[-10.8178,7.5958],[-10.8181,7.5954],[-10.818,7.5949],[-10.8177,7.5946],[-10.8169,7.5945],[-10.8165,7.5943],[-10.8159,7.5933],[-10.815,7.5925],[-10.814,7.5914],[-10.8137,7.591],[-10.8136,7.5906],[-10.8138,7.5903],[-10.8142,7.5897],[-10.815,7.5892],[-10.8218,7.5815],[-10.8223,7.5803],[-10.8221,7.5796],[-10.8208,7.5797],[-10.8194,7.579],[-10.819,7.5786],[-10.8187,7.5781],[-10.8203,7.5749],[-10.8239,7.5729],[-10.8248,7.5725],[-10.8259,7.571],[-10.8261,7.5703],[-10.8257,7.5698],[-10.8252,7.5698],[-10.8249,7.5696],[-10.8251,7.5692],[-10.8258,7.5666],[-10.8265,7.5638],[-10.8268,7.5629],[-10.8277,7.5627],[-10.8283,7.5623],[-10.8291,7.5618],[-10.8298,7.5616],[-10.8306,7.5628],[-10.8309,7.5632],[-10.8321,7.564],[-10.8332,7.5642],[-10.8336,7.564],[-10.835,7.563],[-10.836,7.5618],[-10.8367,7.561],[-10.837,7.5602],[-10.8372,7.5589],[-10.8375,7.558],[-10.8376,7.5572],[-10.8379,7.556],[-10.8386,7.5552],[-10.8395,7.5549],[-10.8403,7.5548],[-10.8415,7.5546],[-10.8425,7.5542],[-10.8429,7.5538],[-10.8432,7.5531],[-10.8431,7.5524],[-10.843,7.5519],[-10.843,7.5508],[-10.8432,7.5499],[-10.8438,7.5492],[-10.8451,7.5483],[-10.8463,7.548],[-10.847,7.5477],[-10.8483,7.5469],[-10.8493,7.5456],[-10.8518,7.5436],[-10.8534,7.5427],[-10.856,7.5416],[-10.8569,7.5411],[-10.8587,7.54],[-10.8595,7.5391],[-10.8601,7.5386],[-10.8618,7.5379],[-10.8623,7.5375],[-10.8633,7.537],[-10.8646,7.5367],[-10.8671,7.5357],[-10.8676,7.5353],[-10.8681,7.5348],[-10.8683,7.5344],[-10.8687,7.5339],[-10.8696,7.5332],[-10.8706,7.5328],[-10.8716,7.532],[-10.8732,7.5313],[-10.8754,7.5307],[-10.876,7.5303],[-10.8767,7.5297],[-10.8771,7.5291],[-10.8787,7.5275],[-10.8801,7.5262],[-10.881,7.5253],[-10.8818,7.5253],[-10.8824,7.5257],[-10.8839,7.5267],[-10.8846,7.5268],[-10.8854,7.5265],[-10.8872,7.5261],[-10.8877,7.526],[-10.888,7.5259],[-10.8888,7.5254],[-10.8896,7.5248],[-10.8906,7.5235],[-10.8926,7.5217],[-10.8931,7.5216],[-10.8939,7.5211],[-10.895,7.5199],[-10.8957,7.5187],[-10.8957,7.5176],[-10.8955,7.5165],[-10.8955,7.5155],[-10.8973,7.5138],[-10.8981,7.5134],[-10.8988,7.5129],[-10.8994,7.5124],[-10.9,7.5122],[-10.9006,7.5126],[-10.9019,7.5121],[-10.9032,7.5114],[-10.905,7.5102],[-10.9073,7.5092],[-10.9084,7.5076],[-10.9103,7.5067],[-10.9114,7.5059],[-10.9129,7.5051],[-10.9135,7.5048],[-10.9143,7.5042],[-10.9155,7.5045],[-10.9163,7.5044],[-10.9176,7.5034],[-10.918,7.5018],[-10.9183,7.5011],[-10.9187,7.5005],[-10.9198,7.4996],[-10.9204,7.4993],[-10.9214,7.4981],[-10.9223,7.4975],[-10.9228,7.4975],[-10.9234,7.4977],[-10.9239,7.4986],[-10.9245,7.4991],[-10.9281,7.5006],[-10.9289,7.5012],[-10.9289,7.5021],[-10.9287,7.503],[-10.9283,7.5035],[-10.9279,7.5038],[-10.9278,7.5042],[-10.9277,7.5047],[-10.9281,7.5054],[-10.9286,7.5058],[-10.9292,7.5065],[-10.9297,7.5073],[-10.9306,7.5083],[-10.9312,7.5086],[-10.9317,7.5091],[-10.9322,7.5125],[-10.933,7.5137],[-10.9336,7.513],[-10.9343,7.5126],[-10.9352,7.512],[-10.9359,7.5111],[-10.9389,7.507],[-10.9395,7.5063],[-10.9406,7.5061],[-10.9441,7.505],[-10.9462,7.5039],[-10.949,7.502],[-10.9502,7.5005],[-10.9514,7.4993],[-10.9533,7.4983],[-10.9542,7.4979],[-10.9555,7.4969],[-10.9561,7.4962],[-10.9565,7.4947],[-10.9564,7.4939],[-10.9563,7.4934],[-10.9567,7.493],[-10.9575,7.4927],[-10.9604,7.4935],[-10.9613,7.4934],[-10.9614,7.493],[-10.961,7.4913],[-10.9611,7.4903],[-10.9615,7.4898],[-10.9622,7.4894],[-10.9641,7.4888],[-10.9658,7.4884],[-10.9666,7.4876],[-10.9686,7.4863],[-10.9709,7.4841],[-10.9718,7.4826],[-10.9725,7.481],[-10.9728,7.4809],[-10.9734,7.4803],[-10.9744,7.4789],[-10.9755,7.4783],[-10.9764,7.4774],[-10.9769,7.4766],[-10.9769,7.476],[-10.9762,7.4756],[-10.9756,7.4752],[-10.975,7.4744],[-10.9748,7.4735],[-10.975,7.4729],[-10.9752,7.4724],[-10.9756,7.4718],[-10.9765,7.4711],[-10.9773,7.4707],[-10.9781,7.4707],[-10.9791,7.4708],[-10.9807,7.4713],[-10.9816,7.4713],[-10.9821,7.4711],[-10.9824,7.4709],[-10.9823,7.4705],[-10.9823,7.4701],[-10.9828,7.4699],[-10.9836,7.4692],[-10.9864,7.4669],[-10.9873,7.4666],[-10.9882,7.4665],[-10.9902,7.4658],[-10.9922,7.464],[-10.9976,7.4568],[-10.9993,7.4552],[-11.0002,7.4545],[-11.0007,7.4544],[-11.0035,7.4551],[-11.004,7.4545],[-11.0052,7.4535],[-11.0082,7.4507],[-11.0098,7.4485],[-11.0103,7.448],[-11.0101,7.4473],[-11.01,7.4466],[-11.0093,7.445],[-11.0093,7.4439],[-11.0093,7.4433],[-11.0095,7.4428],[-11.0105,7.442],[-11.0148,7.4423],[-11.0195,7.4392],[-11.0238,7.4387],[-11.0257,7.4382],[-11.027,7.4372],[-11.0272,7.4361],[-11.0267,7.4354],[-11.0263,7.4349],[-11.0261,7.4338],[-11.0264,7.433],[-11.027,7.4324],[-11.0276,7.4321],[-11.0279,7.4322],[-11.0284,7.432],[-11.0318,7.436],[-11.0328,7.4364],[-11.0337,7.4357],[-11.0341,7.4344],[-11.0335,7.4329],[-11.0329,7.43],[-11.033,7.4284],[-11.0329,7.4266],[-11.0338,7.4258],[-11.0354,7.4248],[-11.0376,7.4241],[-11.0388,7.4241],[-11.0411,7.425],[-11.0419,7.4243],[-11.0436,7.4194],[-11.0451,7.4177],[-11.0476,7.4152],[-11.0483,7.4146],[-11.0504,7.4128],[-11.0497,7.4124],[-11.0515,7.4116],[-11.054,7.4097],[-11.0556,7.4082],[-11.0567,7.4064],[-11.0578,7.4052],[-11.0595,7.4039],[-11.0606,7.4034],[-11.0633,7.4017],[-11.065,7.4007],[-11.0678,7.3989],[-11.0702,7.3977],[-11.0742,7.3963],[-11.0767,7.3946],[-11.0785,7.393],[-11.0801,7.3922],[-11.0816,7.3915],[-11.0828,7.3914],[-11.083,7.3911],[-11.084,7.3907],[-11.0846,7.3907],[-11.085,7.3913],[-11.0857,7.3916],[-11.0866,7.3917],[-11.0876,7.3918],[-11.0898,7.3922],[-11.0921,7.3924],[-11.0965,7.3891],[-11.0973,7.389],[-11.0979,7.3895],[-11.0993,7.3903],[-11.1007,7.3909],[-11.1021,7.3907],[-11.1031,7.3897],[-11.1033,7.3884],[-11.103,7.3876],[-11.1024,7.3868],[-11.1024,7.3863],[-11.1053,7.3819],[-11.1096,7.3773],[-11.1116,7.3767],[-11.1131,7.3766],[-11.1138,7.376],[-11.1141,7.3746],[-11.1139,7.3738],[-11.1133,7.373],[-11.1139,7.3715],[-11.1148,7.3699],[-11.1166,7.3693],[-11.1205,7.3663],[-11.122,7.3662],[-11.1242,7.3642],[-11.1262,7.3611],[-11.1269,7.3589],[-11.1281,7.3565],[-11.1283,7.3553],[-11.1278,7.3545],[-11.1279,7.3536],[-11.1282,7.3525],[-11.1294,7.3515],[-11.1319,7.3493],[-11.1355,7.3472],[-11.1375,7.3459],[-11.1385,7.3458],[-11.1404,7.3446],[-11.1421,7.3428],[-11.1439,7.3411],[-11.1551,7.3453],[-11.1676,7.3498],[-11.1874,7.3554],[-11.2056,7.362],[-11.226,7.3687],[-11.2395,7.3725],[-11.2506,7.3762],[-11.2677,7.3855],[-11.2779,7.3923],[-11.2875,7.3975],[-11.2964,7.4038],[-11.3067,7.4108],[-11.3143,7.4168],[-11.3172,7.4192],[-11.3277,7.4255],[-11.3356,7.429],[-11.3409,7.4311],[-11.3428,7.4348],[-11.3428,7.4393],[-11.346,7.4395],[-11.3493,7.4409],[-11.3505,7.4486],[-11.3484,7.4517],[-11.3516,7.4514],[-11.3542,7.4556],[-11.3512,7.4584],[-11.3486,7.4601],[-11.3502,7.4633],[-11.3511,7.4648],[-11.3535,7.4692],[-11.3547,7.4743],[-11.3542,7.4785],[-11.3521,7.4823],[-11.3561,7.49],[-11.3594,7.493],[-11.3608,7.4953],[-11.3591,7.4979],[-11.3639,7.5035],[-11.3639,7.5063],[-11.3611,7.5147],[-11.3651,7.521],[-11.3667,7.5264],[-11.3651,7.5332],[-11.3653,7.5388],[-11.3639,7.5421],[-11.3613,7.5484],[-11.3595,7.5538],[-11.362,7.5589],[-11.3578,7.5643],[-11.353,7.5685],[-11.3481,7.5727],[-11.3421,7.5769],[-11.3376,7.5827],[-11.3316,7.5883],[-11.3215,7.5876],[-11.3168,7.5911],[-11.3105,7.5965],[-11.3152,7.5984],[-11.3245,7.6],[-11.3323,7.5991],[-11.3428,7.5967],[-11.3486,7.5958],[-11.353,7.5974],[-11.3577,7.6023],[-11.3615,7.6068],[-11.3645,7.6122],[-11.3661,7.6213],[-11.3675,7.6311],[-11.3688,7.6369],[-11.3683,7.6432],[-11.3693,7.6509],[-11.3707,7.6542],[-11.3733,7.6554],[-11.3821,7.6456],[-11.391,7.6367],[-11.3987,7.628],[-11.4013,7.6243],[-11.4036,7.6203],[-11.405,7.6164],[-11.4048,7.6122],[-11.4106,7.604],[-11.416,7.5979],[-11.4218,7.5881],[-11.4256,7.5794],[-11.4303,7.5703],[-11.4367,7.5596],[-11.4421,7.5542],[-11.446,7.5477],[-11.4495,7.5442],[-11.4521,7.5425],[-11.4572,7.5418],[-11.4628,7.5418],[-11.4699,7.5418],[-11.4748,7.5428],[-11.4804,7.5425],[-11.4862,7.5418],[-11.4932,7.5414],[-11.5007,7.5409],[-11.5055,7.5417],[-11.5082,7.5437],[-11.5054,7.5488],[-11.5016,7.5603],[-11.5009,7.5689],[-11.5014,7.5785],[-11.5007,7.5834],[-11.4979,7.59],[-11.4965,7.5979],[-11.4953,7.6056],[-11.492,7.6122],[-11.4891,7.6191],[-11.4885,7.6203],[-11.4926,7.6259],[-11.4971,7.6306],[-11.5013,7.6358],[-11.505,7.6402],[-11.5101,7.6439],[-11.5138,7.6457],[-11.5167,7.6512],[-11.5171,7.6574],[-11.5152,7.6643],[-11.5114,7.6693],[-11.5101,7.6709],[-11.4977,7.6789],[-11.4911,7.6859],[-11.4879,7.6913],[-11.4873,7.7059],[-11.4829,7.7132],[-11.4785,7.7132],[-11.4734,7.714],[-11.4698,7.7081],[-11.4628,7.707],[-11.4618,7.7019],[-11.4581,7.7005],[-11.457,7.6954],[-11.4552,7.6928],[-11.4526,7.6928],[-11.453,7.6954],[-11.4482,7.6983],[-11.4479,7.6943],[-11.4428,7.6946],[-11.4406,7.6932],[-11.4388,7.7008],[-11.4322,7.7005],[-11.4304,7.7045],[-11.4256,7.7019],[-11.4227,7.7118],[-11.4205,7.7129],[-11.4205,7.7143],[-11.4212,7.722],[-11.4169,7.7264],[-11.4136,7.7267],[-11.4183,7.733],[-11.4169,7.7362],[-11.4128,7.7384],[-11.4161,7.7421],[-11.4161,7.7443],[-11.4117,7.7465],[-11.415,7.7494],[-11.4128,7.7516],[-11.411,7.7549],[-11.4077,7.7534],[-11.4037,7.7538],[-11.4026,7.757],[-11.4033,7.7596],[-11.4012,7.7687],[-11.4041,7.7702],[-11.4044,7.7735],[-11.4019,7.776],[-11.4015,7.7797],[-11.4048,7.7804],[-11.4085,7.7862],[-11.4099,7.7914],[-11.4121,7.7917],[-11.4143,7.7943],[-11.4143,7.7987],[-11.4152,7.8038],[-11.4181,7.8089],[-11.4192,7.8125],[-11.42,7.8162],[-11.4232,7.8169],[-11.4254,7.8227],[-11.4305,7.8224],[-11.4342,7.8198],[-11.4389,7.8184],[-11.4426,7.8147],[-11.4466,7.8114],[-11.451,7.8092],[-11.451,7.8045],[-11.4561,7.799],[-11.4572,7.7939],[-11.4649,7.7914],[-11.4674,7.7881],[-11.466,7.7862],[-11.4689,7.7851],[-11.4689,7.7815],[-11.4729,7.7797],[-11.4773,7.7797],[-11.4794,7.7801],[-11.4824,7.7808],[-11.4882,7.7822],[-11.493,7.7855],[-11.4919,7.7906],[-11.486,7.7961],[-11.4816,7.7994],[-11.4835,7.8023],[-11.4864,7.8056],[-11.4864,7.81],[-11.4853,7.8144],[-11.4852,7.8145],[-11.482,7.818],[-11.4802,7.8217],[-11.482,7.8279],[-11.4846,7.8322],[-11.4809,7.8399],[-11.4773,7.8498],[-11.4748,7.8546],[-11.4736,7.8571],[-11.4703,7.8614],[-11.4619,7.864],[-11.4532,7.8684],[-11.4473,7.8742],[-11.4459,7.8826],[-11.4481,7.887],[-11.4499,7.8906],[-11.4498,7.8908],[-11.4484,7.8954],[-11.4495,7.8976],[-11.447,7.9031],[-11.4424,7.9067],[-11.438,7.9085],[-11.4359,7.9124],[-11.4358,7.9125],[-11.4307,7.9125],[-11.4282,7.9133],[-11.4249,7.9173],[-11.4212,7.9133],[-11.4187,7.9129],[-11.4172,7.9104],[-11.4121,7.9085],[-11.4077,7.9114],[-11.4044,7.9114],[-11.399,7.9107],[-11.3906,7.9125],[-11.3873,7.9078],[-11.384,7.9082],[-11.3847,7.9151],[-11.3887,7.9209],[-11.3923,7.9345],[-11.3902,7.9358],[-11.3835,7.9373],[-11.3776,7.9392],[-11.372,7.9415],[-11.3693,7.9428],[-11.367,7.9443],[-11.3615,7.9499],[-11.3613,7.9535],[-11.3595,7.9553],[-11.3578,7.955],[-11.3562,7.9555],[-11.3543,7.9573],[-11.3606,7.9655],[-11.3632,7.975],[-11.365,7.9826],[-11.3668,7.9932],[-11.3727,7.9972],[-11.3778,7.9994],[-11.3829,8.0034],[-11.3877,8.0089],[-11.3875,8.0166],[-11.3849,8.0221],[-11.3776,8.0261],[-11.3699,8.0242],[-11.363,8.0235],[-11.3568,8.0235],[-11.3491,8.0224],[-11.3378,8.0217],[-11.336,8.0242],[-11.3364,8.0323],[-11.3353,8.037],[-11.3349,8.0388],[-11.3382,8.0443],[-11.3364,8.0516],[-11.3364,8.0593],[-11.3353,8.067],[-11.3349,8.0753],[-11.3345,8.0859],[-11.3345,8.0943],[-11.3354,8.0962],[-11.3371,8.0998],[-11.3411,8.114],[-11.3435,8.1184],[-11.3424,8.1235],[-11.3457,8.1286],[-11.3519,8.1283],[-11.3574,8.1279],[-11.369,8.1312],[-11.3771,8.1327],[-11.3847,8.1338],[-11.3917,8.1338],[-11.399,8.133],[-11.4033,8.1374],[-11.4026,8.1421],[-11.4015,8.1454],[-11.4026,8.148],[-11.3996,8.154],[-11.3993,8.1546],[-11.4037,8.163],[-11.396,8.1721],[-11.3873,8.1786],[-11.3829,8.1867],[-11.3822,8.1943],[-11.3858,8.1969],[-11.3895,8.1984],[-11.3906,8.2035],[-11.3913,8.2097],[-11.3935,8.2108],[-11.399,8.2111],[-11.4015,8.2159],[-11.4002,8.2283],[-11.4065,8.2312],[-11.4123,8.2327],[-11.417,8.2356],[-11.4225,8.236],[-11.4273,8.2371],[-11.4331,8.2371],[-11.438,8.2359],[-11.4409,8.2422],[-11.4449,8.247],[-11.4467,8.251],[-11.4557,8.2608],[-11.4616,8.2681],[-11.4652,8.2783],[-11.4689,8.2863],[-11.4696,8.298],[-11.4685,8.3141],[-11.474,8.3225],[-11.478,8.3279],[-11.5004,8.3502],[-11.5168,8.3534],[-11.5256,8.355],[-11.5421,8.3648],[-11.5464,8.3702],[-11.5501,8.3816],[-11.5541,8.3977],[-11.5534,8.425],[-11.5537,8.4305],[-11.562,8.4462],[-11.57,8.4539],[-11.5849,8.4619],[-11.5901,8.4678],[-11.5901,8.4824],[-11.5923,8.4888],[-11.5878,8.4886],[-11.583,8.4895],[-11.5826,8.492],[-11.5858,8.4934],[-11.5885,8.4929],[-11.587,8.4977],[-11.5872,8.5016],[-11.5863,8.5043],[-11.5879,8.5117],[-11.5894,8.5153],[-11.5899,8.5188],[-11.589,8.521],[-11.5817,8.525],[-11.5801,8.5272],[-11.5767,8.5243],[-11.5742,8.5236],[-11.5713,8.5238],[-11.5671,8.5231],[-11.5594,8.5236],[-11.5512,8.5258],[-11.5429,8.5298],[-11.5361,8.5352],[-11.5328,8.5387],[-11.5272,8.5387],[-11.5151,8.5371],[-11.511,8.537],[-11.506,8.5355],[-11.4993,8.5361],[-11.4923,8.5345],[-11.482,8.54],[-11.4754,8.5426],[-11.4693,8.5433],[-11.4645,8.5469],[-11.4592,8.549],[-11.4505,8.5494],[-11.4423,8.549],[-11.4351,8.5489],[-11.4299,8.5499],[-11.4204,8.5528],[-11.414,8.5528],[-11.411,8.551],[-11.408,8.5528],[-11.4023,8.5494],[-11.3996,8.5512],[-11.3881,8.5476],[-11.3856,8.5416],[-11.3877,8.5382],[-11.3847,8.535],[-11.3831,8.5327],[-11.3801,8.5314],[-11.3769,8.5334],[-11.3764,8.5354],[-11.373,8.5357],[-11.3716,8.5373],[-11.3727,8.5401],[-11.3716,8.5425],[-11.3663,8.5442],[-11.3665,8.5501],[-11.3649,8.551],[-11.3624,8.548],[-11.3601,8.5481],[-11.3577,8.552],[-11.3551,8.5479],[-11.3543,8.5467],[-11.3481,8.5429],[-11.3447,8.5341],[-11.3434,8.5261],[-11.3395,8.5261],[-11.3401,8.5223],[-11.3375,8.5206],[-11.338,8.498],[-11.3339,8.498],[-11.3338,8.4971],[-11.3264,8.5004],[-11.3159,8.5204],[-11.3099,8.5233],[-11.3011,8.5258],[-11.2938,8.5216],[-11.2853,8.5289],[-11.2823,8.5261],[-11.2793,8.5201],[-11.2765,8.517],[-11.2741,8.515],[-11.2724,8.5158],[-11.2686,8.5157],[-11.2672,8.5138],[-11.2647,8.5156],[-11.2617,8.5128],[-11.2597,8.5141],[-11.2568,8.509],[-11.2553,8.5084],[-11.2546,8.5037],[-11.2518,8.5022],[-11.251,8.4987],[-11.2506,8.4942],[-11.2539,8.4877],[-11.2497,8.4846],[-11.2456,8.4656],[-11.2313,8.449],[-11.2376,8.4427],[-11.242,8.4361],[-11.2462,8.4335],[-11.2478,8.4338],[-11.2506,8.4313],[-11.2503,8.4212],[-11.2479,8.4128],[-11.2473,8.4121],[-11.2471,8.4098],[-11.249,8.4031],[-11.2502,8.4011],[-11.2486,8.3955],[-11.2453,8.3876],[-11.2433,8.3816],[-11.24,8.3743],[-11.2365,8.3701],[-11.233,8.3626],[-11.2402,8.3642],[-11.242,8.3544],[-11.238,8.3438],[-11.2302,8.337],[-11.227,8.3349],[-11.2239,8.3344],[-11.2146,8.3441],[-11.206,8.355],[-11.1977,8.3617],[-11.1928,8.3643],[-11.1847,8.3641],[-11.1782,8.3643],[-11.1775,8.3638],[-11.172,8.3632],[-11.1671,8.3618],[-11.1627,8.3604],[-11.1586,8.3577],[-11.1552,8.3565],[-11.1492,8.3552],[-11.1465,8.3521],[-11.1408,8.3442],[-11.1367,8.3404],[-11.1265,8.34],[-11.1236,8.3412],[-11.1183,8.3398],[-11.1093,8.3457],[-11.1007,8.3464],[-11.0966,8.3453],[-11.0934,8.3441],[-11.0881,8.3393],[-11.0864,8.3393],[-11.0806,8.3438],[-11.0767,8.3465],[-11.0724,8.348],[-11.0688,8.3474],[-11.0665,8.3441],[-11.0644,8.3405],[-11.0609,8.3343],[-11.0507,8.3355],[-11.0461,8.3365],[-11.0411,8.3397],[-11.0341,8.3471],[-11.0255,8.3544],[-11.022,8.356],[-11.0195,8.356],[-11.0142,8.3577],[-11.0076,8.3604],[-10.9983,8.3643],[-10.9945,8.3686],[-10.991,8.3708],[-10.9828,8.3708],[-10.9808,8.3721],[-10.9753,8.3718],[-10.9687,8.3722],[-10.9617,8.3755],[-10.9589,8.3775],[-10.9545,8.3818],[-10.9522,8.3831],[-10.9513,8.3864],[-10.948,8.3877],[-10.9425,8.389],[-10.9345,8.3891],[-10.9273,8.3878],[-10.9261,8.3869],[-10.9258,8.3833],[-10.9243,8.3791],[-10.9226,8.3794],[-10.9223,8.3799],[-10.9107,8.3823],[-10.9068,8.3803],[-10.8942,8.3756],[-10.8822,8.3862],[-10.8763,8.3882],[-10.8703,8.3909],[-10.855,8.3922],[-10.8564,8.3888],[-10.8612,8.3853],[-10.8641,8.3825],[-10.8643,8.3788],[-10.8661,8.3753],[-10.8697,8.3731],[-10.8734,8.37],[-10.8742,8.3667],[-10.8727,8.3617],[-10.871,8.3563],[-10.8727,8.3427],[-10.8712,8.3364],[-10.8683,8.3372],[-10.8714,8.3322],[-10.8736,8.3283],[-10.8777,8.3252],[-10.8821,8.3182],[-10.89,8.3108],[-10.8929,8.3091],[-10.896,8.3056],[-10.9001,8.3018],[-10.9015,8.2983],[-10.9034,8.2946],[-10.9067,8.2909],[-10.9063,8.2865],[-10.9032,8.2863],[-10.899,8.2887],[-10.8969,8.2881],[-10.8942,8.2892],[-10.8912,8.2885],[-10.8883,8.289],[-10.8833,8.2914],[-10.8798,8.2898],[-10.877,8.2914],[-10.8724,8.2918],[-10.8689,8.2931],[-10.8665,8.2907],[-10.8656,8.287],[-10.8623,8.2826],[-10.8586,8.2833],[-10.8571,8.2813],[-10.8577,8.2772],[-10.8573,8.2739],[-10.8551,8.2732],[-10.8567,8.2695],[-10.8571,8.2669],[-10.8591,8.2651],[-10.8582,8.2614],[-10.8606,8.2599],[-10.8577,8.2584],[-10.8608,8.256],[-10.8645,8.252],[-10.8647,8.2507],[-10.8662,8.2455],[-10.8657,8.2435],[-10.8674,8.2416],[-10.8697,8.2391],[-10.871,8.2352],[-10.8725,8.2319],[-10.8708,8.2297],[-10.8738,8.2291],[-10.8705,8.2249],[-10.8751,8.2214],[-10.874,8.2182],[-10.8756,8.2166],[-10.874,8.2142],[-10.8753,8.2116],[-10.8775,8.2123],[-10.8797,8.2109],[-10.8819,8.2081],[-10.8839,8.2074],[-10.8841,8.2053],[-10.8863,8.2055],[-10.8885,8.2013],[-10.8871,8.1985],[-10.8852,8.1965],[-10.8856,8.193],[-10.8889,8.1913],[-10.888,8.1882],[-10.8898,8.1882],[-10.8909,8.186],[-10.8894,8.1812],[-10.891,8.1773],[-10.8927,8.1751],[-10.8905,8.1738],[-10.8883,8.1738],[-10.8872,8.1714],[-10.889,8.1703],[-10.8875,8.1681],[-10.8901,8.1661],[-10.8886,8.1646],[-10.889,8.1626],[-10.8914,8.1635],[-10.8925,8.1611],[-10.8953,8.1594],[-10.8964,8.157],[-10.8986,8.157],[-10.9004,8.1506],[-10.9001,8.1476],[-10.9041,8.1471],[-10.9047,8.1458],[-10.9058,8.1434],[-10.9074,8.143],[-10.9045,8.1388],[-10.9067,8.134],[-10.91,8.1323],[-10.9137,8.1294],[-10.9148,8.1266],[-10.9172,8.1244],[-10.9218,8.1231],[-10.9249,8.1187],[-10.9291,8.117],[-10.9332,8.1126],[-10.9387,8.1045],[-10.9374,8.1019],[-10.9405,8.1008],[-10.9422,8.0982],[-10.945,8.0905],[-10.9507,8.087],[-10.9603,8.0859],[-10.9636,8.0838],[-10.9599,8.0805],[-10.9571,8.0787],[-10.9619,8.0752],[-10.961,8.0711],[-10.9562,8.0696],[-10.9547,8.068],[-10.9653,8.0551],[-10.9633,8.0536],[-10.9666,8.0444],[-10.9694,8.0401],[-10.9699,8.0366],[-10.9729,8.0335],[-10.9736,8.0309],[-10.976,8.0261],[-10.9773,8.0221],[-10.9795,8.0182],[-10.9817,8.0143],[-10.9803,8.0088],[-10.9823,8.0044],[-10.9856,7.9979],[-10.987,7.9946],[-10.9877,7.9915],[-10.9905,7.9885],[-10.9929,7.9839],[-10.9942,7.98],[-10.9984,7.9782],[-11.0001,7.9747],[-11.0021,7.9721],[-11.0045,7.9684],[-11.006,7.9638],[-11.0095,7.9649],[-11.0115,7.9627],[-11.0098,7.961],[-11.0094,7.9575],[-11.0122,7.9542],[-11.0157,7.95],[-11.0168,7.947],[-11.0153,7.9435],[-11.0162,7.9382],[-11.0175,7.9341],[-11.0171,7.9282],[-11.0199,7.9251],[-11.0234,7.9251],[-11.0245,7.9234],[-11.0221,7.917],[-11.0227,7.9133],[-11.0264,7.91],[-11.027,7.9041],[-11.0285,7.8989],[-11.0338,7.8895],[-11.0401,7.884],[-11.0429,7.8801],[-11.0429,7.8757],[-11.0411,7.8726],[-11.0403,7.8714],[-11.0368,7.8705],[-11.0329,7.8716],[-11.0298,7.8725],[-11.0276,7.8775],[-11.0252,7.8777],[-11.0222,7.8749],[-11.0174,7.867],[-11.0117,7.8569],[-11.0073,7.844],[-11.0046,7.8403],[-10.9994,7.8266],[-10.9956,7.8193],[-10.9952,7.8185],[-10.9849,7.8041],[-10.9817,7.799],[-10.9747,7.796],[-10.9688,7.7982],[-10.9642,7.8008],[-10.9598,7.7955],[-10.9552,7.7861],[-10.9531,7.7787],[-10.952,7.775],[-10.9472,7.766],[-10.9448,7.7623],[-10.9431,7.7638],[-10.9407,7.7636],[-10.937,7.7595],[-10.9357,7.7619],[-10.9332,7.761],[-10.93,7.7582],[-10.9287,7.7584],[-10.9287,7.7625],[-10.9258,7.7676],[-10.923,7.7649],[-10.9199,7.7654],[-10.918,7.7645],[-10.9155,7.7621],[-10.9131,7.7628],[-10.911,7.7617],[-10.9088,7.7606],[-10.9079,7.7531],[-10.9083,7.747],[-10.9142,7.7411],[-10.9182,7.7337],[-10.9243,7.7271],[-10.9278,7.7195],[-10.9316,7.7038],[-10.9314,7.6983],[-10.9314,7.6861],[-10.9268,7.6806],[-10.9216,7.6775],[-10.9181,7.6749],[-10.9161,7.6666],[-10.9139,7.6551]]]},"properties":{"code":"KEN","name":"Kenema District","level":"2","parent":"Plmg8ikyfrK","parentGraph":"Plmg8ikyfrK","groups":["QJuHsfZjNBf","Y1fwmuWGmNr"]}},{"type":"Feature","id":"SXiaqI1w0JS","geometry":{"type":"Polygon","coordinates":[[[-10.9139,7.6551],[-10.9128,7.6511],[-10.9076,7.6504],[-10.8986,7.6507],[-10.8898,7.6515],[-10.8782,7.6502],[-10.8668,7.6491],[-10.8492,7.6451],[-10.843,7.6435],[-10.8374,7.6414],[-10.8337,7.6385],[-10.8318,7.6346],[-10.827,7.6267],[-10.8244,7.6245],[-10.816,7.6186],[-10.7893,7.6018],[-10.7893,7.6015],[-10.7897,7.6014],[-10.7904,7.6015],[-10.791,7.6018],[-10.792,7.6022],[-10.7926,7.6022],[-10.7938,7.6006],[-10.7945,7.5968],[-10.7955,7.5948],[-10.7964,7.5938],[-10.7985,7.5918],[-10.7999,7.5913],[-10.8006,7.5915],[-10.8017,7.592],[-10.8027,7.5918],[-10.8036,7.5917],[-10.8049,7.5927],[-10.8072,7.5925],[-10.81,7.5928],[-10.8113,7.5931],[-10.8144,7.5951],[-10.8166,7.5959],[-10.8173,7.5959],[-10.8178,7.5958],[-10.8181,7.5954],[-10.818,7.5949],[-10.8177,7.5946],[-10.8169,7.5945],[-10.8165,7.5943],[-10.8159,7.5933],[-10.815,7.5925],[-10.814,7.5914],[-10.8137,7.591],[-10.8136,7.5906],[-10.8138,7.5903],[-10.8142,7.5897],[-10.815,7.5892],[-10.8218,7.5815],[-10.8223,7.5803],[-10.8221,7.5796],[-10.8208,7.5797],[-10.8194,7.579],[-10.819,7.5786],[-10.8187,7.5781],[-10.8203,7.5749],[-10.8239,7.5729],[-10.8248,7.5725],[-10.8259,7.571],[-10.8261,7.5703],[-10.8257,7.5698],[-10.8252,7.5698],[-10.8249,7.5696],[-10.8251,7.5692],[-10.8258,7.5666],[-10.8265,7.5638],[-10.8268,7.5629],[-10.8277,7.5627],[-10.8283,7.5623],[-10.8291,7.5618],[-10.8298,7.5616],[-10.8306,7.5628],[-10.8309,7.5632],[-10.8321,7.564],[-10.8332,7.5642],[-10.8336,7.564],[-10.835,7.563],[-10.836,7.5618],[-10.8367,7.561],[-10.837,7.5602],[-10.8372,7.5589],[-10.8375,7.558],[-10.8376,7.5572],[-10.8379,7.556],[-10.8386,7.5552],[-10.8395,7.5549],[-10.8403,7.5548],[-10.8415,7.5546],[-10.8425,7.5542],[-10.8429,7.5538],[-10.8432,7.5531],[-10.8431,7.5524],[-10.843,7.5519],[-10.843,7.5508],[-10.8432,7.5499],[-10.8438,7.5492],[-10.8451,7.5483],[-10.8463,7.548],[-10.847,7.5477],[-10.8483,7.5469],[-10.8493,7.5456],[-10.8518,7.5436],[-10.8534,7.5427],[-10.856,7.5416],[-10.8569,7.5411],[-10.8587,7.54],[-10.8595,7.5391],[-10.8601,7.5386],[-10.8618,7.5379],[-10.8623,7.5375],[-10.8633,7.537],[-10.8646,7.5367],[-10.8671,7.5357],[-10.8676,7.5353],[-10.8681,7.5348],[-10.8683,7.5344],[-10.8687,7.5339],[-10.8696,7.5332],[-10.8706,7.5328],[-10.8716,7.532],[-10.8732,7.5313],[-10.8754,7.5307],[-10.876,7.5303],[-10.8767,7.5297],[-10.8771,7.5291],[-10.8787,7.5275],[-10.8801,7.5262],[-10.881,7.5253],[-10.8818,7.5253],[-10.8824,7.5257],[-10.8839,7.5267],[-10.8846,7.5268],[-10.8854,7.5265],[-10.8872,7.5261],[-10.8877,7.526],[-10.888,7.5259],[-10.8888,7.5254],[-10.8896,7.5248],[-10.8906,7.5235],[-10.8926,7.5217],[-10.8931,7.5216],[-10.8939,7.5211],[-10.895,7.5199],[-10.8957,7.5187],[-10.8957,7.5176],[-10.8955,7.5165],[-10.8955,7.5155],[-10.8973,7.5138],[-10.8981,7.5134],[-10.8988,7.5129],[-10.8994,7.5124],[-10.9,7.5122],[-10.9006,7.5126],[-10.9019,7.5121],[-10.9032,7.5114],[-10.905,7.5102],[-10.9073,7.5092],[-10.9084,7.5076],[-10.9103,7.5067],[-10.9114,7.5059],[-10.9129,7.5051],[-10.9135,7.5048],[-10.9143,7.5042],[-10.9155,7.5045],[-10.9163,7.5044],[-10.9176,7.5034],[-10.918,7.5018],[-10.9183,7.5011],[-10.9187,7.5005],[-10.9198,7.4996],[-10.9204,7.4993],[-10.9214,7.4981],[-10.9223,7.4975],[-10.9228,7.4975],[-10.9234,7.4977],[-10.9239,7.4986],[-10.9245,7.4991],[-10.9281,7.5006],[-10.9289,7.5012],[-10.9289,7.5021],[-10.9287,7.503],[-10.9283,7.5035],[-10.9279,7.5038],[-10.9278,7.5042],[-10.9277,7.5047],[-10.9281,7.5054],[-10.9286,7.5058],[-10.9292,7.5065],[-10.9297,7.5073],[-10.9306,7.5083],[-10.9312,7.5086],[-10.9317,7.5091],[-10.9322,7.5125],[-10.933,7.5137],[-10.9336,7.513],[-10.9343,7.5126],[-10.9352,7.512],[-10.9359,7.5111],[-10.9389,7.507],[-10.9395,7.5063],[-10.9406,7.5061],[-10.9441,7.505],[-10.9462,7.5039],[-10.949,7.502],[-10.9502,7.5005],[-10.9514,7.4993],[-10.9533,7.4983],[-10.9542,7.4979],[-10.9555,7.4969],[-10.9561,7.4962],[-10.9565,7.4947],[-10.9564,7.4939],[-10.9563,7.4934],[-10.9567,7.493],[-10.9575,7.4927],[-10.9604,7.4935],[-10.9613,7.4934],[-10.9614,7.493],[-10.961,7.4913],[-10.9611,7.4903],[-10.9615,7.4898],[-10.9622,7.4894],[-10.9641,7.4888],[-10.9658,7.4884],[-10.9666,7.4876],[-10.9686,7.4863],[-10.9709,7.4841],[-10.9718,7.4826],[-10.9725,7.481],[-10.9728,7.4809],[-10.9734,7.4803],[-10.9744,7.4789],[-10.9755,7.4783],[-10.9764,7.4774],[-10.9769,7.4766],[-10.9769,7.476],[-10.9762,7.4756],[-10.9756,7.4752],[-10.975,7.4744],[-10.9748,7.4735],[-10.975,7.4729],[-10.9752,7.4724],[-10.9756,7.4718],[-10.9765,7.4711],[-10.9773,7.4707],[-10.9781,7.4707],[-10.9791,7.4708],[-10.9807,7.4713],[-10.9816,7.4713],[-10.9821,7.4711],[-10.9824,7.4709],[-10.9823,7.4705],[-10.9823,7.4701],[-10.9828,7.4699],[-10.9836,7.4692],[-10.9864,7.4669],[-10.9873,7.4666],[-10.9882,7.4665],[-10.9902,7.4658],[-10.9922,7.464],[-10.9976,7.4568],[-10.9993,7.4552],[-11.0002,7.4545],[-11.0007,7.4544],[-11.0035,7.4551],[-11.004,7.4545],[-11.0052,7.4535],[-11.0082,7.4507],[-11.0098,7.4485],[-11.0103,7.448],[-11.0101,7.4473],[-11.01,7.4466],[-11.0093,7.445],[-11.0093,7.4439],[-11.0093,7.4433],[-11.0095,7.4428],[-11.0105,7.442],[-11.0148,7.4423],[-11.0195,7.4392],[-11.0238,7.4387],[-11.0257,7.4382],[-11.027,7.4372],[-11.0272,7.4361],[-11.0267,7.4354],[-11.0263,7.4349],[-11.0261,7.4338],[-11.0264,7.433],[-11.027,7.4324],[-11.0276,7.4321],[-11.0279,7.4322],[-11.0284,7.432],[-11.0318,7.436],[-11.0328,7.4364],[-11.0337,7.4357],[-11.0341,7.4344],[-11.0335,7.4329],[-11.0329,7.43],[-11.033,7.4284],[-11.0329,7.4266],[-11.0338,7.4258],[-11.0354,7.4248],[-11.0376,7.4241],[-11.0388,7.4241],[-11.0411,7.425],[-11.0419,7.4243],[-11.0436,7.4194],[-11.0451,7.4177],[-11.0476,7.4152],[-11.0483,7.4146],[-11.0504,7.4128],[-11.0497,7.4124],[-11.0515,7.4116],[-11.054,7.4097],[-11.0556,7.4082],[-11.0567,7.4064],[-11.0578,7.4052],[-11.0595,7.4039],[-11.0606,7.4034],[-11.0633,7.4017],[-11.065,7.4007],[-11.0678,7.3989],[-11.0702,7.3977],[-11.0742,7.3963],[-11.0767,7.3946],[-11.0785,7.393],[-11.0801,7.3922],[-11.0816,7.3915],[-11.0828,7.3914],[-11.083,7.3911],[-11.084,7.3907],[-11.0846,7.3907],[-11.085,7.3913],[-11.0857,7.3916],[-11.0866,7.3917],[-11.0876,7.3918],[-11.0898,7.3922],[-11.0921,7.3924],[-11.0965,7.3891],[-11.0973,7.389],[-11.0979,7.3895],[-11.0993,7.3903],[-11.1007,7.3909],[-11.1021,7.3907],[-11.1031,7.3897],[-11.1033,7.3884],[-11.103,7.3876],[-11.1024,7.3868],[-11.1024,7.3863],[-11.1053,7.3819],[-11.1096,7.3773],[-11.1116,7.3767],[-11.1131,7.3766],[-11.1138,7.376],[-11.1141,7.3746],[-11.1139,7.3738],[-11.1133,7.373],[-11.1139,7.3715],[-11.1148,7.3699],[-11.1166,7.3693],[-11.1205,7.3663],[-11.122,7.3662],[-11.1242,7.3642],[-11.1262,7.3611],[-11.1269,7.3589],[-11.1281,7.3565],[-11.1283,7.3553],[-11.1278,7.3545],[-11.1279,7.3536],[-11.1282,7.3525],[-11.1294,7.3515],[-11.1319,7.3493],[-11.1355,7.3472],[-11.1375,7.3459],[-11.1385,7.3458],[-11.1404,7.3446],[-11.1421,7.3428],[-11.1439,7.3411],[-11.1551,7.3453],[-11.1676,7.3498],[-11.1874,7.3554],[-11.2056,7.362],[-11.226,7.3687],[-11.2395,7.3725],[-11.2506,7.3762],[-11.2677,7.3855],[-11.2779,7.3923],[-11.2875,7.3975],[-11.2964,7.4038],[-11.3067,7.4108],[-11.3143,7.4168],[-11.3172,7.4192],[-11.3277,7.4255],[-11.3356,7.429],[-11.3409,7.4311],[-11.3428,7.4348],[-11.3428,7.4393],[-11.346,7.4395],[-11.3493,7.4409],[-11.3505,7.4486],[-11.3484,7.4517],[-11.3516,7.4514],[-11.3542,7.4556],[-11.3512,7.4584],[-11.3486,7.4601],[-11.3502,7.4633],[-11.3511,7.4648],[-11.3535,7.4692],[-11.3547,7.4743],[-11.3542,7.4785],[-11.3521,7.4823],[-11.3561,7.49],[-11.3594,7.493],[-11.3608,7.4953],[-11.3591,7.4979],[-11.3639,7.5035],[-11.3639,7.5063],[-11.3611,7.5147],[-11.3651,7.521],[-11.3667,7.5264],[-11.3651,7.5332],[-11.3653,7.5388],[-11.3639,7.5421],[-11.3613,7.5484],[-11.3595,7.5538],[-11.362,7.5589],[-11.3578,7.5643],[-11.353,7.5685],[-11.3481,7.5727],[-11.3421,7.5769],[-11.3376,7.5827],[-11.3316,7.5883],[-11.3215,7.5876],[-11.3168,7.5911],[-11.3105,7.5965],[-11.3152,7.5984],[-11.3245,7.6],[-11.3323,7.5991],[-11.3428,7.5967],[-11.3486,7.5958],[-11.353,7.5974],[-11.3577,7.6023],[-11.3615,7.6068],[-11.3645,7.6122],[-11.3661,7.6213],[-11.3675,7.6311],[-11.3688,7.6369],[-11.3683,7.6432],[-11.3693,7.6509],[-11.3707,7.6542],[-11.3733,7.6554],[-11.3821,7.6456],[-11.391,7.6367],[-11.3987,7.628],[-11.4013,7.6243],[-11.4036,7.6203],[-11.405,7.6164],[-11.4048,7.6122],[-11.4106,7.604],[-11.416,7.5979],[-11.4218,7.5881],[-11.4256,7.5794],[-11.4303,7.5703],[-11.4367,7.5596],[-11.4421,7.5542],[-11.446,7.5477],[-11.4495,7.5442],[-11.4521,7.5425],[-11.4572,7.5418],[-11.4628,7.5418],[-11.4699,7.5418],[-11.4748,7.5428],[-11.4804,7.5425],[-11.4862,7.5418],[-11.4932,7.5414],[-11.5007,7.5409],[-11.5055,7.5417],[-11.5082,7.5437],[-11.5054,7.5488],[-11.5016,7.5603],[-11.5009,7.5689],[-11.5014,7.5785],[-11.5007,7.5834],[-11.4979,7.59],[-11.4965,7.5979],[-11.4953,7.6056],[-11.492,7.6122],[-11.4891,7.6191],[-11.4885,7.6203],[-11.4926,7.6259],[-11.4971,7.6306],[-11.5013,7.6358],[-11.505,7.6402],[-11.5101,7.6439],[-11.5138,7.6457],[-11.5167,7.6512],[-11.5171,7.6574],[-11.5152,7.6643],[-11.5114,7.6693],[-11.5101,7.6709],[-11.4977,7.6789],[-11.4911,7.6859],[-11.4879,7.6913],[-11.4873,7.7059],[-11.4829,7.7132],[-11.4785,7.7132],[-11.4734,7.714],[-11.4698,7.7081],[-11.4628,7.707],[-11.4618,7.7019],[-11.4581,7.7005],[-11.457,7.6954],[-11.4552,7.6928],[-11.4526,7.6928],[-11.453,7.6954],[-11.4482,7.6983],[-11.4479,7.6943],[-11.4428,7.6946],[-11.4406,7.6932],[-11.4388,7.7008],[-11.4322,7.7005],[-11.4304,7.7045],[-11.4256,7.7019],[-11.4227,7.7118],[-11.4205,7.7129],[-11.4205,7.7143],[-11.4212,7.722],[-11.4169,7.7264],[-11.4136,7.7267],[-11.4183,7.733],[-11.4169,7.7362],[-11.4128,7.7384],[-11.4161,7.7421],[-11.4161,7.7443],[-11.4117,7.7465],[-11.415,7.7494],[-11.4128,7.7516],[-11.411,7.7549],[-11.4077,7.7534],[-11.4037,7.7538],[-11.4026,7.757],[-11.4033,7.7596],[-11.4012,7.7687],[-11.4041,7.7702],[-11.4044,7.7735],[-11.4019,7.776],[-11.4015,7.7797],[-11.4048,7.7804],[-11.4085,7.7862],[-11.4099,7.7914],[-11.4121,7.7917],[-11.4143,7.7943],[-11.4143,7.7987],[-11.4152,7.8038],[-11.4181,7.8089],[-11.4192,7.8125],[-11.42,7.8162],[-11.4232,7.8169],[-11.4254,7.8227],[-11.4305,7.8224],[-11.4342,7.8198],[-11.4389,7.8184],[-11.4426,7.8147],[-11.4466,7.8114],[-11.451,7.8092],[-11.451,7.8045],[-11.4561,7.799],[-11.4572,7.7939],[-11.4649,7.7914],[-11.4674,7.7881],[-11.466,7.7862],[-11.4689,7.7851],[-11.4689,7.7815],[-11.4729,7.7797],[-11.4773,7.7797],[-11.4794,7.7801],[-11.4824,7.7808],[-11.4882,7.7822],[-11.493,7.7855],[-11.4919,7.7906],[-11.486,7.7961],[-11.4816,7.7994],[-11.4835,7.8023],[-11.4864,7.8056],[-11.4864,7.81],[-11.4853,7.8144],[-11.4852,7.8145],[-11.482,7.818],[-11.4802,7.8217],[-11.482,7.8279],[-11.4846,7.8322],[-11.4809,7.8399],[-11.4773,7.8498],[-11.4748,7.8546],[-11.4736,7.8571],[-11.4703,7.8614],[-11.4619,7.864],[-11.4532,7.8684],[-11.4473,7.8742],[-11.4459,7.8826],[-11.4481,7.887],[-11.4499,7.8906],[-11.4498,7.8908],[-11.4484,7.8954],[-11.4495,7.8976],[-11.447,7.9031],[-11.4424,7.9067],[-11.438,7.9085],[-11.4359,7.9124],[-11.4358,7.9125],[-11.4307,7.9125],[-11.4282,7.9133],[-11.4249,7.9173],[-11.4212,7.9133],[-11.4187,7.9129],[-11.4172,7.9104],[-11.4121,7.9085],[-11.4077,7.9114],[-11.4044,7.9114],[-11.399,7.9107],[-11.3906,7.9125],[-11.3873,7.9078],[-11.384,7.9082],[-11.3847,7.9151],[-11.3887,7.9209],[-11.3923,7.9345],[-11.3902,7.9358],[-11.3835,7.9373],[-11.3776,7.9392],[-11.372,7.9415],[-11.3693,7.9428],[-11.367,7.9443],[-11.3615,7.9499],[-11.3613,7.9535],[-11.3595,7.9553],[-11.3578,7.955],[-11.3562,7.9555],[-11.3543,7.9573],[-11.3606,7.9655],[-11.3632,7.975],[-11.365,7.9826],[-11.3668,7.9932],[-11.3727,7.9972],[-11.3778,7.9994],[-11.3829,8.0034],[-11.3877,8.0089],[-11.3875,8.0166],[-11.3849,8.0221],[-11.3776,8.0261],[-11.3699,8.0242],[-11.363,8.0235],[-11.3568,8.0235],[-11.3491,8.0224],[-11.3378,8.0217],[-11.336,8.0242],[-11.3364,8.0323],[-11.3353,8.037],[-11.3349,8.0388],[-11.3382,8.0443],[-11.3364,8.0516],[-11.3364,8.0593],[-11.3353,8.067],[-11.3349,8.0753],[-11.3345,8.0859],[-11.3345,8.0943],[-11.3354,8.0962],[-11.3371,8.0998],[-11.3411,8.114],[-11.3435,8.1184],[-11.3424,8.1235],[-11.3457,8.1286],[-11.3519,8.1283],[-11.3574,8.1279],[-11.369,8.1312],[-11.3771,8.1327],[-11.3847,8.1338],[-11.3917,8.1338],[-11.399,8.133],[-11.4033,8.1374],[-11.4026,8.1421],[-11.4015,8.1454],[-11.4026,8.148],[-11.3996,8.154],[-11.3993,8.1546],[-11.4037,8.163],[-11.396,8.1721],[-11.3873,8.1786],[-11.3829,8.1867],[-11.3822,8.1943],[-11.3858,8.1969],[-11.3895,8.1984],[-11.3906,8.2035],[-11.3913,8.2097],[-11.3935,8.2108],[-11.399,8.2111],[-11.4015,8.2159],[-11.4002,8.2283],[-11.4065,8.2312],[-11.4123,8.2327],[-11.417,8.2356],[-11.4225,8.236],[-11.4273,8.2371],[-11.4331,8.2371],[-11.438,8.2359],[-11.4409,8.2422],[-11.4449,8.247],[-11.4467,8.251],[-11.4557,8.2608],[-11.4616,8.2681],[-11.4652,8.2783],[-11.4689,8.2863],[-11.4696,8.298],[-11.4685,8.3141],[-11.474,8.3225],[-11.478,8.3279],[-11.5004,8.3502],[-11.5168,8.3534],[-11.5256,8.355],[-11.5421,8.3648],[-11.5464,8.3702],[-11.5501,8.3816],[-11.5541,8.3977],[-11.5534,8.425],[-11.5537,8.4305],[-11.562,8.4462],[-11.57,8.4539],[-11.5849,8.4619],[-11.5901,8.4678],[-11.5901,8.4824],[-11.5923,8.4888],[-11.5878,8.4886],[-11.583,8.4895],[-11.5826,8.492],[-11.5858,8.4934],[-11.5885,8.4929],[-11.587,8.4977],[-11.5872,8.5016],[-11.5863,8.5043],[-11.5879,8.5117],[-11.5894,8.5153],[-11.5899,8.5188],[-11.589,8.521],[-11.5817,8.525],[-11.5801,8.5272],[-11.5767,8.5243],[-11.5742,8.5236],[-11.5713,8.5238],[-11.5671,8.5231],[-11.5594,8.5236],[-11.5512,8.5258],[-11.5429,8.5298],[-11.5361,8.5352],[-11.5328,8.5387],[-11.5272,8.5387],[-11.5151,8.5371],[-11.511,8.537],[-11.506,8.5355],[-11.4993,8.5361],[-11.4923,8.5345],[-11.482,8.54],[-11.4754,8.5426],[-11.4693,8.5433],[-11.4645,8.5469],[-11.4592,8.549],[-11.4505,8.5494],[-11.4423,8.549],[-11.4351,8.5489],[-11.4299,8.5499],[-11.4204,8.5528],[-11.414,8.5528],[-11.411,8.551],[-11.408,8.5528],[-11.4023,8.5494],[-11.3996,8.5512],[-11.3881,8.5476],[-11.3856,8.5416],[-11.3877,8.5382],[-11.3847,8.535],[-11.3831,8.5327],[-11.3801,8.5314],[-11.3769,8.5334],[-11.3764,8.5354],[-11.373,8.5357],[-11.3716,8.5373],[-11.3727,8.5401],[-11.3716,8.5425],[-11.3663,8.5442],[-11.3665,8.5501],[-11.3649,8.551],[-11.3624,8.548],[-11.3601,8.5481],[-11.3577,8.552],[-11.3551,8.5479],[-11.3543,8.5467],[-11.3481,8.5429],[-11.3447,8.5341],[-11.3434,8.5261],[-11.3395,8.5261],[-11.3401,8.5223],[-11.3375,8.5206],[-11.338,8.498],[-11.3339,8.498],[-11.3338,8.4971],[-11.3264,8.5004],[-11.3159,8.5204],[-11.3099,8.5233],[-11.3011,8.5258],[-11.2938,8.5216],[-11.2853,8.5289],[-11.2823,8.5261],[-11.2793,8.5201],[-11.2765,8.517],[-11.2741,8.515],[-11.2724,8.5158],[-11.2686,8.5157],[-11.2672,8.5138],[-11.2647,8.5156],[-11.2617,8.5128],[-11.2597,8.5141],[-11.2568,8.509],[-11.2553,8.5084],[-11.2546,8.5037],[-11.2518,8.5022],[-11.251,8.4987],[-11.2506,8.4942],[-11.2539,8.4877],[-11.2497,8.4846],[-11.2456,8.4656],[-11.2313,8.449],[-11.2376,8.4427],[-11.242,8.4361],[-11.2462,8.4335],[-11.2478,8.4338],[-11.2506,8.4313],[-11.2503,8.4212],[-11.2479,8.4128],[-11.2473,8.4121],[-11.2471,8.4098],[-11.249,8.4031],[-11.2502,8.4011],[-11.2486,8.3955],[-11.2453,8.3876],[-11.2433,8.3816],[-11.24,8.3743],[-11.2365,8.3701],[-11.233,8.3626],[-11.2402,8.3642],[-11.242,8.3544],[-11.238,8.3438],[-11.2302,8.337],[-11.227,8.3349],[-11.2239,8.3344],[-11.2146,8.3441],[-11.206,8.355],[-11.1977,8.3617],[-11.1928,8.3643],[-11.1847,8.3641],[-11.1782,8.3643],[-11.1775,8.3638],[-11.172,8.3632],[-11.1671,8.3618],[-11.1627,8.3604],[-11.1586,8.3577],[-11.1552,8.3565],[-11.1492,8.3552],[-11.1465,8.3521],[-11.1408,8.3442],[-11.1367,8.3404],[-11.1265,8.34],[-11.1236,8.3412],[-11.1183,8.3398],[-11.1093,8.3457],[-11.1007,8.3464],[-11.0966,8.3453],[-11.0934,8.3441],[-11.0881,8.3393],[-11.0864,8.3393],[-11.0806,8.3438],[-11.0767,8.3465],[-11.0724,8.348],[-11.0688,8.3474],[-11.0665,8.3441],[-11.0644,8.3405],[-11.0609,8.3343],[-11.0507,8.3355],[-11.0461,8.3365],[-11.0411,8.3397],[-11.0341,8.3471],[-11.0255,8.3544],[-11.022,8.356],[-11.0195,8.356],[-11.0142,8.3577],[-11.0076,8.3604],[-10.9983,8.3643],[-10.9945,8.3686],[-10.991,8.3708],[-10.9828,8.3708],[-10.9808,8.3721],[-10.9753,8.3718],[-10.9687,8.3722],[-10.9617,8.3755],[-10.9589,8.3775],[-10.9545,8.3818],[-10.9522,8.3831],[-10.9513,8.3864],[-10.948,8.3877],[-10.9425,8.389],[-10.9345,8.3891],[-10.9273,8.3878],[-10.9261,8.3869],[-10.9258,8.3833],[-10.9243,8.3791],[-10.9226,8.3794],[-10.9223,8.3799],[-10.9107,8.3823],[-10.9068,8.3803],[-10.8942,8.3756],[-10.8822,8.3862],[-10.8763,8.3882],[-10.8703,8.3909],[-10.855,8.3922],[-10.8564,8.3888],[-10.8612,8.3853],[-10.8641,8.3825],[-10.8643,8.3788],[-10.8661,8.3753],[-10.8697,8.3731],[-10.8734,8.37],[-10.8742,8.3667],[-10.8727,8.3617],[-10.871,8.3563],[-10.8727,8.3427],[-10.8712,8.3364],[-10.8683,8.3372],[-10.8714,8.3322],[-10.8736,8.3283],[-10.8777,8.3252],[-10.8821,8.3182],[-10.89,8.3108],[-10.8929,8.3091],[-10.896,8.3056],[-10.9001,8.3018],[-10.9015,8.2983],[-10.9034,8.2946],[-10.9067,8.2909],[-10.9063,8.2865],[-10.9032,8.2863],[-10.899,8.2887],[-10.8969,8.2881],[-10.8942,8.2892],[-10.8912,8.2885],[-10.8883,8.289],[-10.8833,8.2914],[-10.8798,8.2898],[-10.877,8.2914],[-10.8724,8.2918],[-10.8689,8.2931],[-10.8665,8.2907],[-10.8656,8.287],[-10.8623,8.2826],[-10.8586,8.2833],[-10.8571,8.2813],[-10.8577,8.2772],[-10.8573,8.2739],[-10.8551,8.2732],[-10.8567,8.2695],[-10.8571,8.2669],[-10.8591,8.2651],[-10.8582,8.2614],[-10.8606,8.2599],[-10.8577,8.2584],[-10.8608,8.256],[-10.8645,8.252],[-10.8647,8.2507],[-10.8662,8.2455],[-10.8657,8.2435],[-10.8674,8.2416],[-10.8697,8.2391],[-10.871,8.2352],[-10.8725,8.2319],[-10.8708,8.2297],[-10.8738,8.2291],[-10.8705,8.2249],[-10.8751,8.2214],[-10.874,8.2182],[-10.8756,8.2166],[-10.874,8.2142],[-10.8753,8.2116],[-10.8775,8.2123],[-10.8797,8.2109],[-10.8819,8.2081],[-10.8839,8.2074],[-10.8841,8.2053],[-10.8863,8.2055],[-10.8885,8.2013],[-10.8871,8.1985],[-10.8852,8.1965],[-10.8856,8.193],[-10.8889,8.1913],[-10.888,8.1882],[-10.8898,8.1882],[-10.8909,8.186],[-10.8894,8.1812],[-10.891,8.1773],[-10.8927,8.1751],[-10.8905,8.1738],[-10.8883,8.1738],[-10.8872,8.1714],[-10.889,8.1703],[-10.8875,8.1681],[-10.8901,8.1661],[-10.8886,8.1646],[-10.889,8.1626],[-10.8914,8.1635],[-10.8925,8.1611],[-10.8953,8.1594],[-10.8964,8.157],[-10.8986,8.157],[-10.9004,8.1506],[-10.9001,8.1476],[-10.9041,8.1471],[-10.9047,8.1458],[-10.9058,8.1434],[-10.9074,8.143],[-10.9045,8.1388],[-10.9067,8.134],[-10.91,8.1323],[-10.9137,8.1294],[-10.9148,8.1266],[-10.9172,8.1244],[-10.9218,8.1231],[-10.9249,8.1187],[-10.9291,8.117],[-10.9332,8.1126],[-10.9387,8.1045],[-10.9374,8.1019],[-10.9405,8.1008],[-10.9422,8.0982],[-10.945,8.0905],[-10.9507,8.087],[-10.9603,8.0859],[-10.9636,8.0838],[-10.9599,8.0805],[-10.9571,8.0787],[-10.9619,8.0752],[-10.961,8.0711],[-10.9562,8.0696],[-10.9547,8.068],[-10.9653,8.0551],[-10.9633,8.0536],[-10.9666,8.0444],[-10.9694,8.0401],[-10.9699,8.0366],[-10.9729,8.0335],[-10.9736,8.0309],[-10.976,8.0261],[-10.9773,8.0221],[-10.9795,8.0182],[-10.9817,8.0143],[-10.9803,8.0088],[-10.9823,8.0044],[-10.9856,7.9979],[-10.987,7.9946],[-10.9877,7.9915],[-10.9905,7.9885],[-10.9929,7.9839],[-10.9942,7.98],[-10.9984,7.9782],[-11.0001,7.9747],[-11.0021,7.9721],[-11.0045,7.9684],[-11.006,7.9638],[-11.0095,7.9649],[-11.0115,7.9627],[-11.0098,7.961],[-11.0094,7.9575],[-11.0122,7.9542],[-11.0157,7.95],[-11.0168,7.947],[-11.0153,7.9435],[-11.0162,7.9382],[-11.0175,7.9341],[-11.0171,7.9282],[-11.0199,7.9251],[-11.0234,7.9251],[-11.0245,7.9234],[-11.0221,7.917],[-11.0227,7.9133],[-11.0264,7.91],[-11.027,7.9041],[-11.0285,7.8989],[-11.0338,7.8895],[-11.0401,7.884],[-11.0429,7.8801],[-11.0429,7.8757],[-11.0411,7.8726],[-11.0403,7.8714],[-11.0368,7.8705],[-11.0329,7.8716],[-11.0298,7.8725],[-11.0276,7.8775],[-11.0252,7.8777],[-11.0222,7.8749],[-11.0174,7.867],[-11.0117,7.8569],[-11.0073,7.844],[-11.0046,7.8403],[-10.9994,7.8266],[-10.9956,7.8193],[-10.9952,7.8185],[-10.9849,7.8041],[-10.9817,7.799],[-10.9747,7.796],[-10.9688,7.7982],[-10.9642,7.8008],[-10.9598,7.7955],[-10.9552,7.7861],[-10.9531,7.7787],[-10.952,7.775],[-10.9472,7.766],[-10.9448,7.7623],[-10.9431,7.7638],[-10.9407,7.7636],[-10.937,7.7595],[-10.9357,7.7619],[-10.9332,7.761],[-10.93,7.7582],[-10.9287,7.7584],[-10.9287,7.7625],[-10.9258,7.7676],[-10.923,7.7649],[-10.9199,7.7654],[-10.918,7.7645],[-10.9155,7.7621],[-10.9131,7.7628],[-10.911,7.7617],[-10.9088,7.7606],[-10.9079,7.7531],[-10.9083,7.747],[-10.9142,7.7411],[-10.9182,7.7337],[-10.9243,7.7271],[-10.9278,7.7195],[-10.9316,7.7038],[-10.9314,7.6983],[-10.9314,7.6861],[-10.9268,7.6806],[-10.9216,7.6775],[-10.9181,7.6749],[-10.9161,7.6666],[-10.9139,7.6551]],[[-11.2208,7.8558],[-11.2214,7.8443],[-11.2222,7.8422],[-11.2232,7.8374],[-11.2234,7.8354],[-11.2196,7.8345],[-11.2179,7.8332],[-11.2171,7.8311],[-11.2119,7.8297],[-11.2048,7.8306],[-11.2035,7.8309],[-11.2017,7.8289],[-11.2006,7.8247],[-11.2014,7.8153],[-11.1981,7.8143],[-11.1969,7.823],[-11.1916,7.8253],[-11.1906,7.8238],[-11.1887,7.8219],[-11.1882,7.8197],[-11.1865,7.819],[-11.185,7.8161],[-11.1824,7.813],[-11.1842,7.8103],[-11.1837,7.808],[-11.1813,7.8092],[-11.1787,7.8084],[-11.1748,7.8106],[-11.1685,7.8156],[-11.164,7.8216],[-11.1653,7.823],[-11.1685,7.8279],[-11.1686,7.8292],[-11.1715,7.8352],[-11.1686,7.8421],[-11.1686,7.8442],[-11.1674,7.8447],[-11.1668,7.8481],[-11.1686,7.8484],[-11.1694,7.8502],[-11.1691,7.8562],[-11.1677,7.8586],[-11.1676,7.8617],[-11.1683,7.869],[-11.1699,7.8716],[-11.1693,7.8727],[-11.1643,7.873],[-11.163,7.8724],[-11.158,7.8751],[-11.1593,7.8771],[-11.1611,7.8776],[-11.1615,7.8834],[-11.1591,7.885],[-11.1562,7.8871],[-11.1573,7.8953],[-11.1584,7.9006],[-11.1594,7.9024],[-11.1603,7.9034],[-11.1605,7.9028],[-11.1614,7.9015],[-11.1618,7.9017],[-11.163,7.9038],[-11.1625,7.9097],[-11.1592,7.9161],[-11.1594,7.9195],[-11.16,7.92],[-11.1606,7.9211],[-11.1655,7.9219],[-11.1804,7.9162],[-11.1801,7.9146],[-11.176,7.9136],[-11.1759,7.9133],[-11.177,7.9121],[-11.1782,7.9121],[-11.1793,7.9124],[-11.1836,7.9092],[-11.1843,7.9069],[-11.1845,7.9063],[-11.189,7.9057],[-11.1915,7.9039],[-11.1915,7.9024],[-11.1889,7.8985],[-11.1887,7.8982],[-11.1921,7.8955],[-11.1933,7.8954],[-11.1968,7.8949],[-11.198,7.8947],[-11.1992,7.8939],[-11.2037,7.8857],[-11.207,7.8819],[-11.2087,7.8769],[-11.2132,7.8686],[-11.2142,7.8642],[-11.2177,7.8589],[-11.2202,7.8572],[-11.2208,7.8558]]]},"properties":{"code":"KEN_KENDC","name":"Kenema District Council","level":"3","parent":"gheAIXur8EJ","parentGraph":"Plmg8ikyfrK/gheAIXur8EJ","groups":["aYjKY8GaXYQ","QJuHsfZjNBf"]}},{"type":"Feature","id":"FaHEx0amMeA","geometry":{"type":"Polygon","coordinates":[[[-10.9178,8.6391],[-10.9214,8.6358],[-10.9239,8.6358],[-10.927,8.6374],[-10.9291,8.6389],[-10.9327,8.6411],[-10.9375,8.6407],[-10.9423,8.6441],[-10.9425,8.6321],[-10.9462,8.6299],[-10.9466,8.6288],[-10.9473,8.6246],[-10.9493,8.622],[-10.9569,8.62],[-10.9602,8.621],[-10.9639,8.6234],[-10.9696,8.6285],[-10.9709,8.6316],[-10.9722,8.6318],[-10.9742,8.632],[-10.9778,8.6343],[-10.9797,8.632],[-10.9822,8.6313],[-10.9865,8.631],[-10.9872,8.6276],[-10.9856,8.6202],[-10.9863,8.6174],[-10.9851,8.611],[-10.9856,8.6109],[-10.9883,8.614],[-10.9917,8.6152],[-10.9941,8.6152],[-10.9953,8.6152],[-11,8.6157],[-11.0006,8.6162],[-11.0008,8.6176],[-11.0014,8.6221],[-10.9983,8.6228],[-10.996,8.628],[-10.9982,8.6271],[-10.9994,8.6282],[-11.0005,8.6359],[-10.9989,8.6381],[-10.9992,8.6417],[-11.0025,8.6444],[-11.0045,8.6478],[-11.0081,8.6506],[-11.0107,8.6541],[-11.0086,8.6554],[-11.0055,8.6596],[-11.0046,8.6622],[-11.0071,8.6644],[-11.008,8.6672],[-11.004,8.6703],[-11.0009,8.672],[-10.9973,8.6715],[-10.9948,8.6757],[-10.9958,8.6802],[-10.9942,8.687],[-10.995,8.6929],[-10.995,8.696],[-10.9933,8.7019],[-10.9899,8.7064],[-10.9863,8.7101],[-10.9823,8.7115],[-10.9775,8.7126],[-10.973,8.716],[-10.961,8.7256],[-10.9532,8.729],[-10.9503,8.731],[-10.9486,8.7355],[-10.9503,8.7372],[-10.9534,8.7377],[-10.9582,8.7397],[-10.9588,8.7417],[-10.9622,8.7425],[-10.9658,8.7442],[-10.9684,8.7459],[-10.9692,8.749],[-10.9763,8.7507],[-10.983,8.7515],[-10.9841,8.754],[-10.9864,8.7552],[-10.9892,8.7589],[-10.9921,8.7614],[-10.9912,8.7637],[-10.9909,8.7676],[-10.9894,8.7707],[-10.9869,8.7708],[-10.9854,8.7719],[-10.983,8.7732],[-10.9805,8.773],[-10.9788,8.7697],[-10.9759,8.7704],[-10.9725,8.7697],[-10.9681,8.771],[-10.9655,8.7691],[-10.9622,8.7717],[-10.9637,8.7728],[-10.9673,8.7728],[-10.9692,8.7737],[-10.9701,8.7809],[-10.9684,8.7838],[-10.9684,8.7919],[-10.9644,8.7936],[-10.9629,8.7939],[-10.9578,8.7941],[-10.9554,8.795],[-10.9539,8.7941],[-10.9521,8.7958],[-10.946,8.7983],[-10.9425,8.7978],[-10.9389,8.7989],[-10.9361,8.7989],[-10.9277,8.8007],[-10.9244,8.7989],[-10.919,8.8013],[-10.9093,8.804],[-10.9069,8.8057],[-10.9034,8.8042],[-10.9014,8.8051],[-10.8972,8.8084],[-10.895,8.8075],[-10.8902,8.8044],[-10.8845,8.8009],[-10.8816,8.7996],[-10.8799,8.7996],[-10.8781,8.7972],[-10.8746,8.7978],[-10.8731,8.7954],[-10.8707,8.7991],[-10.8682,8.7943],[-10.868,8.7917],[-10.8687,8.7886],[-10.8643,8.7866],[-10.8641,8.7888],[-10.8612,8.7862],[-10.8564,8.7879],[-10.8513,8.7849],[-10.8494,8.7849],[-10.8465,8.7873],[-10.8448,8.7846],[-10.8448,8.7815],[-10.8428,8.7804],[-10.8407,8.7808],[-10.8383,8.7835],[-10.8356,8.783],[-10.836,8.7801],[-10.8341,8.7758],[-10.8321,8.7758],[-10.8333,8.7709],[-10.8312,8.7695],[-10.8317,8.7655],[-10.8288,8.7532],[-10.8317,8.7507],[-10.8378,8.7489],[-10.8411,8.7474],[-10.844,8.7435],[-10.8461,8.7413],[-10.8483,8.7409],[-10.8486,8.7355],[-10.8497,8.733],[-10.8548,8.7312],[-10.8631,8.7308],[-10.867,8.7276],[-10.8685,8.7229],[-10.8707,8.7178],[-10.8786,8.7077],[-10.8815,8.7045],[-10.8865,8.6962],[-10.8905,8.6864],[-10.8901,8.6814],[-10.8934,8.6738],[-10.8948,8.6661],[-10.8937,8.662],[-10.8937,8.654],[-10.8946,8.6522],[-10.8997,8.6472],[-10.9051,8.6442],[-10.908,8.6392],[-10.9105,8.6397],[-10.913,8.6382],[-10.9178,8.6391]]]},"properties":{"code":"KON_KNSCC","name":"Koidu New Sembehun City Council","level":"3","parent":"P7LlNb9MosU","parentGraph":"Plmg8ikyfrK/P7LlNb9MosU","groups":["aYjKY8GaXYQ","QJuHsfZjNBf"]}},{"type":"Feature","id":"Y7YrGOsu9fp","geometry":{"type":"Polygon","coordinates":[[[-11.2444,9.2091],[-11.2443,9.1981],[-11.2499,9.1963],[-11.2509,9.1897],[-11.2484,9.1869],[-11.2492,9.183],[-11.2512,9.1782],[-11.253,9.1657],[-11.2527,9.1604],[-11.2514,9.1538],[-11.2481,9.1528],[-11.2428,9.149],[-11.2377,9.1462],[-11.2339,9.1502],[-11.2293,9.151],[-11.225,9.1492],[-11.2224,9.1462],[-11.2219,9.1446],[-11.2168,9.1421],[-11.2143,9.1395],[-11.2143,9.1355],[-11.2158,9.1304],[-11.2153,9.1281],[-11.2112,9.1276],[-11.2092,9.1281],[-11.2069,9.1337],[-11.2028,9.1367],[-11.1789,9.1791],[-11.1176,9.1149],[-11.1177,9.1148],[-11.0933,9.082],[-11.0954,9.0773],[-11.0998,9.0707],[-11.1023,9.0662],[-11.1038,9.0655],[-11.1084,9.0667],[-11.1115,9.0658],[-11.1179,9.0595],[-11.123,9.0506],[-11.1318,9.0527],[-11.1529,9.0519],[-11.1559,9.0454],[-11.1542,9.0419],[-11.151,9.0376],[-11.149,9.0342],[-11.1482,9.0272],[-11.1485,9.019],[-11.1427,9.0119],[-11.139,9.009],[-11.1363,9.0085],[-11.1341,8.9996],[-11.13,8.9976],[-11.1268,8.9974],[-11.1246,8.991],[-11.1257,8.982],[-11.1239,8.9784],[-11.1271,8.9713],[-11.1313,8.9671],[-11.1353,8.9666],[-11.1404,8.9651],[-11.1453,8.9604],[-11.1465,8.9588],[-11.1465,8.9545],[-11.1459,8.9531],[-11.1455,8.9454],[-11.1446,8.9425],[-11.146,8.9399],[-11.1485,8.9372],[-11.1557,8.9329],[-11.1611,8.9264],[-11.1619,8.9233],[-11.1649,8.9228],[-11.1669,8.925],[-11.1724,8.9342],[-11.1768,8.9361],[-11.1794,8.9365],[-11.1846,8.9376],[-11.1886,8.9372],[-11.1932,8.9354],[-11.2011,8.9297],[-11.2086,8.9306],[-11.218,8.934],[-11.2209,8.9356],[-11.2228,8.9355],[-11.2251,8.9329],[-11.2266,8.9317],[-11.2308,8.9311],[-11.2348,8.9299],[-11.2366,8.93],[-11.2383,8.9254],[-11.2419,8.9215],[-11.2436,8.9179],[-11.2475,8.9138],[-11.2516,8.9108],[-11.2571,8.9082],[-11.2565,8.9052],[-11.2534,8.9051],[-11.2503,8.9073],[-11.2477,8.9073],[-11.2479,8.9049],[-11.2491,8.9041],[-11.2511,8.9004],[-11.2527,8.8973],[-11.2538,8.892],[-11.2529,8.8902],[-11.2582,8.8829],[-11.2628,8.8743],[-11.2695,8.8623],[-11.2753,8.8602],[-11.284,8.8596],[-11.2931,8.8593],[-11.2963,8.8543],[-11.2976,8.8411],[-11.2986,8.8318],[-11.3056,8.8213],[-11.3053,8.8139],[-11.3026,8.8071],[-11.3055,8.8012],[-11.3108,8.7972],[-11.3204,8.7922],[-11.3277,8.7855],[-11.334,8.7801],[-11.3398,8.775],[-11.3398,8.7656],[-11.3391,8.7623],[-11.3415,8.7558],[-11.3401,8.7507],[-11.3418,8.7474],[-11.3437,8.7465],[-11.3454,8.7444],[-11.3469,8.7411],[-11.3477,8.737],[-11.3471,8.7317],[-11.3479,8.7294],[-11.3471,8.7251],[-11.3485,8.7169],[-11.3487,8.7146],[-11.3472,8.7119],[-11.348,8.708],[-11.3473,8.7055],[-11.3485,8.7011],[-11.3483,8.6963],[-11.3474,8.6913],[-11.3445,8.6878],[-11.3432,8.6853],[-11.343,8.6826],[-11.3411,8.676],[-11.3338,8.6647],[-11.3411,8.6614],[-11.3507,8.6595],[-11.3526,8.6606],[-11.3614,8.6636],[-11.3658,8.6698],[-11.3687,8.6746],[-11.369,8.6771],[-11.3719,8.6839],[-11.3767,8.6901],[-11.3746,8.6954],[-11.3782,8.7],[-11.3785,8.7043],[-11.3813,8.7095],[-11.3833,8.7116],[-11.3813,8.7169],[-11.3829,8.7223],[-11.382,8.7274],[-11.3843,8.7304],[-11.3858,8.7336],[-11.3848,8.7368],[-11.3876,8.7395],[-11.3871,8.742],[-11.3922,8.7438],[-11.3933,8.7493],[-11.3958,8.7519],[-11.3952,8.7548],[-11.3951,8.7557],[-11.3945,8.7592],[-11.3969,8.7672],[-11.3984,8.7722],[-11.4027,8.7757],[-11.4061,8.782],[-11.4065,8.7871],[-11.4085,8.7885],[-11.4083,8.7919],[-11.411,8.7935],[-11.414,8.7962],[-11.4152,8.8038],[-11.4172,8.8079],[-11.4181,8.8083],[-11.4188,8.8104],[-11.4211,8.8127],[-11.422,8.8178],[-11.4239,8.82],[-11.4261,8.8276],[-11.4287,8.8305],[-11.4297,8.8344],[-11.4315,8.8378],[-11.4317,8.8409],[-11.4327,8.8457],[-11.4374,8.8512],[-11.4423,8.8617],[-11.4446,8.8637],[-11.4465,8.8641],[-11.4477,8.8626],[-11.4557,8.8552],[-11.4611,8.8493],[-11.4659,8.8433],[-11.4678,8.8418],[-11.4749,8.8398],[-11.4839,8.8425],[-11.4947,8.8418],[-11.5027,8.8431],[-11.5173,8.844],[-11.5302,8.8459],[-11.5361,8.8479],[-11.5417,8.8497],[-11.5469,8.8489],[-11.5536,8.8493],[-11.557,8.8536],[-11.5584,8.8562],[-11.5584,8.8569],[-11.5584,8.8585],[-11.5595,8.8602],[-11.5584,8.8617],[-11.5545,8.8603],[-11.5515,8.8601],[-11.5501,8.863],[-11.5522,8.8658],[-11.5515,8.869],[-11.5469,8.8747],[-11.5432,8.8784],[-11.5435,8.8804],[-11.5432,8.8855],[-11.5409,8.8873],[-11.5417,8.89],[-11.5385,8.8902],[-11.5409,8.8944],[-11.5357,8.8942],[-11.534,8.899],[-11.5299,8.903],[-11.5292,8.9095],[-11.5278,8.9113],[-11.5239,8.9115],[-11.5205,8.9179],[-11.5191,8.9179],[-11.5203,8.9131],[-11.5186,8.9127],[-11.5162,8.9138],[-11.5095,8.9189],[-11.5079,8.9181],[-11.5114,8.9147],[-11.5083,8.9093],[-11.5004,8.9124],[-11.4997,8.9086],[-11.4981,8.9067],[-11.4951,8.9072],[-11.4939,8.9038],[-11.4917,8.9047],[-11.4914,8.9101],[-11.4892,8.9141],[-11.4907,8.917],[-11.4875,8.9241],[-11.4864,8.9294],[-11.4841,8.9316],[-11.4815,8.9298],[-11.4808,8.9255],[-11.479,8.9248],[-11.4758,8.9218],[-11.4739,8.9248],[-11.4719,8.9278],[-11.473,8.931],[-11.4724,8.9348],[-11.4701,8.9369],[-11.4701,8.939],[-11.4678,8.9433],[-11.4673,8.947],[-11.4684,8.9497],[-11.4666,8.9539],[-11.4657,8.9582],[-11.4632,8.9586],[-11.4604,8.9591],[-11.4602,8.9619],[-11.457,8.9662],[-11.4584,8.9687],[-11.4566,8.9715],[-11.4579,8.9735],[-11.4559,8.9785],[-11.4552,8.9843],[-11.4532,8.9897],[-11.4507,8.9868],[-11.4477,8.9861],[-11.4436,8.9863],[-11.4432,8.9927],[-11.4427,8.9952],[-11.4441,8.9959],[-11.4407,8.9991],[-11.4409,9.0065],[-11.4381,9.0099],[-11.4363,9.014],[-11.4395,9.0159],[-11.4406,9.0179],[-11.44,9.0211],[-11.4398,9.0253],[-11.4414,9.0254],[-11.4427,9.028],[-11.4462,9.0295],[-11.4477,9.0325],[-11.45,9.0353],[-11.4483,9.0396],[-11.4483,9.043],[-11.4486,9.0447],[-11.4451,9.0488],[-11.4462,9.0518],[-11.4451,9.0591],[-11.4444,9.0636],[-11.4446,9.0661],[-11.4463,9.0673],[-11.446,9.0691],[-11.4437,9.0712],[-11.4419,9.0739],[-11.4431,9.0785],[-11.4424,9.081],[-11.4417,9.0844],[-11.4442,9.086],[-11.4437,9.0876],[-11.4423,9.0947],[-11.4436,9.0971],[-11.442,9.0993],[-11.4441,9.1048],[-11.4439,9.1074],[-11.4436,9.1112],[-11.4445,9.1122],[-11.4434,9.1185],[-11.4439,9.1217],[-11.4414,9.1252],[-11.4423,9.1277],[-11.4441,9.1297],[-11.4436,9.1332],[-11.4438,9.1394],[-11.4456,9.1492],[-11.4442,9.1513],[-11.4451,9.1561],[-11.4469,9.1579],[-11.447,9.1604],[-11.4483,9.1636],[-11.4505,9.1653],[-11.4506,9.1654],[-11.4524,9.1673],[-11.4547,9.1684],[-11.4563,9.1709],[-11.4563,9.1727],[-11.4579,9.1764],[-11.4591,9.1744],[-11.4609,9.1735],[-11.4627,9.176],[-11.4625,9.1792],[-11.4641,9.1824],[-11.4678,9.1819],[-11.4712,9.1846],[-11.4751,9.1812],[-11.4792,9.1806],[-11.4815,9.1831],[-11.4833,9.1853],[-11.4844,9.1844],[-11.4879,9.1867],[-11.4902,9.1863],[-11.4907,9.1847],[-11.4918,9.1844],[-11.4947,9.1858],[-11.4987,9.1814],[-11.5,9.1794],[-11.5027,9.1787],[-11.5046,9.1743],[-11.5098,9.1686],[-11.5112,9.1657],[-11.5133,9.1648],[-11.5199,9.1639],[-11.5242,9.16],[-11.5273,9.1636],[-11.5305,9.1616],[-11.5339,9.1577],[-11.5369,9.1554],[-11.5422,9.1545],[-11.5424,9.1517],[-11.5472,9.151],[-11.5524,9.1491],[-11.5543,9.1494],[-11.5566,9.1477],[-11.5604,9.1506],[-11.5624,9.1515],[-11.5642,9.1504],[-11.5678,9.1427],[-11.5697,9.1367],[-11.5771,9.1326],[-11.5796,9.1302],[-11.578,9.1259],[-11.579,9.1235],[-11.5769,9.1204],[-11.582,9.117],[-11.5865,9.1161],[-11.5889,9.1144],[-11.5916,9.1106],[-11.5928,9.109],[-11.6,9.1025],[-11.6043,9.0975],[-11.6062,9.0938],[-11.6096,9.0907],[-11.613,9.086],[-11.6217,9.0799],[-11.6258,9.0748],[-11.6288,9.0717],[-11.6347,9.068],[-11.64,9.0639],[-11.6416,9.0591],[-11.6459,9.0538],[-11.6474,9.0675],[-11.6527,9.079],[-11.6692,9.0943],[-11.6754,9.0979],[-11.6833,9.1014],[-11.6881,9.1046],[-11.7052,9.1092],[-11.7173,9.1135],[-11.7143,9.121],[-11.7128,9.1291],[-11.7137,9.1345],[-11.7109,9.1393],[-11.7104,9.144],[-11.7077,9.1478],[-11.7096,9.1508],[-11.7084,9.1558],[-11.7087,9.1609],[-11.7081,9.1654],[-11.7092,9.168],[-11.708,9.1721],[-11.708,9.1755],[-11.7078,9.1803],[-11.7074,9.1851],[-11.7078,9.1899],[-11.7058,9.1933],[-11.708,9.1954],[-11.7097,9.1963],[-11.7099,9.1995],[-11.7081,9.2023],[-11.7096,9.2059],[-11.7095,9.2194],[-11.7091,9.2251],[-11.7091,9.2295],[-11.713,9.2563],[-11.7133,9.2684],[-11.7127,9.2759],[-11.7135,9.2826],[-11.7154,9.2862],[-11.7177,9.291],[-11.7239,9.2865],[-11.7319,9.2794],[-11.7378,9.2734],[-11.7426,9.2675],[-11.7463,9.2617],[-11.7483,9.2563],[-11.749,9.2508],[-11.7511,9.2451],[-11.7588,9.2446],[-11.7645,9.2439],[-11.7707,9.2451],[-11.778,9.2444],[-11.7817,9.2459],[-11.7867,9.2446],[-11.7964,9.2441],[-11.7971,9.2329],[-11.7967,9.231],[-11.801,9.2298],[-11.8049,9.2333],[-11.81,9.2328],[-11.8207,9.2324],[-11.8254,9.2281],[-11.8318,9.2294],[-11.8365,9.2337],[-11.8395,9.2414],[-11.8448,9.2448],[-11.8498,9.2492],[-11.8525,9.2533],[-11.8542,9.2597],[-11.8572,9.2614],[-11.8593,9.2597],[-11.8649,9.2614],[-11.8649,9.2666],[-11.8602,9.2678],[-11.8538,9.2683],[-11.8503,9.2653],[-11.8444,9.2661],[-11.8371,9.2661],[-11.838,9.2734],[-11.8427,9.2819],[-11.8441,9.2905],[-11.8453,9.2946],[-11.8401,9.2946],[-11.8333,9.2956],[-11.8278,9.2995],[-11.8259,9.3077],[-11.8266,9.311],[-11.8264,9.3173],[-11.8298,9.3292],[-11.8183,9.3387],[-11.8081,9.3469],[-11.8106,9.3545],[-11.8179,9.361],[-11.8247,9.3605],[-11.8243,9.3652],[-11.8222,9.3716],[-11.82,9.3763],[-11.8175,9.384],[-11.8162,9.3904],[-11.8126,9.3972],[-11.8123,9.3977],[-11.8187,9.4032],[-11.8228,9.4088],[-11.8322,9.4203],[-11.8352,9.4272],[-11.8407,9.4314],[-11.8433,9.4387],[-11.8412,9.4464],[-11.8493,9.4485],[-11.8553,9.4506],[-11.8587,9.4558],[-11.8617,9.4612],[-11.8672,9.4622],[-11.8732,9.4665],[-11.8758,9.4726],[-11.8775,9.4801],[-11.8797,9.487],[-11.8832,9.4895],[-11.8844,9.4915],[-11.8801,9.4954],[-11.8772,9.5002],[-11.8728,9.5049],[-11.8681,9.5045],[-11.8672,9.5083],[-11.8715,9.5122],[-11.874,9.5164],[-11.877,9.519],[-11.8819,9.5207],[-11.8866,9.5113],[-11.8896,9.5139],[-11.8888,9.5177],[-11.8888,9.5215],[-11.8879,9.5267],[-11.8858,9.5292],[-11.8858,9.5335],[-11.8849,9.5386],[-11.8909,9.5395],[-11.8952,9.5408],[-11.8973,9.5404],[-11.8999,9.5399],[-11.9059,9.5391],[-11.9136,9.5378],[-11.9195,9.5395],[-11.9268,9.5382],[-11.9341,9.5365],[-11.9366,9.5335],[-11.9413,9.5335],[-11.9435,9.5305],[-11.9499,9.5335],[-11.9516,9.5292],[-11.9528,9.5262],[-11.9563,9.5224],[-11.961,9.5211],[-11.964,9.5126],[-11.9601,9.5126],[-11.961,9.507],[-11.9657,9.5062],[-11.9687,9.5015],[-11.9695,9.4946],[-11.9746,9.4985],[-12.0008,9.5198],[-12.0051,9.5245],[-12.0094,9.5305],[-12.0184,9.5408],[-12.0235,9.5425],[-12.0291,9.5489],[-12.0334,9.551],[-12.0376,9.5476],[-12.0446,9.5476],[-12.0491,9.5454],[-12.0509,9.5446],[-12.0551,9.5485],[-12.0577,9.5467],[-12.0607,9.554],[-12.0624,9.5608],[-12.0603,9.563],[-12.0607,9.5681],[-12.0662,9.5754],[-12.0697,9.5774],[-12.0697,9.574],[-12.0712,9.5716],[-12.0765,9.5713],[-12.081,9.5716],[-12.0897,9.5749],[-12.0944,9.5758],[-12.1004,9.5779],[-12.1072,9.5835],[-12.1098,9.5805],[-12.1128,9.5813],[-12.1154,9.5839],[-12.1213,9.5801],[-12.126,9.5826],[-12.1295,9.5818],[-12.1307,9.5873],[-12.1351,9.5901],[-12.1336,9.5906],[-12.1321,9.5915],[-12.1308,9.5926],[-12.1261,9.5941],[-12.1232,9.5949],[-12.1189,9.5991],[-12.1164,9.5999],[-12.115,9.6033],[-12.1136,9.6063],[-12.1107,9.6081],[-12.1124,9.6127],[-12.1119,9.6174],[-12.1088,9.6208],[-12.1077,9.6269],[-12.1044,9.6291],[-12.1005,9.6334],[-12.0972,9.6352],[-12.0934,9.6395],[-12.0931,9.6415],[-12.0881,9.6438],[-12.0819,9.6457],[-12.0776,9.6481],[-12.073,9.6498],[-12.0674,9.6527],[-12.0627,9.6544],[-12.061,9.6555],[-12.055,9.6573],[-12.0517,9.6578],[-12.0484,9.6605],[-12.0442,9.6637],[-12.043,9.6644],[-12.0419,9.6641],[-12.0412,9.6637],[-12.0404,9.6628],[-12.0399,9.6626],[-12.0393,9.6626],[-12.039,9.6622],[-12.039,9.6617],[-12.0388,9.6611],[-12.0383,9.6608],[-12.0373,9.66],[-12.0368,9.6594],[-12.0364,9.6584],[-12.0354,9.6573],[-12.0333,9.6584],[-12.0324,9.6595],[-12.0317,9.6605],[-12.0269,9.664],[-12.0261,9.665],[-12.0256,9.6662],[-12.026,9.6671],[-12.0261,9.6683],[-12.0262,9.6688],[-12.0267,9.6689],[-12.0285,9.6686],[-12.0289,9.669],[-12.0286,9.6698],[-12.0282,9.6701],[-12.0276,9.6706],[-12.0258,9.6712],[-12.0251,9.6711],[-12.0245,9.6706],[-12.0236,9.6691],[-12.0228,9.6669],[-12.02,9.6656],[-12.0108,9.6673],[-12.0076,9.6678],[-12.0054,9.6695],[-12.0052,9.671],[-12.0055,9.6738],[-12.0069,9.6763],[-12.0072,9.6783],[-12.007,9.679],[-12.006,9.679],[-12.0005,9.6777],[-11.9987,9.6775],[-11.9972,9.6784],[-11.9944,9.6794],[-11.9921,9.6809],[-11.9909,9.6811],[-11.9884,9.6808],[-11.9875,9.681],[-11.985,9.6812],[-11.983,9.6821],[-11.9817,9.6821],[-11.9805,9.6817],[-11.9797,9.6819],[-11.9792,9.6827],[-11.9773,9.6872],[-11.9754,9.6877],[-11.9724,9.6878],[-11.9608,9.6913],[-11.9528,9.6933],[-11.941,9.6952],[-11.9366,9.6949],[-11.9322,9.6957],[-11.9239,9.696],[-11.9226,9.6971],[-11.9217,9.6985],[-11.9167,9.7004],[-11.9155,9.7019],[-11.9137,9.7024],[-11.9127,9.7019],[-11.9119,9.7005],[-11.9107,9.7005],[-11.9095,9.7014],[-11.9083,9.7012],[-11.9077,9.7003],[-11.9065,9.6993],[-11.9041,9.6992],[-11.9024,9.6998],[-11.9006,9.7],[-11.8977,9.6988],[-11.8959,9.6977],[-11.8942,9.6979],[-11.8937,9.6993],[-11.8924,9.6997],[-11.8878,9.7001],[-11.8853,9.6992],[-11.8844,9.6997],[-11.8836,9.7008],[-11.8829,9.7023],[-11.8832,9.7033],[-11.8837,9.7041],[-11.8837,9.705],[-11.8835,9.7059],[-11.8828,9.7066],[-11.8817,9.7071],[-11.881,9.7074],[-11.8805,9.7081],[-11.88,9.7093],[-11.8793,9.7106],[-11.8788,9.711],[-11.8782,9.7113],[-11.8765,9.7117],[-11.8748,9.7127],[-11.8741,9.7135],[-11.8738,9.7142],[-11.8738,9.7152],[-11.8739,9.7159],[-11.8748,9.7177],[-11.8752,9.7195],[-11.8753,9.7207],[-11.8752,9.7214],[-11.8748,9.7219],[-11.8742,9.7222],[-11.8731,9.7227],[-11.8766,9.7276],[-11.878,9.7392],[-11.878,9.7541],[-11.8775,9.7605],[-11.8759,9.7707],[-11.8812,9.7765],[-11.8785,9.7808],[-11.8817,9.7851],[-11.888,9.8059],[-11.8827,9.826],[-11.8905,9.8361],[-11.8894,9.8376],[-11.8894,9.8389],[-11.8897,9.8402],[-11.8903,9.8422],[-11.8905,9.8441],[-11.8909,9.8466],[-11.8911,9.8487],[-11.8901,9.8504],[-11.8893,9.852],[-11.889,9.853],[-11.8889,9.8539],[-11.8898,9.8561],[-11.8901,9.8581],[-11.8907,9.8602],[-11.891,9.8621],[-11.8909,9.8626],[-11.8905,9.8638],[-11.8902,9.8644],[-11.8876,9.8655],[-11.8872,9.8663],[-11.8868,9.8723],[-11.8863,9.8731],[-11.8851,9.8747],[-11.8841,9.8787],[-11.8839,9.8796],[-11.8842,9.8811],[-11.8849,9.8826],[-11.8858,9.8833],[-11.8884,9.8842],[-11.8898,9.8846],[-11.8913,9.8847],[-11.8923,9.8844],[-11.8929,9.8841],[-11.8939,9.884],[-11.8953,9.884],[-11.8964,9.8841],[-11.8974,9.8843],[-11.8981,9.8848],[-11.8988,9.8857],[-11.8993,9.8872],[-11.8997,9.888],[-11.9002,9.8881],[-11.9009,9.8881],[-11.9017,9.8878],[-11.9026,9.8877],[-11.9032,9.8879],[-11.9038,9.8886],[-11.9041,9.8893],[-11.9041,9.8902],[-11.904,9.891],[-11.9042,9.8917],[-11.9046,9.8924],[-11.9054,9.893],[-11.9058,9.8934],[-11.9061,9.8943],[-11.9061,9.8955],[-11.9066,9.8969],[-11.9067,9.8978],[-11.9072,9.8991],[-11.9072,9.8996],[-11.9067,9.9007],[-11.9062,9.9013],[-11.9051,9.9024],[-11.9026,9.9036],[-11.9007,9.9041],[-11.9001,9.9041],[-11.8997,9.9038],[-11.8992,9.9036],[-11.8987,9.9037],[-11.8983,9.9039],[-11.898,9.9043],[-11.8978,9.9049],[-11.8976,9.9061],[-11.8973,9.9073],[-11.8965,9.9088],[-11.8946,9.9117],[-11.894,9.9127],[-11.8933,9.9136],[-11.8926,9.9143],[-11.8918,9.9147],[-11.8914,9.9152],[-11.8912,9.9156],[-11.8914,9.9161],[-11.8917,9.9164],[-11.8922,9.9167],[-11.8951,9.9184],[-11.8967,9.9198],[-11.8972,9.9206],[-11.8976,9.921],[-11.8983,9.9213],[-11.8986,9.922],[-11.8985,9.9228],[-11.8982,9.9233],[-11.8977,9.9243],[-11.8964,9.9256],[-11.8946,9.9268],[-11.8941,9.9274],[-11.8939,9.9282],[-11.8942,9.9292],[-11.8949,9.9305],[-11.8957,9.9315],[-11.8967,9.9322],[-11.8993,9.9333],[-11.9012,9.9344],[-11.902,9.9351],[-11.9024,9.9363],[-11.9027,9.9368],[-11.9044,9.9379],[-11.9069,9.9402],[-11.9077,9.9414],[-11.9089,9.9436],[-11.9092,9.9444],[-11.9093,9.9453],[-11.9089,9.9476],[-11.9084,9.9494],[-11.9081,9.9514],[-11.908,9.9519],[-11.9078,9.9527],[-11.9077,9.9533],[-11.9078,9.9538],[-11.9084,9.9553],[-11.9088,9.9564],[-11.909,9.957],[-11.9088,9.9574],[-11.908,9.9583],[-11.9065,9.9594],[-11.9058,9.9602],[-11.9044,9.9644],[-11.9042,9.9666],[-11.9036,9.9683],[-11.9036,9.9708],[-11.9038,9.9725],[-11.901,9.9806],[-11.9008,9.9823],[-11.8996,9.9844],[-11.8993,9.9875],[-11.8991,9.9886],[-11.8987,9.9892],[-11.8979,9.9895],[-11.8974,9.9899],[-11.8966,9.9918],[-11.8967,9.9926],[-11.8972,9.993],[-11.8972,9.9937],[-11.896,9.9957],[-11.8952,9.9977],[-11.8946,9.9999],[-11.7527,9.9999],[-11.7522,9.9928],[-11.753,9.9826],[-11.7538,9.9806],[-11.7563,9.9782],[-11.7559,9.9724],[-11.76,9.9704],[-11.7632,9.9671],[-11.7645,9.9618],[-11.7628,9.9557],[-11.759,9.9499],[-11.7612,9.9439],[-11.7587,9.937],[-11.76,9.9325],[-11.7555,9.9276],[-11.7543,9.9235],[-11.7547,9.9198],[-11.7592,9.919],[-11.7575,9.9125],[-11.7592,9.9072],[-11.7579,9.8978],[-11.7579,9.8941],[-11.7612,9.8909],[-11.7592,9.8868],[-11.7563,9.8831],[-11.7563,9.8766],[-11.7596,9.8709],[-11.7563,9.868],[-11.7547,9.8574],[-11.7514,9.8554],[-11.7543,9.8472],[-11.7551,9.8431],[-11.7543,9.8386],[-11.7532,9.8365],[-11.749,9.8358],[-11.7445,9.8317],[-11.7383,9.828],[-11.7355,9.8227],[-11.7339,9.8162],[-11.7339,9.8125],[-11.7302,9.8101],[-11.7253,9.8076],[-11.7212,9.8129],[-11.7179,9.815],[-11.7151,9.8219],[-11.7098,9.8195],[-11.7077,9.8227],[-11.7008,9.8243],[-11.6996,9.8199],[-11.6959,9.817],[-11.6939,9.8129],[-11.6865,9.8068],[-11.6873,9.8023],[-11.6837,9.8011],[-11.682,9.797],[-11.6808,9.7958],[-11.6812,9.7917],[-11.6776,9.7856],[-11.6771,9.7833],[-11.6763,9.7795],[-11.6796,9.7733],[-11.6835,9.7685],[-11.6867,9.7607],[-11.688,9.7558],[-11.6871,9.7505],[-11.681,9.7468],[-11.6745,9.7423],[-11.6696,9.7383],[-11.6623,9.735],[-11.6545,9.7309],[-11.6476,9.726],[-11.6435,9.7219],[-11.6304,9.7101],[-11.6308,9.7011],[-11.6357,9.6848],[-11.637,9.6779],[-11.6365,9.6718],[-11.6374,9.6692],[-11.6223,9.6707],[-11.6186,9.6709],[-11.6123,9.6704],[-11.6085,9.6709],[-11.6066,9.6612],[-11.6055,9.6513],[-11.6047,9.6474],[-11.6034,9.6472],[-11.5968,9.6452],[-11.5915,9.6452],[-11.5853,9.6477],[-11.5702,9.6526],[-11.5613,9.655],[-11.5535,9.6563],[-11.547,9.6587],[-11.5372,9.664],[-11.5343,9.6607],[-11.5294,9.6632],[-11.5254,9.666],[-11.5229,9.664],[-11.518,9.6656],[-11.5133,9.6656],[-11.5142,9.6631],[-11.5136,9.6577],[-11.5122,9.6547],[-11.5136,9.6523],[-11.5118,9.6483],[-11.5128,9.6455],[-11.5107,9.6419],[-11.5095,9.6396],[-11.496,9.6399],[-11.4809,9.6386],[-11.4709,9.6391],[-11.4686,9.6389],[-11.4597,9.6373],[-11.45,9.6374],[-11.4468,9.6362],[-11.4405,9.6434],[-11.4332,9.6511],[-11.428,9.6512],[-11.4179,9.6497],[-11.3956,9.6488],[-11.3888,9.6488],[-11.3811,9.6483],[-11.3753,9.6476],[-11.3728,9.6481],[-11.3764,9.6421],[-11.3758,9.6394],[-11.3739,9.6384],[-11.3687,9.6382],[-11.3618,9.6387],[-11.3572,9.6384],[-11.3545,9.6357],[-11.3483,9.6245],[-11.3481,9.6187],[-11.3425,9.6027],[-11.3485,9.5944],[-11.3537,9.5866],[-11.3553,9.5833],[-11.3602,9.5775],[-11.3671,9.5711],[-11.3694,9.5673],[-11.3621,9.5634],[-11.3513,9.5545],[-11.3451,9.5506],[-11.3389,9.5453],[-11.3359,9.5416],[-11.3307,9.5363],[-11.3271,9.5339],[-11.3285,9.5262],[-11.3324,9.5262],[-11.3329,9.5251],[-11.3293,9.5218],[-11.33,9.5181],[-11.332,9.5174],[-11.3307,9.5154],[-11.3324,9.5121],[-11.3309,9.5097],[-11.334,9.5081],[-11.3344,9.5066],[-11.3316,9.5044],[-11.3333,9.5022],[-11.3349,9.4975],[-11.3349,9.4914],[-11.3376,9.4897],[-11.3447,9.4858],[-11.3513,9.4833],[-11.3725,9.4787],[-11.3784,9.4761],[-11.3826,9.476],[-11.3862,9.4784],[-11.3891,9.4826],[-11.3928,9.4859],[-11.4041,9.492],[-11.4114,9.4967],[-11.4144,9.5008],[-11.4191,9.5057],[-11.4235,9.5097],[-11.4318,9.5141],[-11.4422,9.5216],[-11.4464,9.5269],[-11.453,9.5361],[-11.4577,9.5423],[-11.4587,9.5446],[-11.4604,9.5424],[-11.4641,9.5391],[-11.4736,9.5391],[-11.4791,9.5358],[-11.4809,9.5338],[-11.4855,9.527],[-11.4917,9.5215],[-11.4999,9.519],[-11.5027,9.5201],[-11.5138,9.521],[-11.5184,9.5235],[-11.5241,9.525],[-11.5292,9.5215],[-11.5318,9.5204],[-11.5356,9.5216],[-11.535,9.5192],[-11.5354,9.5144],[-11.5369,9.5104],[-11.5376,9.5049],[-11.5376,9.5002],[-11.5401,9.4958],[-11.5489,9.4881],[-11.5555,9.4796],[-11.557,9.4731],[-11.5585,9.4631],[-11.5549,9.4617],[-11.5512,9.4609],[-11.5498,9.4533],[-11.547,9.4516],[-11.5453,9.4491],[-11.5451,9.4444],[-11.5426,9.4385],[-11.5404,9.4353],[-11.5394,9.4326],[-11.5387,9.4282],[-11.5389,9.4232],[-11.5416,9.4166],[-11.5421,9.4134],[-11.5406,9.4097],[-11.5387,9.4087],[-11.5337,9.4097],[-11.5318,9.408],[-11.532,9.4045],[-11.5372,9.4016],[-11.5363,9.3959],[-11.54,9.3953],[-11.5385,9.3931],[-11.5385,9.3913],[-11.5363,9.3888],[-11.5434,9.382],[-11.5406,9.3802],[-11.5416,9.3771],[-11.5373,9.3715],[-11.5277,9.3728],[-11.5138,9.3756],[-11.5046,9.3756],[-11.4972,9.3748],[-11.4765,9.375],[-11.472,9.3756],[-11.4653,9.375],[-11.4631,9.3734],[-11.4607,9.3697],[-11.4581,9.3635],[-11.4556,9.3597],[-11.4547,9.3541],[-11.4513,9.3499],[-11.4487,9.3452],[-11.4453,9.3417],[-11.4457,9.3366],[-11.4479,9.3323],[-11.4492,9.3281],[-11.45,9.3187],[-11.4487,9.3105],[-11.4428,9.3063],[-11.4342,9.3011],[-11.4261,9.2956],[-11.4175,9.2892],[-11.4086,9.2815],[-11.3996,9.2734],[-11.3932,9.2669],[-11.3893,9.2601],[-11.3868,9.2563],[-11.3932,9.2396],[-11.3965,9.2325],[-11.3982,9.226],[-11.4025,9.2115],[-11.4038,9.2047],[-11.4059,9.1953],[-11.4132,9.1816],[-11.4175,9.1782],[-11.413,9.1774],[-11.3982,9.1772],[-11.3855,9.1777],[-11.385,9.1899],[-11.3397,9.1899],[-11.3365,9.1946],[-11.3289,9.2015],[-11.3223,9.2033],[-11.3144,9.203],[-11.2839,9.2045],[-11.2661,9.2076],[-11.2587,9.2094],[-11.2488,9.2162],[-11.247,9.2145],[-11.2444,9.2091]]]},"properties":{"code":"KOI","name":"Koinadugu District","level":"2","parent":"Plmg8ikyfrK","parentGraph":"Plmg8ikyfrK","groups":["QJuHsfZjNBf","Y1fwmuWGmNr"]}},{"type":"Feature","id":"uRIM07TDTnA","geometry":{"type":"Polygon","coordinates":[[[-11.2444,9.2091],[-11.2443,9.1981],[-11.2499,9.1963],[-11.2509,9.1897],[-11.2484,9.1869],[-11.2492,9.183],[-11.2512,9.1782],[-11.253,9.1657],[-11.2527,9.1604],[-11.2514,9.1538],[-11.2481,9.1528],[-11.2428,9.149],[-11.2377,9.1462],[-11.2339,9.1502],[-11.2293,9.151],[-11.225,9.1492],[-11.2224,9.1462],[-11.2219,9.1446],[-11.2168,9.1421],[-11.2143,9.1395],[-11.2143,9.1355],[-11.2158,9.1304],[-11.2153,9.1281],[-11.2112,9.1276],[-11.2092,9.1281],[-11.2069,9.1337],[-11.2028,9.1367],[-11.1789,9.1791],[-11.1176,9.1149],[-11.1177,9.1148],[-11.0933,9.082],[-11.0954,9.0773],[-11.0998,9.0707],[-11.1023,9.0662],[-11.1038,9.0655],[-11.1084,9.0667],[-11.1115,9.0658],[-11.1179,9.0595],[-11.123,9.0506],[-11.1318,9.0527],[-11.1529,9.0519],[-11.1559,9.0454],[-11.1542,9.0419],[-11.151,9.0376],[-11.149,9.0342],[-11.1482,9.0272],[-11.1485,9.019],[-11.1427,9.0119],[-11.139,9.009],[-11.1363,9.0085],[-11.1341,8.9996],[-11.13,8.9976],[-11.1268,8.9974],[-11.1246,8.991],[-11.1257,8.982],[-11.1239,8.9784],[-11.1271,8.9713],[-11.1313,8.9671],[-11.1353,8.9666],[-11.1404,8.9651],[-11.1453,8.9604],[-11.1465,8.9588],[-11.1465,8.9545],[-11.1459,8.9531],[-11.1455,8.9454],[-11.1446,8.9425],[-11.146,8.9399],[-11.1485,8.9372],[-11.1557,8.9329],[-11.1611,8.9264],[-11.1619,8.9233],[-11.1649,8.9228],[-11.1669,8.925],[-11.1724,8.9342],[-11.1768,8.9361],[-11.1794,8.9365],[-11.1846,8.9376],[-11.1886,8.9372],[-11.1932,8.9354],[-11.2011,8.9297],[-11.2086,8.9306],[-11.218,8.934],[-11.2209,8.9356],[-11.2228,8.9355],[-11.2251,8.9329],[-11.2266,8.9317],[-11.2308,8.9311],[-11.2348,8.9299],[-11.2366,8.93],[-11.2383,8.9254],[-11.2419,8.9215],[-11.2436,8.9179],[-11.2475,8.9138],[-11.2516,8.9108],[-11.2571,8.9082],[-11.2565,8.9052],[-11.2534,8.9051],[-11.2503,8.9073],[-11.2477,8.9073],[-11.2479,8.9049],[-11.2491,8.9041],[-11.2511,8.9004],[-11.2527,8.8973],[-11.2538,8.892],[-11.2529,8.8902],[-11.2582,8.8829],[-11.2628,8.8743],[-11.2695,8.8623],[-11.2753,8.8602],[-11.284,8.8596],[-11.2931,8.8593],[-11.2963,8.8543],[-11.2976,8.8411],[-11.2986,8.8318],[-11.3056,8.8213],[-11.3053,8.8139],[-11.3026,8.8071],[-11.3055,8.8012],[-11.3108,8.7972],[-11.3204,8.7922],[-11.3277,8.7855],[-11.334,8.7801],[-11.3398,8.775],[-11.3398,8.7656],[-11.3391,8.7623],[-11.3415,8.7558],[-11.3401,8.7507],[-11.3418,8.7474],[-11.3437,8.7465],[-11.3454,8.7444],[-11.3469,8.7411],[-11.3477,8.737],[-11.3471,8.7317],[-11.3479,8.7294],[-11.3471,8.7251],[-11.3485,8.7169],[-11.3487,8.7146],[-11.3472,8.7119],[-11.348,8.708],[-11.3473,8.7055],[-11.3485,8.7011],[-11.3483,8.6963],[-11.3474,8.6913],[-11.3445,8.6878],[-11.3432,8.6853],[-11.343,8.6826],[-11.3411,8.676],[-11.3338,8.6647],[-11.3411,8.6614],[-11.3507,8.6595],[-11.3526,8.6606],[-11.3614,8.6636],[-11.3658,8.6698],[-11.3687,8.6746],[-11.369,8.6771],[-11.3719,8.6839],[-11.3767,8.6901],[-11.3746,8.6954],[-11.3782,8.7],[-11.3785,8.7043],[-11.3813,8.7095],[-11.3833,8.7116],[-11.3813,8.7169],[-11.3829,8.7223],[-11.382,8.7274],[-11.3843,8.7304],[-11.3858,8.7336],[-11.3848,8.7368],[-11.3876,8.7395],[-11.3871,8.742],[-11.3922,8.7438],[-11.3933,8.7493],[-11.3958,8.7519],[-11.3952,8.7548],[-11.3951,8.7557],[-11.3945,8.7592],[-11.3969,8.7672],[-11.3984,8.7722],[-11.4027,8.7757],[-11.4061,8.782],[-11.4065,8.7871],[-11.4085,8.7885],[-11.4083,8.7919],[-11.411,8.7935],[-11.414,8.7962],[-11.4152,8.8038],[-11.4172,8.8079],[-11.4181,8.8083],[-11.4188,8.8104],[-11.4211,8.8127],[-11.422,8.8178],[-11.4239,8.82],[-11.4261,8.8276],[-11.4287,8.8305],[-11.4297,8.8344],[-11.4315,8.8378],[-11.4317,8.8409],[-11.4327,8.8457],[-11.4374,8.8512],[-11.4423,8.8617],[-11.4446,8.8637],[-11.4465,8.8641],[-11.4477,8.8626],[-11.4557,8.8552],[-11.4611,8.8493],[-11.4659,8.8433],[-11.4678,8.8418],[-11.4749,8.8398],[-11.4839,8.8425],[-11.4947,8.8418],[-11.5027,8.8431],[-11.5173,8.844],[-11.5302,8.8459],[-11.5361,8.8479],[-11.5417,8.8497],[-11.5469,8.8489],[-11.5536,8.8493],[-11.557,8.8536],[-11.5584,8.8562],[-11.5584,8.8569],[-11.5584,8.8585],[-11.5595,8.8602],[-11.5584,8.8617],[-11.5545,8.8603],[-11.5515,8.8601],[-11.5501,8.863],[-11.5522,8.8658],[-11.5515,8.869],[-11.5469,8.8747],[-11.5432,8.8784],[-11.5435,8.8804],[-11.5432,8.8855],[-11.5409,8.8873],[-11.5417,8.89],[-11.5385,8.8902],[-11.5409,8.8944],[-11.5357,8.8942],[-11.534,8.899],[-11.5299,8.903],[-11.5292,8.9095],[-11.5278,8.9113],[-11.5239,8.9115],[-11.5205,8.9179],[-11.5191,8.9179],[-11.5203,8.9131],[-11.5186,8.9127],[-11.5162,8.9138],[-11.5095,8.9189],[-11.5079,8.9181],[-11.5114,8.9147],[-11.5083,8.9093],[-11.5004,8.9124],[-11.4997,8.9086],[-11.4981,8.9067],[-11.4951,8.9072],[-11.4939,8.9038],[-11.4917,8.9047],[-11.4914,8.9101],[-11.4892,8.9141],[-11.4907,8.917],[-11.4875,8.9241],[-11.4864,8.9294],[-11.4841,8.9316],[-11.4815,8.9298],[-11.4808,8.9255],[-11.479,8.9248],[-11.4758,8.9218],[-11.4739,8.9248],[-11.4719,8.9278],[-11.473,8.931],[-11.4724,8.9348],[-11.4701,8.9369],[-11.4701,8.939],[-11.4678,8.9433],[-11.4673,8.947],[-11.4684,8.9497],[-11.4666,8.9539],[-11.4657,8.9582],[-11.4632,8.9586],[-11.4604,8.9591],[-11.4602,8.9619],[-11.457,8.9662],[-11.4584,8.9687],[-11.4566,8.9715],[-11.4579,8.9735],[-11.4559,8.9785],[-11.4552,8.9843],[-11.4532,8.9897],[-11.4507,8.9868],[-11.4477,8.9861],[-11.4436,8.9863],[-11.4432,8.9927],[-11.4427,8.9952],[-11.4441,8.9959],[-11.4407,8.9991],[-11.4409,9.0065],[-11.4381,9.0099],[-11.4363,9.014],[-11.4395,9.0159],[-11.4406,9.0179],[-11.44,9.0211],[-11.4398,9.0253],[-11.4414,9.0254],[-11.4427,9.028],[-11.4462,9.0295],[-11.4477,9.0325],[-11.45,9.0353],[-11.4483,9.0396],[-11.4483,9.043],[-11.4486,9.0447],[-11.4451,9.0488],[-11.4462,9.0518],[-11.4451,9.0591],[-11.4444,9.0636],[-11.4446,9.0661],[-11.4463,9.0673],[-11.446,9.0691],[-11.4437,9.0712],[-11.4419,9.0739],[-11.4431,9.0785],[-11.4424,9.081],[-11.4417,9.0844],[-11.4442,9.086],[-11.4437,9.0876],[-11.4423,9.0947],[-11.4436,9.0971],[-11.442,9.0993],[-11.4441,9.1048],[-11.4439,9.1074],[-11.4436,9.1112],[-11.4445,9.1122],[-11.4434,9.1185],[-11.4439,9.1217],[-11.4414,9.1252],[-11.4423,9.1277],[-11.4441,9.1297],[-11.4436,9.1332],[-11.4438,9.1394],[-11.4456,9.1492],[-11.4442,9.1513],[-11.4451,9.1561],[-11.4469,9.1579],[-11.447,9.1604],[-11.4483,9.1636],[-11.4505,9.1653],[-11.4506,9.1654],[-11.4524,9.1673],[-11.4547,9.1684],[-11.4563,9.1709],[-11.4563,9.1727],[-11.4579,9.1764],[-11.4591,9.1744],[-11.4609,9.1735],[-11.4627,9.176],[-11.4625,9.1792],[-11.4641,9.1824],[-11.4678,9.1819],[-11.4712,9.1846],[-11.4751,9.1812],[-11.4792,9.1806],[-11.4815,9.1831],[-11.4833,9.1853],[-11.4844,9.1844],[-11.4879,9.1867],[-11.4902,9.1863],[-11.4907,9.1847],[-11.4918,9.1844],[-11.4947,9.1858],[-11.4987,9.1814],[-11.5,9.1794],[-11.5027,9.1787],[-11.5046,9.1743],[-11.5098,9.1686],[-11.5112,9.1657],[-11.5133,9.1648],[-11.5199,9.1639],[-11.5242,9.16],[-11.5273,9.1636],[-11.5305,9.1616],[-11.5339,9.1577],[-11.5369,9.1554],[-11.5422,9.1545],[-11.5424,9.1517],[-11.5472,9.151],[-11.5524,9.1491],[-11.5543,9.1494],[-11.5566,9.1477],[-11.5604,9.1506],[-11.5624,9.1515],[-11.5642,9.1504],[-11.5678,9.1427],[-11.5697,9.1367],[-11.5771,9.1326],[-11.5796,9.1302],[-11.578,9.1259],[-11.579,9.1235],[-11.5769,9.1204],[-11.582,9.117],[-11.5865,9.1161],[-11.5889,9.1144],[-11.5916,9.1106],[-11.5928,9.109],[-11.6,9.1025],[-11.6043,9.0975],[-11.6062,9.0938],[-11.6096,9.0907],[-11.613,9.086],[-11.6217,9.0799],[-11.6258,9.0748],[-11.6288,9.0717],[-11.6347,9.068],[-11.64,9.0639],[-11.6416,9.0591],[-11.6459,9.0538],[-11.6474,9.0675],[-11.6527,9.079],[-11.6692,9.0943],[-11.6754,9.0979],[-11.6833,9.1014],[-11.6881,9.1046],[-11.7052,9.1092],[-11.7173,9.1135],[-11.7143,9.121],[-11.7128,9.1291],[-11.7137,9.1345],[-11.7109,9.1393],[-11.7104,9.144],[-11.7077,9.1478],[-11.7096,9.1508],[-11.7084,9.1558],[-11.7087,9.1609],[-11.7081,9.1654],[-11.7092,9.168],[-11.708,9.1721],[-11.708,9.1755],[-11.7078,9.1803],[-11.7074,9.1851],[-11.7078,9.1899],[-11.7058,9.1933],[-11.708,9.1954],[-11.7097,9.1963],[-11.7099,9.1995],[-11.7081,9.2023],[-11.7096,9.2059],[-11.7095,9.2194],[-11.7091,9.2251],[-11.7091,9.2295],[-11.713,9.2563],[-11.7133,9.2684],[-11.7127,9.2759],[-11.7135,9.2826],[-11.7154,9.2862],[-11.7177,9.291],[-11.7239,9.2865],[-11.7319,9.2794],[-11.7378,9.2734],[-11.7426,9.2675],[-11.7463,9.2617],[-11.7483,9.2563],[-11.749,9.2508],[-11.7511,9.2451],[-11.7588,9.2446],[-11.7645,9.2439],[-11.7707,9.2451],[-11.778,9.2444],[-11.7817,9.2459],[-11.7867,9.2446],[-11.7964,9.2441],[-11.7971,9.2329],[-11.7967,9.231],[-11.801,9.2298],[-11.8049,9.2333],[-11.81,9.2328],[-11.8207,9.2324],[-11.8254,9.2281],[-11.8318,9.2294],[-11.8365,9.2337],[-11.8395,9.2414],[-11.8448,9.2448],[-11.8498,9.2492],[-11.8525,9.2533],[-11.8542,9.2597],[-11.8572,9.2614],[-11.8593,9.2597],[-11.8649,9.2614],[-11.8649,9.2666],[-11.8602,9.2678],[-11.8538,9.2683],[-11.8503,9.2653],[-11.8444,9.2661],[-11.8371,9.2661],[-11.838,9.2734],[-11.8427,9.2819],[-11.8441,9.2905],[-11.8453,9.2946],[-11.8401,9.2946],[-11.8333,9.2956],[-11.8278,9.2995],[-11.8259,9.3077],[-11.8266,9.311],[-11.8264,9.3173],[-11.8298,9.3292],[-11.8183,9.3387],[-11.8081,9.3469],[-11.8106,9.3545],[-11.8179,9.361],[-11.8247,9.3605],[-11.8243,9.3652],[-11.8222,9.3716],[-11.82,9.3763],[-11.8175,9.384],[-11.8162,9.3904],[-11.8126,9.3972],[-11.8123,9.3977],[-11.8187,9.4032],[-11.8228,9.4088],[-11.8322,9.4203],[-11.8352,9.4272],[-11.8407,9.4314],[-11.8433,9.4387],[-11.8412,9.4464],[-11.8493,9.4485],[-11.8553,9.4506],[-11.8587,9.4558],[-11.8617,9.4612],[-11.8672,9.4622],[-11.8732,9.4665],[-11.8758,9.4726],[-11.8775,9.4801],[-11.8797,9.487],[-11.8832,9.4895],[-11.8844,9.4915],[-11.8801,9.4954],[-11.8772,9.5002],[-11.8728,9.5049],[-11.8681,9.5045],[-11.8672,9.5083],[-11.8715,9.5122],[-11.874,9.5164],[-11.877,9.519],[-11.8819,9.5207],[-11.8866,9.5113],[-11.8896,9.5139],[-11.8888,9.5177],[-11.8888,9.5215],[-11.8879,9.5267],[-11.8858,9.5292],[-11.8858,9.5335],[-11.8849,9.5386],[-11.8909,9.5395],[-11.8952,9.5408],[-11.8973,9.5404],[-11.8999,9.5399],[-11.9059,9.5391],[-11.9136,9.5378],[-11.9195,9.5395],[-11.9268,9.5382],[-11.9341,9.5365],[-11.9366,9.5335],[-11.9413,9.5335],[-11.9435,9.5305],[-11.9499,9.5335],[-11.9516,9.5292],[-11.9528,9.5262],[-11.9563,9.5224],[-11.961,9.5211],[-11.964,9.5126],[-11.9601,9.5126],[-11.961,9.507],[-11.9657,9.5062],[-11.9687,9.5015],[-11.9695,9.4946],[-11.9746,9.4985],[-12.0008,9.5198],[-12.0051,9.5245],[-12.0094,9.5305],[-12.0184,9.5408],[-12.0235,9.5425],[-12.0291,9.5489],[-12.0334,9.551],[-12.0376,9.5476],[-12.0446,9.5476],[-12.0491,9.5454],[-12.0509,9.5446],[-12.0551,9.5485],[-12.0577,9.5467],[-12.0607,9.554],[-12.0624,9.5608],[-12.0603,9.563],[-12.0607,9.5681],[-12.0662,9.5754],[-12.0697,9.5774],[-12.0697,9.574],[-12.0712,9.5716],[-12.0765,9.5713],[-12.081,9.5716],[-12.0897,9.5749],[-12.0944,9.5758],[-12.1004,9.5779],[-12.1072,9.5835],[-12.1098,9.5805],[-12.1128,9.5813],[-12.1154,9.5839],[-12.1213,9.5801],[-12.126,9.5826],[-12.1295,9.5818],[-12.1307,9.5873],[-12.1351,9.5901],[-12.1336,9.5906],[-12.1321,9.5915],[-12.1308,9.5926],[-12.1261,9.5941],[-12.1232,9.5949],[-12.1189,9.5991],[-12.1164,9.5999],[-12.115,9.6033],[-12.1136,9.6063],[-12.1107,9.6081],[-12.1124,9.6127],[-12.1119,9.6174],[-12.1088,9.6208],[-12.1077,9.6269],[-12.1044,9.6291],[-12.1005,9.6334],[-12.0972,9.6352],[-12.0934,9.6395],[-12.0931,9.6415],[-12.0881,9.6438],[-12.0819,9.6457],[-12.0776,9.6481],[-12.073,9.6498],[-12.0674,9.6527],[-12.0627,9.6544],[-12.061,9.6555],[-12.055,9.6573],[-12.0517,9.6578],[-12.0484,9.6605],[-12.0442,9.6637],[-12.043,9.6644],[-12.0419,9.6641],[-12.0412,9.6637],[-12.0404,9.6628],[-12.0399,9.6626],[-12.0393,9.6626],[-12.039,9.6622],[-12.039,9.6617],[-12.0388,9.6611],[-12.0383,9.6608],[-12.0373,9.66],[-12.0368,9.6594],[-12.0364,9.6584],[-12.0354,9.6573],[-12.0333,9.6584],[-12.0324,9.6595],[-12.0317,9.6605],[-12.0269,9.664],[-12.0261,9.665],[-12.0256,9.6662],[-12.026,9.6671],[-12.0261,9.6683],[-12.0262,9.6688],[-12.0267,9.6689],[-12.0285,9.6686],[-12.0289,9.669],[-12.0286,9.6698],[-12.0282,9.6701],[-12.0276,9.6706],[-12.0258,9.6712],[-12.0251,9.6711],[-12.0245,9.6706],[-12.0236,9.6691],[-12.0228,9.6669],[-12.02,9.6656],[-12.0108,9.6673],[-12.0076,9.6678],[-12.0054,9.6695],[-12.0052,9.671],[-12.0055,9.6738],[-12.0069,9.6763],[-12.0072,9.6783],[-12.007,9.679],[-12.006,9.679],[-12.0005,9.6777],[-11.9987,9.6775],[-11.9972,9.6784],[-11.9944,9.6794],[-11.9921,9.6809],[-11.9909,9.6811],[-11.9884,9.6808],[-11.9875,9.681],[-11.985,9.6812],[-11.983,9.6821],[-11.9817,9.6821],[-11.9805,9.6817],[-11.9797,9.6819],[-11.9792,9.6827],[-11.9773,9.6872],[-11.9754,9.6877],[-11.9724,9.6878],[-11.9608,9.6913],[-11.9528,9.6933],[-11.941,9.6952],[-11.9366,9.6949],[-11.9322,9.6957],[-11.9239,9.696],[-11.9226,9.6971],[-11.9217,9.6985],[-11.9167,9.7004],[-11.9155,9.7019],[-11.9137,9.7024],[-11.9127,9.7019],[-11.9119,9.7005],[-11.9107,9.7005],[-11.9095,9.7014],[-11.9083,9.7012],[-11.9077,9.7003],[-11.9065,9.6993],[-11.9041,9.6992],[-11.9024,9.6998],[-11.9006,9.7],[-11.8977,9.6988],[-11.8959,9.6977],[-11.8942,9.6979],[-11.8937,9.6993],[-11.8924,9.6997],[-11.8878,9.7001],[-11.8853,9.6992],[-11.8844,9.6997],[-11.8836,9.7008],[-11.8829,9.7023],[-11.8832,9.7033],[-11.8837,9.7041],[-11.8837,9.705],[-11.8835,9.7059],[-11.8828,9.7066],[-11.8817,9.7071],[-11.881,9.7074],[-11.8805,9.7081],[-11.88,9.7093],[-11.8793,9.7106],[-11.8788,9.711],[-11.8782,9.7113],[-11.8765,9.7117],[-11.8748,9.7127],[-11.8741,9.7135],[-11.8738,9.7142],[-11.8738,9.7152],[-11.8739,9.7159],[-11.8748,9.7177],[-11.8752,9.7195],[-11.8753,9.7207],[-11.8752,9.7214],[-11.8748,9.7219],[-11.8742,9.7222],[-11.8731,9.7227],[-11.8766,9.7276],[-11.878,9.7392],[-11.878,9.7541],[-11.8775,9.7605],[-11.8759,9.7707],[-11.8812,9.7765],[-11.8785,9.7808],[-11.8817,9.7851],[-11.888,9.8059],[-11.8827,9.826],[-11.8905,9.8361],[-11.8894,9.8376],[-11.8894,9.8389],[-11.8897,9.8402],[-11.8903,9.8422],[-11.8905,9.8441],[-11.8909,9.8466],[-11.8911,9.8487],[-11.8901,9.8504],[-11.8893,9.852],[-11.889,9.853],[-11.8889,9.8539],[-11.8898,9.8561],[-11.8901,9.8581],[-11.8907,9.8602],[-11.891,9.8621],[-11.8909,9.8626],[-11.8905,9.8638],[-11.8902,9.8644],[-11.8876,9.8655],[-11.8872,9.8663],[-11.8868,9.8723],[-11.8863,9.8731],[-11.8851,9.8747],[-11.8841,9.8787],[-11.8839,9.8796],[-11.8842,9.8811],[-11.8849,9.8826],[-11.8858,9.8833],[-11.8884,9.8842],[-11.8898,9.8846],[-11.8913,9.8847],[-11.8923,9.8844],[-11.8929,9.8841],[-11.8939,9.884],[-11.8953,9.884],[-11.8964,9.8841],[-11.8974,9.8843],[-11.8981,9.8848],[-11.8988,9.8857],[-11.8993,9.8872],[-11.8997,9.888],[-11.9002,9.8881],[-11.9009,9.8881],[-11.9017,9.8878],[-11.9026,9.8877],[-11.9032,9.8879],[-11.9038,9.8886],[-11.9041,9.8893],[-11.9041,9.8902],[-11.904,9.891],[-11.9042,9.8917],[-11.9046,9.8924],[-11.9054,9.893],[-11.9058,9.8934],[-11.9061,9.8943],[-11.9061,9.8955],[-11.9066,9.8969],[-11.9067,9.8978],[-11.9072,9.8991],[-11.9072,9.8996],[-11.9067,9.9007],[-11.9062,9.9013],[-11.9051,9.9024],[-11.9026,9.9036],[-11.9007,9.9041],[-11.9001,9.9041],[-11.8997,9.9038],[-11.8992,9.9036],[-11.8987,9.9037],[-11.8983,9.9039],[-11.898,9.9043],[-11.8978,9.9049],[-11.8976,9.9061],[-11.8973,9.9073],[-11.8965,9.9088],[-11.8946,9.9117],[-11.894,9.9127],[-11.8933,9.9136],[-11.8926,9.9143],[-11.8918,9.9147],[-11.8914,9.9152],[-11.8912,9.9156],[-11.8914,9.9161],[-11.8917,9.9164],[-11.8922,9.9167],[-11.8951,9.9184],[-11.8967,9.9198],[-11.8972,9.9206],[-11.8976,9.921],[-11.8983,9.9213],[-11.8986,9.922],[-11.8985,9.9228],[-11.8982,9.9233],[-11.8977,9.9243],[-11.8964,9.9256],[-11.8946,9.9268],[-11.8941,9.9274],[-11.8939,9.9282],[-11.8942,9.9292],[-11.8949,9.9305],[-11.8957,9.9315],[-11.8967,9.9322],[-11.8993,9.9333],[-11.9012,9.9344],[-11.902,9.9351],[-11.9024,9.9363],[-11.9027,9.9368],[-11.9044,9.9379],[-11.9069,9.9402],[-11.9077,9.9414],[-11.9089,9.9436],[-11.9092,9.9444],[-11.9093,9.9453],[-11.9089,9.9476],[-11.9084,9.9494],[-11.9081,9.9514],[-11.908,9.9519],[-11.9078,9.9527],[-11.9077,9.9533],[-11.9078,9.9538],[-11.9084,9.9553],[-11.9088,9.9564],[-11.909,9.957],[-11.9088,9.9574],[-11.908,9.9583],[-11.9065,9.9594],[-11.9058,9.9602],[-11.9044,9.9644],[-11.9042,9.9666],[-11.9036,9.9683],[-11.9036,9.9708],[-11.9038,9.9725],[-11.901,9.9806],[-11.9008,9.9823],[-11.8996,9.9844],[-11.8993,9.9875],[-11.8991,9.9886],[-11.8987,9.9892],[-11.8979,9.9895],[-11.8974,9.9899],[-11.8966,9.9918],[-11.8967,9.9926],[-11.8972,9.993],[-11.8972,9.9937],[-11.896,9.9957],[-11.8952,9.9977],[-11.8946,9.9999],[-11.7527,9.9999],[-11.7522,9.9928],[-11.753,9.9826],[-11.7538,9.9806],[-11.7563,9.9782],[-11.7559,9.9724],[-11.76,9.9704],[-11.7632,9.9671],[-11.7645,9.9618],[-11.7628,9.9557],[-11.759,9.9499],[-11.7612,9.9439],[-11.7587,9.937],[-11.76,9.9325],[-11.7555,9.9276],[-11.7543,9.9235],[-11.7547,9.9198],[-11.7592,9.919],[-11.7575,9.9125],[-11.7592,9.9072],[-11.7579,9.8978],[-11.7579,9.8941],[-11.7612,9.8909],[-11.7592,9.8868],[-11.7563,9.8831],[-11.7563,9.8766],[-11.7596,9.8709],[-11.7563,9.868],[-11.7547,9.8574],[-11.7514,9.8554],[-11.7543,9.8472],[-11.7551,9.8431],[-11.7543,9.8386],[-11.7532,9.8365],[-11.749,9.8358],[-11.7445,9.8317],[-11.7383,9.828],[-11.7355,9.8227],[-11.7339,9.8162],[-11.7339,9.8125],[-11.7302,9.8101],[-11.7253,9.8076],[-11.7212,9.8129],[-11.7179,9.815],[-11.7151,9.8219],[-11.7098,9.8195],[-11.7077,9.8227],[-11.7008,9.8243],[-11.6996,9.8199],[-11.6959,9.817],[-11.6939,9.8129],[-11.6865,9.8068],[-11.6873,9.8023],[-11.6837,9.8011],[-11.682,9.797],[-11.6808,9.7958],[-11.6812,9.7917],[-11.6776,9.7856],[-11.6771,9.7833],[-11.6763,9.7795],[-11.6796,9.7733],[-11.6835,9.7685],[-11.6867,9.7607],[-11.688,9.7558],[-11.6871,9.7505],[-11.681,9.7468],[-11.6745,9.7423],[-11.6696,9.7383],[-11.6623,9.735],[-11.6545,9.7309],[-11.6476,9.726],[-11.6435,9.7219],[-11.6304,9.7101],[-11.6308,9.7011],[-11.6357,9.6848],[-11.637,9.6779],[-11.6365,9.6718],[-11.6374,9.6692],[-11.6223,9.6707],[-11.6186,9.6709],[-11.6123,9.6704],[-11.6085,9.6709],[-11.6066,9.6612],[-11.6055,9.6513],[-11.6047,9.6474],[-11.6034,9.6472],[-11.5968,9.6452],[-11.5915,9.6452],[-11.5853,9.6477],[-11.5702,9.6526],[-11.5613,9.655],[-11.5535,9.6563],[-11.547,9.6587],[-11.5372,9.664],[-11.5343,9.6607],[-11.5294,9.6632],[-11.5254,9.666],[-11.5229,9.664],[-11.518,9.6656],[-11.5133,9.6656],[-11.5142,9.6631],[-11.5136,9.6577],[-11.5122,9.6547],[-11.5136,9.6523],[-11.5118,9.6483],[-11.5128,9.6455],[-11.5107,9.6419],[-11.5095,9.6396],[-11.496,9.6399],[-11.4809,9.6386],[-11.4709,9.6391],[-11.4686,9.6389],[-11.4597,9.6373],[-11.45,9.6374],[-11.4468,9.6362],[-11.4405,9.6434],[-11.4332,9.6511],[-11.428,9.6512],[-11.4179,9.6497],[-11.3956,9.6488],[-11.3888,9.6488],[-11.3811,9.6483],[-11.3753,9.6476],[-11.3728,9.6481],[-11.3764,9.6421],[-11.3758,9.6394],[-11.3739,9.6384],[-11.3687,9.6382],[-11.3618,9.6387],[-11.3572,9.6384],[-11.3545,9.6357],[-11.3483,9.6245],[-11.3481,9.6187],[-11.3425,9.6027],[-11.3485,9.5944],[-11.3537,9.5866],[-11.3553,9.5833],[-11.3602,9.5775],[-11.3671,9.5711],[-11.3694,9.5673],[-11.3621,9.5634],[-11.3513,9.5545],[-11.3451,9.5506],[-11.3389,9.5453],[-11.3359,9.5416],[-11.3307,9.5363],[-11.3271,9.5339],[-11.3285,9.5262],[-11.3324,9.5262],[-11.3329,9.5251],[-11.3293,9.5218],[-11.33,9.5181],[-11.332,9.5174],[-11.3307,9.5154],[-11.3324,9.5121],[-11.3309,9.5097],[-11.334,9.5081],[-11.3344,9.5066],[-11.3316,9.5044],[-11.3333,9.5022],[-11.3349,9.4975],[-11.3349,9.4914],[-11.3376,9.4897],[-11.3447,9.4858],[-11.3513,9.4833],[-11.3725,9.4787],[-11.3784,9.4761],[-11.3826,9.476],[-11.3862,9.4784],[-11.3891,9.4826],[-11.3928,9.4859],[-11.4041,9.492],[-11.4114,9.4967],[-11.4144,9.5008],[-11.4191,9.5057],[-11.4235,9.5097],[-11.4318,9.5141],[-11.4422,9.5216],[-11.4464,9.5269],[-11.453,9.5361],[-11.4577,9.5423],[-11.4587,9.5446],[-11.4604,9.5424],[-11.4641,9.5391],[-11.4736,9.5391],[-11.4791,9.5358],[-11.4809,9.5338],[-11.4855,9.527],[-11.4917,9.5215],[-11.4999,9.519],[-11.5027,9.5201],[-11.5138,9.521],[-11.5184,9.5235],[-11.5241,9.525],[-11.5292,9.5215],[-11.5318,9.5204],[-11.5356,9.5216],[-11.535,9.5192],[-11.5354,9.5144],[-11.5369,9.5104],[-11.5376,9.5049],[-11.5376,9.5002],[-11.5401,9.4958],[-11.5489,9.4881],[-11.5555,9.4796],[-11.557,9.4731],[-11.5585,9.4631],[-11.5549,9.4617],[-11.5512,9.4609],[-11.5498,9.4533],[-11.547,9.4516],[-11.5453,9.4491],[-11.5451,9.4444],[-11.5426,9.4385],[-11.5404,9.4353],[-11.5394,9.4326],[-11.5387,9.4282],[-11.5389,9.4232],[-11.5416,9.4166],[-11.5421,9.4134],[-11.5406,9.4097],[-11.5387,9.4087],[-11.5337,9.4097],[-11.5318,9.408],[-11.532,9.4045],[-11.5372,9.4016],[-11.5363,9.3959],[-11.54,9.3953],[-11.5385,9.3931],[-11.5385,9.3913],[-11.5363,9.3888],[-11.5434,9.382],[-11.5406,9.3802],[-11.5416,9.3771],[-11.5373,9.3715],[-11.5277,9.3728],[-11.5138,9.3756],[-11.5046,9.3756],[-11.4972,9.3748],[-11.4765,9.375],[-11.472,9.3756],[-11.4653,9.375],[-11.4631,9.3734],[-11.4607,9.3697],[-11.4581,9.3635],[-11.4556,9.3597],[-11.4547,9.3541],[-11.4513,9.3499],[-11.4487,9.3452],[-11.4453,9.3417],[-11.4457,9.3366],[-11.4479,9.3323],[-11.4492,9.3281],[-11.45,9.3187],[-11.4487,9.3105],[-11.4428,9.3063],[-11.4342,9.3011],[-11.4261,9.2956],[-11.4175,9.2892],[-11.4086,9.2815],[-11.3996,9.2734],[-11.3932,9.2669],[-11.3893,9.2601],[-11.3868,9.2563],[-11.3932,9.2396],[-11.3965,9.2325],[-11.3982,9.226],[-11.4025,9.2115],[-11.4038,9.2047],[-11.4059,9.1953],[-11.4132,9.1816],[-11.4175,9.1782],[-11.413,9.1774],[-11.3982,9.1772],[-11.3855,9.1777],[-11.385,9.1899],[-11.3397,9.1899],[-11.3365,9.1946],[-11.3289,9.2015],[-11.3223,9.2033],[-11.3144,9.203],[-11.2839,9.2045],[-11.2661,9.2076],[-11.2587,9.2094],[-11.2488,9.2162],[-11.247,9.2145],[-11.2444,9.2091]]]},"properties":{"code":"KOI_KOIDC","name":"Koinadugu District Council","level":"3","parent":"Y7YrGOsu9fp","parentGraph":"Plmg8ikyfrK/Y7YrGOsu9fp","groups":["aYjKY8GaXYQ","QJuHsfZjNBf"]}},{"type":"Feature","id":"P7LlNb9MosU","geometry":{"type":"Polygon","coordinates":[[[-10.5197,8.6202],[-10.5203,8.6203],[-10.5217,8.6193],[-10.5239,8.6178],[-10.5259,8.6167],[-10.5281,8.6159],[-10.529,8.6156],[-10.5309,8.6143],[-10.5322,8.6161],[-10.5336,8.6162],[-10.5348,8.617],[-10.5355,8.6169],[-10.5374,8.6164],[-10.5384,8.616],[-10.5396,8.6158],[-10.5415,8.6147],[-10.5419,8.6145],[-10.5421,8.6135],[-10.5421,8.6119],[-10.5423,8.6104],[-10.5426,8.6097],[-10.5454,8.6084],[-10.5464,8.6077],[-10.5479,8.6071],[-10.5492,8.6075],[-10.5502,8.6076],[-10.5526,8.6052],[-10.5543,8.6029],[-10.5547,8.6027],[-10.5569,8.6037],[-10.5583,8.6041],[-10.5592,8.604],[-10.5595,8.6034],[-10.5594,8.6026],[-10.5587,8.6019],[-10.5582,8.6005],[-10.5583,8.5998],[-10.5596,8.5983],[-10.5605,8.5979],[-10.561,8.5988],[-10.5621,8.6],[-10.5643,8.6012],[-10.5675,8.6024],[-10.5684,8.6024],[-10.5706,8.6],[-10.5732,8.5994],[-10.5748,8.5987],[-10.5763,8.5961],[-10.5764,8.5951],[-10.576,8.5938],[-10.5758,8.5932],[-10.574,8.5901],[-10.5734,8.5889],[-10.5736,8.5875],[-10.5742,8.5859],[-10.5743,8.5851],[-10.5741,8.5845],[-10.573,8.5832],[-10.5743,8.5817],[-10.575,8.5794],[-10.5749,8.5772],[-10.5743,8.5742],[-10.5744,8.5734],[-10.5763,8.5726],[-10.5776,8.5726],[-10.5784,8.5735],[-10.5796,8.5739],[-10.5815,8.573],[-10.5832,8.5721],[-10.585,8.5699],[-10.5868,8.5682],[-10.5902,8.5634],[-10.5905,8.5626],[-10.5903,8.5612],[-10.5905,8.5602],[-10.5923,8.5578],[-10.5925,8.5569],[-10.5925,8.556],[-10.5927,8.5547],[-10.5927,8.552],[-10.5929,8.5506],[-10.5933,8.5496],[-10.5935,8.5493],[-10.594,8.5491],[-10.5946,8.5491],[-10.5954,8.5489],[-10.5961,8.5486],[-10.597,8.548],[-10.5984,8.5469],[-10.5998,8.5463],[-10.6014,8.5461],[-10.6029,8.5465],[-10.6035,8.5465],[-10.6041,8.5464],[-10.6047,8.5461],[-10.6053,8.5458],[-10.6068,8.5447],[-10.6085,8.5437],[-10.609,8.5435],[-10.6101,8.5431],[-10.6106,8.5431],[-10.6112,8.5433],[-10.6115,8.5436],[-10.6115,8.5453],[-10.6116,8.5457],[-10.6118,8.546],[-10.6121,8.5462],[-10.6124,8.5462],[-10.6127,8.5461],[-10.6134,8.5453],[-10.6142,8.544],[-10.615,8.5431],[-10.6153,8.5428],[-10.6158,8.5422],[-10.616,8.5417],[-10.616,8.5411],[-10.6158,8.5404],[-10.6158,8.5398],[-10.6159,8.5393],[-10.6161,8.539],[-10.6162,8.5386],[-10.6162,8.5384],[-10.616,8.5383],[-10.6153,8.538],[-10.615,8.5378],[-10.6147,8.5375],[-10.6145,8.5372],[-10.6139,8.5368],[-10.6136,8.5363],[-10.6135,8.5359],[-10.6139,8.5353],[-10.614,8.5345],[-10.6141,8.5331],[-10.6146,8.5324],[-10.6152,8.5317],[-10.617,8.5304],[-10.6186,8.5295],[-10.6196,8.5287],[-10.6201,8.5284],[-10.6205,8.5276],[-10.6212,8.5256],[-10.622,8.5199],[-10.6224,8.5169],[-10.6229,8.5153],[-10.6237,8.5132],[-10.6252,8.5121],[-10.6258,8.5111],[-10.626,8.5099],[-10.6261,8.508],[-10.6272,8.5074],[-10.6274,8.506],[-10.6276,8.505],[-10.6277,8.5043],[-10.627,8.5025],[-10.6271,8.5019],[-10.6269,8.5014],[-10.6265,8.5004],[-10.6251,8.5002],[-10.6236,8.4988],[-10.6206,8.4963],[-10.6203,8.4958],[-10.6202,8.4954],[-10.6203,8.4948],[-10.6207,8.4944],[-10.6222,8.4938],[-10.6225,8.4934],[-10.6225,8.4928],[-10.622,8.4922],[-10.6217,8.4923],[-10.6208,8.493],[-10.6205,8.4932],[-10.6203,8.4931],[-10.6201,8.493],[-10.6199,8.4925],[-10.6199,8.4921],[-10.6199,8.4917],[-10.6201,8.4912],[-10.6204,8.4906],[-10.6213,8.49],[-10.6221,8.4895],[-10.6225,8.4892],[-10.6227,8.4889],[-10.6225,8.4885],[-10.6225,8.4879],[-10.6242,8.487],[-10.625,8.487],[-10.6258,8.4872],[-10.6269,8.488],[-10.6285,8.4886],[-10.6309,8.4903],[-10.6319,8.4908],[-10.6326,8.4909],[-10.6331,8.4908],[-10.6336,8.4905],[-10.6339,8.49],[-10.6339,8.4882],[-10.6339,8.4852],[-10.6343,8.4835],[-10.6342,8.4831],[-10.6341,8.4827],[-10.6341,8.4826],[-10.6339,8.4824],[-10.6336,8.4822],[-10.6323,8.4813],[-10.6318,8.4808],[-10.6315,8.4805],[-10.6315,8.4802],[-10.6316,8.4794],[-10.6317,8.4792],[-10.632,8.4789],[-10.6322,8.4786],[-10.6325,8.4778],[-10.6334,8.4765],[-10.6339,8.476],[-10.6347,8.4755],[-10.6356,8.4753],[-10.6367,8.4752],[-10.6387,8.4753],[-10.64,8.4751],[-10.6406,8.4749],[-10.6409,8.4748],[-10.6412,8.4746],[-10.6415,8.4739],[-10.6416,8.4735],[-10.6416,8.4731],[-10.6412,8.4707],[-10.641,8.4701],[-10.6403,8.4696],[-10.6397,8.4687],[-10.6392,8.4679],[-10.6389,8.4675],[-10.6387,8.467],[-10.6386,8.4667],[-10.6386,8.4664],[-10.6387,8.4662],[-10.639,8.466],[-10.6397,8.4658],[-10.6404,8.4655],[-10.6417,8.4638],[-10.642,8.4634],[-10.642,8.463],[-10.642,8.4628],[-10.6418,8.4625],[-10.6415,8.4622],[-10.6413,8.4621],[-10.641,8.462],[-10.6409,8.4619],[-10.6408,8.4617],[-10.6408,8.4616],[-10.6409,8.4611],[-10.6414,8.4606],[-10.6415,8.4603],[-10.6415,8.4597],[-10.6413,8.4593],[-10.6409,8.459],[-10.6407,8.4586],[-10.6401,8.4569],[-10.6406,8.456],[-10.6417,8.4547],[-10.642,8.4539],[-10.6419,8.4533],[-10.6421,8.4533],[-10.6425,8.4533],[-10.6429,8.4535],[-10.643,8.4538],[-10.6432,8.4543],[-10.644,8.4555],[-10.648,8.4618],[-10.6505,8.4663],[-10.6578,8.4637],[-10.6612,8.4596],[-10.6729,8.4571],[-10.6813,8.4509],[-10.6829,8.4507],[-10.6897,8.4496],[-10.6964,8.4496],[-10.6986,8.4419],[-10.7018,8.4419],[-10.7044,8.4456],[-10.7064,8.4469],[-10.7093,8.4471],[-10.7124,8.4451],[-10.712,8.4421],[-10.7191,8.4426],[-10.7244,8.4426],[-10.7282,8.4357],[-10.7273,8.4349],[-10.7307,8.4262],[-10.7362,8.4197],[-10.7419,8.414],[-10.7549,8.413],[-10.7594,8.4133],[-10.7637,8.4124],[-10.7672,8.4114],[-10.7808,8.4114],[-10.7907,8.4101],[-10.7967,8.4094],[-10.8047,8.4081],[-10.8133,8.4114],[-10.8226,8.4141],[-10.8299,8.4134],[-10.8385,8.4108],[-10.8391,8.4103],[-10.8484,8.4035],[-10.8444,8.3975],[-10.8444,8.3915],[-10.855,8.3922],[-10.8703,8.3909],[-10.8763,8.3882],[-10.8822,8.3862],[-10.8942,8.3756],[-10.9068,8.3803],[-10.9107,8.3823],[-10.9223,8.3799],[-10.9226,8.3794],[-10.9243,8.3791],[-10.9258,8.3833],[-10.9261,8.3869],[-10.9273,8.3878],[-10.9345,8.3891],[-10.9425,8.389],[-10.948,8.3877],[-10.9513,8.3864],[-10.9522,8.3831],[-10.9545,8.3818],[-10.9589,8.3775],[-10.9617,8.3755],[-10.9687,8.3722],[-10.9753,8.3718],[-10.9808,8.3721],[-10.9828,8.3708],[-10.991,8.3708],[-10.9945,8.3686],[-10.9983,8.3643],[-11.0076,8.3604],[-11.0142,8.3577],[-11.0195,8.356],[-11.022,8.356],[-11.0255,8.3544],[-11.0341,8.3471],[-11.0411,8.3397],[-11.0461,8.3365],[-11.0507,8.3355],[-11.0609,8.3343],[-11.0644,8.3405],[-11.0665,8.3441],[-11.0688,8.3474],[-11.0724,8.348],[-11.0767,8.3465],[-11.0806,8.3438],[-11.0864,8.3393],[-11.0881,8.3393],[-11.0934,8.3441],[-11.0966,8.3453],[-11.1007,8.3464],[-11.1093,8.3457],[-11.1183,8.3398],[-11.1236,8.3412],[-11.1265,8.34],[-11.1367,8.3404],[-11.1408,8.3442],[-11.1465,8.3521],[-11.1492,8.3552],[-11.1552,8.3565],[-11.1586,8.3577],[-11.1627,8.3604],[-11.1671,8.3618],[-11.172,8.3632],[-11.1775,8.3638],[-11.1782,8.3643],[-11.1847,8.3641],[-11.1928,8.3643],[-11.1977,8.3617],[-11.206,8.355],[-11.2146,8.3441],[-11.2239,8.3344],[-11.227,8.3349],[-11.2302,8.337],[-11.238,8.3438],[-11.242,8.3544],[-11.2402,8.3642],[-11.233,8.3626],[-11.2365,8.3701],[-11.24,8.3743],[-11.2433,8.3816],[-11.2453,8.3876],[-11.2486,8.3955],[-11.2502,8.4011],[-11.249,8.4031],[-11.2471,8.4098],[-11.2473,8.4121],[-11.2479,8.4127],[-11.2503,8.4212],[-11.2506,8.4313],[-11.2478,8.4338],[-11.2462,8.4335],[-11.242,8.4361],[-11.2376,8.4427],[-11.2313,8.449],[-11.2456,8.4656],[-11.2497,8.4846],[-11.2539,8.4877],[-11.2506,8.4942],[-11.251,8.4987],[-11.2518,8.5022],[-11.2546,8.5037],[-11.2553,8.5084],[-11.2568,8.509],[-11.2597,8.5141],[-11.2617,8.5128],[-11.2647,8.5156],[-11.2672,8.5138],[-11.2686,8.5157],[-11.2724,8.5158],[-11.2741,8.515],[-11.2765,8.517],[-11.2793,8.5201],[-11.2823,8.5261],[-11.2853,8.5289],[-11.2938,8.5216],[-11.3011,8.5258],[-11.3099,8.5233],[-11.3159,8.5204],[-11.3264,8.5004],[-11.3338,8.4971],[-11.3339,8.498],[-11.338,8.498],[-11.3375,8.5206],[-11.3401,8.5223],[-11.3395,8.5261],[-11.3434,8.5261],[-11.3447,8.5341],[-11.3481,8.5429],[-11.3543,8.5467],[-11.3551,8.5479],[-11.3546,8.5497],[-11.3506,8.5541],[-11.3485,8.5553],[-11.3435,8.5595],[-11.3393,8.5647],[-11.3396,8.5723],[-11.3368,8.5746],[-11.3384,8.5782],[-11.3382,8.5833],[-11.3395,8.5855],[-11.3415,8.5911],[-11.3408,8.5945],[-11.3422,8.5963],[-11.3429,8.5995],[-11.3454,8.5991],[-11.3459,8.6038],[-11.3463,8.6073],[-11.3495,8.6141],[-11.349,8.6197],[-11.3513,8.621],[-11.3527,8.6272],[-11.3522,8.6306],[-11.3529,8.6318],[-11.35,8.6368],[-11.3507,8.642],[-11.3482,8.6416],[-11.3473,8.6455],[-11.3492,8.6473],[-11.3499,8.6521],[-11.3512,8.6555],[-11.3507,8.6595],[-11.3411,8.6614],[-11.3338,8.6647],[-11.3411,8.676],[-11.343,8.6826],[-11.3432,8.6853],[-11.3445,8.6878],[-11.3474,8.6913],[-11.3483,8.6963],[-11.3485,8.7011],[-11.3473,8.7055],[-11.348,8.708],[-11.3472,8.7119],[-11.3487,8.7146],[-11.3485,8.7169],[-11.3471,8.7251],[-11.3479,8.7294],[-11.3471,8.7317],[-11.3477,8.737],[-11.3469,8.7411],[-11.3454,8.7444],[-11.3437,8.7465],[-11.3418,8.7474],[-11.3401,8.7507],[-11.3415,8.7558],[-11.3391,8.7623],[-11.3398,8.7656],[-11.3398,8.775],[-11.334,8.7801],[-11.3277,8.7855],[-11.3204,8.7922],[-11.3108,8.7972],[-11.3055,8.8012],[-11.3026,8.8071],[-11.3053,8.8139],[-11.3056,8.8213],[-11.2986,8.8318],[-11.2976,8.8411],[-11.2963,8.8543],[-11.2931,8.8593],[-11.284,8.8596],[-11.2753,8.8602],[-11.2695,8.8623],[-11.2628,8.8743],[-11.2582,8.8829],[-11.2529,8.8902],[-11.2538,8.892],[-11.2527,8.8973],[-11.2511,8.9004],[-11.2491,8.9041],[-11.2479,8.9049],[-11.2477,8.9073],[-11.2503,8.9073],[-11.2534,8.9051],[-11.2565,8.9052],[-11.2571,8.9082],[-11.2516,8.9108],[-11.2475,8.9138],[-11.2436,8.9179],[-11.2419,8.9215],[-11.2383,8.9254],[-11.2366,8.93],[-11.2348,8.9299],[-11.2308,8.9311],[-11.2266,8.9317],[-11.2251,8.9329],[-11.2228,8.9355],[-11.2209,8.9356],[-11.218,8.934],[-11.2086,8.9306],[-11.2011,8.9297],[-11.1932,8.9354],[-11.1886,8.9372],[-11.1846,8.9376],[-11.1794,8.9365],[-11.1768,8.9361],[-11.1724,8.9342],[-11.1669,8.925],[-11.1649,8.9228],[-11.1619,8.9233],[-11.1611,8.9264],[-11.1557,8.9329],[-11.1485,8.9372],[-11.146,8.9399],[-11.1446,8.9425],[-11.1455,8.9454],[-11.1459,8.9531],[-11.1465,8.9545],[-11.1465,8.9588],[-11.1453,8.9604],[-11.1404,8.9651],[-11.1353,8.9666],[-11.1313,8.9671],[-11.1271,8.9713],[-11.1239,8.9784],[-11.1257,8.982],[-11.1246,8.991],[-11.1268,8.9974],[-11.13,8.9976],[-11.1341,8.9996],[-11.1363,9.0085],[-11.1365,9.0095],[-11.1352,9.0155],[-11.1274,9.0216],[-11.1245,9.0258],[-11.1224,9.0307],[-11.1223,9.0392],[-11.1204,9.0407],[-11.0911,9.0661],[-11.0845,9.0628],[-11.083,9.0628],[-11.0824,9.0648],[-11.0817,9.0697],[-11.0785,9.0712],[-11.0758,9.0742],[-11.0739,9.075],[-11.0721,9.0755],[-11.0703,9.0758],[-11.0688,9.0757],[-11.06,9.0769],[-11.0575,9.0771],[-11.0547,9.0769],[-11.0407,9.0709],[-11.0353,9.068],[-11.0348,9.0673],[-11.0296,9.0654],[-11.0271,9.064],[-11.0242,9.0622],[-11.0149,9.0577],[-11.0119,9.0566],[-11.0046,9.0606],[-10.9984,9.0544],[-10.9882,9.0473],[-10.9808,9.0431],[-10.9771,9.0409],[-10.9689,9.0386],[-10.9635,9.0361],[-10.9534,9.0305],[-10.9382,9.0249],[-10.9274,9.0173],[-10.9133,9.0079],[-10.9182,9.0006],[-10.928,8.9894],[-10.9319,8.9858],[-10.9302,8.981],[-10.9291,8.9795],[-10.9256,8.9751],[-10.9232,8.9716],[-10.92,8.9658],[-10.9173,8.9625],[-10.9154,8.9614],[-10.9125,8.9576],[-10.9114,8.9577],[-10.9095,8.9605],[-10.9056,8.9646],[-10.8977,8.9745],[-10.8936,8.9715],[-10.8873,8.9637],[-10.8832,8.9582],[-10.8808,8.956],[-10.8765,8.953],[-10.8743,8.9485],[-10.8676,8.9505],[-10.8531,8.9552],[-10.8438,8.9479],[-10.8365,8.9379],[-10.8259,8.9359],[-10.8153,8.9353],[-10.8066,8.9339],[-10.8048,8.9346],[-10.8031,8.9339],[-10.7998,8.9337],[-10.796,8.9369],[-10.79,8.9428],[-10.7864,8.9435],[-10.7814,8.9439],[-10.7761,8.9399],[-10.7688,8.9399],[-10.7609,8.9346],[-10.7556,8.9326],[-10.748,8.9366],[-10.7407,8.9386],[-10.738,8.9333],[-10.7287,8.9306],[-10.7168,8.9346],[-10.7029,8.9359],[-10.6903,8.9359],[-10.6737,8.9346],[-10.6737,8.9366],[-10.6737,8.9445],[-10.675,8.9565],[-10.6773,8.9603],[-10.6797,8.962],[-10.6925,8.9625],[-10.6943,8.9635],[-10.6952,8.966],[-10.6943,8.9717],[-10.687,8.9823],[-10.6823,8.9949],[-10.6843,9.0022],[-10.6823,9.0089],[-10.679,9.0089],[-10.6783,9.0155],[-10.673,9.0181],[-10.6498,9.0228],[-10.6419,9.0248],[-10.6359,9.0294],[-10.6313,9.0334],[-10.626,9.0367],[-10.622,9.042],[-10.6087,9.0407],[-10.6041,9.042],[-10.5974,9.0414],[-10.5888,9.0427],[-10.5876,9.044],[-10.5867,9.0453],[-10.5848,9.045],[-10.5836,9.0461],[-10.5817,9.0464],[-10.5799,9.0482],[-10.5786,9.0475],[-10.5769,9.0463],[-10.576,9.0459],[-10.5756,9.0472],[-10.5746,9.0471],[-10.5746,9.0467],[-10.5746,9.0462],[-10.5744,9.0455],[-10.5743,9.0451],[-10.5738,9.0444],[-10.5738,9.0441],[-10.5739,9.044],[-10.5741,9.0439],[-10.5743,9.0436],[-10.5743,9.0434],[-10.5747,9.0435],[-10.575,9.0437],[-10.5754,9.0434],[-10.5757,9.0432],[-10.576,9.0427],[-10.5758,9.0417],[-10.576,9.0412],[-10.576,9.0398],[-10.5764,9.0391],[-10.5763,9.0387],[-10.576,9.0384],[-10.5761,9.0382],[-10.5764,9.0383],[-10.5765,9.0385],[-10.5766,9.0387],[-10.5768,9.0388],[-10.5771,9.0387],[-10.5771,9.0383],[-10.5777,9.0382],[-10.5781,9.038],[-10.5783,9.0367],[-10.5784,9.0361],[-10.5788,9.0359],[-10.5792,9.0349],[-10.579,9.0345],[-10.5785,9.0344],[-10.5783,9.0341],[-10.5787,9.0336],[-10.5794,9.0332],[-10.5797,9.0325],[-10.5801,9.0323],[-10.5804,9.0324],[-10.5805,9.032],[-10.5803,9.0318],[-10.5801,9.0319],[-10.5796,9.0318],[-10.5794,9.0315],[-10.5795,9.0309],[-10.5798,9.0307],[-10.5799,9.0307],[-10.5803,9.0312],[-10.5809,9.0315],[-10.5812,9.0314],[-10.5815,9.0312],[-10.5818,9.0301],[-10.5817,9.0295],[-10.5814,9.0293],[-10.5807,9.0294],[-10.5801,9.0292],[-10.58,9.0287],[-10.5806,9.0282],[-10.5807,9.0276],[-10.5802,9.0269],[-10.5809,9.0262],[-10.5806,9.0255],[-10.581,9.025],[-10.5809,9.0244],[-10.5808,9.024],[-10.5816,9.0233],[-10.5817,9.0227],[-10.5814,9.0217],[-10.5808,9.0209],[-10.5811,9.0193],[-10.5808,9.0181],[-10.5804,9.0179],[-10.58,9.0172],[-10.58,9.0167],[-10.581,9.0151],[-10.5811,9.0152],[-10.5825,9.0164],[-10.5838,9.0166],[-10.5844,9.0161],[-10.5834,9.0156],[-10.5831,9.0147],[-10.5834,9.0145],[-10.5838,9.0147],[-10.5845,9.0144],[-10.5858,9.0129],[-10.5874,9.0133],[-10.589,9.012],[-10.5889,9.0107],[-10.5898,9.0094],[-10.5897,9.0089],[-10.59,9.0068],[-10.5904,9.0057],[-10.5902,9.0051],[-10.5895,9.005],[-10.5891,9.0042],[-10.5879,9.0035],[-10.5868,9.0036],[-10.5866,9.0017],[-10.5875,9.0005],[-10.5891,9.0001],[-10.5893,8.9982],[-10.5904,8.9963],[-10.5906,8.9957],[-10.5901,8.9949],[-10.591,8.9935],[-10.5913,8.9919],[-10.5911,8.9878],[-10.5908,8.9875],[-10.5907,8.9874],[-10.5909,8.9872],[-10.5911,8.9873],[-10.5912,8.9869],[-10.5904,8.9859],[-10.5905,8.9852],[-10.5898,8.9842],[-10.5891,8.9831],[-10.5899,8.9814],[-10.5896,8.9802],[-10.5895,8.9786],[-10.5905,8.9777],[-10.5898,8.9757],[-10.5889,8.9742],[-10.5892,8.9732],[-10.5887,8.9714],[-10.5876,8.9702],[-10.5878,8.9694],[-10.5887,8.9687],[-10.5891,8.9675],[-10.5886,8.9649],[-10.588,8.9633],[-10.5871,8.9629],[-10.5855,8.9644],[-10.5851,8.9647],[-10.5846,8.9643],[-10.5845,8.9638],[-10.585,8.9633],[-10.5853,8.9628],[-10.5852,8.9618],[-10.5846,8.9605],[-10.5849,8.9597],[-10.5855,8.9594],[-10.5861,8.9597],[-10.5867,8.9596],[-10.5868,8.9593],[-10.5873,8.9593],[-10.5879,8.9599],[-10.5889,8.9595],[-10.5892,8.9575],[-10.5895,8.9572],[-10.5892,8.9569],[-10.5889,8.9572],[-10.5886,8.9579],[-10.588,8.9583],[-10.5879,8.9577],[-10.5877,8.9567],[-10.587,8.9559],[-10.5859,8.955],[-10.5858,8.9533],[-10.5854,8.9525],[-10.5854,8.9521],[-10.5851,8.9515],[-10.5851,8.9504],[-10.585,8.95],[-10.5851,8.9489],[-10.5845,8.948],[-10.5843,8.947],[-10.5846,8.9457],[-10.5841,8.9452],[-10.5833,8.945],[-10.5832,8.9446],[-10.5835,8.9442],[-10.5841,8.9444],[-10.5842,8.9441],[-10.5841,8.9438],[-10.5833,8.9429],[-10.5832,8.9426],[-10.5833,8.9424],[-10.5839,8.9424],[-10.5839,8.9422],[-10.5834,8.9416],[-10.5831,8.9414],[-10.5832,8.9412],[-10.5835,8.941],[-10.5838,8.9408],[-10.5842,8.9408],[-10.5842,8.9404],[-10.584,8.9401],[-10.584,8.9396],[-10.5838,8.9396],[-10.5834,8.9397],[-10.5831,8.9403],[-10.5829,8.9408],[-10.5827,8.9409],[-10.5824,8.9406],[-10.5824,8.94],[-10.5821,8.9395],[-10.5827,8.9392],[-10.5832,8.939],[-10.5838,8.9387],[-10.5838,8.9384],[-10.5832,8.9382],[-10.5826,8.9379],[-10.5825,8.9376],[-10.5826,8.9374],[-10.5831,8.9372],[-10.583,8.9367],[-10.5826,8.9362],[-10.5826,8.9357],[-10.5825,8.9355],[-10.5829,8.9352],[-10.5829,8.9348],[-10.5826,8.9344],[-10.5823,8.9342],[-10.5821,8.9342],[-10.5819,8.9344],[-10.5817,8.9345],[-10.5814,8.9343],[-10.5814,8.934],[-10.5814,8.9336],[-10.5813,8.9334],[-10.5811,8.9333],[-10.5808,8.9333],[-10.5806,8.933],[-10.5803,8.9319],[-10.58,8.9316],[-10.5792,8.9314],[-10.579,8.9309],[-10.5788,8.9307],[-10.5786,8.9307],[-10.5783,8.9309],[-10.5782,8.931],[-10.578,8.931],[-10.578,8.9309],[-10.5782,8.9297],[-10.5779,8.9292],[-10.5776,8.9291],[-10.5774,8.9296],[-10.5772,8.9295],[-10.577,8.9302],[-10.5768,8.9301],[-10.5767,8.93],[-10.5768,8.9294],[-10.5771,8.9292],[-10.5773,8.9288],[-10.5774,8.9286],[-10.5773,8.9282],[-10.5771,8.9279],[-10.577,8.9277],[-10.5772,8.9275],[-10.5774,8.9276],[-10.5777,8.9277],[-10.5779,8.9277],[-10.578,8.9275],[-10.5777,8.9274],[-10.5774,8.9273],[-10.5773,8.9272],[-10.5772,8.927],[-10.5774,8.9267],[-10.5777,8.9266],[-10.578,8.9264],[-10.5781,8.9263],[-10.5781,8.926],[-10.578,8.9258],[-10.578,8.9253],[-10.5784,8.9249],[-10.5786,8.9246],[-10.5783,8.9244],[-10.578,8.9242],[-10.5778,8.9242],[-10.5775,8.924],[-10.5774,8.9237],[-10.5777,8.9235],[-10.5776,8.9233],[-10.5771,8.9234],[-10.5767,8.9232],[-10.5765,8.9228],[-10.5765,8.9225],[-10.5761,8.9221],[-10.5757,8.9224],[-10.5757,8.9228],[-10.5755,8.9227],[-10.5753,8.9224],[-10.5752,8.922],[-10.5749,8.9216],[-10.5749,8.9213],[-10.5752,8.9209],[-10.5751,8.92],[-10.5753,8.9198],[-10.5758,8.9197],[-10.5752,8.9185],[-10.5749,8.9177],[-10.575,8.9173],[-10.5759,8.9171],[-10.5761,8.9169],[-10.5759,8.9163],[-10.5757,8.9159],[-10.5753,8.9157],[-10.5754,8.9155],[-10.5757,8.9153],[-10.5765,8.9149],[-10.5765,8.9145],[-10.5764,8.914],[-10.5761,8.9137],[-10.5755,8.9134],[-10.5756,8.913],[-10.5758,8.9123],[-10.5756,8.9122],[-10.5751,8.9124],[-10.5749,8.913],[-10.5746,8.9133],[-10.5741,8.9132],[-10.5738,8.9123],[-10.5738,8.9117],[-10.5736,8.9113],[-10.5736,8.9111],[-10.5739,8.9109],[-10.5736,8.9103],[-10.5738,8.91],[-10.5743,8.91],[-10.5744,8.9099],[-10.5743,8.9095],[-10.5737,8.9093],[-10.5732,8.9092],[-10.573,8.909],[-10.573,8.9088],[-10.5733,8.9085],[-10.5736,8.9083],[-10.5739,8.9081],[-10.5746,8.908],[-10.5748,8.9078],[-10.5746,8.907],[-10.5746,8.906],[-10.5743,8.9055],[-10.5746,8.905],[-10.5749,8.9044],[-10.5747,8.9034],[-10.575,8.902],[-10.5759,8.9004],[-10.576,8.9],[-10.576,8.8997],[-10.5753,8.8992],[-10.5751,8.8987],[-10.5751,8.8981],[-10.5752,8.8975],[-10.5755,8.897],[-10.5758,8.8966],[-10.5761,8.8951],[-10.5764,8.8945],[-10.5759,8.8929],[-10.576,8.8925],[-10.5763,8.8923],[-10.5762,8.8919],[-10.5758,8.8918],[-10.5753,8.892],[-10.575,8.8925],[-10.5747,8.8924],[-10.5745,8.8922],[-10.5744,8.8911],[-10.5743,8.8909],[-10.574,8.8907],[-10.5736,8.8907],[-10.5734,8.8911],[-10.5735,8.8913],[-10.5734,8.8915],[-10.5732,8.8914],[-10.5732,8.8912],[-10.5731,8.8909],[-10.5732,8.8903],[-10.5734,8.8899],[-10.5738,8.8898],[-10.5741,8.8898],[-10.5744,8.8895],[-10.5747,8.8892],[-10.5747,8.8891],[-10.5743,8.8889],[-10.5742,8.8888],[-10.5741,8.8885],[-10.5743,8.8882],[-10.5747,8.888],[-10.5748,8.8877],[-10.5745,8.8872],[-10.574,8.8873],[-10.5738,8.887],[-10.5738,8.8867],[-10.5733,8.886],[-10.5736,8.8851],[-10.5733,8.8849],[-10.573,8.8852],[-10.5729,8.8859],[-10.5723,8.8862],[-10.5718,8.886],[-10.5714,8.8864],[-10.571,8.8863],[-10.5708,8.886],[-10.5705,8.8855],[-10.5706,8.8852],[-10.5714,8.8847],[-10.5715,8.8844],[-10.5715,8.8841],[-10.5708,8.8836],[-10.5706,8.8834],[-10.5707,8.8831],[-10.571,8.8828],[-10.571,8.8824],[-10.5709,8.8822],[-10.5703,8.8821],[-10.5701,8.882],[-10.57,8.8815],[-10.5698,8.8813],[-10.5695,8.8812],[-10.5695,8.881],[-10.5698,8.8805],[-10.5698,8.8803],[-10.5696,8.88],[-10.5696,8.8795],[-10.5701,8.879],[-10.5705,8.8788],[-10.5706,8.8786],[-10.5705,8.8782],[-10.5703,8.8779],[-10.5703,8.8777],[-10.5705,8.8775],[-10.5709,8.8775],[-10.5713,8.8773],[-10.571,8.8767],[-10.5712,8.876],[-10.571,8.8757],[-10.5705,8.8755],[-10.5699,8.8747],[-10.5697,8.8734],[-10.5698,8.8728],[-10.5697,8.8721],[-10.5695,8.8715],[-10.569,8.8711],[-10.5688,8.8709],[-10.5684,8.8709],[-10.568,8.871],[-10.5678,8.8709],[-10.5677,8.8707],[-10.5684,8.8698],[-10.5684,8.8695],[-10.5682,8.8694],[-10.5675,8.8693],[-10.5673,8.8691],[-10.5672,8.8677],[-10.5671,8.8673],[-10.5672,8.8671],[-10.5676,8.8672],[-10.5678,8.867],[-10.568,8.8669],[-10.5681,8.8668],[-10.5678,8.8665],[-10.5674,8.8665],[-10.5671,8.8665],[-10.5669,8.8667],[-10.5667,8.8666],[-10.5667,8.8663],[-10.5669,8.8661],[-10.5672,8.8658],[-10.5676,8.8655],[-10.5672,8.8652],[-10.5671,8.8648],[-10.5674,8.8643],[-10.5673,8.8641],[-10.5668,8.8641],[-10.5669,8.8634],[-10.5672,8.8631],[-10.5667,8.8616],[-10.5665,8.8615],[-10.5662,8.8615],[-10.5662,8.8611],[-10.5659,8.8604],[-10.5653,8.8602],[-10.5644,8.8603],[-10.5635,8.8598],[-10.5634,8.8591],[-10.5631,8.8585],[-10.563,8.858],[-10.5626,8.8574],[-10.563,8.8568],[-10.5639,8.8563],[-10.5639,8.8553],[-10.5621,8.8556],[-10.5622,8.8547],[-10.5617,8.8524],[-10.5613,8.8503],[-10.5613,8.8485],[-10.5621,8.8475],[-10.5616,8.8466],[-10.5611,8.8462],[-10.5601,8.8464],[-10.5599,8.8452],[-10.5598,8.845],[-10.5595,8.8452],[-10.5593,8.8454],[-10.5591,8.8451],[-10.5591,8.8447],[-10.5598,8.8438],[-10.5602,8.843],[-10.5596,8.8419],[-10.5595,8.8412],[-10.5591,8.84],[-10.5591,8.8385],[-10.5592,8.8379],[-10.5602,8.8368],[-10.5603,8.8364],[-10.5599,8.8349],[-10.5593,8.8343],[-10.5589,8.8338],[-10.5592,8.8332],[-10.5594,8.8325],[-10.5593,8.832],[-10.5595,8.8317],[-10.5599,8.8312],[-10.5597,8.8304],[-10.5596,8.83],[-10.5592,8.8293],[-10.5588,8.829],[-10.558,8.8289],[-10.5579,8.8286],[-10.5581,8.8283],[-10.5584,8.8283],[-10.5587,8.8284],[-10.5587,8.8287],[-10.5589,8.8287],[-10.5593,8.8284],[-10.5594,8.8282],[-10.5593,8.8277],[-10.5589,8.8277],[-10.5584,8.8275],[-10.5578,8.8271],[-10.5577,8.8269],[-10.5578,8.8265],[-10.5581,8.8263],[-10.5584,8.8259],[-10.5581,8.8253],[-10.558,8.8251],[-10.5581,8.8246],[-10.5578,8.8244],[-10.557,8.8244],[-10.5569,8.8238],[-10.5573,8.8233],[-10.5574,8.8231],[-10.5573,8.8221],[-10.5574,8.8214],[-10.5577,8.8209],[-10.5578,8.8206],[-10.5574,8.8202],[-10.5574,8.8198],[-10.5578,8.8195],[-10.5582,8.8194],[-10.5582,8.8198],[-10.5581,8.8202],[-10.5584,8.8203],[-10.5587,8.8204],[-10.5598,8.8201],[-10.5595,8.8194],[-10.5597,8.8188],[-10.5603,8.8187],[-10.5605,8.8184],[-10.5619,8.8179],[-10.5619,8.8177],[-10.5623,8.8171],[-10.5624,8.8162],[-10.5613,8.8131],[-10.5608,8.8123],[-10.5594,8.8114],[-10.559,8.8109],[-10.559,8.8105],[-10.5595,8.8101],[-10.5596,8.81],[-10.5597,8.8096],[-10.5597,8.8086],[-10.5596,8.8076],[-10.5598,8.8074],[-10.5604,8.807],[-10.5609,8.8066],[-10.5611,8.806],[-10.5611,8.8054],[-10.5609,8.8047],[-10.5605,8.8046],[-10.5599,8.805],[-10.5592,8.8052],[-10.5587,8.805],[-10.5581,8.805],[-10.5574,8.8053],[-10.557,8.8057],[-10.5563,8.806],[-10.5556,8.8061],[-10.5547,8.8057],[-10.5538,8.8052],[-10.5524,8.8041],[-10.552,8.804],[-10.5519,8.8039],[-10.5519,8.8035],[-10.5515,8.8025],[-10.5508,8.8013],[-10.5507,8.8002],[-10.5506,8.7993],[-10.5503,8.7988],[-10.5501,8.7985],[-10.5497,8.7986],[-10.5494,8.7994],[-10.5494,8.8004],[-10.5488,8.8019],[-10.5481,8.8025],[-10.5468,8.8025],[-10.5453,8.8027],[-10.5446,8.8031],[-10.5442,8.8035],[-10.5439,8.8049],[-10.5436,8.8052],[-10.543,8.8053],[-10.5409,8.8043],[-10.5395,8.8035],[-10.5394,8.8028],[-10.5402,8.8017],[-10.5403,8.8011],[-10.54,8.8004],[-10.5396,8.8002],[-10.5391,8.8],[-10.5379,8.7991],[-10.5372,8.7991],[-10.5364,8.7988],[-10.5362,8.7986],[-10.5362,8.798],[-10.5369,8.7979],[-10.5376,8.7968],[-10.5379,8.796],[-10.5377,8.7956],[-10.537,8.7954],[-10.5361,8.7958],[-10.5347,8.7955],[-10.5332,8.7935],[-10.533,8.792],[-10.5304,8.7903],[-10.5288,8.7887],[-10.5278,8.7882],[-10.5274,8.7884],[-10.5278,8.7891],[-10.5269,8.7892],[-10.5252,8.7877],[-10.5246,8.7866],[-10.5244,8.7861],[-10.5244,8.7852],[-10.5242,8.7848],[-10.524,8.7848],[-10.5231,8.7855],[-10.5224,8.7851],[-10.5219,8.7847],[-10.5213,8.7838],[-10.5204,8.783],[-10.5198,8.7826],[-10.5197,8.7814],[-10.5196,8.7795],[-10.5191,8.7783],[-10.5187,8.7764],[-10.5178,8.7751],[-10.5174,8.774],[-10.5173,8.773],[-10.5164,8.7689],[-10.5162,8.768],[-10.5136,8.7622],[-10.5127,8.7599],[-10.5124,8.7581],[-10.5124,8.7579],[-10.5131,8.7569],[-10.513,8.7562],[-10.5124,8.754],[-10.5123,8.7528],[-10.5118,8.751],[-10.5105,8.7491],[-10.5097,8.748],[-10.509,8.7472],[-10.5094,8.7465],[-10.5096,8.746],[-10.5106,8.7457],[-10.5113,8.7451],[-10.5114,8.7447],[-10.5112,8.7434],[-10.5111,8.7424],[-10.5114,8.7413],[-10.5112,8.7407],[-10.5106,8.7406],[-10.5101,8.7412],[-10.5103,8.7422],[-10.5101,8.7427],[-10.5097,8.7428],[-10.5095,8.7426],[-10.509,8.7428],[-10.5085,8.7428],[-10.5082,8.7427],[-10.5081,8.742],[-10.5077,8.7414],[-10.5073,8.7414],[-10.5066,8.7412],[-10.506,8.7408],[-10.5055,8.7409],[-10.5046,8.7405],[-10.5041,8.7405],[-10.5037,8.7408],[-10.5024,8.7422],[-10.5017,8.7436],[-10.5011,8.7438],[-10.5,8.7437],[-10.4978,8.7431],[-10.4954,8.7418],[-10.4949,8.7414],[-10.4948,8.7412],[-10.4954,8.7407],[-10.4963,8.7401],[-10.4977,8.7396],[-10.4979,8.7397],[-10.4985,8.74],[-10.4988,8.7407],[-10.4999,8.7412],[-10.5004,8.7413],[-10.5009,8.7416],[-10.5017,8.7409],[-10.5021,8.7403],[-10.5027,8.7398],[-10.5051,8.7373],[-10.5058,8.7364],[-10.5061,8.7351],[-10.5061,8.7341],[-10.5056,8.7337],[-10.505,8.7333],[-10.5047,8.7332],[-10.5043,8.7333],[-10.5042,8.733],[-10.504,8.7329],[-10.5038,8.7328],[-10.5035,8.7326],[-10.5032,8.7323],[-10.5032,8.732],[-10.5035,8.7317],[-10.5042,8.7314],[-10.5041,8.7305],[-10.5033,8.7301],[-10.5023,8.7296],[-10.501,8.7286],[-10.5005,8.7282],[-10.5008,8.7275],[-10.5002,8.7267],[-10.4999,8.726],[-10.4979,8.7256],[-10.4952,8.7243],[-10.495,8.7238],[-10.4953,8.7232],[-10.4958,8.7227],[-10.4963,8.7212],[-10.4952,8.719],[-10.4958,8.718],[-10.4959,8.7174],[-10.4965,8.7169],[-10.4977,8.7171],[-10.4991,8.7167],[-10.4994,8.7161],[-10.4995,8.7151],[-10.5,8.7134],[-10.4979,8.7127],[-10.4974,8.7117],[-10.4944,8.7123],[-10.4931,8.7132],[-10.4928,8.7118],[-10.4934,8.7099],[-10.4956,8.7075],[-10.4964,8.7068],[-10.4963,8.7064],[-10.4947,8.7066],[-10.4933,8.7063],[-10.4922,8.7063],[-10.4918,8.7065],[-10.4914,8.7068],[-10.4883,8.7079],[-10.488,8.7076],[-10.488,8.7071],[-10.4874,8.7062],[-10.4873,8.7055],[-10.4862,8.7054],[-10.4861,8.7049],[-10.4861,8.7042],[-10.4854,8.7043],[-10.4851,8.703],[-10.4844,8.7024],[-10.4839,8.7022],[-10.4837,8.7024],[-10.4834,8.7025],[-10.4834,8.7021],[-10.4836,8.7018],[-10.4838,8.7015],[-10.4837,8.7007],[-10.4841,8.6999],[-10.484,8.6993],[-10.4838,8.6989],[-10.4832,8.6992],[-10.4826,8.6998],[-10.4814,8.6999],[-10.4809,8.6997],[-10.4804,8.6992],[-10.4805,8.6985],[-10.4802,8.6972],[-10.4801,8.6961],[-10.4798,8.6953],[-10.4795,8.6947],[-10.4792,8.6945],[-10.4789,8.6945],[-10.4783,8.6947],[-10.4776,8.6952],[-10.4769,8.6952],[-10.4762,8.6956],[-10.4741,8.6957],[-10.4737,8.6954],[-10.4734,8.6947],[-10.474,8.6943],[-10.4746,8.6941],[-10.4768,8.6939],[-10.4771,8.6935],[-10.477,8.6933],[-10.4761,8.6932],[-10.4755,8.6932],[-10.4751,8.6927],[-10.4753,8.6922],[-10.4759,8.6914],[-10.4761,8.6909],[-10.4756,8.6886],[-10.4755,8.6873],[-10.4755,8.6865],[-10.4758,8.6858],[-10.4768,8.6849],[-10.4772,8.6844],[-10.4773,8.6835],[-10.4771,8.6828],[-10.4767,8.6825],[-10.4756,8.683],[-10.4747,8.6837],[-10.4745,8.6843],[-10.4739,8.6855],[-10.473,8.6866],[-10.4721,8.6872],[-10.4708,8.6858],[-10.4702,8.6851],[-10.4702,8.684],[-10.4701,8.6837],[-10.4698,8.683],[-10.469,8.682],[-10.4694,8.6812],[-10.4692,8.681],[-10.4686,8.6811],[-10.4678,8.6811],[-10.4669,8.6805],[-10.4661,8.6805],[-10.4656,8.6799],[-10.4647,8.6793],[-10.4644,8.6775],[-10.4647,8.6768],[-10.465,8.6764],[-10.4655,8.6764],[-10.4661,8.6759],[-10.4661,8.6754],[-10.4664,8.6749],[-10.4665,8.6746],[-10.4662,8.6741],[-10.4653,8.6736],[-10.465,8.6735],[-10.4644,8.6729],[-10.4647,8.6717],[-10.4653,8.6709],[-10.4659,8.6702],[-10.4666,8.6698],[-10.467,8.67],[-10.4672,8.6703],[-10.4673,8.671],[-10.468,8.6715],[-10.4686,8.6716],[-10.4693,8.6715],[-10.4697,8.6707],[-10.4699,8.6702],[-10.4707,8.6694],[-10.471,8.6692],[-10.4714,8.6691],[-10.4718,8.6689],[-10.4723,8.6681],[-10.4727,8.6679],[-10.4726,8.6674],[-10.4732,8.6667],[-10.4718,8.6631],[-10.4719,8.6622],[-10.4723,8.6616],[-10.4735,8.6606],[-10.474,8.6592],[-10.4751,8.658],[-10.477,8.6567],[-10.4773,8.656],[-10.4769,8.6558],[-10.4746,8.6557],[-10.4742,8.6554],[-10.4732,8.655],[-10.4721,8.6546],[-10.472,8.6544],[-10.472,8.654],[-10.4725,8.6524],[-10.472,8.652],[-10.4705,8.6517],[-10.4703,8.6514],[-10.4745,8.646],[-10.4755,8.6456],[-10.4773,8.6456],[-10.4782,8.6451],[-10.4782,8.6447],[-10.4779,8.6431],[-10.4781,8.642],[-10.479,8.6406],[-10.48,8.6397],[-10.4813,8.6392],[-10.4826,8.6389],[-10.4837,8.6383],[-10.4885,8.6357],[-10.4897,8.6346],[-10.4905,8.6336],[-10.4915,8.6329],[-10.4924,8.6323],[-10.4934,8.6315],[-10.4936,8.6305],[-10.4933,8.6295],[-10.4911,8.6275],[-10.4927,8.6257],[-10.4931,8.6255],[-10.4948,8.6254],[-10.4967,8.6246],[-10.4988,8.6246],[-10.5002,8.6241],[-10.5023,8.6227],[-10.5033,8.622],[-10.5055,8.6211],[-10.5071,8.6212],[-10.5099,8.6206],[-10.5108,8.6158],[-10.5111,8.6157],[-10.5113,8.6154],[-10.5134,8.6145],[-10.5144,8.6148],[-10.5171,8.6167],[-10.5176,8.6176],[-10.5176,8.6192],[-10.5197,8.6202]]]},"properties":{"code":"KON","name":"Kono District","level":"2","parent":"Plmg8ikyfrK","parentGraph":"Plmg8ikyfrK","groups":["QJuHsfZjNBf","Y1fwmuWGmNr"]}},{"type":"Feature","id":"vwGFBHSjLcF","geometry":{"type":"Polygon","coordinates":[[[-10.5197,8.6202],[-10.5203,8.6203],[-10.5217,8.6193],[-10.5239,8.6178],[-10.5259,8.6167],[-10.5281,8.6159],[-10.529,8.6156],[-10.5309,8.6143],[-10.5322,8.6161],[-10.5336,8.6162],[-10.5348,8.617],[-10.5355,8.6169],[-10.5374,8.6164],[-10.5384,8.616],[-10.5396,8.6158],[-10.5415,8.6147],[-10.5419,8.6145],[-10.5421,8.6135],[-10.5421,8.6119],[-10.5423,8.6104],[-10.5426,8.6097],[-10.5454,8.6084],[-10.5464,8.6077],[-10.5479,8.6071],[-10.5492,8.6075],[-10.5502,8.6076],[-10.5526,8.6052],[-10.5543,8.6029],[-10.5547,8.6027],[-10.5569,8.6037],[-10.5583,8.6041],[-10.5592,8.604],[-10.5595,8.6034],[-10.5594,8.6026],[-10.5587,8.6019],[-10.5582,8.6005],[-10.5583,8.5998],[-10.5596,8.5983],[-10.5605,8.5979],[-10.561,8.5988],[-10.5621,8.6],[-10.5643,8.6012],[-10.5675,8.6024],[-10.5684,8.6024],[-10.5706,8.6],[-10.5732,8.5994],[-10.5748,8.5987],[-10.5763,8.5961],[-10.5764,8.5951],[-10.576,8.5938],[-10.5758,8.5932],[-10.574,8.5901],[-10.5734,8.5889],[-10.5736,8.5875],[-10.5742,8.5859],[-10.5743,8.5851],[-10.5741,8.5845],[-10.573,8.5832],[-10.5743,8.5817],[-10.575,8.5794],[-10.5749,8.5772],[-10.5743,8.5742],[-10.5744,8.5734],[-10.5763,8.5726],[-10.5776,8.5726],[-10.5784,8.5735],[-10.5796,8.5739],[-10.5815,8.573],[-10.5832,8.5721],[-10.585,8.5699],[-10.5868,8.5682],[-10.5902,8.5634],[-10.5905,8.5626],[-10.5903,8.5612],[-10.5905,8.5602],[-10.5923,8.5578],[-10.5925,8.5569],[-10.5925,8.556],[-10.5927,8.5547],[-10.5927,8.552],[-10.5929,8.5506],[-10.5933,8.5496],[-10.5935,8.5493],[-10.594,8.5491],[-10.5946,8.5491],[-10.5954,8.5489],[-10.5961,8.5486],[-10.597,8.548],[-10.5984,8.5469],[-10.5998,8.5463],[-10.6014,8.5461],[-10.6029,8.5465],[-10.6035,8.5465],[-10.6041,8.5464],[-10.6047,8.5461],[-10.6053,8.5458],[-10.6068,8.5447],[-10.6085,8.5437],[-10.609,8.5435],[-10.6101,8.5431],[-10.6106,8.5431],[-10.6112,8.5433],[-10.6115,8.5436],[-10.6115,8.5453],[-10.6116,8.5457],[-10.6118,8.546],[-10.6121,8.5462],[-10.6124,8.5462],[-10.6127,8.5461],[-10.6134,8.5453],[-10.6142,8.544],[-10.615,8.5431],[-10.6153,8.5428],[-10.6158,8.5422],[-10.616,8.5417],[-10.616,8.5411],[-10.6158,8.5404],[-10.6158,8.5398],[-10.6159,8.5393],[-10.6161,8.539],[-10.6162,8.5386],[-10.6162,8.5384],[-10.616,8.5383],[-10.6153,8.538],[-10.615,8.5378],[-10.6147,8.5375],[-10.6145,8.5372],[-10.6139,8.5368],[-10.6136,8.5363],[-10.6135,8.5359],[-10.6139,8.5353],[-10.614,8.5345],[-10.6141,8.5331],[-10.6146,8.5324],[-10.6152,8.5317],[-10.617,8.5304],[-10.6186,8.5295],[-10.6196,8.5287],[-10.6201,8.5284],[-10.6205,8.5276],[-10.6212,8.5256],[-10.622,8.5199],[-10.6224,8.5169],[-10.6229,8.5153],[-10.6237,8.5132],[-10.6252,8.5121],[-10.6258,8.5111],[-10.626,8.5099],[-10.6261,8.508],[-10.6272,8.5074],[-10.6274,8.506],[-10.6276,8.505],[-10.6277,8.5043],[-10.627,8.5025],[-10.6271,8.5019],[-10.6269,8.5014],[-10.6265,8.5004],[-10.6251,8.5002],[-10.6236,8.4988],[-10.6206,8.4963],[-10.6203,8.4958],[-10.6202,8.4954],[-10.6203,8.4948],[-10.6207,8.4944],[-10.6222,8.4938],[-10.6225,8.4934],[-10.6225,8.4928],[-10.622,8.4922],[-10.6217,8.4923],[-10.6208,8.493],[-10.6205,8.4932],[-10.6203,8.4931],[-10.6201,8.493],[-10.6199,8.4925],[-10.6199,8.4921],[-10.6199,8.4917],[-10.6201,8.4912],[-10.6204,8.4906],[-10.6213,8.49],[-10.6221,8.4895],[-10.6225,8.4892],[-10.6227,8.4889],[-10.6225,8.4885],[-10.6225,8.4879],[-10.6242,8.487],[-10.625,8.487],[-10.6258,8.4872],[-10.6269,8.488],[-10.6285,8.4886],[-10.6309,8.4903],[-10.6319,8.4908],[-10.6326,8.4909],[-10.6331,8.4908],[-10.6336,8.4905],[-10.6339,8.49],[-10.6339,8.4882],[-10.6339,8.4852],[-10.6343,8.4835],[-10.6342,8.4831],[-10.6341,8.4827],[-10.6341,8.4826],[-10.6339,8.4824],[-10.6336,8.4822],[-10.6323,8.4813],[-10.6318,8.4808],[-10.6315,8.4805],[-10.6315,8.4802],[-10.6316,8.4794],[-10.6317,8.4792],[-10.632,8.4789],[-10.6322,8.4786],[-10.6325,8.4778],[-10.6334,8.4765],[-10.6339,8.476],[-10.6347,8.4755],[-10.6356,8.4753],[-10.6367,8.4752],[-10.6387,8.4753],[-10.64,8.4751],[-10.6406,8.4749],[-10.6409,8.4748],[-10.6412,8.4746],[-10.6415,8.4739],[-10.6416,8.4735],[-10.6416,8.4731],[-10.6412,8.4707],[-10.641,8.4701],[-10.6403,8.4696],[-10.6397,8.4687],[-10.6392,8.4679],[-10.6389,8.4675],[-10.6387,8.467],[-10.6386,8.4667],[-10.6386,8.4664],[-10.6387,8.4662],[-10.639,8.466],[-10.6397,8.4658],[-10.6404,8.4655],[-10.6417,8.4638],[-10.642,8.4634],[-10.642,8.463],[-10.642,8.4628],[-10.6418,8.4625],[-10.6415,8.4622],[-10.6413,8.4621],[-10.641,8.462],[-10.6409,8.4619],[-10.6408,8.4617],[-10.6408,8.4616],[-10.6409,8.4611],[-10.6414,8.4606],[-10.6415,8.4603],[-10.6415,8.4597],[-10.6413,8.4593],[-10.6409,8.459],[-10.6407,8.4586],[-10.6401,8.4569],[-10.6406,8.456],[-10.6417,8.4547],[-10.642,8.4539],[-10.6419,8.4533],[-10.6421,8.4533],[-10.6425,8.4533],[-10.6429,8.4535],[-10.643,8.4538],[-10.6432,8.4543],[-10.644,8.4555],[-10.648,8.4618],[-10.6505,8.4663],[-10.6578,8.4637],[-10.6612,8.4596],[-10.6729,8.4571],[-10.6813,8.4509],[-10.6829,8.4507],[-10.6897,8.4496],[-10.6964,8.4496],[-10.6986,8.4419],[-10.7018,8.4419],[-10.7044,8.4456],[-10.7064,8.4469],[-10.7093,8.4471],[-10.7124,8.4451],[-10.712,8.4421],[-10.7191,8.4426],[-10.7244,8.4426],[-10.7282,8.4357],[-10.7273,8.4349],[-10.7307,8.4262],[-10.7362,8.4197],[-10.7419,8.414],[-10.7549,8.413],[-10.7594,8.4133],[-10.7637,8.4124],[-10.7672,8.4114],[-10.7808,8.4114],[-10.7907,8.4101],[-10.7967,8.4094],[-10.8047,8.4081],[-10.8133,8.4114],[-10.8226,8.4141],[-10.8299,8.4134],[-10.8385,8.4108],[-10.8391,8.4103],[-10.8484,8.4035],[-10.8444,8.3975],[-10.8444,8.3915],[-10.855,8.3922],[-10.8703,8.3909],[-10.8763,8.3882],[-10.8822,8.3862],[-10.8942,8.3756],[-10.9068,8.3803],[-10.9107,8.3823],[-10.9223,8.3799],[-10.9226,8.3794],[-10.9243,8.3791],[-10.9258,8.3833],[-10.9261,8.3869],[-10.9273,8.3878],[-10.9345,8.3891],[-10.9425,8.389],[-10.948,8.3877],[-10.9513,8.3864],[-10.9522,8.3831],[-10.9545,8.3818],[-10.9589,8.3775],[-10.9617,8.3755],[-10.9687,8.3722],[-10.9753,8.3718],[-10.9808,8.3721],[-10.9828,8.3708],[-10.991,8.3708],[-10.9945,8.3686],[-10.9983,8.3643],[-11.0076,8.3604],[-11.0142,8.3577],[-11.0195,8.356],[-11.022,8.356],[-11.0255,8.3544],[-11.0341,8.3471],[-11.0411,8.3397],[-11.0461,8.3365],[-11.0507,8.3355],[-11.0609,8.3343],[-11.0644,8.3405],[-11.0665,8.3441],[-11.0688,8.3474],[-11.0724,8.348],[-11.0767,8.3465],[-11.0806,8.3438],[-11.0864,8.3393],[-11.0881,8.3393],[-11.0934,8.3441],[-11.0966,8.3453],[-11.1007,8.3464],[-11.1093,8.3457],[-11.1183,8.3398],[-11.1236,8.3412],[-11.1265,8.34],[-11.1367,8.3404],[-11.1408,8.3442],[-11.1465,8.3521],[-11.1492,8.3552],[-11.1552,8.3565],[-11.1586,8.3577],[-11.1627,8.3604],[-11.1671,8.3618],[-11.172,8.3632],[-11.1775,8.3638],[-11.1782,8.3643],[-11.1847,8.3641],[-11.1928,8.3643],[-11.1977,8.3617],[-11.206,8.355],[-11.2146,8.3441],[-11.2239,8.3344],[-11.227,8.3349],[-11.2302,8.337],[-11.238,8.3438],[-11.242,8.3544],[-11.2402,8.3642],[-11.233,8.3626],[-11.2365,8.3701],[-11.24,8.3743],[-11.2433,8.3816],[-11.2453,8.3876],[-11.2486,8.3955],[-11.2502,8.4011],[-11.249,8.4031],[-11.2471,8.4098],[-11.2473,8.4121],[-11.2479,8.4127],[-11.2503,8.4212],[-11.2506,8.4313],[-11.2478,8.4338],[-11.2462,8.4335],[-11.242,8.4361],[-11.2376,8.4427],[-11.2313,8.449],[-11.2456,8.4656],[-11.2497,8.4846],[-11.2539,8.4877],[-11.2506,8.4942],[-11.251,8.4987],[-11.2518,8.5022],[-11.2546,8.5037],[-11.2553,8.5084],[-11.2568,8.509],[-11.2597,8.5141],[-11.2617,8.5128],[-11.2647,8.5156],[-11.2672,8.5138],[-11.2686,8.5157],[-11.2724,8.5158],[-11.2741,8.515],[-11.2765,8.517],[-11.2793,8.5201],[-11.2823,8.5261],[-11.2853,8.5289],[-11.2938,8.5216],[-11.3011,8.5258],[-11.3099,8.5233],[-11.3159,8.5204],[-11.3264,8.5004],[-11.3338,8.4971],[-11.3339,8.498],[-11.338,8.498],[-11.3375,8.5206],[-11.3401,8.5223],[-11.3395,8.5261],[-11.3434,8.5261],[-11.3447,8.5341],[-11.3481,8.5429],[-11.3543,8.5467],[-11.3551,8.5479],[-11.3546,8.5497],[-11.3506,8.5541],[-11.3485,8.5553],[-11.3435,8.5595],[-11.3393,8.5647],[-11.3396,8.5723],[-11.3368,8.5746],[-11.3384,8.5782],[-11.3382,8.5833],[-11.3395,8.5855],[-11.3415,8.5911],[-11.3408,8.5945],[-11.3422,8.5963],[-11.3429,8.5995],[-11.3454,8.5991],[-11.3459,8.6038],[-11.3463,8.6073],[-11.3495,8.6141],[-11.349,8.6197],[-11.3513,8.621],[-11.3527,8.6272],[-11.3522,8.6306],[-11.3529,8.6318],[-11.35,8.6368],[-11.3507,8.642],[-11.3482,8.6416],[-11.3473,8.6455],[-11.3492,8.6473],[-11.3499,8.6521],[-11.3512,8.6555],[-11.3507,8.6595],[-11.3411,8.6614],[-11.3338,8.6647],[-11.3411,8.676],[-11.343,8.6826],[-11.3432,8.6853],[-11.3445,8.6878],[-11.3474,8.6913],[-11.3483,8.6963],[-11.3485,8.7011],[-11.3473,8.7055],[-11.348,8.708],[-11.3472,8.7119],[-11.3487,8.7146],[-11.3485,8.7169],[-11.3471,8.7251],[-11.3479,8.7294],[-11.3471,8.7317],[-11.3477,8.737],[-11.3469,8.7411],[-11.3454,8.7444],[-11.3437,8.7465],[-11.3418,8.7474],[-11.3401,8.7507],[-11.3415,8.7558],[-11.3391,8.7623],[-11.3398,8.7656],[-11.3398,8.775],[-11.334,8.7801],[-11.3277,8.7855],[-11.3204,8.7922],[-11.3108,8.7972],[-11.3055,8.8012],[-11.3026,8.8071],[-11.3053,8.8139],[-11.3056,8.8213],[-11.2986,8.8318],[-11.2976,8.8411],[-11.2963,8.8543],[-11.2931,8.8593],[-11.284,8.8596],[-11.2753,8.8602],[-11.2695,8.8623],[-11.2628,8.8743],[-11.2582,8.8829],[-11.2529,8.8902],[-11.2538,8.892],[-11.2527,8.8973],[-11.2511,8.9004],[-11.2491,8.9041],[-11.2479,8.9049],[-11.2477,8.9073],[-11.2503,8.9073],[-11.2534,8.9051],[-11.2565,8.9052],[-11.2571,8.9082],[-11.2516,8.9108],[-11.2475,8.9138],[-11.2436,8.9179],[-11.2419,8.9215],[-11.2383,8.9254],[-11.2366,8.93],[-11.2348,8.9299],[-11.2308,8.9311],[-11.2266,8.9317],[-11.2251,8.9329],[-11.2228,8.9355],[-11.2209,8.9356],[-11.218,8.934],[-11.2086,8.9306],[-11.2011,8.9297],[-11.1932,8.9354],[-11.1886,8.9372],[-11.1846,8.9376],[-11.1794,8.9365],[-11.1768,8.9361],[-11.1724,8.9342],[-11.1669,8.925],[-11.1649,8.9228],[-11.1619,8.9233],[-11.1611,8.9264],[-11.1557,8.9329],[-11.1485,8.9372],[-11.146,8.9399],[-11.1446,8.9425],[-11.1455,8.9454],[-11.1459,8.9531],[-11.1465,8.9545],[-11.1465,8.9588],[-11.1453,8.9604],[-11.1404,8.9651],[-11.1353,8.9666],[-11.1313,8.9671],[-11.1271,8.9713],[-11.1239,8.9784],[-11.1257,8.982],[-11.1246,8.991],[-11.1268,8.9974],[-11.13,8.9976],[-11.1341,8.9996],[-11.1363,9.0085],[-11.1365,9.0095],[-11.1352,9.0155],[-11.1274,9.0216],[-11.1245,9.0258],[-11.1224,9.0307],[-11.1223,9.0392],[-11.1204,9.0407],[-11.0911,9.0661],[-11.0845,9.0628],[-11.083,9.0628],[-11.0824,9.0648],[-11.0817,9.0697],[-11.0785,9.0712],[-11.0758,9.0742],[-11.0739,9.075],[-11.0721,9.0755],[-11.0703,9.0758],[-11.0688,9.0757],[-11.06,9.0769],[-11.0575,9.0771],[-11.0547,9.0769],[-11.0407,9.0709],[-11.0353,9.068],[-11.0348,9.0673],[-11.0296,9.0654],[-11.0271,9.064],[-11.0242,9.0622],[-11.0149,9.0577],[-11.0119,9.0566],[-11.0046,9.0606],[-10.9984,9.0544],[-10.9882,9.0473],[-10.9808,9.0431],[-10.9771,9.0409],[-10.9689,9.0386],[-10.9635,9.0361],[-10.9534,9.0305],[-10.9382,9.0249],[-10.9274,9.0173],[-10.9133,9.0079],[-10.9182,9.0006],[-10.928,8.9894],[-10.9319,8.9858],[-10.9302,8.981],[-10.9291,8.9795],[-10.9256,8.9751],[-10.9232,8.9716],[-10.92,8.9658],[-10.9173,8.9625],[-10.9154,8.9614],[-10.9125,8.9576],[-10.9114,8.9577],[-10.9095,8.9605],[-10.9056,8.9646],[-10.8977,8.9745],[-10.8936,8.9715],[-10.8873,8.9637],[-10.8832,8.9582],[-10.8808,8.956],[-10.8765,8.953],[-10.8743,8.9485],[-10.8676,8.9505],[-10.8531,8.9552],[-10.8438,8.9479],[-10.8365,8.9379],[-10.8259,8.9359],[-10.8153,8.9353],[-10.8066,8.9339],[-10.8048,8.9346],[-10.8031,8.9339],[-10.7998,8.9337],[-10.796,8.9369],[-10.79,8.9428],[-10.7864,8.9435],[-10.7814,8.9439],[-10.7761,8.9399],[-10.7688,8.9399],[-10.7609,8.9346],[-10.7556,8.9326],[-10.748,8.9366],[-10.7407,8.9386],[-10.738,8.9333],[-10.7287,8.9306],[-10.7168,8.9346],[-10.7029,8.9359],[-10.6903,8.9359],[-10.6737,8.9346],[-10.6737,8.9366],[-10.6737,8.9445],[-10.675,8.9565],[-10.6773,8.9603],[-10.6797,8.962],[-10.6925,8.9625],[-10.6943,8.9635],[-10.6952,8.966],[-10.6943,8.9717],[-10.687,8.9823],[-10.6823,8.9949],[-10.6843,9.0022],[-10.6823,9.0089],[-10.679,9.0089],[-10.6783,9.0155],[-10.673,9.0181],[-10.6498,9.0228],[-10.6419,9.0248],[-10.6359,9.0294],[-10.6313,9.0334],[-10.626,9.0367],[-10.622,9.042],[-10.6087,9.0407],[-10.6041,9.042],[-10.5974,9.0414],[-10.5888,9.0427],[-10.5876,9.044],[-10.5867,9.0453],[-10.5848,9.045],[-10.5836,9.0461],[-10.5817,9.0464],[-10.5799,9.0482],[-10.5786,9.0475],[-10.5769,9.0463],[-10.576,9.0459],[-10.5756,9.0472],[-10.5746,9.0471],[-10.5746,9.0467],[-10.5746,9.0462],[-10.5744,9.0455],[-10.5743,9.0451],[-10.5738,9.0444],[-10.5738,9.0441],[-10.5739,9.044],[-10.5741,9.0439],[-10.5743,9.0436],[-10.5743,9.0434],[-10.5747,9.0435],[-10.575,9.0437],[-10.5754,9.0434],[-10.5757,9.0432],[-10.576,9.0427],[-10.5758,9.0417],[-10.576,9.0412],[-10.576,9.0398],[-10.5764,9.0391],[-10.5763,9.0387],[-10.576,9.0384],[-10.5761,9.0382],[-10.5764,9.0383],[-10.5765,9.0385],[-10.5766,9.0387],[-10.5768,9.0388],[-10.5771,9.0387],[-10.5771,9.0383],[-10.5777,9.0382],[-10.5781,9.038],[-10.5783,9.0367],[-10.5784,9.0361],[-10.5788,9.0359],[-10.5792,9.0349],[-10.579,9.0345],[-10.5785,9.0344],[-10.5783,9.0341],[-10.5787,9.0336],[-10.5794,9.0332],[-10.5797,9.0325],[-10.5801,9.0323],[-10.5804,9.0324],[-10.5805,9.032],[-10.5803,9.0318],[-10.5801,9.0319],[-10.5796,9.0318],[-10.5794,9.0315],[-10.5795,9.0309],[-10.5798,9.0307],[-10.5799,9.0307],[-10.5803,9.0312],[-10.5809,9.0315],[-10.5812,9.0314],[-10.5815,9.0312],[-10.5818,9.0301],[-10.5817,9.0295],[-10.5814,9.0293],[-10.5807,9.0294],[-10.5801,9.0292],[-10.58,9.0287],[-10.5806,9.0282],[-10.5807,9.0276],[-10.5802,9.0269],[-10.5809,9.0262],[-10.5806,9.0255],[-10.581,9.025],[-10.5809,9.0244],[-10.5808,9.024],[-10.5816,9.0233],[-10.5817,9.0227],[-10.5814,9.0217],[-10.5808,9.0209],[-10.5811,9.0193],[-10.5808,9.0181],[-10.5804,9.0179],[-10.58,9.0172],[-10.58,9.0167],[-10.581,9.0151],[-10.5811,9.0152],[-10.5825,9.0164],[-10.5838,9.0166],[-10.5844,9.0161],[-10.5834,9.0156],[-10.5831,9.0147],[-10.5834,9.0145],[-10.5838,9.0147],[-10.5845,9.0144],[-10.5858,9.0129],[-10.5874,9.0133],[-10.589,9.012],[-10.5889,9.0107],[-10.5898,9.0094],[-10.5897,9.0089],[-10.59,9.0068],[-10.5904,9.0057],[-10.5902,9.0051],[-10.5895,9.005],[-10.5891,9.0042],[-10.5879,9.0035],[-10.5868,9.0036],[-10.5866,9.0017],[-10.5875,9.0005],[-10.5891,9.0001],[-10.5893,8.9982],[-10.5904,8.9963],[-10.5906,8.9957],[-10.5901,8.9949],[-10.591,8.9935],[-10.5913,8.9919],[-10.5911,8.9878],[-10.5908,8.9875],[-10.5907,8.9874],[-10.5909,8.9872],[-10.5911,8.9873],[-10.5912,8.9869],[-10.5904,8.9859],[-10.5905,8.9852],[-10.5898,8.9842],[-10.5891,8.9831],[-10.5899,8.9814],[-10.5896,8.9802],[-10.5895,8.9786],[-10.5905,8.9777],[-10.5898,8.9757],[-10.5889,8.9742],[-10.5892,8.9732],[-10.5887,8.9714],[-10.5876,8.9702],[-10.5878,8.9694],[-10.5887,8.9687],[-10.5891,8.9675],[-10.5886,8.9649],[-10.588,8.9633],[-10.5871,8.9629],[-10.5855,8.9644],[-10.5851,8.9647],[-10.5846,8.9643],[-10.5845,8.9638],[-10.585,8.9633],[-10.5853,8.9628],[-10.5852,8.9618],[-10.5846,8.9605],[-10.5849,8.9597],[-10.5855,8.9594],[-10.5861,8.9597],[-10.5867,8.9596],[-10.5868,8.9593],[-10.5873,8.9593],[-10.5879,8.9599],[-10.5889,8.9595],[-10.5892,8.9575],[-10.5895,8.9572],[-10.5892,8.9569],[-10.5889,8.9572],[-10.5886,8.9579],[-10.588,8.9583],[-10.5879,8.9577],[-10.5877,8.9567],[-10.587,8.9559],[-10.5859,8.955],[-10.5858,8.9533],[-10.5854,8.9525],[-10.5854,8.9521],[-10.5851,8.9515],[-10.5851,8.9504],[-10.585,8.95],[-10.5851,8.9489],[-10.5845,8.948],[-10.5843,8.947],[-10.5846,8.9457],[-10.5841,8.9452],[-10.5833,8.945],[-10.5832,8.9446],[-10.5835,8.9442],[-10.5841,8.9444],[-10.5842,8.9441],[-10.5841,8.9438],[-10.5833,8.9429],[-10.5832,8.9426],[-10.5833,8.9424],[-10.5839,8.9424],[-10.5839,8.9422],[-10.5834,8.9416],[-10.5831,8.9414],[-10.5832,8.9412],[-10.5835,8.941],[-10.5838,8.9408],[-10.5842,8.9408],[-10.5842,8.9404],[-10.584,8.9401],[-10.584,8.9396],[-10.5838,8.9396],[-10.5834,8.9397],[-10.5831,8.9403],[-10.5829,8.9408],[-10.5827,8.9409],[-10.5824,8.9406],[-10.5824,8.94],[-10.5821,8.9395],[-10.5827,8.9392],[-10.5832,8.939],[-10.5838,8.9387],[-10.5838,8.9384],[-10.5832,8.9382],[-10.5826,8.9379],[-10.5825,8.9376],[-10.5826,8.9374],[-10.5831,8.9372],[-10.583,8.9367],[-10.5826,8.9362],[-10.5826,8.9357],[-10.5825,8.9355],[-10.5829,8.9352],[-10.5829,8.9348],[-10.5826,8.9344],[-10.5823,8.9342],[-10.5821,8.9342],[-10.5819,8.9344],[-10.5817,8.9345],[-10.5814,8.9343],[-10.5814,8.934],[-10.5814,8.9336],[-10.5813,8.9334],[-10.5811,8.9333],[-10.5808,8.9333],[-10.5806,8.933],[-10.5803,8.9319],[-10.58,8.9316],[-10.5792,8.9314],[-10.579,8.9309],[-10.5788,8.9307],[-10.5786,8.9307],[-10.5783,8.9309],[-10.5782,8.931],[-10.578,8.931],[-10.578,8.9309],[-10.5782,8.9297],[-10.5779,8.9292],[-10.5776,8.9291],[-10.5774,8.9296],[-10.5772,8.9295],[-10.577,8.9302],[-10.5768,8.9301],[-10.5767,8.93],[-10.5768,8.9294],[-10.5771,8.9292],[-10.5773,8.9288],[-10.5774,8.9286],[-10.5773,8.9282],[-10.5771,8.9279],[-10.577,8.9277],[-10.5772,8.9275],[-10.5774,8.9276],[-10.5777,8.9277],[-10.5779,8.9277],[-10.578,8.9275],[-10.5777,8.9274],[-10.5774,8.9273],[-10.5773,8.9272],[-10.5772,8.927],[-10.5774,8.9267],[-10.5777,8.9266],[-10.578,8.9264],[-10.5781,8.9263],[-10.5781,8.926],[-10.578,8.9258],[-10.578,8.9253],[-10.5784,8.9249],[-10.5786,8.9246],[-10.5783,8.9244],[-10.578,8.9242],[-10.5778,8.9242],[-10.5775,8.924],[-10.5774,8.9237],[-10.5777,8.9235],[-10.5776,8.9233],[-10.5771,8.9234],[-10.5767,8.9232],[-10.5765,8.9228],[-10.5765,8.9225],[-10.5761,8.9221],[-10.5757,8.9224],[-10.5757,8.9228],[-10.5755,8.9227],[-10.5753,8.9224],[-10.5752,8.922],[-10.5749,8.9216],[-10.5749,8.9213],[-10.5752,8.9209],[-10.5751,8.92],[-10.5753,8.9198],[-10.5758,8.9197],[-10.5752,8.9185],[-10.5749,8.9177],[-10.575,8.9173],[-10.5759,8.9171],[-10.5761,8.9169],[-10.5759,8.9163],[-10.5757,8.9159],[-10.5753,8.9157],[-10.5754,8.9155],[-10.5757,8.9153],[-10.5765,8.9149],[-10.5765,8.9145],[-10.5764,8.914],[-10.5761,8.9137],[-10.5755,8.9134],[-10.5756,8.913],[-10.5758,8.9123],[-10.5756,8.9122],[-10.5751,8.9124],[-10.5749,8.913],[-10.5746,8.9133],[-10.5741,8.9132],[-10.5738,8.9123],[-10.5738,8.9117],[-10.5736,8.9113],[-10.5736,8.9111],[-10.5739,8.9109],[-10.5736,8.9103],[-10.5738,8.91],[-10.5743,8.91],[-10.5744,8.9099],[-10.5743,8.9095],[-10.5737,8.9093],[-10.5732,8.9092],[-10.573,8.909],[-10.573,8.9088],[-10.5733,8.9085],[-10.5736,8.9083],[-10.5739,8.9081],[-10.5746,8.908],[-10.5748,8.9078],[-10.5746,8.907],[-10.5746,8.906],[-10.5743,8.9055],[-10.5746,8.905],[-10.5749,8.9044],[-10.5747,8.9034],[-10.575,8.902],[-10.5759,8.9004],[-10.576,8.9],[-10.576,8.8997],[-10.5753,8.8992],[-10.5751,8.8987],[-10.5751,8.8981],[-10.5752,8.8975],[-10.5755,8.897],[-10.5758,8.8966],[-10.5761,8.8951],[-10.5764,8.8945],[-10.5759,8.8929],[-10.576,8.8925],[-10.5763,8.8923],[-10.5762,8.8919],[-10.5758,8.8918],[-10.5753,8.892],[-10.575,8.8925],[-10.5747,8.8924],[-10.5745,8.8922],[-10.5744,8.8911],[-10.5743,8.8909],[-10.574,8.8907],[-10.5736,8.8907],[-10.5734,8.8911],[-10.5735,8.8913],[-10.5734,8.8915],[-10.5732,8.8914],[-10.5732,8.8912],[-10.5731,8.8909],[-10.5732,8.8903],[-10.5734,8.8899],[-10.5738,8.8898],[-10.5741,8.8898],[-10.5744,8.8895],[-10.5747,8.8892],[-10.5747,8.8891],[-10.5743,8.8889],[-10.5742,8.8888],[-10.5741,8.8885],[-10.5743,8.8882],[-10.5747,8.888],[-10.5748,8.8877],[-10.5745,8.8872],[-10.574,8.8873],[-10.5738,8.887],[-10.5738,8.8867],[-10.5733,8.886],[-10.5736,8.8851],[-10.5733,8.8849],[-10.573,8.8852],[-10.5729,8.8859],[-10.5723,8.8862],[-10.5718,8.886],[-10.5714,8.8864],[-10.571,8.8863],[-10.5708,8.886],[-10.5705,8.8855],[-10.5706,8.8852],[-10.5714,8.8847],[-10.5715,8.8844],[-10.5715,8.8841],[-10.5708,8.8836],[-10.5706,8.8834],[-10.5707,8.8831],[-10.571,8.8828],[-10.571,8.8824],[-10.5709,8.8822],[-10.5703,8.8821],[-10.5701,8.882],[-10.57,8.8815],[-10.5698,8.8813],[-10.5695,8.8812],[-10.5695,8.881],[-10.5698,8.8805],[-10.5698,8.8803],[-10.5696,8.88],[-10.5696,8.8795],[-10.5701,8.879],[-10.5705,8.8788],[-10.5706,8.8786],[-10.5705,8.8782],[-10.5703,8.8779],[-10.5703,8.8777],[-10.5705,8.8775],[-10.5709,8.8775],[-10.5713,8.8773],[-10.571,8.8767],[-10.5712,8.876],[-10.571,8.8757],[-10.5705,8.8755],[-10.5699,8.8747],[-10.5697,8.8734],[-10.5698,8.8728],[-10.5697,8.8721],[-10.5695,8.8715],[-10.569,8.8711],[-10.5688,8.8709],[-10.5684,8.8709],[-10.568,8.871],[-10.5678,8.8709],[-10.5677,8.8707],[-10.5684,8.8698],[-10.5684,8.8695],[-10.5682,8.8694],[-10.5675,8.8693],[-10.5673,8.8691],[-10.5672,8.8677],[-10.5671,8.8673],[-10.5672,8.8671],[-10.5676,8.8672],[-10.5678,8.867],[-10.568,8.8669],[-10.5681,8.8668],[-10.5678,8.8665],[-10.5674,8.8665],[-10.5671,8.8665],[-10.5669,8.8667],[-10.5667,8.8666],[-10.5667,8.8663],[-10.5669,8.8661],[-10.5672,8.8658],[-10.5676,8.8655],[-10.5672,8.8652],[-10.5671,8.8648],[-10.5674,8.8643],[-10.5673,8.8641],[-10.5668,8.8641],[-10.5669,8.8634],[-10.5672,8.8631],[-10.5667,8.8616],[-10.5665,8.8615],[-10.5662,8.8615],[-10.5662,8.8611],[-10.5659,8.8604],[-10.5653,8.8602],[-10.5644,8.8603],[-10.5635,8.8598],[-10.5634,8.8591],[-10.5631,8.8585],[-10.563,8.858],[-10.5626,8.8574],[-10.563,8.8568],[-10.5639,8.8563],[-10.5639,8.8553],[-10.5621,8.8556],[-10.5622,8.8547],[-10.5617,8.8524],[-10.5613,8.8503],[-10.5613,8.8485],[-10.5621,8.8475],[-10.5616,8.8466],[-10.5611,8.8462],[-10.5601,8.8464],[-10.5599,8.8452],[-10.5598,8.845],[-10.5595,8.8452],[-10.5593,8.8454],[-10.5591,8.8451],[-10.5591,8.8447],[-10.5598,8.8438],[-10.5602,8.843],[-10.5596,8.8419],[-10.5595,8.8412],[-10.5591,8.84],[-10.5591,8.8385],[-10.5592,8.8379],[-10.5602,8.8368],[-10.5603,8.8364],[-10.5599,8.8349],[-10.5593,8.8343],[-10.5589,8.8338],[-10.5592,8.8332],[-10.5594,8.8325],[-10.5593,8.832],[-10.5595,8.8317],[-10.5599,8.8312],[-10.5597,8.8304],[-10.5596,8.83],[-10.5592,8.8293],[-10.5588,8.829],[-10.558,8.8289],[-10.5579,8.8286],[-10.5581,8.8283],[-10.5584,8.8283],[-10.5587,8.8284],[-10.5587,8.8287],[-10.5589,8.8287],[-10.5593,8.8284],[-10.5594,8.8282],[-10.5593,8.8277],[-10.5589,8.8277],[-10.5584,8.8275],[-10.5578,8.8271],[-10.5577,8.8269],[-10.5578,8.8265],[-10.5581,8.8263],[-10.5584,8.8259],[-10.5581,8.8253],[-10.558,8.8251],[-10.5581,8.8246],[-10.5578,8.8244],[-10.557,8.8244],[-10.5569,8.8238],[-10.5573,8.8233],[-10.5574,8.8231],[-10.5573,8.8221],[-10.5574,8.8214],[-10.5577,8.8209],[-10.5578,8.8206],[-10.5574,8.8202],[-10.5574,8.8198],[-10.5578,8.8195],[-10.5582,8.8194],[-10.5582,8.8198],[-10.5581,8.8202],[-10.5584,8.8203],[-10.5587,8.8204],[-10.5598,8.8201],[-10.5595,8.8194],[-10.5597,8.8188],[-10.5603,8.8187],[-10.5605,8.8184],[-10.5619,8.8179],[-10.5619,8.8177],[-10.5623,8.8171],[-10.5624,8.8162],[-10.5613,8.8131],[-10.5608,8.8123],[-10.5594,8.8114],[-10.559,8.8109],[-10.559,8.8105],[-10.5595,8.8101],[-10.5596,8.81],[-10.5597,8.8096],[-10.5597,8.8086],[-10.5596,8.8076],[-10.5598,8.8074],[-10.5604,8.807],[-10.5609,8.8066],[-10.5611,8.806],[-10.5611,8.8054],[-10.5609,8.8047],[-10.5605,8.8046],[-10.5599,8.805],[-10.5592,8.8052],[-10.5587,8.805],[-10.5581,8.805],[-10.5574,8.8053],[-10.557,8.8057],[-10.5563,8.806],[-10.5556,8.8061],[-10.5547,8.8057],[-10.5538,8.8052],[-10.5524,8.8041],[-10.552,8.804],[-10.5519,8.8039],[-10.5519,8.8035],[-10.5515,8.8025],[-10.5508,8.8013],[-10.5507,8.8002],[-10.5506,8.7993],[-10.5503,8.7988],[-10.5501,8.7985],[-10.5497,8.7986],[-10.5494,8.7994],[-10.5494,8.8004],[-10.5488,8.8019],[-10.5481,8.8025],[-10.5468,8.8025],[-10.5453,8.8027],[-10.5446,8.8031],[-10.5442,8.8035],[-10.5439,8.8049],[-10.5436,8.8052],[-10.543,8.8053],[-10.5409,8.8043],[-10.5395,8.8035],[-10.5394,8.8028],[-10.5402,8.8017],[-10.5403,8.8011],[-10.54,8.8004],[-10.5396,8.8002],[-10.5391,8.8],[-10.5379,8.7991],[-10.5372,8.7991],[-10.5364,8.7988],[-10.5362,8.7986],[-10.5362,8.798],[-10.5369,8.7979],[-10.5376,8.7968],[-10.5379,8.796],[-10.5377,8.7956],[-10.537,8.7954],[-10.5361,8.7958],[-10.5347,8.7955],[-10.5332,8.7935],[-10.533,8.792],[-10.5304,8.7903],[-10.5288,8.7887],[-10.5278,8.7882],[-10.5274,8.7884],[-10.5278,8.7891],[-10.5269,8.7892],[-10.5252,8.7877],[-10.5246,8.7866],[-10.5244,8.7861],[-10.5244,8.7852],[-10.5242,8.7848],[-10.524,8.7848],[-10.5231,8.7855],[-10.5224,8.7851],[-10.5219,8.7847],[-10.5213,8.7838],[-10.5204,8.783],[-10.5198,8.7826],[-10.5197,8.7814],[-10.5196,8.7795],[-10.5191,8.7783],[-10.5187,8.7764],[-10.5178,8.7751],[-10.5174,8.774],[-10.5173,8.773],[-10.5164,8.7689],[-10.5162,8.768],[-10.5136,8.7622],[-10.5127,8.7599],[-10.5124,8.7581],[-10.5124,8.7579],[-10.5131,8.7569],[-10.513,8.7562],[-10.5124,8.754],[-10.5123,8.7528],[-10.5118,8.751],[-10.5105,8.7491],[-10.5097,8.748],[-10.509,8.7472],[-10.5094,8.7465],[-10.5096,8.746],[-10.5106,8.7457],[-10.5113,8.7451],[-10.5114,8.7447],[-10.5112,8.7434],[-10.5111,8.7424],[-10.5114,8.7413],[-10.5112,8.7407],[-10.5106,8.7406],[-10.5101,8.7412],[-10.5103,8.7422],[-10.5101,8.7427],[-10.5097,8.7428],[-10.5095,8.7426],[-10.509,8.7428],[-10.5085,8.7428],[-10.5082,8.7427],[-10.5081,8.742],[-10.5077,8.7414],[-10.5073,8.7414],[-10.5066,8.7412],[-10.506,8.7408],[-10.5055,8.7409],[-10.5046,8.7405],[-10.5041,8.7405],[-10.5037,8.7408],[-10.5024,8.7422],[-10.5017,8.7436],[-10.5011,8.7438],[-10.5,8.7437],[-10.4978,8.7431],[-10.4954,8.7418],[-10.4949,8.7414],[-10.4948,8.7412],[-10.4954,8.7407],[-10.4963,8.7401],[-10.4977,8.7396],[-10.4979,8.7397],[-10.4985,8.74],[-10.4988,8.7407],[-10.4999,8.7412],[-10.5004,8.7413],[-10.5009,8.7416],[-10.5017,8.7409],[-10.5021,8.7403],[-10.5027,8.7398],[-10.5051,8.7373],[-10.5058,8.7364],[-10.5061,8.7351],[-10.5061,8.7341],[-10.5056,8.7337],[-10.505,8.7333],[-10.5047,8.7332],[-10.5043,8.7333],[-10.5042,8.733],[-10.504,8.7329],[-10.5038,8.7328],[-10.5035,8.7326],[-10.5032,8.7323],[-10.5032,8.732],[-10.5035,8.7317],[-10.5042,8.7314],[-10.5041,8.7305],[-10.5033,8.7301],[-10.5023,8.7296],[-10.501,8.7286],[-10.5005,8.7282],[-10.5008,8.7275],[-10.5002,8.7267],[-10.4999,8.726],[-10.4979,8.7256],[-10.4952,8.7243],[-10.495,8.7238],[-10.4953,8.7232],[-10.4958,8.7227],[-10.4963,8.7212],[-10.4952,8.719],[-10.4958,8.718],[-10.4959,8.7174],[-10.4965,8.7169],[-10.4977,8.7171],[-10.4991,8.7167],[-10.4994,8.7161],[-10.4995,8.7151],[-10.5,8.7134],[-10.4979,8.7127],[-10.4974,8.7117],[-10.4944,8.7123],[-10.4931,8.7132],[-10.4928,8.7118],[-10.4934,8.7099],[-10.4956,8.7075],[-10.4964,8.7068],[-10.4963,8.7064],[-10.4947,8.7066],[-10.4933,8.7063],[-10.4922,8.7063],[-10.4918,8.7065],[-10.4914,8.7068],[-10.4883,8.7079],[-10.488,8.7076],[-10.488,8.7071],[-10.4874,8.7062],[-10.4873,8.7055],[-10.4862,8.7054],[-10.4861,8.7049],[-10.4861,8.7042],[-10.4854,8.7043],[-10.4851,8.703],[-10.4844,8.7024],[-10.4839,8.7022],[-10.4837,8.7024],[-10.4834,8.7025],[-10.4834,8.7021],[-10.4836,8.7018],[-10.4838,8.7015],[-10.4837,8.7007],[-10.4841,8.6999],[-10.484,8.6993],[-10.4838,8.6989],[-10.4832,8.6992],[-10.4826,8.6998],[-10.4814,8.6999],[-10.4809,8.6997],[-10.4804,8.6992],[-10.4805,8.6985],[-10.4802,8.6972],[-10.4801,8.6961],[-10.4798,8.6953],[-10.4795,8.6947],[-10.4792,8.6945],[-10.4789,8.6945],[-10.4783,8.6947],[-10.4776,8.6952],[-10.4769,8.6952],[-10.4762,8.6956],[-10.4741,8.6957],[-10.4737,8.6954],[-10.4734,8.6947],[-10.474,8.6943],[-10.4746,8.6941],[-10.4768,8.6939],[-10.4771,8.6935],[-10.477,8.6933],[-10.4761,8.6932],[-10.4755,8.6932],[-10.4751,8.6927],[-10.4753,8.6922],[-10.4759,8.6914],[-10.4761,8.6909],[-10.4756,8.6886],[-10.4755,8.6873],[-10.4755,8.6865],[-10.4758,8.6858],[-10.4768,8.6849],[-10.4772,8.6844],[-10.4773,8.6835],[-10.4771,8.6828],[-10.4767,8.6825],[-10.4756,8.683],[-10.4747,8.6837],[-10.4745,8.6843],[-10.4739,8.6855],[-10.473,8.6866],[-10.4721,8.6872],[-10.4708,8.6858],[-10.4702,8.6851],[-10.4702,8.684],[-10.4701,8.6837],[-10.4698,8.683],[-10.469,8.682],[-10.4694,8.6812],[-10.4692,8.681],[-10.4686,8.6811],[-10.4678,8.6811],[-10.4669,8.6805],[-10.4661,8.6805],[-10.4656,8.6799],[-10.4647,8.6793],[-10.4644,8.6775],[-10.4647,8.6768],[-10.465,8.6764],[-10.4655,8.6764],[-10.4661,8.6759],[-10.4661,8.6754],[-10.4664,8.6749],[-10.4665,8.6746],[-10.4662,8.6741],[-10.4653,8.6736],[-10.465,8.6735],[-10.4644,8.6729],[-10.4647,8.6717],[-10.4653,8.6709],[-10.4659,8.6702],[-10.4666,8.6698],[-10.467,8.67],[-10.4672,8.6703],[-10.4673,8.671],[-10.468,8.6715],[-10.4686,8.6716],[-10.4693,8.6715],[-10.4697,8.6707],[-10.4699,8.6702],[-10.4707,8.6694],[-10.471,8.6692],[-10.4714,8.6691],[-10.4718,8.6689],[-10.4723,8.6681],[-10.4727,8.6679],[-10.4726,8.6674],[-10.4732,8.6667],[-10.4718,8.6631],[-10.4719,8.6622],[-10.4723,8.6616],[-10.4735,8.6606],[-10.474,8.6592],[-10.4751,8.658],[-10.477,8.6567],[-10.4773,8.656],[-10.4769,8.6558],[-10.4746,8.6557],[-10.4742,8.6554],[-10.4732,8.655],[-10.4721,8.6546],[-10.472,8.6544],[-10.472,8.654],[-10.4725,8.6524],[-10.472,8.652],[-10.4705,8.6517],[-10.4703,8.6514],[-10.4745,8.646],[-10.4755,8.6456],[-10.4773,8.6456],[-10.4782,8.6451],[-10.4782,8.6447],[-10.4779,8.6431],[-10.4781,8.642],[-10.479,8.6406],[-10.48,8.6397],[-10.4813,8.6392],[-10.4826,8.6389],[-10.4837,8.6383],[-10.4885,8.6357],[-10.4897,8.6346],[-10.4905,8.6336],[-10.4915,8.6329],[-10.4924,8.6323],[-10.4934,8.6315],[-10.4936,8.6305],[-10.4933,8.6295],[-10.4911,8.6275],[-10.4927,8.6257],[-10.4931,8.6255],[-10.4948,8.6254],[-10.4967,8.6246],[-10.4988,8.6246],[-10.5002,8.6241],[-10.5023,8.6227],[-10.5033,8.622],[-10.5055,8.6211],[-10.5071,8.6212],[-10.5099,8.6206],[-10.5108,8.6158],[-10.5111,8.6157],[-10.5113,8.6154],[-10.5134,8.6145],[-10.5144,8.6148],[-10.5171,8.6167],[-10.5176,8.6176],[-10.5176,8.6192],[-10.5197,8.6202]],[[-11.0107,8.6541],[-11.0081,8.6506],[-11.0045,8.6478],[-11.0025,8.6444],[-10.9992,8.6417],[-10.9989,8.6381],[-11.0005,8.6359],[-10.9994,8.6282],[-10.9982,8.6271],[-10.996,8.628],[-10.9983,8.6228],[-11.0014,8.6221],[-11.0008,8.6176],[-11.0006,8.6162],[-11,8.6157],[-10.9953,8.6152],[-10.9941,8.6152],[-10.9917,8.6152],[-10.9883,8.614],[-10.9856,8.6109],[-10.9851,8.611],[-10.9863,8.6174],[-10.9856,8.6202],[-10.9872,8.6276],[-10.9865,8.631],[-10.9822,8.6313],[-10.9797,8.632],[-10.9778,8.6343],[-10.9742,8.632],[-10.9722,8.6318],[-10.9709,8.6316],[-10.9696,8.6285],[-10.9639,8.6234],[-10.9602,8.621],[-10.9569,8.62],[-10.9493,8.622],[-10.9473,8.6246],[-10.9466,8.6288],[-10.9462,8.6299],[-10.9425,8.6321],[-10.9423,8.6441],[-10.9375,8.6407],[-10.9327,8.6411],[-10.9291,8.6389],[-10.927,8.6374],[-10.9239,8.6358],[-10.9214,8.6358],[-10.9178,8.6391],[-10.913,8.6382],[-10.9105,8.6397],[-10.908,8.6392],[-10.9051,8.6442],[-10.8997,8.6472],[-10.8946,8.6522],[-10.8937,8.654],[-10.8937,8.662],[-10.8948,8.6661],[-10.8934,8.6738],[-10.8901,8.6814],[-10.8905,8.6864],[-10.8865,8.6962],[-10.8815,8.7045],[-10.8786,8.7077],[-10.8707,8.7178],[-10.8685,8.7229],[-10.867,8.7276],[-10.8631,8.7308],[-10.8548,8.7312],[-10.8497,8.733],[-10.8486,8.7355],[-10.8483,8.7409],[-10.8461,8.7413],[-10.844,8.7435],[-10.8411,8.7474],[-10.8378,8.7489],[-10.8317,8.7507],[-10.8288,8.7532],[-10.8317,8.7655],[-10.8312,8.7695],[-10.8333,8.7709],[-10.8321,8.7758],[-10.8341,8.7758],[-10.836,8.7801],[-10.8356,8.783],[-10.8383,8.7835],[-10.8407,8.7808],[-10.8428,8.7804],[-10.8448,8.7815],[-10.8448,8.7846],[-10.8465,8.7873],[-10.8494,8.7849],[-10.8513,8.7849],[-10.8564,8.7879],[-10.8612,8.7862],[-10.8641,8.7888],[-10.8643,8.7866],[-10.8687,8.7886],[-10.868,8.7917],[-10.8682,8.7943],[-10.8707,8.7991],[-10.8731,8.7954],[-10.8746,8.7978],[-10.8781,8.7972],[-10.8799,8.7996],[-10.8816,8.7996],[-10.8845,8.8009],[-10.8902,8.8044],[-10.895,8.8075],[-10.8972,8.8084],[-10.9014,8.8051],[-10.9034,8.8042],[-10.9069,8.8057],[-10.9093,8.804],[-10.919,8.8013],[-10.9244,8.7989],[-10.9277,8.8007],[-10.9361,8.7989],[-10.9389,8.7989],[-10.9425,8.7978],[-10.946,8.7983],[-10.9521,8.7958],[-10.9539,8.7941],[-10.9554,8.795],[-10.9578,8.7941],[-10.9629,8.7939],[-10.9644,8.7936],[-10.9684,8.7919],[-10.9684,8.7838],[-10.9701,8.7809],[-10.9692,8.7737],[-10.9673,8.7728],[-10.9637,8.7728],[-10.9622,8.7717],[-10.9655,8.7691],[-10.9681,8.771],[-10.9725,8.7697],[-10.9759,8.7704],[-10.9788,8.7697],[-10.9805,8.773],[-10.983,8.7732],[-10.9854,8.7719],[-10.9869,8.7708],[-10.9894,8.7707],[-10.9909,8.7676],[-10.9912,8.7637],[-10.9921,8.7614],[-10.9892,8.7589],[-10.9864,8.7552],[-10.9841,8.754],[-10.983,8.7515],[-10.9763,8.7507],[-10.9692,8.749],[-10.9684,8.7459],[-10.9658,8.7442],[-10.9622,8.7425],[-10.9588,8.7417],[-10.9582,8.7397],[-10.9534,8.7377],[-10.9503,8.7372],[-10.9486,8.7355],[-10.9503,8.731],[-10.9532,8.729],[-10.961,8.7256],[-10.973,8.716],[-10.9775,8.7126],[-10.9823,8.7115],[-10.9863,8.7101],[-10.9899,8.7064],[-10.9933,8.7019],[-10.995,8.696],[-10.995,8.6929],[-10.9942,8.687],[-10.9958,8.6802],[-10.9948,8.6757],[-10.9973,8.6715],[-11.0009,8.672],[-11.004,8.6703],[-11.008,8.6672],[-11.0071,8.6644],[-11.0046,8.6622],[-11.0055,8.6596],[-11.0086,8.6554],[-11.0107,8.6541]]]},"properties":{"code":"KON_KONDC","name":"Kono District Council","level":"3","parent":"P7LlNb9MosU","parentGraph":"Plmg8ikyfrK/P7LlNb9MosU","groups":["aYjKY8GaXYQ","QJuHsfZjNBf"]}},{"type":"Feature","id":"AzjiulQv55p","geometry":{"type":"Polygon","coordinates":[[[-12.0402,8.9052],[-12.0392,8.9045],[-12.0391,8.9044],[-12.0386,8.904],[-12.0381,8.9008],[-12.038,8.9005],[-12.0377,8.8991],[-12.0379,8.8982],[-12.0377,8.8979],[-12.038,8.897],[-12.0377,8.8968],[-12.0373,8.8968],[-12.0359,8.8963],[-12.0351,8.896],[-12.0346,8.8958],[-12.0343,8.8959],[-12.0328,8.8958],[-12.0327,8.8956],[-12.0326,8.8952],[-12.0323,8.8951],[-12.0324,8.8944],[-12.0351,8.8934],[-12.035,8.893],[-12.0345,8.891],[-12.0341,8.8906],[-12.0342,8.8905],[-12.0342,8.8902],[-12.0331,8.8893],[-12.032,8.8891],[-12.0311,8.8885],[-12.0305,8.8879],[-12.0298,8.8873],[-12.0293,8.8869],[-12.0284,8.8864],[-12.028,8.8862],[-12.0278,8.886],[-12.0276,8.8835],[-12.0271,8.8816],[-12.0308,8.8794],[-12.0313,8.8788],[-12.0304,8.8776],[-12.0263,8.875],[-12.0248,8.8708],[-12.0249,8.8625],[-12.026,8.86],[-12.0256,8.8584],[-12.0258,8.858],[-12.0255,8.858],[-12.0249,8.8576],[-12.0224,8.8551],[-12.0233,8.8521],[-12.0251,8.8519],[-12.0265,8.852],[-12.032,8.8565],[-12.0341,8.8597],[-12.0378,8.856],[-12.0409,8.8609],[-12.0413,8.861],[-12.0459,8.8628],[-12.0462,8.863],[-12.0483,8.8666],[-12.0507,8.8665],[-12.0506,8.8672],[-12.0506,8.8676],[-12.0509,8.8686],[-12.0522,8.8693],[-12.0539,8.8693],[-12.0561,8.8684],[-12.057,8.8692],[-12.0589,8.8698],[-12.061,8.8695],[-12.0632,8.8696],[-12.0632,8.8709],[-12.0633,8.8716],[-12.0632,8.8728],[-12.0632,8.8734],[-12.063,8.8741],[-12.0607,8.8743],[-12.0598,8.8744],[-12.0583,8.8745],[-12.058,8.8747],[-12.0589,8.8762],[-12.0581,8.8815],[-12.0582,8.8818],[-12.0582,8.8824],[-12.0583,8.883],[-12.0588,8.8833],[-12.0602,8.8848],[-12.0603,8.885],[-12.0604,8.885],[-12.0605,8.8855],[-12.0597,8.8888],[-12.0601,8.8891],[-12.0602,8.8892],[-12.0599,8.8898],[-12.0597,8.8903],[-12.0588,8.891],[-12.058,8.8914],[-12.0576,8.8914],[-12.0572,8.8914],[-12.0562,8.8931],[-12.0553,8.8935],[-12.0546,8.8923],[-12.0544,8.892],[-12.0537,8.8923],[-12.0527,8.8931],[-12.0524,8.8933],[-12.0521,8.8935],[-12.0515,8.8939],[-12.051,8.8944],[-12.051,8.8949],[-12.0509,8.8953],[-12.0509,8.8957],[-12.0509,8.8958],[-12.0507,8.8963],[-12.05,8.897],[-12.0495,8.8972],[-12.0483,8.8988],[-12.0482,8.8993],[-12.0467,8.901],[-12.0458,8.9043],[-12.0459,8.905],[-12.0448,8.9059],[-12.0443,8.9061],[-12.0425,8.906],[-12.042,8.906],[-12.0402,8.9052]]]},"properties":{"code":"BOM_MAKCC","name":"Makeni City Council","level":"3","parent":"ucyuSTA19cP","parentGraph":"Plmg8ikyfrK/ucyuSTA19cP","groups":["aYjKY8GaXYQ","QJuHsfZjNBf"]}},{"type":"Feature","id":"btW1NRETLww","geometry":{"type":"MultiPolygon","coordinates":[[[[-12.9858,7.9117],[-12.9846,7.9116],[-12.9832,7.9113],[-12.9828,7.9111],[-12.983,7.9108],[-12.9848,7.9105],[-12.9853,7.9105],[-12.987,7.9108],[-12.9874,7.9107],[-12.9878,7.9101],[-12.9878,7.9098],[-12.9876,7.9097],[-12.9876,7.9094],[-12.9878,7.9092],[-12.9886,7.9093],[-12.9892,7.9092],[-12.9892,7.9089],[-12.9892,7.9086],[-12.9899,7.9084],[-12.9902,7.9081],[-12.9906,7.908],[-12.9914,7.9084],[-12.9919,7.9091],[-12.9924,7.9095],[-12.9929,7.9097],[-12.9932,7.9096],[-12.9937,7.9091],[-12.9946,7.9085],[-12.9949,7.9087],[-12.9949,7.9089],[-12.9947,7.9092],[-12.9944,7.91],[-12.9936,7.9109],[-12.9931,7.9113],[-12.9925,7.9115],[-12.9917,7.9119],[-12.9907,7.9122],[-12.9899,7.9121],[-12.9889,7.9119],[-12.9873,7.9117],[-12.9858,7.9117]]],[[[-12.1366,7.8071],[-12.1367,7.8038],[-12.137,7.7993],[-12.1329,7.7976],[-12.1298,7.7936],[-12.1297,7.7893],[-12.1372,7.7866],[-12.1374,7.7842],[-12.1329,7.7775],[-12.1335,7.773],[-12.1362,7.7687],[-12.137,7.7652],[-12.136,7.763],[-12.1298,7.7566],[-12.1236,7.7513],[-12.1231,7.7479],[-12.1236,7.7459],[-12.1226,7.7432],[-12.1207,7.7414],[-12.1196,7.7379],[-12.1179,7.7342],[-12.1145,7.7297],[-12.1125,7.7238],[-12.1092,7.7198],[-12.1084,7.7158],[-12.1079,7.7098],[-12.1118,7.7041],[-12.116,7.6944],[-12.1175,7.6887],[-12.1173,7.6872],[-12.1058,7.6771],[-12.1106,7.6721],[-12.1174,7.665],[-12.1312,7.6633],[-12.1405,7.6642],[-12.1462,7.6639],[-12.1503,7.6628],[-12.1524,7.6629],[-12.155,7.6637],[-12.1559,7.6643],[-12.1564,7.6649],[-12.157,7.6665],[-12.1581,7.6679],[-12.1595,7.669],[-12.1608,7.6694],[-12.1626,7.6694],[-12.1661,7.6681],[-12.1699,7.6656],[-12.1713,7.6651],[-12.1723,7.665],[-12.1739,7.6655],[-12.1772,7.6664],[-12.1802,7.6663],[-12.1981,7.6711],[-12.2047,7.6794],[-12.22,7.6886],[-12.2403,7.6898],[-12.2452,7.692],[-12.2474,7.6918],[-12.2486,7.6994],[-12.2532,7.7109],[-12.261,7.7178],[-12.2676,7.7218],[-12.269,7.7251],[-12.2744,7.7304],[-12.2777,7.7337],[-12.2802,7.7392],[-12.2873,7.7484],[-12.2908,7.7538],[-12.2946,7.7609],[-12.2963,7.7643],[-12.2981,7.7683],[-12.2977,7.7721],[-12.2972,7.7853],[-12.2965,7.7975],[-12.3122,7.8072],[-12.3267,7.8056],[-12.356,7.8071],[-12.3737,7.794],[-12.3878,7.773],[-12.3883,7.7726],[-12.3886,7.7719],[-12.3886,7.7701],[-12.389,7.769],[-12.3895,7.7683],[-12.3919,7.7658],[-12.3924,7.7644],[-12.3916,7.7636],[-12.3905,7.763],[-12.39,7.7619],[-12.3898,7.7609],[-12.3909,7.7598],[-12.3923,7.7581],[-12.3947,7.7558],[-12.3963,7.756],[-12.3969,7.7566],[-12.3975,7.7585],[-12.3989,7.762],[-12.4008,7.7641],[-12.4042,7.7652],[-12.4182,7.765],[-12.4255,7.7622],[-12.4268,7.7607],[-12.4296,7.7576],[-12.434,7.7557],[-12.4431,7.7553],[-12.4475,7.7525],[-12.4484,7.7495],[-12.447,7.7413],[-12.4493,7.7392],[-12.45,7.7366],[-12.4525,7.7326],[-12.4552,7.7292],[-12.4588,7.7255],[-12.46,7.7246],[-12.461,7.7241],[-12.4621,7.7238],[-12.463,7.7238],[-12.464,7.7238],[-12.4672,7.7247],[-12.4678,7.7251],[-12.4695,7.7264],[-12.4704,7.7278],[-12.471,7.7288],[-12.4717,7.7303],[-12.473,7.739],[-12.4735,7.7413],[-12.4744,7.7433],[-12.4755,7.7446],[-12.4769,7.7467],[-12.4778,7.7479],[-12.4794,7.7492],[-12.4807,7.7499],[-12.4815,7.7504],[-12.4817,7.7509],[-12.4794,7.7553],[-12.4787,7.7585],[-12.4784,7.7601],[-12.4781,7.7643],[-12.479,7.7682],[-12.4787,7.77],[-12.4785,7.7753],[-12.485,7.7703],[-12.4868,7.7678],[-12.4892,7.7612],[-12.4913,7.7563],[-12.4949,7.7511],[-12.4969,7.7482],[-12.5046,7.7447],[-12.509,7.7431],[-12.516,7.738],[-12.5195,7.7334],[-12.5235,7.7299],[-12.5266,7.7278],[-12.5298,7.7273],[-12.5333,7.7254],[-12.5393,7.721],[-12.5428,7.7186],[-12.5474,7.7148],[-12.5522,7.7106],[-12.5576,7.7071],[-12.5627,7.7045],[-12.5723,7.6984],[-12.5754,7.6945],[-12.5801,7.6907],[-12.5855,7.6862],[-12.5873,7.6852],[-12.59,7.6851],[-12.5928,7.6864],[-12.5967,7.6867],[-12.6003,7.6866],[-12.6043,7.6871],[-12.6112,7.6885],[-12.6181,7.6892],[-12.6201,7.6897],[-12.6211,7.6908],[-12.6212,7.6919],[-12.6203,7.6949],[-12.6169,7.6995],[-12.615,7.7007],[-12.6159,7.7021],[-12.6174,7.7034],[-12.6203,7.7013],[-12.6227,7.6992],[-12.6248,7.696],[-12.6262,7.6948],[-12.6278,7.694],[-12.6301,7.6939],[-12.6371,7.6947],[-12.6443,7.6965],[-12.65,7.6974],[-12.6552,7.6987],[-12.6635,7.7019],[-12.6715,7.706],[-12.677,7.7075],[-12.6805,7.7086],[-12.6827,7.7076],[-12.688,7.7068],[-12.6921,7.7064],[-12.7045,7.702],[-12.7067,7.702],[-12.7091,7.7013],[-12.7119,7.702],[-12.7137,7.7046],[-12.7156,7.7086],[-12.7217,7.715],[-12.7246,7.7163],[-12.726,7.716],[-12.7344,7.7208],[-12.7396,7.7249],[-12.7415,7.7274],[-12.7457,7.7342],[-12.7486,7.7371],[-12.7505,7.7391],[-12.7533,7.7423],[-12.7544,7.7423],[-12.7548,7.7453],[-12.7552,7.7462],[-12.7562,7.7463],[-12.7572,7.7467],[-12.7582,7.7464],[-12.7594,7.7448],[-12.7603,7.744],[-12.7613,7.744],[-12.7655,7.7453],[-12.7674,7.7466],[-12.7699,7.7481],[-12.7721,7.7488],[-12.775,7.7508],[-12.778,7.754],[-12.7783,7.7559],[-12.7793,7.7562],[-12.7823,7.7567],[-12.7862,7.7581],[-12.7881,7.7597],[-12.7903,7.7651],[-12.7911,7.7706],[-12.7912,7.7753],[-12.7911,7.7818],[-12.7916,7.7876],[-12.793,7.7943],[-12.7941,7.7954],[-12.7958,7.7954],[-12.7983,7.7958],[-12.8028,7.7964],[-12.8035,7.7961],[-12.8055,7.7926],[-12.8056,7.7915],[-12.807,7.7897],[-12.8078,7.7896],[-12.8084,7.7905],[-12.8088,7.7906],[-12.8099,7.7899],[-12.8113,7.7902],[-12.8119,7.7911],[-12.8118,7.7921],[-12.8124,7.7925],[-12.8144,7.7924],[-12.8158,7.7936],[-12.8193,7.7949],[-12.8223,7.7952],[-12.8244,7.7964],[-12.8261,7.7963],[-12.8321,7.8003],[-12.8369,7.8025],[-12.8397,7.8037],[-12.8447,7.8086],[-12.8467,7.8084],[-12.849,7.8094],[-12.8522,7.813],[-12.8573,7.8173],[-12.8621,7.8207],[-12.8646,7.8204],[-12.867,7.8216],[-12.8725,7.8251],[-12.8793,7.8397],[-12.8808,7.8417],[-12.8849,7.8455],[-12.8879,7.8499],[-12.8914,7.8532],[-12.8958,7.8588],[-12.8989,7.8622],[-12.9037,7.8664],[-12.9081,7.8698],[-12.9162,7.8704],[-12.9259,7.8696],[-12.9285,7.8723],[-12.9311,7.8784],[-12.9361,7.8883],[-12.9397,7.8935],[-12.942,7.8955],[-12.9459,7.9007],[-12.9532,7.9078],[-12.955,7.909],[-12.9571,7.9083],[-12.9601,7.9135],[-12.9609,7.9167],[-12.9598,7.9184],[-12.9574,7.9178],[-12.956,7.9179],[-12.9545,7.9166],[-12.9538,7.917],[-12.9508,7.9153],[-12.9472,7.9167],[-12.9457,7.918],[-12.9435,7.918],[-12.9404,7.9201],[-12.9387,7.9212],[-12.9365,7.9203],[-12.9356,7.9201],[-12.9321,7.9213],[-12.9283,7.9253],[-12.923,7.9289],[-12.9203,7.9308],[-12.9199,7.9326],[-12.9176,7.9332],[-12.914,7.9365],[-12.9136,7.9379],[-12.9097,7.9402],[-12.9088,7.9422],[-12.9049,7.9445],[-12.9034,7.9443],[-12.9044,7.941],[-12.9025,7.9405],[-12.9008,7.9439],[-12.8951,7.9459],[-12.8921,7.9477],[-12.8775,7.9427],[-12.8722,7.9422],[-12.8641,7.9426],[-12.8592,7.9418],[-12.8551,7.9403],[-12.849,7.936],[-12.8463,7.941],[-12.8511,7.9434],[-12.8546,7.9446],[-12.859,7.9472],[-12.8644,7.9506],[-12.8707,7.9526],[-12.8765,7.955],[-12.8888,7.9588],[-12.8886,7.9603],[-12.8919,7.968],[-12.8931,7.9735],[-12.8924,7.9827],[-12.8939,7.9845],[-12.8956,7.992],[-12.8955,7.9973],[-12.8977,7.9999],[-12.8988,8.0021],[-12.8983,8.0072],[-12.8991,8.0095],[-12.8996,8.0155],[-12.9003,8.0212],[-12.9015,8.0221],[-12.9018,8.0254],[-12.9008,8.0275],[-12.9018,8.0325],[-12.9051,8.0369],[-12.9045,8.0378],[-12.9053,8.0415],[-12.9035,8.0451],[-12.901,8.0477],[-12.8993,8.0557],[-12.9,8.0637],[-12.9,8.0685],[-12.8979,8.0708],[-12.8957,8.0761],[-12.8952,8.0793],[-12.8973,8.0833],[-12.8977,8.0841],[-12.8973,8.0849],[-12.8974,8.0856],[-12.9027,8.0896],[-12.9069,8.0921],[-12.91,8.0925],[-12.9118,8.0932],[-12.9132,8.095],[-12.912,8.0964],[-12.9111,8.0986],[-12.9123,8.1015],[-12.9151,8.1056],[-12.9183,8.1085],[-12.9207,8.1097],[-12.9226,8.1099],[-12.9225,8.1103],[-12.9212,8.1108],[-12.9205,8.112],[-12.9204,8.114],[-12.9215,8.1167],[-12.9242,8.1215],[-12.9263,8.1268],[-12.9302,8.135],[-12.9317,8.1359],[-12.9327,8.1363],[-12.932,8.1376],[-12.9324,8.1392],[-12.9374,8.1491],[-12.9406,8.1546],[-12.9457,8.1605],[-12.9502,8.1639],[-12.9514,8.164],[-12.9528,8.1645],[-12.9539,8.1687],[-12.961,8.1764],[-12.972,8.1888],[-12.9908,8.2053],[-12.993,8.2096],[-12.9928,8.2116],[-12.9918,8.2139],[-12.9898,8.2174],[-12.9881,8.2172],[-12.9873,8.2175],[-12.9859,8.2245],[-12.9874,8.2331],[-12.9863,8.2361],[-12.9839,8.2401],[-12.9794,8.246],[-12.9758,8.2536],[-12.9749,8.2575],[-12.9739,8.2628],[-12.975,8.2639],[-12.9717,8.2657],[-12.9667,8.2648],[-12.9646,8.2622],[-12.9652,8.257],[-12.9649,8.2543],[-12.9616,8.252],[-12.9553,8.2495],[-12.9509,8.25],[-12.9493,8.2531],[-12.9493,8.2573],[-12.9486,8.2599],[-12.9444,8.2634],[-12.9405,8.2654],[-12.9385,8.2655],[-12.936,8.2645],[-12.9351,8.2634],[-12.9337,8.2615],[-12.9317,8.2598],[-12.9288,8.2598],[-12.9252,8.261],[-12.9198,8.2629],[-12.9138,8.2625],[-12.9123,8.2638],[-12.9124,8.2664],[-12.9132,8.2689],[-12.9131,8.2706],[-12.9119,8.2719],[-12.9087,8.2732],[-12.9053,8.2767],[-12.9037,8.277],[-12.9022,8.2766],[-12.9001,8.2733],[-12.8989,8.2728],[-12.8942,8.2739],[-12.8926,8.2746],[-12.8905,8.2759],[-12.8875,8.2767],[-12.8838,8.2781],[-12.8831,8.2787],[-12.883,8.28],[-12.8836,8.2816],[-12.8861,8.2837],[-12.8872,8.2853],[-12.8918,8.2854],[-12.8928,8.2865],[-12.8931,8.2882],[-12.8924,8.2895],[-12.8889,8.2923],[-12.8866,8.2946],[-12.8856,8.2962],[-12.8854,8.2994],[-12.8858,8.3026],[-12.8846,8.309],[-12.8846,8.3108],[-12.8841,8.3114],[-12.8825,8.3117],[-12.8786,8.3099],[-12.8781,8.309],[-12.8762,8.3043],[-12.8754,8.3033],[-12.8733,8.3023],[-12.8721,8.3022],[-12.8706,8.3025],[-12.8679,8.304],[-12.8658,8.304],[-12.8629,8.3082],[-12.8622,8.3094],[-12.8629,8.3124],[-12.8639,8.3129],[-12.8649,8.313],[-12.8658,8.3136],[-12.8676,8.3158],[-12.8685,8.3184],[-12.8689,8.3197],[-12.8688,8.3219],[-12.8683,8.3246],[-12.8659,8.3293],[-12.8638,8.3329],[-12.8632,8.3332],[-12.8607,8.332],[-12.8588,8.3317],[-12.854,8.3319],[-12.852,8.3322],[-12.8499,8.3328],[-12.8487,8.3333],[-12.848,8.3344],[-12.8475,8.3375],[-12.8473,8.3394],[-12.8473,8.3409],[-12.8481,8.3419],[-12.8513,8.3429],[-12.8526,8.3438],[-12.8536,8.3447],[-12.8546,8.3458],[-12.8556,8.3473],[-12.8559,8.3486],[-12.8555,8.3495],[-12.8547,8.3505],[-12.8541,8.3517],[-12.8536,8.3524],[-12.8526,8.3527],[-12.8507,8.3523],[-12.849,8.3518],[-12.8478,8.3519],[-12.8464,8.3522],[-12.8453,8.353],[-12.8432,8.3553],[-12.8416,8.3567],[-12.8397,8.3569],[-12.8386,8.3572],[-12.8377,8.358],[-12.8375,8.3592],[-12.8377,8.3604],[-12.8398,8.3637],[-12.8407,8.3663],[-12.8409,8.3683],[-12.8407,8.3707],[-12.84,8.3719],[-12.8387,8.3729],[-12.836,8.3737],[-12.8342,8.3736],[-12.8326,8.3732],[-12.8298,8.3733],[-12.8254,8.3741],[-12.8246,8.3747],[-12.8244,8.376],[-12.8249,8.3773],[-12.8264,8.3791],[-12.8268,8.3807],[-12.8267,8.3831],[-12.8263,8.3864],[-12.8266,8.3886],[-12.8272,8.3907],[-12.8288,8.3923],[-12.8299,8.394],[-12.8302,8.3957],[-12.8293,8.3963],[-12.8279,8.3962],[-12.8246,8.3953],[-12.8225,8.3948],[-12.8206,8.3945],[-12.8197,8.3944],[-12.8189,8.3949],[-12.817,8.3965],[-12.8157,8.3968],[-12.8137,8.3964],[-12.8111,8.395],[-12.8107,8.3944],[-12.8104,8.3931],[-12.81,8.3901],[-12.8093,8.3885],[-12.8085,8.3876],[-12.8079,8.3874],[-12.8063,8.388],[-12.8051,8.3881],[-12.803,8.3881],[-12.8013,8.3883],[-12.8008,8.3884],[-12.7994,8.3894],[-12.7984,8.3903],[-12.7971,8.3912],[-12.7942,8.3912],[-12.7924,8.3919],[-12.7906,8.3931],[-12.7899,8.393],[-12.7897,8.392],[-12.7902,8.3887],[-12.7902,8.3871],[-12.79,8.3858],[-12.7895,8.3853],[-12.7891,8.3854],[-12.7882,8.3859],[-12.7867,8.3869],[-12.7849,8.3876],[-12.7836,8.3875],[-12.7831,8.3868],[-12.7828,8.3858],[-12.7824,8.3843],[-12.7808,8.3807],[-12.7803,8.3794],[-12.7793,8.379],[-12.7773,8.3792],[-12.7763,8.379],[-12.7758,8.3788],[-12.772,8.3758],[-12.7715,8.3752],[-12.7713,8.3736],[-12.7711,8.3733],[-12.7701,8.3726],[-12.7681,8.3721],[-12.767,8.3724],[-12.7663,8.3738],[-12.7657,8.3737],[-12.7651,8.373],[-12.7648,8.372],[-12.7648,8.3713],[-12.7654,8.3706],[-12.7657,8.3699],[-12.7654,8.3686],[-12.765,8.3674],[-12.7644,8.3666],[-12.7632,8.3661],[-12.7625,8.3651],[-12.7621,8.3643],[-12.7614,8.3625],[-12.7606,8.3591],[-12.7602,8.359],[-12.7567,8.3575],[-12.7534,8.357],[-12.7537,8.3519],[-12.7484,8.3548],[-12.7454,8.3535],[-12.7448,8.3515],[-12.7435,8.3513],[-12.7431,8.3503],[-12.7437,8.3497],[-12.7437,8.3493],[-12.7416,8.3491],[-12.7412,8.3495],[-12.741,8.3512],[-12.7407,8.3516],[-12.739,8.3514],[-12.7368,8.3496],[-12.7357,8.3493],[-12.7342,8.3498],[-12.733,8.3497],[-12.7324,8.3502],[-12.732,8.3502],[-12.7318,8.3498],[-12.7319,8.3495],[-12.7315,8.3475],[-12.7309,8.3473],[-12.7287,8.3477],[-12.7277,8.3479],[-12.7277,8.3487],[-12.7271,8.3491],[-12.7264,8.3493],[-12.7253,8.3491],[-12.7231,8.3507],[-12.7216,8.3508],[-12.7205,8.3514],[-12.7196,8.3523],[-12.7181,8.3535],[-12.718,8.3537],[-12.7181,8.354],[-12.7206,8.3567],[-12.7206,8.3573],[-12.7207,8.3575],[-12.7209,8.3576],[-12.7224,8.3581],[-12.7226,8.3587],[-12.7224,8.3591],[-12.7182,8.3625],[-12.7187,8.3646],[-12.7199,8.3676],[-12.7197,8.3679],[-12.7193,8.3677],[-12.7181,8.3666],[-12.714,8.3655],[-12.7115,8.3652],[-12.7102,8.3645],[-12.7092,8.3634],[-12.7082,8.3633],[-12.7073,8.364],[-12.7068,8.3642],[-12.704,8.3637],[-12.6996,8.3642],[-12.6962,8.364],[-12.6954,8.364],[-12.6913,8.3661],[-12.6896,8.3662],[-12.6894,8.3664],[-12.6885,8.3673],[-12.6882,8.3676],[-12.6876,8.368],[-12.6862,8.3678],[-12.685,8.368],[-12.6841,8.3687],[-12.6808,8.3696],[-12.6786,8.369],[-12.6786,8.3677],[-12.679,8.366],[-12.6748,8.3643],[-12.6734,8.3658],[-12.6732,8.3667],[-12.6733,8.3699],[-12.6731,8.3702],[-12.6708,8.3705],[-12.6705,8.3709],[-12.6709,8.3726],[-12.6706,8.3734],[-12.6697,8.3743],[-12.6697,8.3753],[-12.6694,8.3755],[-12.668,8.3756],[-12.6663,8.3765],[-12.6604,8.3749],[-12.6601,8.3747],[-12.6599,8.3726],[-12.6592,8.3721],[-12.6583,8.3724],[-12.6569,8.3728],[-12.6559,8.3721],[-12.6556,8.3721],[-12.6542,8.3742],[-12.654,8.3741],[-12.6539,8.3738],[-12.6536,8.3709],[-12.6523,8.3701],[-12.6519,8.3686],[-12.6502,8.368],[-12.6491,8.3684],[-12.6477,8.3673],[-12.6466,8.3675],[-12.6461,8.3671],[-12.6478,8.3641],[-12.6479,8.358],[-12.641,8.354],[-12.6326,8.3547],[-12.6194,8.3501],[-12.6144,8.341],[-12.6042,8.341],[-12.603,8.3327],[-12.5991,8.3284],[-12.5984,8.3222],[-12.595,8.317],[-12.5933,8.3109],[-12.5822,8.3069],[-12.563,8.3037],[-12.5535,8.2983],[-12.551,8.2965],[-12.547,8.2945],[-12.5418,8.2939],[-12.5338,8.2899],[-12.524,8.288],[-12.5196,8.289],[-12.5108,8.297],[-12.4938,8.2957],[-12.4796,8.3037],[-12.4647,8.2936],[-12.4602,8.2932],[-12.4566,8.2995],[-12.4519,8.303],[-12.4423,8.308],[-12.4307,8.3155],[-12.416,8.3114],[-12.3952,8.3192],[-12.3905,8.3327],[-12.384,8.336],[-12.3833,8.3368],[-12.381,8.3397],[-12.3795,8.342],[-12.3723,8.3474],[-12.3711,8.3499],[-12.3706,8.3531],[-12.3629,8.35],[-12.3603,8.3499],[-12.3581,8.3515],[-12.3521,8.3545],[-12.3498,8.3538],[-12.3491,8.352],[-12.3445,8.352],[-12.342,8.3504],[-12.3386,8.3447],[-12.3368,8.3417],[-12.3365,8.3412],[-12.3306,8.3351],[-12.3262,8.3316],[-12.317,8.3289],[-12.3126,8.3285],[-12.3062,8.3289],[-12.303,8.3284],[-12.301,8.3278],[-12.2996,8.322],[-12.2982,8.3223],[-12.2953,8.322],[-12.2941,8.3195],[-12.292,8.3202],[-12.2911,8.3237],[-12.2921,8.3269],[-12.2877,8.3287],[-12.2857,8.331],[-12.2854,8.3341],[-12.2825,8.3369],[-12.2808,8.3372],[-12.2799,8.3399],[-12.2779,8.3422],[-12.2755,8.3451],[-12.2702,8.3488],[-12.2672,8.349],[-12.2656,8.3499],[-12.2618,8.3506],[-12.2578,8.3522],[-12.2553,8.3524],[-12.2505,8.3522],[-12.2467,8.3541],[-12.245,8.3495],[-12.237,8.3474],[-12.2345,8.3451],[-12.2302,8.3442],[-12.227,8.3451],[-12.2265,8.3477],[-12.2236,8.3481],[-12.2221,8.3509],[-12.2194,8.3526],[-12.2193,8.3527],[-12.2189,8.3509],[-12.2156,8.3525],[-12.2141,8.3516],[-12.2056,8.3506],[-12.2035,8.3515],[-12.1997,8.3541],[-12.1926,8.3559],[-12.1859,8.3589],[-12.1825,8.3596],[-12.1791,8.3607],[-12.1747,8.3614],[-12.1695,8.3607],[-12.1671,8.3589],[-12.1664,8.3573],[-12.1691,8.3518],[-12.1696,8.3488],[-12.1682,8.3435],[-12.1655,8.339],[-12.1632,8.336],[-12.1606,8.3333],[-12.1579,8.33],[-12.1542,8.3287],[-12.1499,8.3282],[-12.1467,8.3275],[-12.1414,8.3255],[-12.1396,8.3241],[-12.1369,8.3221],[-12.1339,8.32],[-12.1343,8.3142],[-12.136,8.3122],[-12.1336,8.3072],[-12.1319,8.3049],[-12.1289,8.3037],[-12.1237,8.303],[-12.1233,8.3014],[-12.1207,8.3012],[-12.1216,8.2991],[-12.1169,8.2978],[-12.1143,8.2973],[-12.1104,8.2939],[-12.1079,8.2916],[-12.1049,8.2893],[-12.1026,8.2868],[-12.0992,8.2854],[-12.0992,8.2829],[-12.0928,8.2811],[-12.0899,8.2797],[-12.088,8.2795],[-12.0822,8.2767],[-12.0792,8.272],[-12.0803,8.2694],[-12.0785,8.266],[-12.0755,8.2628],[-12.0721,8.2614],[-12.0689,8.2601],[-12.0636,8.2609],[-12.0616,8.2589],[-12.0579,8.2553],[-12.0554,8.2541],[-12.0552,8.2523],[-12.0584,8.2504],[-12.057,8.2488],[-12.0513,8.2481],[-12.047,8.2493],[-12.0445,8.2505],[-12.0403,8.2502],[-12.038,8.2488],[-12.0342,8.2417],[-12.0341,8.2381],[-12.0319,8.2365],[-12.0295,8.2372],[-12.0292,8.2404],[-12.0318,8.2468],[-12.0345,8.2509],[-12.0358,8.253],[-12.0358,8.2557],[-12.0331,8.2648],[-12.0329,8.2687],[-12.0336,8.2724],[-12.0366,8.277],[-12.0377,8.2799],[-12.0397,8.2843],[-12.0397,8.2866],[-12.0344,8.2891],[-12.0353,8.2973],[-12.0383,8.2975],[-12.0412,8.2959],[-12.0424,8.2928],[-12.0453,8.2916],[-12.0501,8.2914],[-12.054,8.2937],[-12.0572,8.2999],[-12.0605,8.3092],[-12.0625,8.3117],[-12.0655,8.3131],[-12.0675,8.3159],[-12.0675,8.3189],[-12.0657,8.3218],[-12.0625,8.3261],[-12.0581,8.3303],[-12.0541,8.3346],[-12.0517,8.3381],[-12.0512,8.3413],[-12.0487,8.3444],[-12.0457,8.3476],[-12.0441,8.3515],[-12.0437,8.3593],[-12.0434,8.3625],[-12.043,8.3644],[-12.0395,8.3673],[-12.0361,8.3696],[-12.0345,8.3694],[-12.0345,8.3659],[-12.0361,8.3628],[-12.0358,8.3607],[-12.0342,8.358],[-12.032,8.3575],[-12.0279,8.3579],[-12.0262,8.3616],[-12.0244,8.3703],[-12.0224,8.3717],[-12.0203,8.3721],[-12.0128,8.3717],[-12.008,8.3731],[-12.0041,8.3817],[-12.0024,8.3842],[-11.9997,8.3877],[-11.9998,8.3887],[-11.9964,8.3914],[-11.9957,8.3875],[-11.9957,8.3788],[-11.9962,8.3762],[-11.9936,8.374],[-11.9909,8.3735],[-11.9879,8.3705],[-11.982,8.3678],[-11.9765,8.3639],[-11.9676,8.3612],[-11.9661,8.3616],[-11.9639,8.3621],[-11.9618,8.3612],[-11.9598,8.3584],[-11.9566,8.36],[-11.9554,8.3575],[-11.953,8.3584],[-11.9509,8.3563],[-11.949,8.3582],[-11.9483,8.3545],[-11.945,8.3564],[-11.9434,8.3557],[-11.9418,8.3516],[-11.9386,8.3508],[-11.9366,8.352],[-11.935,8.3504],[-11.9311,8.3488],[-11.9302,8.3509],[-11.9276,8.3502],[-11.9245,8.3515],[-11.9228,8.3561],[-11.9204,8.3568],[-11.9187,8.3577],[-11.9164,8.3582],[-11.9148,8.3605],[-11.9107,8.3602],[-11.9096,8.3586],[-11.9078,8.3587],[-11.905,8.3586],[-11.9027,8.3587],[-11.9004,8.36],[-11.8961,8.3589],[-11.8946,8.3575],[-11.8907,8.3554],[-11.8859,8.3548],[-11.88,8.3557],[-11.8775,8.3545],[-11.8727,8.354],[-11.8687,8.3506],[-11.8656,8.3504],[-11.8578,8.3532],[-11.8516,8.3596],[-11.8484,8.3605],[-11.8421,8.3609],[-11.8385,8.3592],[-11.8361,8.3573],[-11.8321,8.3561],[-11.8305,8.3562],[-11.8212,8.3468],[-11.8198,8.3426],[-11.8195,8.3387],[-11.8185,8.3356],[-11.8188,8.3327],[-11.8176,8.331],[-11.8148,8.3324],[-11.8104,8.3356],[-11.8054,8.3349],[-11.8029,8.3329],[-11.8027,8.3369],[-11.7964,8.3411],[-11.7912,8.3426],[-11.7877,8.3392],[-11.788,8.3354],[-11.7853,8.33],[-11.7842,8.3237],[-11.7835,8.3145],[-11.7808,8.307],[-11.7796,8.3009],[-11.7816,8.2847],[-11.7909,8.2857],[-11.8102,8.2859],[-11.8264,8.2839],[-11.8328,8.2819],[-11.8376,8.2822],[-11.8398,8.2802],[-11.84,8.2762],[-11.8391,8.2722],[-11.8373,8.269],[-11.8329,8.2661],[-11.8262,8.2606],[-11.8217,8.2583],[-11.816,8.2529],[-11.8057,8.246],[-11.8041,8.2439],[-11.8049,8.2384],[-11.8049,8.2352],[-11.8051,8.2317],[-11.8044,8.229],[-11.8014,8.2233],[-11.8014,8.2199],[-11.8016,8.2159],[-11.8016,8.2087],[-11.8018,8.2012],[-11.803,8.1928],[-11.803,8.1887],[-11.8042,8.1858],[-11.8055,8.1796],[-11.8057,8.1766],[-11.8082,8.1744],[-11.8105,8.1713],[-11.8082,8.1686],[-11.8105,8.1677],[-11.8105,8.1656],[-11.8142,8.1619],[-11.816,8.158],[-11.8163,8.1527],[-11.8203,8.1549],[-11.8241,8.1554],[-11.8339,8.1555],[-11.8372,8.1554],[-11.8397,8.1532],[-11.843,8.1481],[-11.847,8.1435],[-11.8528,8.1407],[-11.8612,8.1396],[-11.8703,8.138],[-11.8774,8.1373],[-11.8823,8.1309],[-11.8855,8.1278],[-11.8878,8.1227],[-11.8898,8.1174],[-11.8925,8.1127],[-11.8982,8.1053],[-11.9013,8.0983],[-11.9035,8.0903],[-11.9073,8.0797],[-11.9076,8.0781],[-11.9098,8.0749],[-11.9135,8.0709],[-11.9163,8.0677],[-11.9165,8.0643],[-11.9152,8.0612],[-11.9133,8.0583],[-11.9105,8.056],[-11.907,8.0543],[-11.9051,8.0523],[-11.9019,8.0506],[-11.8987,8.0479],[-11.8938,8.0426],[-11.8887,8.0377],[-11.883,8.031],[-11.8818,8.0292],[-11.8828,8.0263],[-11.8851,8.0233],[-11.889,8.0183],[-11.8917,8.0155],[-11.8937,8.0084],[-11.8933,8.0043],[-11.89,7.9999],[-11.8821,7.9939],[-11.8846,7.9937],[-11.8907,7.9914],[-11.8937,7.9889],[-11.8979,7.991],[-11.904,7.9964],[-11.9091,7.9989],[-11.9119,8.0013],[-11.9192,8.0018],[-11.9334,8.0038],[-11.9414,8.0061],[-11.946,8.0056],[-11.9542,8.0058],[-11.959,8.0064],[-11.9666,8.0093],[-11.9822,8.0125],[-11.9854,8.0125],[-11.9916,8.0135],[-12.0091,8.0138],[-12.0139,8.0123],[-12.0181,8.0095],[-12.0224,8.0016],[-12.0274,7.9964],[-12.0349,7.9872],[-12.0368,7.985],[-12.0459,7.9788],[-12.0556,7.9736],[-12.0607,7.9721],[-12.0643,7.9723],[-12.0669,7.9773],[-12.0762,7.9773],[-12.0787,7.9787],[-12.0824,7.9787],[-12.0909,7.9802],[-12.0961,7.9782],[-12.1003,7.9783],[-12.1032,7.9768],[-12.112,7.9768],[-12.1155,7.9762],[-12.117,7.9746],[-12.1199,7.9746],[-12.1221,7.9763],[-12.1259,7.9767],[-12.1294,7.9745],[-12.1302,7.972],[-12.1319,7.9701],[-12.1329,7.9663],[-12.1345,7.9656],[-12.1369,7.9661],[-12.1384,7.9618],[-12.1416,7.9561],[-12.1408,7.9531],[-12.1411,7.9464],[-12.1399,7.945],[-12.1348,7.942],[-12.1335,7.9376],[-12.1337,7.9327],[-12.1322,7.9266],[-12.1288,7.9186],[-12.1291,7.9172],[-12.132,7.9151],[-12.1337,7.9127],[-12.134,7.9088],[-12.1333,7.9049],[-12.1323,7.9032],[-12.1359,7.8952],[-12.1367,7.891],[-12.1367,7.8879],[-12.1343,7.8755],[-12.1356,7.8727],[-12.1426,7.8647],[-12.1453,7.8601],[-12.1456,7.8548],[-12.1434,7.8498],[-12.142,7.8478],[-12.1381,7.846],[-12.1358,7.8433],[-12.135,7.839],[-12.1371,7.8284],[-12.1383,7.8259],[-12.1391,7.8159],[-12.138,7.813],[-12.1365,7.8097],[-12.1366,7.8071]]]]},"properties":{"code":"MOY","name":"Moyamba District","level":"2","parent":"Plmg8ikyfrK","parentGraph":"Plmg8ikyfrK","groups":["QJuHsfZjNBf","Y1fwmuWGmNr"]}},{"type":"Feature","id":"cbvAvuELRPv","geometry":{"type":"MultiPolygon","coordinates":[[[[-12.1366,7.8071],[-12.1367,7.8038],[-12.137,7.7993],[-12.1329,7.7976],[-12.1298,7.7936],[-12.1297,7.7893],[-12.1372,7.7866],[-12.1374,7.7842],[-12.1329,7.7775],[-12.1335,7.773],[-12.1362,7.7687],[-12.137,7.7652],[-12.136,7.763],[-12.1298,7.7566],[-12.1236,7.7513],[-12.1231,7.7479],[-12.1236,7.7459],[-12.1226,7.7432],[-12.1207,7.7414],[-12.1196,7.7379],[-12.1179,7.7342],[-12.1145,7.7297],[-12.1125,7.7238],[-12.1092,7.7198],[-12.1084,7.7158],[-12.1079,7.7098],[-12.1118,7.7041],[-12.116,7.6944],[-12.1175,7.6887],[-12.1173,7.6872],[-12.1058,7.6771],[-12.1106,7.6721],[-12.1174,7.665],[-12.1312,7.6633],[-12.1405,7.6642],[-12.1462,7.6639],[-12.1503,7.6628],[-12.1524,7.6629],[-12.155,7.6637],[-12.1559,7.6643],[-12.1564,7.6649],[-12.157,7.6665],[-12.1581,7.6679],[-12.1595,7.669],[-12.1608,7.6694],[-12.1626,7.6694],[-12.1661,7.6681],[-12.1699,7.6656],[-12.1713,7.6651],[-12.1723,7.665],[-12.1739,7.6655],[-12.1772,7.6664],[-12.1802,7.6663],[-12.1981,7.6711],[-12.2047,7.6794],[-12.22,7.6886],[-12.2403,7.6898],[-12.2452,7.692],[-12.2474,7.6918],[-12.2486,7.6994],[-12.2532,7.7109],[-12.261,7.7178],[-12.2676,7.7218],[-12.269,7.7251],[-12.2744,7.7304],[-12.2777,7.7337],[-12.2802,7.7392],[-12.2873,7.7484],[-12.2908,7.7538],[-12.2946,7.7609],[-12.2963,7.7643],[-12.2981,7.7683],[-12.2977,7.7721],[-12.2972,7.7853],[-12.2965,7.7975],[-12.3122,7.8072],[-12.3267,7.8056],[-12.356,7.8071],[-12.3737,7.794],[-12.3878,7.773],[-12.3883,7.7726],[-12.3886,7.7719],[-12.3886,7.7701],[-12.389,7.769],[-12.3895,7.7683],[-12.3919,7.7658],[-12.3924,7.7644],[-12.3916,7.7636],[-12.3905,7.763],[-12.39,7.7619],[-12.3898,7.7609],[-12.3909,7.7598],[-12.3923,7.7581],[-12.3947,7.7558],[-12.3963,7.756],[-12.3969,7.7566],[-12.3975,7.7585],[-12.3989,7.762],[-12.4008,7.7641],[-12.4042,7.7652],[-12.4182,7.765],[-12.4255,7.7622],[-12.4268,7.7607],[-12.4296,7.7576],[-12.434,7.7557],[-12.4431,7.7553],[-12.4475,7.7525],[-12.4484,7.7495],[-12.447,7.7413],[-12.4493,7.7392],[-12.45,7.7366],[-12.4525,7.7326],[-12.4552,7.7292],[-12.4588,7.7255],[-12.46,7.7246],[-12.461,7.7241],[-12.4621,7.7238],[-12.463,7.7238],[-12.464,7.7238],[-12.4672,7.7247],[-12.4678,7.7251],[-12.4695,7.7264],[-12.4704,7.7278],[-12.471,7.7288],[-12.4717,7.7303],[-12.473,7.739],[-12.4735,7.7413],[-12.4744,7.7433],[-12.4755,7.7446],[-12.4769,7.7467],[-12.4778,7.7479],[-12.4794,7.7492],[-12.4807,7.7499],[-12.4815,7.7504],[-12.4817,7.7509],[-12.4794,7.7553],[-12.4787,7.7585],[-12.4784,7.7601],[-12.4781,7.7643],[-12.479,7.7682],[-12.4787,7.77],[-12.4785,7.7753],[-12.485,7.7703],[-12.4868,7.7678],[-12.4892,7.7612],[-12.4913,7.7563],[-12.4949,7.7511],[-12.4969,7.7482],[-12.5046,7.7447],[-12.509,7.7431],[-12.516,7.738],[-12.5195,7.7334],[-12.5235,7.7299],[-12.5266,7.7278],[-12.5298,7.7273],[-12.5333,7.7254],[-12.5393,7.721],[-12.5428,7.7186],[-12.5474,7.7148],[-12.5522,7.7106],[-12.5576,7.7071],[-12.5627,7.7045],[-12.5723,7.6984],[-12.5754,7.6945],[-12.5801,7.6907],[-12.5855,7.6862],[-12.5873,7.6852],[-12.59,7.6851],[-12.5928,7.6864],[-12.5967,7.6867],[-12.6003,7.6866],[-12.6043,7.6871],[-12.6112,7.6885],[-12.6181,7.6892],[-12.6201,7.6897],[-12.6211,7.6908],[-12.6212,7.6919],[-12.6203,7.6949],[-12.6169,7.6995],[-12.615,7.7007],[-12.6159,7.7021],[-12.6174,7.7034],[-12.6203,7.7013],[-12.6227,7.6992],[-12.6248,7.696],[-12.6262,7.6948],[-12.6278,7.694],[-12.6301,7.6939],[-12.6371,7.6947],[-12.6443,7.6965],[-12.65,7.6974],[-12.6552,7.6987],[-12.6635,7.7019],[-12.6715,7.706],[-12.677,7.7075],[-12.6805,7.7086],[-12.6827,7.7076],[-12.688,7.7068],[-12.6921,7.7064],[-12.7045,7.702],[-12.7067,7.702],[-12.7091,7.7013],[-12.7119,7.702],[-12.7137,7.7046],[-12.7156,7.7086],[-12.7217,7.715],[-12.7246,7.7163],[-12.726,7.716],[-12.7344,7.7208],[-12.7396,7.7249],[-12.7415,7.7274],[-12.7457,7.7342],[-12.7486,7.7371],[-12.7505,7.7391],[-12.7533,7.7423],[-12.7544,7.7423],[-12.7548,7.7453],[-12.7552,7.7462],[-12.7562,7.7463],[-12.7572,7.7467],[-12.7582,7.7464],[-12.7594,7.7448],[-12.7603,7.744],[-12.7613,7.744],[-12.7655,7.7453],[-12.7674,7.7466],[-12.7699,7.7481],[-12.7721,7.7488],[-12.775,7.7508],[-12.778,7.754],[-12.7783,7.7559],[-12.7793,7.7562],[-12.7823,7.7567],[-12.7862,7.7581],[-12.7881,7.7597],[-12.7903,7.7651],[-12.7911,7.7706],[-12.7912,7.7753],[-12.7911,7.7818],[-12.7916,7.7876],[-12.793,7.7943],[-12.7941,7.7954],[-12.7958,7.7954],[-12.7983,7.7958],[-12.8028,7.7964],[-12.8035,7.7961],[-12.8055,7.7926],[-12.8056,7.7915],[-12.807,7.7897],[-12.8078,7.7896],[-12.8084,7.7905],[-12.8088,7.7906],[-12.8099,7.7899],[-12.8113,7.7902],[-12.8119,7.7911],[-12.8118,7.7921],[-12.8124,7.7925],[-12.8144,7.7924],[-12.8158,7.7936],[-12.8193,7.7949],[-12.8223,7.7952],[-12.8244,7.7964],[-12.8261,7.7963],[-12.8321,7.8003],[-12.8369,7.8025],[-12.8397,7.8037],[-12.8447,7.8086],[-12.8467,7.8084],[-12.849,7.8094],[-12.8522,7.813],[-12.8573,7.8173],[-12.8621,7.8207],[-12.8646,7.8204],[-12.867,7.8216],[-12.8725,7.8251],[-12.8793,7.8397],[-12.8808,7.8417],[-12.8849,7.8455],[-12.8879,7.8499],[-12.8914,7.8532],[-12.8958,7.8588],[-12.8989,7.8622],[-12.9037,7.8664],[-12.9081,7.8698],[-12.9162,7.8704],[-12.9259,7.8696],[-12.9285,7.8723],[-12.9311,7.8784],[-12.9361,7.8883],[-12.9397,7.8935],[-12.942,7.8955],[-12.9459,7.9007],[-12.9532,7.9078],[-12.955,7.909],[-12.9571,7.9083],[-12.9601,7.9135],[-12.9609,7.9167],[-12.9598,7.9184],[-12.9574,7.9178],[-12.956,7.9179],[-12.9545,7.9166],[-12.9538,7.917],[-12.9508,7.9153],[-12.9472,7.9167],[-12.9457,7.918],[-12.9435,7.918],[-12.9404,7.9201],[-12.9387,7.9212],[-12.9365,7.9203],[-12.9356,7.9201],[-12.9321,7.9213],[-12.9283,7.9253],[-12.923,7.9289],[-12.9203,7.9308],[-12.9199,7.9326],[-12.9176,7.9332],[-12.914,7.9365],[-12.9136,7.9379],[-12.9097,7.9402],[-12.9088,7.9422],[-12.9049,7.9445],[-12.9034,7.9443],[-12.9044,7.941],[-12.9025,7.9405],[-12.9008,7.9439],[-12.8951,7.9459],[-12.8921,7.9477],[-12.8775,7.9427],[-12.8722,7.9422],[-12.8641,7.9426],[-12.8592,7.9418],[-12.8551,7.9403],[-12.849,7.936],[-12.8463,7.941],[-12.8511,7.9434],[-12.8546,7.9446],[-12.859,7.9472],[-12.8644,7.9506],[-12.8707,7.9526],[-12.8765,7.955],[-12.8888,7.9588],[-12.8886,7.9603],[-12.8919,7.968],[-12.8931,7.9735],[-12.8924,7.9827],[-12.8939,7.9845],[-12.8956,7.992],[-12.8955,7.9973],[-12.8977,7.9999],[-12.8988,8.0021],[-12.8983,8.0072],[-12.8991,8.0095],[-12.8996,8.0155],[-12.9003,8.0212],[-12.9015,8.0221],[-12.9018,8.0254],[-12.9008,8.0275],[-12.9018,8.0325],[-12.9051,8.0369],[-12.9045,8.0378],[-12.9053,8.0415],[-12.9035,8.0451],[-12.901,8.0477],[-12.8993,8.0557],[-12.9,8.0637],[-12.9,8.0685],[-12.8979,8.0708],[-12.8957,8.0761],[-12.8952,8.0793],[-12.8973,8.0833],[-12.8977,8.0841],[-12.8973,8.0849],[-12.8974,8.0856],[-12.9027,8.0896],[-12.9069,8.0921],[-12.91,8.0925],[-12.9118,8.0932],[-12.9132,8.095],[-12.912,8.0964],[-12.9111,8.0986],[-12.9123,8.1015],[-12.9151,8.1056],[-12.9183,8.1085],[-12.9207,8.1097],[-12.9226,8.1099],[-12.9225,8.1103],[-12.9212,8.1108],[-12.9205,8.112],[-12.9204,8.114],[-12.9215,8.1167],[-12.9242,8.1215],[-12.9263,8.1268],[-12.9302,8.135],[-12.9317,8.1359],[-12.9327,8.1363],[-12.932,8.1376],[-12.9324,8.1392],[-12.9374,8.1491],[-12.9406,8.1546],[-12.9457,8.1605],[-12.9502,8.1639],[-12.9514,8.164],[-12.9528,8.1645],[-12.9539,8.1687],[-12.961,8.1764],[-12.972,8.1888],[-12.9908,8.2053],[-12.993,8.2096],[-12.9928,8.2116],[-12.9918,8.2139],[-12.9898,8.2174],[-12.9881,8.2172],[-12.9873,8.2175],[-12.9859,8.2245],[-12.9874,8.2331],[-12.9863,8.2361],[-12.9839,8.2401],[-12.9794,8.246],[-12.9758,8.2536],[-12.9749,8.2575],[-12.9739,8.2628],[-12.975,8.2639],[-12.9717,8.2657],[-12.9667,8.2648],[-12.9646,8.2622],[-12.9652,8.257],[-12.9649,8.2543],[-12.9616,8.252],[-12.9553,8.2495],[-12.9509,8.25],[-12.9493,8.2531],[-12.9493,8.2573],[-12.9486,8.2599],[-12.9444,8.2634],[-12.9405,8.2654],[-12.9385,8.2655],[-12.936,8.2645],[-12.9351,8.2634],[-12.9337,8.2615],[-12.9317,8.2598],[-12.9288,8.2598],[-12.9252,8.261],[-12.9198,8.2629],[-12.9138,8.2625],[-12.9123,8.2638],[-12.9124,8.2664],[-12.9132,8.2689],[-12.9131,8.2706],[-12.9119,8.2719],[-12.9087,8.2732],[-12.9053,8.2767],[-12.9037,8.277],[-12.9022,8.2766],[-12.9001,8.2733],[-12.8989,8.2728],[-12.8942,8.2739],[-12.8926,8.2746],[-12.8905,8.2759],[-12.8875,8.2767],[-12.8838,8.2781],[-12.8831,8.2787],[-12.883,8.28],[-12.8836,8.2816],[-12.8861,8.2837],[-12.8872,8.2853],[-12.8918,8.2854],[-12.8928,8.2865],[-12.8931,8.2882],[-12.8924,8.2895],[-12.8889,8.2923],[-12.8866,8.2946],[-12.8856,8.2962],[-12.8854,8.2994],[-12.8858,8.3026],[-12.8846,8.309],[-12.8846,8.3108],[-12.8841,8.3114],[-12.8825,8.3117],[-12.8786,8.3099],[-12.8781,8.309],[-12.8762,8.3043],[-12.8754,8.3033],[-12.8733,8.3023],[-12.8721,8.3022],[-12.8706,8.3025],[-12.8679,8.304],[-12.8658,8.304],[-12.8629,8.3082],[-12.8622,8.3094],[-12.8629,8.3124],[-12.8639,8.3129],[-12.8649,8.313],[-12.8658,8.3136],[-12.8676,8.3158],[-12.8685,8.3184],[-12.8689,8.3197],[-12.8688,8.3219],[-12.8683,8.3246],[-12.8659,8.3293],[-12.8638,8.3329],[-12.8632,8.3332],[-12.8607,8.332],[-12.8588,8.3317],[-12.854,8.3319],[-12.852,8.3322],[-12.8499,8.3328],[-12.8487,8.3333],[-12.848,8.3344],[-12.8475,8.3375],[-12.8473,8.3394],[-12.8473,8.3409],[-12.8481,8.3419],[-12.8513,8.3429],[-12.8526,8.3438],[-12.8536,8.3447],[-12.8546,8.3458],[-12.8556,8.3473],[-12.8559,8.3486],[-12.8555,8.3495],[-12.8547,8.3505],[-12.8541,8.3517],[-12.8536,8.3524],[-12.8526,8.3527],[-12.8507,8.3523],[-12.849,8.3518],[-12.8478,8.3519],[-12.8464,8.3522],[-12.8453,8.353],[-12.8432,8.3553],[-12.8416,8.3567],[-12.8397,8.3569],[-12.8386,8.3572],[-12.8377,8.358],[-12.8375,8.3592],[-12.8377,8.3604],[-12.8398,8.3637],[-12.8407,8.3663],[-12.8409,8.3683],[-12.8407,8.3707],[-12.84,8.3719],[-12.8387,8.3729],[-12.836,8.3737],[-12.8342,8.3736],[-12.8326,8.3732],[-12.8298,8.3733],[-12.8254,8.3741],[-12.8246,8.3747],[-12.8244,8.376],[-12.8249,8.3773],[-12.8264,8.3791],[-12.8268,8.3807],[-12.8267,8.3831],[-12.8263,8.3864],[-12.8266,8.3886],[-12.8272,8.3907],[-12.8288,8.3923],[-12.8299,8.394],[-12.8302,8.3957],[-12.8293,8.3963],[-12.8279,8.3962],[-12.8246,8.3953],[-12.8225,8.3948],[-12.8206,8.3945],[-12.8197,8.3944],[-12.8189,8.3949],[-12.817,8.3965],[-12.8157,8.3968],[-12.8137,8.3964],[-12.8111,8.395],[-12.8107,8.3944],[-12.8104,8.3931],[-12.81,8.3901],[-12.8093,8.3885],[-12.8085,8.3876],[-12.8079,8.3874],[-12.8063,8.388],[-12.8051,8.3881],[-12.803,8.3881],[-12.8013,8.3883],[-12.8008,8.3884],[-12.7994,8.3894],[-12.7984,8.3903],[-12.7971,8.3912],[-12.7942,8.3912],[-12.7924,8.3919],[-12.7906,8.3931],[-12.7899,8.393],[-12.7897,8.392],[-12.7902,8.3887],[-12.7902,8.3871],[-12.79,8.3858],[-12.7895,8.3853],[-12.7891,8.3854],[-12.7882,8.3859],[-12.7867,8.3869],[-12.7849,8.3876],[-12.7836,8.3875],[-12.7831,8.3868],[-12.7828,8.3858],[-12.7824,8.3843],[-12.7808,8.3807],[-12.7803,8.3794],[-12.7793,8.379],[-12.7773,8.3792],[-12.7763,8.379],[-12.7758,8.3788],[-12.772,8.3758],[-12.7715,8.3752],[-12.7713,8.3736],[-12.7711,8.3733],[-12.7701,8.3726],[-12.7681,8.3721],[-12.767,8.3724],[-12.7663,8.3738],[-12.7657,8.3737],[-12.7651,8.373],[-12.7648,8.372],[-12.7648,8.3713],[-12.7654,8.3706],[-12.7657,8.3699],[-12.7654,8.3686],[-12.765,8.3674],[-12.7644,8.3666],[-12.7632,8.3661],[-12.7625,8.3651],[-12.7621,8.3643],[-12.7614,8.3625],[-12.7606,8.3591],[-12.7602,8.359],[-12.7567,8.3575],[-12.7534,8.357],[-12.7537,8.3519],[-12.7484,8.3548],[-12.7454,8.3535],[-12.7448,8.3515],[-12.7435,8.3513],[-12.7431,8.3503],[-12.7437,8.3497],[-12.7437,8.3493],[-12.7416,8.3491],[-12.7412,8.3495],[-12.741,8.3512],[-12.7407,8.3516],[-12.739,8.3514],[-12.7368,8.3496],[-12.7357,8.3493],[-12.7342,8.3498],[-12.733,8.3497],[-12.7324,8.3502],[-12.732,8.3502],[-12.7318,8.3498],[-12.7319,8.3495],[-12.7315,8.3475],[-12.7309,8.3473],[-12.7287,8.3477],[-12.7277,8.3479],[-12.7277,8.3487],[-12.7271,8.3491],[-12.7264,8.3493],[-12.7253,8.3491],[-12.7231,8.3507],[-12.7216,8.3508],[-12.7205,8.3514],[-12.7196,8.3523],[-12.7181,8.3535],[-12.718,8.3537],[-12.7181,8.354],[-12.7206,8.3567],[-12.7206,8.3573],[-12.7207,8.3575],[-12.7209,8.3576],[-12.7224,8.3581],[-12.7226,8.3587],[-12.7224,8.3591],[-12.7182,8.3625],[-12.7187,8.3646],[-12.7199,8.3676],[-12.7197,8.3679],[-12.7193,8.3677],[-12.7181,8.3666],[-12.714,8.3655],[-12.7115,8.3652],[-12.7102,8.3645],[-12.7092,8.3634],[-12.7082,8.3633],[-12.7073,8.364],[-12.7068,8.3642],[-12.704,8.3637],[-12.6996,8.3642],[-12.6962,8.364],[-12.6954,8.364],[-12.6913,8.3661],[-12.6896,8.3662],[-12.6894,8.3664],[-12.6885,8.3673],[-12.6882,8.3676],[-12.6876,8.368],[-12.6862,8.3678],[-12.685,8.368],[-12.6841,8.3687],[-12.6808,8.3696],[-12.6786,8.369],[-12.6786,8.3677],[-12.679,8.366],[-12.6748,8.3643],[-12.6734,8.3658],[-12.6732,8.3667],[-12.6733,8.3699],[-12.6731,8.3702],[-12.6708,8.3705],[-12.6705,8.3709],[-12.6709,8.3726],[-12.6706,8.3734],[-12.6697,8.3743],[-12.6697,8.3753],[-12.6694,8.3755],[-12.668,8.3756],[-12.6663,8.3765],[-12.6604,8.3749],[-12.6601,8.3747],[-12.6599,8.3726],[-12.6592,8.3721],[-12.6583,8.3724],[-12.6569,8.3728],[-12.6559,8.3721],[-12.6556,8.3721],[-12.6542,8.3742],[-12.654,8.3741],[-12.6539,8.3738],[-12.6536,8.3709],[-12.6523,8.3701],[-12.6519,8.3686],[-12.6502,8.368],[-12.6491,8.3684],[-12.6477,8.3673],[-12.6466,8.3675],[-12.6461,8.3671],[-12.6478,8.3641],[-12.6479,8.358],[-12.641,8.354],[-12.6326,8.3547],[-12.6194,8.3501],[-12.6144,8.341],[-12.6042,8.341],[-12.603,8.3327],[-12.5991,8.3284],[-12.5984,8.3222],[-12.595,8.317],[-12.5933,8.3109],[-12.5822,8.3069],[-12.563,8.3037],[-12.5535,8.2983],[-12.551,8.2965],[-12.547,8.2945],[-12.5418,8.2939],[-12.5338,8.2899],[-12.524,8.288],[-12.5196,8.289],[-12.5108,8.297],[-12.4938,8.2957],[-12.4796,8.3037],[-12.4647,8.2936],[-12.4602,8.2932],[-12.4566,8.2995],[-12.4519,8.303],[-12.4423,8.308],[-12.4307,8.3155],[-12.416,8.3114],[-12.3952,8.3192],[-12.3905,8.3327],[-12.384,8.336],[-12.3833,8.3368],[-12.381,8.3397],[-12.3795,8.342],[-12.3723,8.3474],[-12.3711,8.3499],[-12.3706,8.3531],[-12.3629,8.35],[-12.3603,8.3499],[-12.3581,8.3515],[-12.3521,8.3545],[-12.3498,8.3538],[-12.3491,8.352],[-12.3445,8.352],[-12.342,8.3504],[-12.3386,8.3447],[-12.3368,8.3417],[-12.3365,8.3412],[-12.3306,8.3351],[-12.3262,8.3316],[-12.317,8.3289],[-12.3126,8.3285],[-12.3062,8.3289],[-12.303,8.3284],[-12.301,8.3278],[-12.2996,8.322],[-12.2982,8.3223],[-12.2953,8.322],[-12.2941,8.3195],[-12.292,8.3202],[-12.2911,8.3237],[-12.2921,8.3269],[-12.2877,8.3287],[-12.2857,8.331],[-12.2854,8.3341],[-12.2825,8.3369],[-12.2808,8.3372],[-12.2799,8.3399],[-12.2779,8.3422],[-12.2755,8.3451],[-12.2702,8.3488],[-12.2672,8.349],[-12.2656,8.3499],[-12.2618,8.3506],[-12.2578,8.3522],[-12.2553,8.3524],[-12.2505,8.3522],[-12.2467,8.3541],[-12.245,8.3495],[-12.237,8.3474],[-12.2345,8.3451],[-12.2302,8.3442],[-12.227,8.3451],[-12.2265,8.3477],[-12.2236,8.3481],[-12.2221,8.3509],[-12.2194,8.3526],[-12.2193,8.3527],[-12.2189,8.3509],[-12.2156,8.3525],[-12.2141,8.3516],[-12.2056,8.3506],[-12.2035,8.3515],[-12.1997,8.3541],[-12.1926,8.3559],[-12.1859,8.3589],[-12.1825,8.3596],[-12.1791,8.3607],[-12.1747,8.3614],[-12.1695,8.3607],[-12.1671,8.3589],[-12.1664,8.3573],[-12.1691,8.3518],[-12.1696,8.3488],[-12.1682,8.3435],[-12.1655,8.339],[-12.1632,8.336],[-12.1606,8.3333],[-12.1579,8.33],[-12.1542,8.3287],[-12.1499,8.3282],[-12.1467,8.3275],[-12.1414,8.3255],[-12.1396,8.3241],[-12.1369,8.3221],[-12.1339,8.32],[-12.1343,8.3142],[-12.136,8.3122],[-12.1336,8.3072],[-12.1319,8.3049],[-12.1289,8.3037],[-12.1237,8.303],[-12.1233,8.3014],[-12.1207,8.3012],[-12.1216,8.2991],[-12.1169,8.2978],[-12.1143,8.2973],[-12.1104,8.2939],[-12.1079,8.2916],[-12.1049,8.2893],[-12.1026,8.2868],[-12.0992,8.2854],[-12.0992,8.2829],[-12.0928,8.2811],[-12.0899,8.2797],[-12.088,8.2795],[-12.0822,8.2767],[-12.0792,8.272],[-12.0803,8.2694],[-12.0785,8.266],[-12.0755,8.2628],[-12.0721,8.2614],[-12.0689,8.2601],[-12.0636,8.2609],[-12.0616,8.2589],[-12.0579,8.2553],[-12.0554,8.2541],[-12.0552,8.2523],[-12.0584,8.2504],[-12.057,8.2488],[-12.0513,8.2481],[-12.047,8.2493],[-12.0445,8.2505],[-12.0403,8.2502],[-12.038,8.2488],[-12.0342,8.2417],[-12.0341,8.2381],[-12.0319,8.2365],[-12.0295,8.2372],[-12.0292,8.2404],[-12.0318,8.2468],[-12.0345,8.2509],[-12.0358,8.253],[-12.0358,8.2557],[-12.0331,8.2648],[-12.0329,8.2687],[-12.0336,8.2724],[-12.0366,8.277],[-12.0377,8.2799],[-12.0397,8.2843],[-12.0397,8.2866],[-12.0344,8.2891],[-12.0353,8.2973],[-12.0383,8.2975],[-12.0412,8.2959],[-12.0424,8.2928],[-12.0453,8.2916],[-12.0501,8.2914],[-12.054,8.2937],[-12.0572,8.2999],[-12.0605,8.3092],[-12.0625,8.3117],[-12.0655,8.3131],[-12.0675,8.3159],[-12.0675,8.3189],[-12.0657,8.3218],[-12.0625,8.3261],[-12.0581,8.3303],[-12.0541,8.3346],[-12.0517,8.3381],[-12.0512,8.3413],[-12.0487,8.3444],[-12.0457,8.3476],[-12.0441,8.3515],[-12.0437,8.3593],[-12.0434,8.3625],[-12.043,8.3644],[-12.0395,8.3673],[-12.0361,8.3696],[-12.0345,8.3694],[-12.0345,8.3659],[-12.0361,8.3628],[-12.0358,8.3607],[-12.0342,8.358],[-12.032,8.3575],[-12.0279,8.3579],[-12.0262,8.3616],[-12.0244,8.3703],[-12.0224,8.3717],[-12.0203,8.3721],[-12.0128,8.3717],[-12.008,8.3731],[-12.0041,8.3817],[-12.0024,8.3842],[-11.9997,8.3877],[-11.9998,8.3887],[-11.9964,8.3914],[-11.9957,8.3875],[-11.9957,8.3788],[-11.9962,8.3762],[-11.9936,8.374],[-11.9909,8.3735],[-11.9879,8.3705],[-11.982,8.3678],[-11.9765,8.3639],[-11.9676,8.3612],[-11.9661,8.3616],[-11.9639,8.3621],[-11.9618,8.3612],[-11.9598,8.3584],[-11.9566,8.36],[-11.9554,8.3575],[-11.953,8.3584],[-11.9509,8.3563],[-11.949,8.3582],[-11.9483,8.3545],[-11.945,8.3564],[-11.9434,8.3557],[-11.9418,8.3516],[-11.9386,8.3508],[-11.9366,8.352],[-11.935,8.3504],[-11.9311,8.3488],[-11.9302,8.3509],[-11.9276,8.3502],[-11.9245,8.3515],[-11.9228,8.3561],[-11.9204,8.3568],[-11.9187,8.3577],[-11.9164,8.3582],[-11.9148,8.3605],[-11.9107,8.3602],[-11.9096,8.3586],[-11.9078,8.3587],[-11.905,8.3586],[-11.9027,8.3587],[-11.9004,8.36],[-11.8961,8.3589],[-11.8946,8.3575],[-11.8907,8.3554],[-11.8859,8.3548],[-11.88,8.3557],[-11.8775,8.3545],[-11.8727,8.354],[-11.8687,8.3506],[-11.8656,8.3504],[-11.8578,8.3532],[-11.8516,8.3596],[-11.8484,8.3605],[-11.8421,8.3609],[-11.8385,8.3592],[-11.8361,8.3573],[-11.8321,8.3561],[-11.8305,8.3562],[-11.8212,8.3468],[-11.8198,8.3426],[-11.8195,8.3387],[-11.8185,8.3356],[-11.8188,8.3327],[-11.8176,8.331],[-11.8148,8.3324],[-11.8104,8.3356],[-11.8054,8.3349],[-11.8029,8.3329],[-11.8027,8.3369],[-11.7964,8.3411],[-11.7912,8.3426],[-11.7877,8.3392],[-11.788,8.3354],[-11.7853,8.33],[-11.7842,8.3237],[-11.7835,8.3145],[-11.7808,8.307],[-11.7796,8.3009],[-11.7816,8.2847],[-11.7909,8.2857],[-11.8102,8.2859],[-11.8264,8.2839],[-11.8328,8.2819],[-11.8376,8.2822],[-11.8398,8.2802],[-11.84,8.2762],[-11.8391,8.2722],[-11.8373,8.269],[-11.8329,8.2661],[-11.8262,8.2606],[-11.8217,8.2583],[-11.816,8.2529],[-11.8057,8.246],[-11.8041,8.2439],[-11.8049,8.2384],[-11.8049,8.2352],[-11.8051,8.2317],[-11.8044,8.229],[-11.8014,8.2233],[-11.8014,8.2199],[-11.8016,8.2159],[-11.8016,8.2087],[-11.8018,8.2012],[-11.803,8.1928],[-11.803,8.1887],[-11.8042,8.1858],[-11.8055,8.1796],[-11.8057,8.1766],[-11.8082,8.1744],[-11.8105,8.1713],[-11.8082,8.1686],[-11.8105,8.1677],[-11.8105,8.1656],[-11.8142,8.1619],[-11.816,8.158],[-11.8163,8.1527],[-11.8203,8.1549],[-11.8241,8.1554],[-11.8339,8.1555],[-11.8372,8.1554],[-11.8397,8.1532],[-11.843,8.1481],[-11.847,8.1435],[-11.8528,8.1407],[-11.8612,8.1396],[-11.8703,8.138],[-11.8774,8.1373],[-11.8823,8.1309],[-11.8855,8.1278],[-11.8878,8.1227],[-11.8898,8.1174],[-11.8925,8.1127],[-11.8982,8.1053],[-11.9013,8.0983],[-11.9035,8.0903],[-11.9073,8.0797],[-11.9076,8.0781],[-11.9098,8.0749],[-11.9135,8.0709],[-11.9163,8.0677],[-11.9165,8.0643],[-11.9152,8.0612],[-11.9133,8.0583],[-11.9105,8.056],[-11.907,8.0543],[-11.9051,8.0523],[-11.9019,8.0506],[-11.8987,8.0479],[-11.8938,8.0426],[-11.8887,8.0377],[-11.883,8.031],[-11.8818,8.0292],[-11.8828,8.0263],[-11.8851,8.0233],[-11.889,8.0183],[-11.8917,8.0155],[-11.8937,8.0084],[-11.8933,8.0043],[-11.89,7.9999],[-11.8821,7.9939],[-11.8846,7.9937],[-11.8907,7.9914],[-11.8937,7.9889],[-11.8979,7.991],[-11.904,7.9964],[-11.9091,7.9989],[-11.9119,8.0013],[-11.9192,8.0018],[-11.9334,8.0038],[-11.9414,8.0061],[-11.946,8.0056],[-11.9542,8.0058],[-11.959,8.0064],[-11.9666,8.0093],[-11.9822,8.0125],[-11.9854,8.0125],[-11.9916,8.0135],[-12.0091,8.0138],[-12.0139,8.0123],[-12.0181,8.0095],[-12.0224,8.0016],[-12.0274,7.9964],[-12.0349,7.9872],[-12.0368,7.985],[-12.0459,7.9788],[-12.0556,7.9736],[-12.0607,7.9721],[-12.0643,7.9723],[-12.0669,7.9773],[-12.0762,7.9773],[-12.0787,7.9787],[-12.0824,7.9787],[-12.0909,7.9802],[-12.0961,7.9782],[-12.1003,7.9783],[-12.1032,7.9768],[-12.112,7.9768],[-12.1155,7.9762],[-12.117,7.9746],[-12.1199,7.9746],[-12.1221,7.9763],[-12.1259,7.9767],[-12.1294,7.9745],[-12.1302,7.972],[-12.1319,7.9701],[-12.1329,7.9663],[-12.1345,7.9656],[-12.1369,7.9661],[-12.1384,7.9618],[-12.1416,7.9561],[-12.1408,7.9531],[-12.1411,7.9464],[-12.1399,7.945],[-12.1348,7.942],[-12.1335,7.9376],[-12.1337,7.9327],[-12.1322,7.9266],[-12.1288,7.9186],[-12.1291,7.9172],[-12.132,7.9151],[-12.1337,7.9127],[-12.134,7.9088],[-12.1333,7.9049],[-12.1323,7.9032],[-12.1359,7.8952],[-12.1367,7.891],[-12.1367,7.8879],[-12.1343,7.8755],[-12.1356,7.8727],[-12.1426,7.8647],[-12.1453,7.8601],[-12.1456,7.8548],[-12.1434,7.8498],[-12.142,7.8478],[-12.1381,7.846],[-12.1358,7.8433],[-12.135,7.839],[-12.1371,7.8284],[-12.1383,7.8259],[-12.1391,7.8159],[-12.138,7.813],[-12.1365,7.8097],[-12.1366,7.8071]]],[[[-12.9858,7.9117],[-12.9846,7.9116],[-12.9832,7.9113],[-12.9828,7.9111],[-12.983,7.9108],[-12.9848,7.9105],[-12.9853,7.9105],[-12.987,7.9108],[-12.9874,7.9107],[-12.9878,7.9101],[-12.9878,7.9098],[-12.9876,7.9097],[-12.9876,7.9094],[-12.9878,7.9092],[-12.9886,7.9093],[-12.9892,7.9092],[-12.9892,7.9089],[-12.9892,7.9086],[-12.9899,7.9084],[-12.9902,7.9081],[-12.9906,7.908],[-12.9914,7.9084],[-12.9919,7.9091],[-12.9924,7.9095],[-12.9929,7.9097],[-12.9932,7.9096],[-12.9937,7.9091],[-12.9946,7.9085],[-12.9949,7.9087],[-12.9949,7.9089],[-12.9947,7.9092],[-12.9944,7.91],[-12.9936,7.9109],[-12.9931,7.9113],[-12.9925,7.9115],[-12.9917,7.9119],[-12.9907,7.9122],[-12.9899,7.9121],[-12.9889,7.9119],[-12.9873,7.9117],[-12.9858,7.9117]]]]},"properties":{"code":"MOY_MOYDC","name":"Moyamba District Council","level":"3","parent":"btW1NRETLww","parentGraph":"Plmg8ikyfrK/btW1NRETLww","groups":["aYjKY8GaXYQ","QJuHsfZjNBf"]}},{"type":"Feature","id":"zbc5qyNNhxD","geometry":{"type":"Polygon","coordinates":[[[-12.7865,8.7583],[-12.788,8.7593],[-12.7888,8.7585],[-12.79,8.7588],[-12.7905,8.7596],[-12.7916,8.7606],[-12.7926,8.763],[-12.7946,8.7651],[-12.7968,8.7685],[-12.8001,8.7737],[-12.7978,8.7795],[-12.7938,8.7818],[-12.789,8.7839],[-12.7818,8.7848],[-12.7782,8.7812],[-12.7786,8.7799],[-12.7785,8.7784],[-12.778,8.7769],[-12.7736,8.7705],[-12.773,8.769],[-12.7726,8.7671],[-12.7724,8.763],[-12.7737,8.7631],[-12.7745,8.7614],[-12.775,8.7596],[-12.774,8.7585],[-12.7738,8.7578],[-12.775,8.7566],[-12.779,8.756],[-12.7797,8.7564],[-12.7802,8.7563],[-12.7813,8.7558],[-12.7826,8.7549],[-12.7829,8.7548],[-12.7831,8.7549],[-12.7838,8.7568],[-12.7843,8.7572],[-12.7847,8.7566],[-12.785,8.7564],[-12.7853,8.7564],[-12.7857,8.7567],[-12.7865,8.7583]]]},"properties":{"code":"PLT_PLTCC","name":"Port Loko City Council","level":"3","parent":"RjOUVJDV1Dl","parentGraph":"Plmg8ikyfrK/RjOUVJDV1Dl","groups":["aYjKY8GaXYQ","QJuHsfZjNBf"]}},{"type":"Feature","id":"RjOUVJDV1Dl","geometry":{"type":"MultiPolygon","coordinates":[[[[-13.1203,8.539],[-13.1216,8.5378],[-13.1235,8.5385],[-13.1249,8.5431],[-13.1251,8.5457],[-13.121,8.5469],[-13.1151,8.5503],[-13.1156,8.5466],[-13.1176,8.5429],[-13.1203,8.539]]],[[[-12.9377,8.5568],[-12.9345,8.5558],[-12.9304,8.5536],[-12.9239,8.5491],[-12.9232,8.5471],[-12.925,8.5443],[-12.9285,8.5426],[-12.9294,8.5402],[-12.9321,8.5374],[-12.9407,8.5332],[-12.9455,8.5314],[-12.9499,8.5327],[-12.9539,8.5355],[-12.9594,8.5406],[-12.9608,8.5439],[-12.9619,8.5514],[-12.9599,8.5547],[-12.9545,8.5562],[-12.9478,8.556],[-12.9425,8.5568],[-12.9377,8.5568]]],[[[-13.1064,8.5603],[-13.1076,8.5586],[-13.1093,8.5602],[-13.1121,8.5606],[-13.1132,8.5623],[-13.1137,8.5665],[-13.1102,8.5688],[-13.1068,8.5683],[-13.1055,8.5659],[-13.1051,8.562],[-13.1064,8.5603]]],[[[-12.9481,8.5701],[-12.9492,8.5695],[-12.9504,8.5695],[-12.9534,8.5707],[-12.9563,8.5708],[-12.9564,8.5713],[-12.9558,8.5734],[-12.9536,8.5738],[-12.9498,8.5729],[-12.9487,8.5724],[-12.9481,8.5701]]],[[[-12.965,8.5743],[-12.9632,8.5725],[-12.9605,8.5692],[-12.9603,8.5686],[-12.9612,8.5678],[-12.963,8.5677],[-12.9656,8.5682],[-12.9707,8.5702],[-12.9735,8.5703],[-12.9775,8.5682],[-12.982,8.5679],[-12.9826,8.5688],[-12.983,8.5699],[-12.9839,8.5707],[-12.9881,8.5724],[-12.9904,8.5732],[-12.9923,8.5729],[-12.9936,8.5726],[-12.9948,8.5732],[-12.9964,8.5731],[-12.999,8.5722],[-12.9997,8.5715],[-13.0049,8.5717],[-13.0068,8.5723],[-13.0083,8.5713],[-13.0092,8.5711],[-13.0097,8.5718],[-13.0089,8.5728],[-13.0038,8.5731],[-13.002,8.5738],[-13.0012,8.5737],[-12.9996,8.574],[-12.9964,8.5754],[-12.9935,8.5765],[-12.9895,8.5777],[-12.9873,8.5789],[-12.9816,8.584],[-12.9793,8.5839],[-12.9771,8.5824],[-12.9721,8.5797],[-12.969,8.5779],[-12.9657,8.5754],[-12.965,8.5743]]],[[[-13.1045,8.5874],[-13.1026,8.587],[-13.1042,8.5815],[-13.1097,8.5723],[-13.1121,8.5703],[-13.1159,8.5684],[-13.1168,8.5673],[-13.1216,8.5662],[-13.1244,8.5651],[-13.1249,8.5686],[-13.1202,8.5761],[-13.116,8.5846],[-13.1153,8.587],[-13.1125,8.5908],[-13.1122,8.5934],[-13.11,8.5943],[-13.1075,8.5943],[-13.1069,8.5901],[-13.1045,8.5874]]],[[[-13.0673,8.5729],[-13.068,8.5726],[-13.0711,8.573],[-13.074,8.5777],[-13.0711,8.58],[-13.0702,8.5798],[-13.0672,8.5752],[-13.0673,8.5729]]],[[[-12.9989,8.5806],[-12.9988,8.5798],[-12.9998,8.5787],[-13.0005,8.5776],[-13.0041,8.5759],[-13.0063,8.575],[-13.0081,8.5749],[-13.0102,8.576],[-13.0144,8.5789],[-13.0143,8.5797],[-13.0125,8.5801],[-13.0085,8.5801],[-13.0034,8.5807],[-13.0023,8.5814],[-12.9989,8.5806]]],[[[-12.6016,8.4969],[-12.605,8.494],[-12.6089,8.4856],[-12.6181,8.447],[-12.6193,8.4367],[-12.6218,8.4264],[-12.628,8.4059],[-12.6315,8.3898],[-12.6325,8.38],[-12.6356,8.3722],[-12.6425,8.3699],[-12.6461,8.3671],[-12.6466,8.3675],[-12.6477,8.3673],[-12.6491,8.3684],[-12.6502,8.368],[-12.6519,8.3686],[-12.6523,8.3701],[-12.6536,8.3709],[-12.6539,8.3738],[-12.654,8.3741],[-12.6542,8.3742],[-12.6556,8.3721],[-12.6559,8.3721],[-12.6569,8.3728],[-12.6583,8.3724],[-12.6592,8.3721],[-12.6599,8.3726],[-12.6601,8.3747],[-12.6604,8.3749],[-12.6663,8.3765],[-12.668,8.3756],[-12.6694,8.3755],[-12.6697,8.3753],[-12.6697,8.3743],[-12.6706,8.3734],[-12.6709,8.3726],[-12.6705,8.3709],[-12.6708,8.3705],[-12.6731,8.3702],[-12.6733,8.3699],[-12.6732,8.3667],[-12.6734,8.3658],[-12.6748,8.3643],[-12.679,8.366],[-12.6786,8.3677],[-12.6786,8.369],[-12.6808,8.3696],[-12.6841,8.3687],[-12.685,8.368],[-12.6862,8.3678],[-12.6876,8.368],[-12.6882,8.3676],[-12.6885,8.3673],[-12.6894,8.3664],[-12.6896,8.3662],[-12.6913,8.3661],[-12.6954,8.364],[-12.6962,8.364],[-12.6996,8.3642],[-12.704,8.3637],[-12.7068,8.3642],[-12.7073,8.364],[-12.7082,8.3633],[-12.7092,8.3634],[-12.7102,8.3645],[-12.7115,8.3652],[-12.714,8.3655],[-12.7181,8.3666],[-12.7193,8.3677],[-12.7197,8.3679],[-12.7199,8.3676],[-12.7187,8.3646],[-12.7182,8.3625],[-12.7224,8.3591],[-12.7226,8.3587],[-12.7224,8.3581],[-12.7209,8.3576],[-12.7207,8.3575],[-12.7206,8.3573],[-12.7206,8.3567],[-12.7181,8.354],[-12.718,8.3537],[-12.7181,8.3535],[-12.7196,8.3523],[-12.7205,8.3514],[-12.7216,8.3508],[-12.7231,8.3507],[-12.7253,8.3491],[-12.7264,8.3493],[-12.7271,8.3491],[-12.7277,8.3487],[-12.7277,8.3479],[-12.7287,8.3477],[-12.7309,8.3473],[-12.7315,8.3475],[-12.7319,8.3495],[-12.7318,8.3498],[-12.732,8.3502],[-12.7324,8.3502],[-12.733,8.3497],[-12.7342,8.3498],[-12.7357,8.3493],[-12.7368,8.3496],[-12.739,8.3514],[-12.7407,8.3516],[-12.741,8.3512],[-12.7412,8.3495],[-12.7416,8.3491],[-12.7437,8.3493],[-12.7437,8.3497],[-12.7431,8.3503],[-12.7435,8.3513],[-12.7448,8.3515],[-12.7454,8.3535],[-12.7484,8.3548],[-12.7537,8.3519],[-12.7534,8.357],[-12.7567,8.3575],[-12.7602,8.359],[-12.7606,8.3591],[-12.7614,8.3625],[-12.7621,8.3643],[-12.7625,8.3651],[-12.7632,8.3661],[-12.7644,8.3666],[-12.765,8.3674],[-12.7654,8.3686],[-12.7657,8.3699],[-12.7654,8.3706],[-12.7648,8.3713],[-12.7648,8.372],[-12.7651,8.373],[-12.7657,8.3737],[-12.7663,8.3738],[-12.767,8.3724],[-12.7681,8.3721],[-12.7701,8.3726],[-12.7711,8.3733],[-12.7713,8.3736],[-12.7715,8.3752],[-12.772,8.3758],[-12.7758,8.3788],[-12.7763,8.379],[-12.7773,8.3792],[-12.7793,8.379],[-12.7803,8.3794],[-12.7808,8.3807],[-12.7824,8.3843],[-12.7828,8.3858],[-12.7831,8.3868],[-12.7836,8.3875],[-12.7849,8.3876],[-12.7867,8.3869],[-12.7882,8.3859],[-12.7891,8.3854],[-12.7895,8.3853],[-12.79,8.3858],[-12.7902,8.3871],[-12.7902,8.3887],[-12.7897,8.392],[-12.7899,8.393],[-12.7906,8.3931],[-12.7924,8.3919],[-12.7942,8.3912],[-12.7971,8.3912],[-12.7984,8.3903],[-12.7994,8.3894],[-12.8008,8.3884],[-12.8013,8.3883],[-12.803,8.3881],[-12.8051,8.3881],[-12.8063,8.388],[-12.8079,8.3874],[-12.8085,8.3876],[-12.8093,8.3885],[-12.81,8.3901],[-12.8104,8.3931],[-12.8107,8.3944],[-12.8111,8.395],[-12.8137,8.3964],[-12.8157,8.3968],[-12.817,8.3965],[-12.8189,8.3949],[-12.8197,8.3944],[-12.8206,8.3945],[-12.8225,8.3948],[-12.8246,8.3953],[-12.8279,8.3962],[-12.8293,8.3963],[-12.8302,8.3957],[-12.8299,8.394],[-12.8288,8.3923],[-12.8272,8.3907],[-12.8266,8.3886],[-12.8263,8.3864],[-12.8267,8.3831],[-12.8268,8.3807],[-12.8264,8.3791],[-12.8249,8.3773],[-12.8244,8.376],[-12.8246,8.3747],[-12.8254,8.3741],[-12.8298,8.3733],[-12.8326,8.3732],[-12.8342,8.3736],[-12.836,8.3737],[-12.8387,8.3729],[-12.84,8.3719],[-12.8407,8.3707],[-12.8409,8.3683],[-12.8407,8.3663],[-12.8398,8.3637],[-12.8377,8.3604],[-12.8375,8.3592],[-12.8377,8.358],[-12.8386,8.3572],[-12.8397,8.3569],[-12.8416,8.3567],[-12.8432,8.3553],[-12.8453,8.353],[-12.8464,8.3522],[-12.8478,8.3519],[-12.849,8.3518],[-12.8507,8.3523],[-12.8526,8.3527],[-12.8536,8.3524],[-12.8541,8.3517],[-12.8547,8.3505],[-12.8555,8.3495],[-12.8559,8.3486],[-12.8556,8.3473],[-12.8546,8.3458],[-12.8536,8.3447],[-12.8526,8.3438],[-12.8513,8.3429],[-12.8481,8.3419],[-12.8473,8.3409],[-12.8473,8.3394],[-12.8475,8.3375],[-12.848,8.3344],[-12.8487,8.3333],[-12.8499,8.3328],[-12.852,8.3322],[-12.854,8.3319],[-12.8588,8.3317],[-12.8607,8.332],[-12.8632,8.3332],[-12.8638,8.3329],[-12.8659,8.3293],[-12.8683,8.3246],[-12.8688,8.3219],[-12.8689,8.3197],[-12.8685,8.3184],[-12.8676,8.3158],[-12.8658,8.3136],[-12.8649,8.313],[-12.8639,8.3129],[-12.8629,8.3124],[-12.8622,8.3094],[-12.8629,8.3082],[-12.8658,8.304],[-12.8679,8.304],[-12.8706,8.3025],[-12.8721,8.3022],[-12.8733,8.3023],[-12.8754,8.3033],[-12.8762,8.3043],[-12.8781,8.309],[-12.8786,8.3099],[-12.8825,8.3117],[-12.8841,8.3114],[-12.8846,8.3108],[-12.8846,8.309],[-12.8858,8.3026],[-12.8854,8.2994],[-12.8856,8.2962],[-12.8866,8.2946],[-12.8889,8.2923],[-12.8924,8.2895],[-12.8931,8.2882],[-12.8928,8.2865],[-12.8918,8.2854],[-12.8872,8.2853],[-12.8861,8.2837],[-12.8836,8.2816],[-12.883,8.28],[-12.8831,8.2787],[-12.8838,8.2781],[-12.8875,8.2767],[-12.8905,8.2759],[-12.8926,8.2746],[-12.8942,8.2739],[-12.8989,8.2728],[-12.9001,8.2733],[-12.9022,8.2766],[-12.9037,8.277],[-12.9053,8.2767],[-12.9087,8.2732],[-12.9119,8.2719],[-12.9131,8.2706],[-12.9132,8.2689],[-12.9124,8.2664],[-12.9123,8.2638],[-12.9138,8.2625],[-12.9198,8.2629],[-12.9252,8.261],[-12.9288,8.2598],[-12.9317,8.2598],[-12.9337,8.2615],[-12.9351,8.2634],[-12.9334,8.2641],[-12.9322,8.2657],[-12.9326,8.2668],[-12.9342,8.2668],[-12.9338,8.2675],[-12.9331,8.2686],[-12.9325,8.2686],[-12.931,8.2698],[-12.9298,8.27],[-12.9296,8.2706],[-12.9299,8.2716],[-12.929,8.2714],[-12.928,8.2724],[-12.9281,8.2731],[-12.9276,8.2738],[-12.928,8.2744],[-12.9278,8.2752],[-12.9281,8.2762],[-12.9281,8.2766],[-12.9274,8.2765],[-12.9271,8.2768],[-12.9281,8.2775],[-12.9279,8.2779],[-12.9272,8.2775],[-12.927,8.2779],[-12.9273,8.2787],[-12.9273,8.2791],[-12.9268,8.2791],[-12.9252,8.2815],[-12.9216,8.2851],[-12.9182,8.2906],[-12.916,8.2945],[-12.9138,8.2959],[-12.9137,8.3013],[-12.9159,8.3024],[-12.9161,8.3081],[-12.9171,8.3104],[-12.9183,8.3121],[-12.9184,8.314],[-12.9196,8.3148],[-12.9199,8.3186],[-12.9211,8.3218],[-12.9214,8.3258],[-12.9247,8.3279],[-12.926,8.3295],[-12.9259,8.3325],[-12.927,8.3364],[-12.9243,8.3434],[-12.9241,8.3494],[-12.9187,8.3517],[-12.9174,8.354],[-12.9169,8.3639],[-12.9202,8.3664],[-12.9209,8.3673],[-12.9292,8.3665],[-12.9364,8.3675],[-12.9418,8.3688],[-12.9482,8.3692],[-12.9547,8.37],[-12.9634,8.3712],[-12.9687,8.3708],[-12.9723,8.3711],[-12.9767,8.3699],[-12.9794,8.369],[-12.9856,8.3642],[-12.9881,8.3638],[-12.9946,8.3659],[-12.9996,8.3666],[-13.0045,8.367],[-13.0076,8.3677],[-13.009,8.3694],[-13.0126,8.3747],[-13.013,8.376],[-13.0144,8.3758],[-13.015,8.3758],[-13.0155,8.3759],[-13.0157,8.3763],[-13.0156,8.3767],[-13.0152,8.3773],[-13.0151,8.3778],[-13.0156,8.3781],[-13.0161,8.3782],[-13.0167,8.378],[-13.0175,8.3772],[-13.018,8.3771],[-13.0185,8.3776],[-13.0186,8.3782],[-13.018,8.3792],[-13.0181,8.3798],[-13.0196,8.3815],[-13.0208,8.3826],[-13.0216,8.3829],[-13.0223,8.3828],[-13.0228,8.3826],[-13.023,8.3819],[-13.0231,8.3805],[-13.0239,8.379],[-13.0238,8.3778],[-13.0239,8.3767],[-13.0243,8.3757],[-13.0254,8.374],[-13.0308,8.3734],[-13.0323,8.3735],[-13.0331,8.3741],[-13.034,8.3752],[-13.0346,8.3756],[-13.0355,8.3754],[-13.036,8.3744],[-13.036,8.3724],[-13.0366,8.3713],[-13.0373,8.371],[-13.0383,8.3712],[-13.0395,8.3722],[-13.0406,8.3744],[-13.0423,8.3768],[-13.0416,8.3772],[-13.0421,8.3774],[-13.0425,8.3778],[-13.0433,8.3778],[-13.0443,8.3777],[-13.0452,8.3777],[-13.0453,8.378],[-13.0457,8.3781],[-13.0464,8.3779],[-13.0472,8.3779],[-13.0495,8.3785],[-13.0525,8.3787],[-13.0543,8.3789],[-13.0604,8.3795],[-13.0646,8.3811],[-13.0655,8.3817],[-13.0669,8.3837],[-13.068,8.3858],[-13.0683,8.3895],[-13.0688,8.391],[-13.0688,8.3919],[-13.0689,8.3926],[-13.0691,8.393],[-13.0697,8.3934],[-13.0703,8.3936],[-13.0708,8.3936],[-13.071,8.3932],[-13.0714,8.393],[-13.0718,8.3932],[-13.0728,8.3933],[-13.0732,8.3936],[-13.074,8.3955],[-13.074,8.3958],[-13.0736,8.396],[-13.0737,8.3963],[-13.0745,8.3963],[-13.0748,8.3966],[-13.0753,8.3981],[-13.0754,8.3987],[-13.0753,8.3997],[-13.0751,8.4002],[-13.075,8.4012],[-13.0751,8.4023],[-13.0752,8.4029],[-13.0755,8.4034],[-13.0756,8.4038],[-13.0763,8.405],[-13.0773,8.4056],[-13.0776,8.4055],[-13.0779,8.4058],[-13.0783,8.4066],[-13.0787,8.4079],[-13.0795,8.4093],[-13.0803,8.4105],[-13.0805,8.4115],[-13.0803,8.4119],[-13.0785,8.4129],[-13.0771,8.4137],[-13.0752,8.4145],[-13.0748,8.4145],[-13.0741,8.4144],[-13.0723,8.4132],[-13.0713,8.4127],[-13.0698,8.4126],[-13.0688,8.4125],[-13.0685,8.4128],[-13.0682,8.4128],[-13.068,8.4125],[-13.0679,8.4123],[-13.0679,8.4119],[-13.0679,8.4117],[-13.0678,8.4115],[-13.0675,8.4115],[-13.0671,8.4114],[-13.0667,8.4115],[-13.0666,8.4117],[-13.0666,8.4121],[-13.0666,8.4128],[-13.0664,8.4132],[-13.0655,8.4141],[-13.0648,8.415],[-13.0643,8.4156],[-13.0638,8.4166],[-13.0633,8.4176],[-13.0629,8.4184],[-13.0624,8.4189],[-13.0621,8.4192],[-13.0616,8.4195],[-13.0618,8.42],[-13.0624,8.4207],[-13.0632,8.4199],[-13.0637,8.4195],[-13.0644,8.4192],[-13.0651,8.4187],[-13.0664,8.4176],[-13.0672,8.4172],[-13.0683,8.4171],[-13.0694,8.4173],[-13.0704,8.4177],[-13.0713,8.4182],[-13.072,8.419],[-13.073,8.4203],[-13.0731,8.4212],[-13.0745,8.4223],[-13.0754,8.4228],[-13.0759,8.4222],[-13.0777,8.421],[-13.0796,8.4203],[-13.0826,8.4192],[-13.0846,8.4189],[-13.0855,8.419],[-13.0872,8.4189],[-13.0888,8.4192],[-13.0903,8.4195],[-13.0924,8.421],[-13.0925,8.4213],[-13.0927,8.4223],[-13.0932,8.4224],[-13.0941,8.4222],[-13.0954,8.4226],[-13.0962,8.423],[-13.0985,8.4239],[-13.1001,8.4241],[-13.1016,8.4245],[-13.103,8.4245],[-13.1046,8.4254],[-13.1085,8.4279],[-13.1095,8.4288],[-13.1105,8.4294],[-13.1115,8.4299],[-13.1125,8.4301],[-13.1149,8.4307],[-13.116,8.4306],[-13.1168,8.4304],[-13.1234,8.4331],[-13.1309,8.4367],[-13.1329,8.4381],[-13.1347,8.4486],[-13.1318,8.4555],[-13.127,8.4555],[-13.1263,8.4579],[-13.1195,8.4611],[-13.1179,8.4646],[-13.1128,8.4678],[-13.1108,8.4658],[-13.108,8.4686],[-13.108,8.4752],[-13.1057,8.4832],[-13.1063,8.4857],[-13.1032,8.4872],[-13.0989,8.4863],[-13.0969,8.4851],[-13.0928,8.4849],[-13.0898,8.4876],[-13.0837,8.4867],[-13.0807,8.4911],[-13.0784,8.4959],[-13.0752,8.4979],[-13.0708,8.4987],[-13.066,8.4985],[-13.0636,8.5],[-13.0609,8.5031],[-13.0586,8.511],[-13.0566,8.5128],[-13.0556,8.5111],[-13.0544,8.5195],[-13.0525,8.5245],[-13.0509,8.527],[-13.0486,8.5278],[-13.0454,8.527],[-13.0417,8.525],[-13.0334,8.5197],[-13.0273,8.5175],[-13.0243,8.5156],[-13.0224,8.5161],[-13.0235,8.5189],[-13.0285,8.5235],[-13.0333,8.5262],[-13.0383,8.5315],[-13.0418,8.5335],[-13.0415,8.5357],[-13.0391,8.5389],[-13.0354,8.5392],[-13.03,8.5447],[-13.028,8.5475],[-13.0268,8.5512],[-13.0247,8.5553],[-13.027,8.556],[-13.0264,8.5586],[-13.0223,8.5647],[-13.0197,8.5652],[-13.0194,8.5607],[-13.0151,8.5576],[-13.0134,8.5554],[-13.0109,8.5549],[-13.0078,8.5553],[-13.0032,8.5533],[-12.9983,8.5547],[-12.9947,8.5584],[-12.9924,8.5598],[-12.9909,8.56],[-12.9881,8.5589],[-12.9786,8.5601],[-12.9772,8.563],[-12.9747,8.5597],[-12.9679,8.5537],[-12.9671,8.5485],[-12.9681,8.5465],[-12.9683,8.5435],[-12.9665,8.5421],[-12.9678,8.5368],[-12.9634,8.5323],[-12.9596,8.5305],[-12.9565,8.5326],[-12.9522,8.5304],[-12.9518,8.528],[-12.9443,8.5263],[-12.9447,8.5287],[-12.942,8.5304],[-12.9408,8.5303],[-12.9387,8.5325],[-12.9321,8.535],[-12.9299,8.5352],[-12.9231,8.5411],[-12.9213,8.5442],[-12.9163,8.5466],[-12.9131,8.5466],[-12.9149,8.5495],[-12.9164,8.5533],[-12.9214,8.556],[-12.9333,8.5637],[-12.9438,8.5701],[-12.9482,8.574],[-12.9556,8.5761],[-12.9669,8.5838],[-12.9696,8.593],[-12.9805,8.599],[-12.9867,8.601],[-12.9944,8.6018],[-12.9978,8.6013],[-13.0024,8.5992],[-13.005,8.5956],[-13.0067,8.5954],[-13.0153,8.596],[-13.0177,8.5957],[-13.0214,8.5977],[-13.0213,8.6024],[-13.0226,8.6027],[-13.0277,8.6],[-13.0292,8.598],[-13.0316,8.5955],[-13.0339,8.5942],[-13.0364,8.5935],[-13.0386,8.5931],[-13.0427,8.5924],[-13.0437,8.5913],[-13.0457,8.5905],[-13.0483,8.5889],[-13.0511,8.5865],[-13.0509,8.5858],[-13.0515,8.5843],[-13.0527,8.5833],[-13.0533,8.5832],[-13.0534,8.5821],[-13.0529,8.5811],[-13.0551,8.5783],[-13.0563,8.5742],[-13.0595,8.5741],[-13.0638,8.5749],[-13.0651,8.5753],[-13.0659,8.5761],[-13.066,8.5768],[-13.0658,8.5784],[-13.0664,8.5804],[-13.0671,8.5813],[-13.0688,8.5826],[-13.0719,8.5833],[-13.0757,8.5833],[-13.0793,8.584],[-13.0844,8.5836],[-13.0863,8.5847],[-13.09,8.5841],[-13.0903,8.5904],[-13.0912,8.5927],[-13.0936,8.5957],[-13.0954,8.5988],[-13.095,8.6046],[-13.0998,8.6053],[-13.105,8.6071],[-13.1092,8.6053],[-13.109,8.6033],[-13.11,8.6008],[-13.1127,8.5972],[-13.1146,8.5936],[-13.1156,8.5895],[-13.1175,8.5863],[-13.1239,8.5777],[-13.1265,8.5737],[-13.1286,8.5693],[-13.129,8.5661],[-13.1281,8.5606],[-13.1284,8.5532],[-13.1316,8.5491],[-13.132,8.5468],[-13.1341,8.5428],[-13.1351,8.5401],[-13.1352,8.535],[-13.1369,8.5294],[-13.1403,8.5254],[-13.1436,8.5234],[-13.1466,8.5217],[-13.147,8.52],[-13.147,8.5164],[-13.1486,8.5172],[-13.155,8.5207],[-13.1574,8.5238],[-13.1601,8.5263],[-13.1611,8.5261],[-13.1657,8.5275],[-13.1673,8.5281],[-13.1687,8.5286],[-13.1695,8.5303],[-13.1708,8.5319],[-13.1733,8.5376],[-13.1744,8.5378],[-13.1785,8.5426],[-13.1864,8.5529],[-13.1923,8.562],[-13.1979,8.5719],[-13.2007,8.5782],[-13.2024,8.5901],[-13.2076,8.6039],[-13.2119,8.6162],[-13.2187,8.6249],[-13.2222,8.6308],[-13.2317,8.6403],[-13.2357,8.6471],[-13.2416,8.6578],[-13.2452,8.6673],[-13.2443,8.6746],[-13.2447,8.6796],[-13.244,8.6817],[-13.2426,8.6865],[-13.243,8.6911],[-13.2414,8.6925],[-13.2412,8.6972],[-13.2405,8.6995],[-13.2408,8.705],[-13.2415,8.7104],[-13.2438,8.7202],[-13.2446,8.7269],[-13.2444,8.7348],[-13.2417,8.7416],[-13.2415,8.746],[-13.2436,8.7517],[-13.2442,8.7551],[-13.2455,8.7642],[-13.2463,8.7733],[-13.246,8.7803],[-13.2467,8.7879],[-13.2477,8.797],[-13.2491,8.8044],[-13.2488,8.8087],[-13.2482,8.8148],[-13.2461,8.8201],[-13.2433,8.8259],[-13.2398,8.828],[-13.2377,8.83],[-13.2339,8.8343],[-13.232,8.8371],[-13.2298,8.8396],[-13.227,8.8414],[-13.224,8.8421],[-13.2197,8.8447],[-13.2135,8.8499],[-13.2096,8.8553],[-13.2063,8.8587],[-13.2009,8.8594],[-13.1978,8.8579],[-13.1942,8.8549],[-13.1884,8.8537],[-13.1828,8.8526],[-13.1796,8.8483],[-13.1766,8.8496],[-13.1748,8.8502],[-13.1683,8.8486],[-13.1645,8.8456],[-13.1576,8.8432],[-13.1541,8.8433],[-13.1526,8.8469],[-13.1477,8.8545],[-13.1372,8.8504],[-13.1245,8.848],[-13.1128,8.8482],[-13.0948,8.8458],[-13.0894,8.8471],[-13.0817,8.8479],[-13.0741,8.8459],[-13.0726,8.8458],[-13.0639,8.8452],[-13.0565,8.846],[-13.0499,8.8485],[-13.024,8.8535],[-13.0157,8.8543],[-13.0087,8.8559],[-13.0018,8.8561],[-12.9971,8.8553],[-12.9937,8.8531],[-12.9858,8.8488],[-12.9787,8.846],[-12.973,8.8426],[-12.9651,8.8366],[-12.9631,8.8358],[-12.9558,8.8355],[-12.953,8.8361],[-12.9433,8.8386],[-12.9379,8.8397],[-12.9322,8.841],[-12.9278,8.8424],[-12.9221,8.8438],[-12.9136,8.8452],[-12.9127,8.8473],[-12.9133,8.8961],[-12.9306,8.9144],[-12.8998,8.9354],[-12.8968,8.9391],[-12.8956,8.9445],[-12.8868,8.9452],[-12.8816,8.9467],[-12.8772,8.9511],[-12.8668,8.9511],[-12.8646,8.9519],[-12.8624,8.9526],[-12.8624,8.9592],[-12.866,8.9674],[-12.8646,8.9725],[-12.8617,8.9755],[-12.8617,8.9843],[-12.8587,8.9895],[-12.8565,8.9946],[-12.8543,9.0027],[-12.8499,9.0168],[-12.8468,9.0154],[-12.8432,9.0138],[-12.8388,9.0145],[-12.8322,9.0197],[-12.8292,9.0249],[-12.8248,9.0278],[-12.8196,9.03],[-12.8115,9.0322],[-12.8071,9.0271],[-12.8012,9.0219],[-12.7968,9.016],[-12.795,9.0148],[-12.7894,9.0109],[-12.7806,9.0042],[-12.7806,8.9998],[-12.7769,8.9998],[-12.771,8.9946],[-12.7665,8.9932],[-12.7606,8.9939],[-12.7547,8.9865],[-12.7503,8.9843],[-12.7446,8.983],[-12.7466,8.9924],[-12.7511,8.9968],[-12.7577,8.9998],[-12.7584,9.0072],[-12.7533,9.0116],[-12.7474,9.0153],[-12.7429,9.0197],[-12.7379,9.0217],[-12.7371,9.0195],[-12.7334,9.0195],[-12.728,9.0202],[-12.7273,9.0185],[-12.7314,9.0161],[-12.7351,9.0148],[-12.7344,9.0124],[-12.729,9.0077],[-12.7267,9.0087],[-12.7236,9.0111],[-12.7169,9.0178],[-12.7152,9.0198],[-12.7152,9.0269],[-12.7122,9.0296],[-12.7085,9.0313],[-12.7055,9.0309],[-12.7031,9.0276],[-12.7048,9.0215],[-12.7024,9.0175],[-12.695,9.0138],[-12.694,9.0121],[-12.6964,9.0057],[-12.695,9.001],[-12.692,8.999],[-12.6907,9.0003],[-12.687,9.008],[-12.6809,9.0128],[-12.6772,9.0141],[-12.6725,9.0151],[-12.6688,9.0148],[-12.6664,9.0138],[-12.6661,9.0097],[-12.6637,9.0053],[-12.6597,9.0013],[-12.6577,9.002],[-12.6543,9.0047],[-12.6499,9.0091],[-12.6405,9.0158],[-12.6361,9.0181],[-12.6317,9.0165],[-12.6276,9.0129],[-12.6267,9.011],[-12.6242,9.0093],[-12.6222,9.0097],[-12.6206,9.0105],[-12.6188,9.0108],[-12.6185,9.0109],[-12.618,9.0098],[-12.6173,9.0098],[-12.6169,9.0097],[-12.6166,9.0094],[-12.6163,9.0093],[-12.616,9.009],[-12.6157,9.0086],[-12.6151,9.0084],[-12.6145,9.0084],[-12.6142,9.0083],[-12.614,9.0081],[-12.614,9.0078],[-12.6142,9.0076],[-12.6151,9.0074],[-12.6153,9.0072],[-12.6155,9.0066],[-12.6158,9.0058],[-12.6159,9.0052],[-12.616,9.0045],[-12.6161,9.004],[-12.619,8.9919],[-12.62,8.9895],[-12.6287,8.9845],[-12.6314,8.9814],[-12.6324,8.9757],[-12.6348,8.9727],[-12.6388,8.969],[-12.6415,8.9656],[-12.6493,8.9626],[-12.653,8.9565],[-12.6577,8.9559],[-12.66,8.9538],[-12.6614,8.9505],[-12.6624,8.9458],[-12.6674,8.9424],[-12.6728,8.9404],[-12.6748,8.936],[-12.6795,8.9333],[-12.6853,8.933],[-12.692,8.9333],[-12.692,8.9306],[-12.691,8.9242],[-12.7024,8.9128],[-12.7085,8.9077],[-12.7122,8.9037],[-12.7125,8.9017],[-12.7098,8.8973],[-12.7045,8.8912],[-12.7034,8.8879],[-12.7038,8.886],[-12.7042,8.882],[-12.7048,8.8778],[-12.706,8.8764],[-12.7075,8.8693],[-12.7061,8.8663],[-12.7045,8.8649],[-12.7034,8.8623],[-12.7007,8.8616],[-12.6941,8.8569],[-12.6904,8.8551],[-12.6894,8.8536],[-12.686,8.8519],[-12.6839,8.8586],[-12.6806,8.867],[-12.6758,8.8747],[-12.6718,8.8798],[-12.6691,8.8825],[-12.6681,8.8855],[-12.6641,8.8865],[-12.6634,8.8895],[-12.6617,8.8919],[-12.658,8.8919],[-12.6543,8.8933],[-12.6503,8.8939],[-12.6493,8.8926],[-12.6459,8.8926],[-12.6415,8.8879],[-12.6385,8.8852],[-12.6378,8.8832],[-12.6361,8.8828],[-12.6354,8.8801],[-12.6314,8.8784],[-12.6294,8.8761],[-12.6274,8.8754],[-12.6233,8.8754],[-12.6222,8.8747],[-12.6206,8.8747],[-12.6126,8.8757],[-12.6062,8.8778],[-12.6028,8.8805],[-12.6004,8.8832],[-12.5961,8.8845],[-12.5893,8.8885],[-12.5843,8.8895],[-12.5735,8.8895],[-12.5695,8.8889],[-12.5648,8.8852],[-12.5624,8.8845],[-12.558,8.8858],[-12.5501,8.8819],[-12.5504,8.88],[-12.5477,8.8736],[-12.5472,8.8704],[-12.5454,8.868],[-12.5423,8.8628],[-12.5435,8.8615],[-12.5455,8.8589],[-12.546,8.8545],[-12.5468,8.8519],[-12.5462,8.8499],[-12.5463,8.8458],[-12.5468,8.8426],[-12.5459,8.8407],[-12.5456,8.8397],[-12.5451,8.8364],[-12.5439,8.8326],[-12.5442,8.8289],[-12.5451,8.8242],[-12.5462,8.8201],[-12.549,8.8191],[-12.5506,8.8176],[-12.5515,8.8176],[-12.5533,8.8165],[-12.5545,8.815],[-12.5556,8.8152],[-12.5567,8.8142],[-12.5577,8.813],[-12.5592,8.8123],[-12.5596,8.8112],[-12.5605,8.8113],[-12.5613,8.8104],[-12.5612,8.8089],[-12.5626,8.8079],[-12.5628,8.807],[-12.5633,8.8066],[-12.564,8.8063],[-12.5642,8.8057],[-12.5648,8.8053],[-12.5652,8.8042],[-12.566,8.8041],[-12.5657,8.8027],[-12.5654,8.8028],[-12.5652,8.8022],[-12.5651,8.801],[-12.5642,8.7999],[-12.5635,8.7993],[-12.5635,8.7988],[-12.5629,8.7984],[-12.5621,8.7978],[-12.5613,8.7978],[-12.5613,8.7971],[-12.5611,8.7967],[-12.5611,8.7964],[-12.5617,8.7958],[-12.5615,8.7955],[-12.5617,8.7952],[-12.5621,8.7951],[-12.5623,8.7946],[-12.5621,8.7941],[-12.5625,8.7939],[-12.5633,8.7939],[-12.5635,8.7936],[-12.5633,8.7928],[-12.5643,8.7913],[-12.5652,8.7911],[-12.5654,8.7902],[-12.5651,8.7888],[-12.5655,8.7873],[-12.5663,8.7867],[-12.5662,8.7859],[-12.5655,8.785],[-12.566,8.7846],[-12.5657,8.7838],[-12.5643,8.783],[-12.5631,8.7826],[-12.5636,8.7817],[-12.5647,8.7812],[-12.5649,8.7802],[-12.564,8.7801],[-12.5635,8.7789],[-12.5641,8.7776],[-12.564,8.777],[-12.563,8.7755],[-12.5621,8.7753],[-12.5616,8.7748],[-12.5611,8.7736],[-12.5621,8.7727],[-12.5623,8.7714],[-12.5617,8.7714],[-12.5619,8.7707],[-12.5613,8.7701],[-12.5618,8.7693],[-12.5624,8.7691],[-12.563,8.7686],[-12.5639,8.767],[-12.5652,8.7662],[-12.5667,8.7667],[-12.5674,8.7661],[-12.5681,8.7667],[-12.5698,8.766],[-12.5711,8.7663],[-12.573,8.7657],[-12.5749,8.7645],[-12.5755,8.7628],[-12.5759,8.7616],[-12.5769,8.7604],[-12.577,8.7591],[-12.5757,8.7597],[-12.5722,8.7587],[-12.5684,8.7583],[-12.5634,8.7569],[-12.5588,8.7564],[-12.5537,8.7516],[-12.553,8.7501],[-12.5505,8.7467],[-12.5492,8.7436],[-12.549,8.741],[-12.5505,8.7394],[-12.5543,8.7373],[-12.5592,8.733],[-12.5613,8.7299],[-12.562,8.7266],[-12.5621,8.7255],[-12.5626,8.7231],[-12.5633,8.7212],[-12.563,8.7186],[-12.5632,8.715],[-12.5632,8.712],[-12.5617,8.7092],[-12.5608,8.707],[-12.5605,8.7056],[-12.5597,8.703],[-12.5558,8.7027],[-12.5466,8.7031],[-12.54,8.7026],[-12.5385,8.7052],[-12.5317,8.7072],[-12.5304,8.7101],[-12.5223,8.7098],[-12.5193,8.7105],[-12.5173,8.7145],[-12.5173,8.7195],[-12.5159,8.7236],[-12.5116,8.7236],[-12.5045,8.7226],[-12.5015,8.7246],[-12.5011,8.7297],[-12.5018,8.7357],[-12.4991,8.7374],[-12.4887,8.7371],[-12.4856,8.7357],[-12.4823,8.7357],[-12.4803,8.734],[-12.4742,8.7334],[-12.4628,8.7286],[-12.4604,8.729],[-12.4496,8.7327],[-12.4437,8.7361],[-12.4402,8.7391],[-12.436,8.7391],[-12.4277,8.7496],[-12.4155,8.7564],[-12.4137,8.7563],[-12.4093,8.7549],[-12.4039,8.7529],[-12.3958,8.7524],[-12.3881,8.7513],[-12.3799,8.7479],[-12.378,8.7504],[-12.3763,8.7513],[-12.3747,8.7559],[-12.3711,8.7589],[-12.3676,8.7596],[-12.3643,8.7623],[-12.3636,8.7609],[-12.3522,8.7564],[-12.3449,8.7455],[-12.3374,8.7351],[-12.3312,8.7322],[-12.3215,8.7317],[-12.3209,8.7285],[-12.3222,8.7278],[-12.3231,8.7267],[-12.3239,8.7251],[-12.3243,8.7238],[-12.3241,8.722],[-12.3237,8.721],[-12.3229,8.7201],[-12.3213,8.7189],[-12.3196,8.7181],[-12.3162,8.7175],[-12.3147,8.7167],[-12.3141,8.7159],[-12.3138,8.7148],[-12.3142,8.7135],[-12.3147,8.7126],[-12.3161,8.711],[-12.3175,8.7091],[-12.3185,8.7079],[-12.3195,8.7074],[-12.3206,8.7073],[-12.3212,8.7075],[-12.3251,8.7102],[-12.3279,8.7129],[-12.3305,8.7158],[-12.3321,8.7182],[-12.3331,8.7188],[-12.3337,8.7191],[-12.3346,8.719],[-12.3353,8.7185],[-12.3356,8.7178],[-12.3354,8.7139],[-12.3359,8.7102],[-12.3365,8.709],[-12.3376,8.7078],[-12.3398,8.7061],[-12.3427,8.7042],[-12.3455,8.7018],[-12.3485,8.6988],[-12.3498,8.6978],[-12.3535,8.6967],[-12.3569,8.6955],[-12.3636,8.6929],[-12.3653,8.6929],[-12.3663,8.6931],[-12.3704,8.6948],[-12.3726,8.6955],[-12.3747,8.6968],[-12.3762,8.6981],[-12.3775,8.6997],[-12.3779,8.7016],[-12.3778,8.703],[-12.3775,8.7042],[-12.3777,8.7061],[-12.3781,8.7062],[-12.3787,8.7064],[-12.3793,8.706],[-12.38,8.7057],[-12.3832,8.7033],[-12.3846,8.7019],[-12.3855,8.7003],[-12.3855,8.6995],[-12.3845,8.697],[-12.3841,8.6948],[-12.3841,8.6918],[-12.3854,8.6886],[-12.3869,8.6863],[-12.3889,8.684],[-12.3905,8.682],[-12.3913,8.6808],[-12.3913,8.6798],[-12.3912,8.6787],[-12.3903,8.6769],[-12.3894,8.675],[-12.3887,8.6724],[-12.3885,8.671],[-12.3887,8.6701],[-12.3892,8.6691],[-12.3897,8.6685],[-12.3907,8.6682],[-12.3917,8.6682],[-12.3933,8.6686],[-12.3972,8.6687],[-12.3986,8.6685],[-12.3998,8.6537],[-12.3812,8.645],[-12.3576,8.6397],[-12.3479,8.6302],[-12.3296,8.6344],[-12.3298,8.6245],[-12.3256,8.609],[-12.3176,8.5907],[-12.3057,8.5869],[-12.289,8.5754],[-12.2907,8.5743],[-12.2911,8.5725],[-12.2913,8.5719],[-12.2921,8.5714],[-12.293,8.5713],[-12.2935,8.5716],[-12.2938,8.5717],[-12.2944,8.5717],[-12.2949,8.5714],[-12.295,8.5708],[-12.2948,8.5704],[-12.2945,8.5694],[-12.2948,8.5687],[-12.2955,8.5675],[-12.2971,8.5612],[-12.2997,8.5573],[-12.3018,8.5555],[-12.3048,8.5557],[-12.3072,8.5537],[-12.3097,8.5529],[-12.3138,8.5502],[-12.3198,8.5471],[-12.3219,8.544],[-12.3227,8.5411],[-12.3253,8.5411],[-12.3283,8.5437],[-12.3334,8.5442],[-12.3356,8.5429],[-12.3436,8.5353],[-12.3483,8.5309],[-12.3557,8.5244],[-12.3586,8.5205],[-12.3639,8.5162],[-12.368,8.5122],[-12.3707,8.509],[-12.3743,8.5056],[-12.3809,8.5025],[-12.389,8.4993],[-12.3925,8.497],[-12.3949,8.4965],[-12.4096,8.4925],[-12.4123,8.4908],[-12.4178,8.49],[-12.4241,8.4895],[-12.4318,8.4897],[-12.4367,8.4902],[-12.4416,8.4904],[-12.4458,8.4895],[-12.4482,8.4879],[-12.4515,8.4853],[-12.4542,8.4835],[-12.4584,8.4824],[-12.462,8.4805],[-12.4637,8.4799],[-12.4652,8.4793],[-12.4744,8.4753],[-12.4772,8.4732],[-12.484,8.4701],[-12.487,8.4685],[-12.4998,8.4613],[-12.5029,8.4605],[-12.5062,8.4589],[-12.5102,8.4576],[-12.5157,8.4565],[-12.5216,8.4555],[-12.5234,8.4549],[-12.5289,8.4539],[-12.5323,8.454],[-12.5351,8.4531],[-12.5353,8.4482],[-12.5364,8.4446],[-12.5379,8.4417],[-12.5385,8.4388],[-12.5417,8.4336],[-12.5443,8.4336],[-12.5456,8.4322],[-12.5489,8.4341],[-12.5512,8.4357],[-12.5533,8.4378],[-12.5546,8.4398],[-12.5599,8.4399],[-12.5615,8.4433],[-12.5627,8.444],[-12.5654,8.445],[-12.5661,8.4487],[-12.5664,8.4527],[-12.5684,8.457],[-12.5695,8.461],[-12.5704,8.4644],[-12.5757,8.4647],[-12.5775,8.4662],[-12.5798,8.4683],[-12.5796,8.4722],[-12.5807,8.4751],[-12.5809,8.478],[-12.5822,8.4819],[-12.5861,8.4857],[-12.5893,8.4891],[-12.5913,8.4882],[-12.5932,8.4897],[-12.5955,8.4905],[-12.5984,8.4926],[-12.6016,8.4969]]]]},"properties":{"code":"PLT","name":"Port Loko District","level":"2","parent":"Plmg8ikyfrK","parentGraph":"Plmg8ikyfrK","groups":["QJuHsfZjNBf","Y1fwmuWGmNr"]}},{"type":"Feature","id":"PxAWSF7DPlh","geometry":{"type":"MultiPolygon","coordinates":[[[[-12.6016,8.4969],[-12.605,8.494],[-12.6089,8.4856],[-12.6181,8.447],[-12.6193,8.4367],[-12.6218,8.4264],[-12.628,8.4059],[-12.6315,8.3898],[-12.6325,8.38],[-12.6356,8.3722],[-12.6425,8.3699],[-12.6461,8.3671],[-12.6466,8.3675],[-12.6477,8.3673],[-12.6491,8.3684],[-12.6502,8.368],[-12.6519,8.3686],[-12.6523,8.3701],[-12.6536,8.3709],[-12.6539,8.3738],[-12.654,8.3741],[-12.6542,8.3742],[-12.6556,8.3721],[-12.6559,8.3721],[-12.6569,8.3728],[-12.6583,8.3724],[-12.6592,8.3721],[-12.6599,8.3726],[-12.6601,8.3747],[-12.6604,8.3749],[-12.6663,8.3765],[-12.668,8.3756],[-12.6694,8.3755],[-12.6697,8.3753],[-12.6697,8.3743],[-12.6706,8.3734],[-12.6709,8.3726],[-12.6705,8.3709],[-12.6708,8.3705],[-12.6731,8.3702],[-12.6733,8.3699],[-12.6732,8.3667],[-12.6734,8.3658],[-12.6748,8.3643],[-12.679,8.366],[-12.6786,8.3677],[-12.6786,8.369],[-12.6808,8.3696],[-12.6841,8.3687],[-12.685,8.368],[-12.6862,8.3678],[-12.6876,8.368],[-12.6882,8.3676],[-12.6885,8.3673],[-12.6894,8.3664],[-12.6896,8.3662],[-12.6913,8.3661],[-12.6954,8.364],[-12.6962,8.364],[-12.6996,8.3642],[-12.704,8.3637],[-12.7068,8.3642],[-12.7073,8.364],[-12.7082,8.3633],[-12.7092,8.3634],[-12.7102,8.3645],[-12.7115,8.3652],[-12.714,8.3655],[-12.7181,8.3666],[-12.7193,8.3677],[-12.7197,8.3679],[-12.7199,8.3676],[-12.7187,8.3646],[-12.7182,8.3625],[-12.7224,8.3591],[-12.7226,8.3587],[-12.7224,8.3581],[-12.7209,8.3576],[-12.7207,8.3575],[-12.7206,8.3573],[-12.7206,8.3567],[-12.7181,8.354],[-12.718,8.3537],[-12.7181,8.3535],[-12.7196,8.3523],[-12.7205,8.3514],[-12.7216,8.3508],[-12.7231,8.3507],[-12.7253,8.3491],[-12.7264,8.3493],[-12.7271,8.3491],[-12.7277,8.3487],[-12.7277,8.3479],[-12.7287,8.3477],[-12.7309,8.3473],[-12.7315,8.3475],[-12.7319,8.3495],[-12.7318,8.3498],[-12.732,8.3502],[-12.7324,8.3502],[-12.733,8.3497],[-12.7342,8.3498],[-12.7357,8.3493],[-12.7368,8.3496],[-12.739,8.3514],[-12.7407,8.3516],[-12.741,8.3512],[-12.7412,8.3495],[-12.7416,8.3491],[-12.7437,8.3493],[-12.7437,8.3497],[-12.7431,8.3503],[-12.7435,8.3513],[-12.7448,8.3515],[-12.7454,8.3535],[-12.7484,8.3548],[-12.7537,8.3519],[-12.7534,8.357],[-12.7567,8.3575],[-12.7602,8.359],[-12.7606,8.3591],[-12.7614,8.3625],[-12.7621,8.3643],[-12.7625,8.3651],[-12.7632,8.3661],[-12.7644,8.3666],[-12.765,8.3674],[-12.7654,8.3686],[-12.7657,8.3699],[-12.7654,8.3706],[-12.7648,8.3713],[-12.7648,8.372],[-12.7651,8.373],[-12.7657,8.3737],[-12.7663,8.3738],[-12.767,8.3724],[-12.7681,8.3721],[-12.7701,8.3726],[-12.7711,8.3733],[-12.7713,8.3736],[-12.7715,8.3752],[-12.772,8.3758],[-12.7758,8.3788],[-12.7763,8.379],[-12.7773,8.3792],[-12.7793,8.379],[-12.7803,8.3794],[-12.7808,8.3807],[-12.7824,8.3843],[-12.7828,8.3858],[-12.7831,8.3868],[-12.7836,8.3875],[-12.7849,8.3876],[-12.7867,8.3869],[-12.7882,8.3859],[-12.7891,8.3854],[-12.7895,8.3853],[-12.79,8.3858],[-12.7902,8.3871],[-12.7902,8.3887],[-12.7897,8.392],[-12.7899,8.393],[-12.7906,8.3931],[-12.7924,8.3919],[-12.7942,8.3912],[-12.7971,8.3912],[-12.7984,8.3903],[-12.7994,8.3894],[-12.8008,8.3884],[-12.8013,8.3883],[-12.803,8.3881],[-12.8051,8.3881],[-12.8063,8.388],[-12.8079,8.3874],[-12.8085,8.3876],[-12.8093,8.3885],[-12.81,8.3901],[-12.8104,8.3931],[-12.8107,8.3944],[-12.8111,8.395],[-12.8137,8.3964],[-12.8157,8.3968],[-12.817,8.3965],[-12.8189,8.3949],[-12.8197,8.3944],[-12.8206,8.3945],[-12.8225,8.3948],[-12.8246,8.3953],[-12.8279,8.3962],[-12.8293,8.3963],[-12.8302,8.3957],[-12.8299,8.394],[-12.8288,8.3923],[-12.8272,8.3907],[-12.8266,8.3886],[-12.8263,8.3864],[-12.8267,8.3831],[-12.8268,8.3807],[-12.8264,8.3791],[-12.8249,8.3773],[-12.8244,8.376],[-12.8246,8.3747],[-12.8254,8.3741],[-12.8298,8.3733],[-12.8326,8.3732],[-12.8342,8.3736],[-12.836,8.3737],[-12.8387,8.3729],[-12.84,8.3719],[-12.8407,8.3707],[-12.8409,8.3683],[-12.8407,8.3663],[-12.8398,8.3637],[-12.8377,8.3604],[-12.8375,8.3592],[-12.8377,8.358],[-12.8386,8.3572],[-12.8397,8.3569],[-12.8416,8.3567],[-12.8432,8.3553],[-12.8453,8.353],[-12.8464,8.3522],[-12.8478,8.3519],[-12.849,8.3518],[-12.8507,8.3523],[-12.8526,8.3527],[-12.8536,8.3524],[-12.8541,8.3517],[-12.8547,8.3505],[-12.8555,8.3495],[-12.8559,8.3486],[-12.8556,8.3473],[-12.8546,8.3458],[-12.8536,8.3447],[-12.8526,8.3438],[-12.8513,8.3429],[-12.8481,8.3419],[-12.8473,8.3409],[-12.8473,8.3394],[-12.8475,8.3375],[-12.848,8.3344],[-12.8487,8.3333],[-12.8499,8.3328],[-12.852,8.3322],[-12.854,8.3319],[-12.8588,8.3317],[-12.8607,8.332],[-12.8632,8.3332],[-12.8638,8.3329],[-12.8659,8.3293],[-12.8683,8.3246],[-12.8688,8.3219],[-12.8689,8.3197],[-12.8685,8.3184],[-12.8676,8.3158],[-12.8658,8.3136],[-12.8649,8.313],[-12.8639,8.3129],[-12.8629,8.3124],[-12.8622,8.3094],[-12.8629,8.3082],[-12.8658,8.304],[-12.8679,8.304],[-12.8706,8.3025],[-12.8721,8.3022],[-12.8733,8.3023],[-12.8754,8.3033],[-12.8762,8.3043],[-12.8781,8.309],[-12.8786,8.3099],[-12.8825,8.3117],[-12.8841,8.3114],[-12.8846,8.3108],[-12.8846,8.309],[-12.8858,8.3026],[-12.8854,8.2994],[-12.8856,8.2962],[-12.8866,8.2946],[-12.8889,8.2923],[-12.8924,8.2895],[-12.8931,8.2882],[-12.8928,8.2865],[-12.8918,8.2854],[-12.8872,8.2853],[-12.8861,8.2837],[-12.8836,8.2816],[-12.883,8.28],[-12.8831,8.2787],[-12.8838,8.2781],[-12.8875,8.2767],[-12.8905,8.2759],[-12.8926,8.2746],[-12.8942,8.2739],[-12.8989,8.2728],[-12.9001,8.2733],[-12.9022,8.2766],[-12.9037,8.277],[-12.9053,8.2767],[-12.9087,8.2732],[-12.9119,8.2719],[-12.9131,8.2706],[-12.9132,8.2689],[-12.9124,8.2664],[-12.9123,8.2638],[-12.9138,8.2625],[-12.9198,8.2629],[-12.9252,8.261],[-12.9288,8.2598],[-12.9317,8.2598],[-12.9337,8.2615],[-12.9351,8.2634],[-12.9334,8.2641],[-12.9322,8.2657],[-12.9326,8.2668],[-12.9342,8.2668],[-12.9338,8.2675],[-12.9331,8.2686],[-12.9325,8.2686],[-12.931,8.2698],[-12.9298,8.27],[-12.9296,8.2706],[-12.9299,8.2716],[-12.929,8.2714],[-12.928,8.2724],[-12.9281,8.2731],[-12.9276,8.2738],[-12.928,8.2744],[-12.9278,8.2752],[-12.9281,8.2762],[-12.9281,8.2766],[-12.9274,8.2765],[-12.9271,8.2768],[-12.9281,8.2775],[-12.9279,8.2779],[-12.9272,8.2775],[-12.927,8.2779],[-12.9273,8.2787],[-12.9273,8.2791],[-12.9268,8.2791],[-12.9252,8.2815],[-12.9216,8.2851],[-12.9182,8.2906],[-12.916,8.2945],[-12.9138,8.2959],[-12.9137,8.3013],[-12.9159,8.3024],[-12.9161,8.3081],[-12.9171,8.3104],[-12.9183,8.3121],[-12.9184,8.314],[-12.9196,8.3148],[-12.9199,8.3186],[-12.9211,8.3218],[-12.9214,8.3258],[-12.9247,8.3279],[-12.926,8.3295],[-12.9259,8.3325],[-12.927,8.3364],[-12.9243,8.3434],[-12.9241,8.3494],[-12.9187,8.3517],[-12.9174,8.354],[-12.9169,8.3639],[-12.9202,8.3664],[-12.9209,8.3673],[-12.9292,8.3665],[-12.9364,8.3675],[-12.9418,8.3688],[-12.9482,8.3692],[-12.9547,8.37],[-12.9634,8.3712],[-12.9687,8.3708],[-12.9723,8.3711],[-12.9767,8.3699],[-12.9794,8.369],[-12.9856,8.3642],[-12.9881,8.3638],[-12.9946,8.3659],[-12.9996,8.3666],[-13.0045,8.367],[-13.0076,8.3677],[-13.009,8.3694],[-13.0126,8.3747],[-13.013,8.376],[-13.0144,8.3758],[-13.015,8.3758],[-13.0155,8.3759],[-13.0157,8.3763],[-13.0156,8.3767],[-13.0152,8.3773],[-13.0151,8.3778],[-13.0156,8.3781],[-13.0161,8.3782],[-13.0167,8.378],[-13.0175,8.3772],[-13.018,8.3771],[-13.0185,8.3776],[-13.0186,8.3782],[-13.018,8.3792],[-13.0181,8.3798],[-13.0196,8.3815],[-13.0208,8.3826],[-13.0216,8.3829],[-13.0223,8.3828],[-13.0228,8.3826],[-13.023,8.3819],[-13.0231,8.3805],[-13.0239,8.379],[-13.0238,8.3778],[-13.0239,8.3767],[-13.0243,8.3757],[-13.0254,8.374],[-13.0308,8.3734],[-13.0323,8.3735],[-13.0331,8.3741],[-13.034,8.3752],[-13.0346,8.3756],[-13.0355,8.3754],[-13.036,8.3744],[-13.036,8.3724],[-13.0366,8.3713],[-13.0373,8.371],[-13.0383,8.3712],[-13.0395,8.3722],[-13.0406,8.3744],[-13.0423,8.3768],[-13.0416,8.3772],[-13.0421,8.3774],[-13.0425,8.3778],[-13.0433,8.3778],[-13.0443,8.3777],[-13.0452,8.3777],[-13.0453,8.378],[-13.0457,8.3781],[-13.0464,8.3779],[-13.0472,8.3779],[-13.0495,8.3785],[-13.0525,8.3787],[-13.0543,8.3789],[-13.0604,8.3795],[-13.0646,8.3811],[-13.0655,8.3817],[-13.0669,8.3837],[-13.068,8.3858],[-13.0683,8.3895],[-13.0688,8.391],[-13.0688,8.3919],[-13.0689,8.3926],[-13.0691,8.393],[-13.0697,8.3934],[-13.0703,8.3936],[-13.0708,8.3936],[-13.071,8.3932],[-13.0714,8.393],[-13.0718,8.3932],[-13.0728,8.3933],[-13.0732,8.3936],[-13.074,8.3955],[-13.074,8.3958],[-13.0736,8.396],[-13.0737,8.3963],[-13.0745,8.3963],[-13.0748,8.3966],[-13.0753,8.3981],[-13.0754,8.3987],[-13.0753,8.3997],[-13.0751,8.4002],[-13.075,8.4012],[-13.0751,8.4023],[-13.0752,8.4029],[-13.0755,8.4034],[-13.0756,8.4038],[-13.0763,8.405],[-13.0773,8.4056],[-13.0776,8.4055],[-13.0779,8.4058],[-13.0783,8.4066],[-13.0787,8.4079],[-13.0795,8.4093],[-13.0803,8.4105],[-13.0805,8.4115],[-13.0803,8.4119],[-13.0785,8.4129],[-13.0771,8.4137],[-13.0752,8.4145],[-13.0748,8.4145],[-13.0741,8.4144],[-13.0723,8.4132],[-13.0713,8.4127],[-13.0698,8.4126],[-13.0688,8.4125],[-13.0685,8.4128],[-13.0682,8.4128],[-13.068,8.4125],[-13.0679,8.4123],[-13.0679,8.4119],[-13.0679,8.4117],[-13.0678,8.4115],[-13.0675,8.4115],[-13.0671,8.4114],[-13.0667,8.4115],[-13.0666,8.4117],[-13.0666,8.4121],[-13.0666,8.4128],[-13.0664,8.4132],[-13.0655,8.4141],[-13.0648,8.415],[-13.0643,8.4156],[-13.0638,8.4166],[-13.0633,8.4176],[-13.0629,8.4184],[-13.0624,8.4189],[-13.0621,8.4192],[-13.0616,8.4195],[-13.0618,8.42],[-13.0624,8.4207],[-13.0632,8.4199],[-13.0637,8.4195],[-13.0644,8.4192],[-13.0651,8.4187],[-13.0664,8.4176],[-13.0672,8.4172],[-13.0683,8.4171],[-13.0694,8.4173],[-13.0704,8.4177],[-13.0713,8.4182],[-13.072,8.419],[-13.073,8.4203],[-13.0731,8.4212],[-13.0745,8.4223],[-13.0754,8.4228],[-13.0759,8.4222],[-13.0777,8.421],[-13.0796,8.4203],[-13.0826,8.4192],[-13.0846,8.4189],[-13.0855,8.419],[-13.0872,8.4189],[-13.0888,8.4192],[-13.0903,8.4195],[-13.0924,8.421],[-13.0925,8.4213],[-13.0927,8.4223],[-13.0932,8.4224],[-13.0941,8.4222],[-13.0954,8.4226],[-13.0962,8.423],[-13.0985,8.4239],[-13.1001,8.4241],[-13.1016,8.4245],[-13.103,8.4245],[-13.1046,8.4254],[-13.1085,8.4279],[-13.1095,8.4288],[-13.1105,8.4294],[-13.1115,8.4299],[-13.1125,8.4301],[-13.1149,8.4307],[-13.116,8.4306],[-13.1168,8.4304],[-13.1234,8.4331],[-13.1309,8.4367],[-13.1329,8.4381],[-13.1347,8.4486],[-13.1318,8.4555],[-13.127,8.4555],[-13.1263,8.4579],[-13.1195,8.4611],[-13.1179,8.4646],[-13.1128,8.4678],[-13.1108,8.4658],[-13.108,8.4686],[-13.108,8.4752],[-13.1057,8.4832],[-13.1063,8.4857],[-13.1032,8.4872],[-13.0989,8.4863],[-13.0969,8.4851],[-13.0928,8.4849],[-13.0898,8.4876],[-13.0837,8.4867],[-13.0807,8.4911],[-13.0784,8.4959],[-13.0752,8.4979],[-13.0708,8.4987],[-13.066,8.4985],[-13.0636,8.5],[-13.0609,8.5031],[-13.0586,8.511],[-13.0566,8.5128],[-13.0556,8.5111],[-13.0544,8.5195],[-13.0525,8.5245],[-13.0509,8.527],[-13.0486,8.5278],[-13.0454,8.527],[-13.0417,8.525],[-13.0334,8.5197],[-13.0273,8.5175],[-13.0243,8.5156],[-13.0224,8.5161],[-13.0235,8.5189],[-13.0285,8.5235],[-13.0333,8.5262],[-13.0383,8.5315],[-13.0418,8.5335],[-13.0415,8.5357],[-13.0391,8.5389],[-13.0354,8.5392],[-13.03,8.5447],[-13.028,8.5475],[-13.0268,8.5512],[-13.0247,8.5553],[-13.027,8.556],[-13.0264,8.5586],[-13.0223,8.5647],[-13.0197,8.5652],[-13.0194,8.5607],[-13.0151,8.5576],[-13.0134,8.5554],[-13.0109,8.5549],[-13.0078,8.5553],[-13.0032,8.5533],[-12.9983,8.5547],[-12.9947,8.5584],[-12.9924,8.5598],[-12.9909,8.56],[-12.9881,8.5589],[-12.9786,8.5601],[-12.9772,8.563],[-12.9747,8.5597],[-12.9679,8.5537],[-12.9671,8.5485],[-12.9681,8.5465],[-12.9683,8.5435],[-12.9665,8.5421],[-12.9678,8.5368],[-12.9634,8.5323],[-12.9596,8.5305],[-12.9565,8.5326],[-12.9522,8.5304],[-12.9518,8.528],[-12.9443,8.5263],[-12.9447,8.5287],[-12.942,8.5304],[-12.9408,8.5303],[-12.9387,8.5325],[-12.9321,8.535],[-12.9299,8.5352],[-12.9231,8.5411],[-12.9213,8.5442],[-12.9163,8.5466],[-12.9131,8.5466],[-12.9149,8.5495],[-12.9164,8.5533],[-12.9214,8.556],[-12.9333,8.5637],[-12.9438,8.5701],[-12.9482,8.574],[-12.9556,8.5761],[-12.9669,8.5838],[-12.9696,8.593],[-12.9805,8.599],[-12.9867,8.601],[-12.9944,8.6018],[-12.9978,8.6013],[-13.0024,8.5992],[-13.005,8.5956],[-13.0067,8.5954],[-13.0153,8.596],[-13.0177,8.5957],[-13.0214,8.5977],[-13.0213,8.6024],[-13.0226,8.6027],[-13.0277,8.6],[-13.0292,8.598],[-13.0316,8.5955],[-13.0339,8.5942],[-13.0364,8.5935],[-13.0386,8.5931],[-13.0427,8.5924],[-13.0437,8.5913],[-13.0457,8.5905],[-13.0483,8.5889],[-13.0511,8.5865],[-13.0509,8.5858],[-13.0515,8.5843],[-13.0527,8.5833],[-13.0533,8.5832],[-13.0534,8.5821],[-13.0529,8.5811],[-13.0551,8.5783],[-13.0563,8.5742],[-13.0595,8.5741],[-13.0638,8.5749],[-13.0651,8.5753],[-13.0659,8.5761],[-13.066,8.5768],[-13.0658,8.5784],[-13.0664,8.5804],[-13.0671,8.5813],[-13.0688,8.5826],[-13.0719,8.5833],[-13.0757,8.5833],[-13.0793,8.584],[-13.0844,8.5836],[-13.0863,8.5847],[-13.09,8.5841],[-13.0903,8.5904],[-13.0912,8.5927],[-13.0936,8.5957],[-13.0954,8.5988],[-13.095,8.6046],[-13.0998,8.6053],[-13.105,8.6071],[-13.1092,8.6053],[-13.109,8.6033],[-13.11,8.6008],[-13.1127,8.5972],[-13.1146,8.5936],[-13.1156,8.5895],[-13.1175,8.5863],[-13.1239,8.5777],[-13.1265,8.5737],[-13.1286,8.5693],[-13.129,8.5661],[-13.1281,8.5606],[-13.1284,8.5532],[-13.1316,8.5491],[-13.132,8.5468],[-13.1341,8.5428],[-13.1351,8.5401],[-13.1352,8.535],[-13.1369,8.5294],[-13.1403,8.5254],[-13.1436,8.5234],[-13.1466,8.5217],[-13.147,8.52],[-13.147,8.5164],[-13.1486,8.5172],[-13.155,8.5207],[-13.1574,8.5238],[-13.1601,8.5263],[-13.1611,8.5261],[-13.1657,8.5275],[-13.1673,8.5281],[-13.1687,8.5286],[-13.1695,8.5303],[-13.1708,8.5319],[-13.1733,8.5376],[-13.1744,8.5378],[-13.1785,8.5426],[-13.1864,8.5529],[-13.1923,8.562],[-13.1979,8.5719],[-13.2007,8.5782],[-13.2024,8.5901],[-13.2076,8.6039],[-13.2119,8.6162],[-13.2187,8.6249],[-13.2222,8.6308],[-13.2317,8.6403],[-13.2357,8.6471],[-13.2416,8.6578],[-13.2452,8.6673],[-13.2443,8.6746],[-13.2447,8.6796],[-13.244,8.6817],[-13.2426,8.6865],[-13.243,8.6911],[-13.2414,8.6925],[-13.2412,8.6972],[-13.2405,8.6995],[-13.2408,8.705],[-13.2415,8.7104],[-13.2438,8.7202],[-13.2446,8.7269],[-13.2444,8.7348],[-13.2417,8.7416],[-13.2415,8.746],[-13.2436,8.7517],[-13.2442,8.7551],[-13.2455,8.7642],[-13.2463,8.7733],[-13.246,8.7803],[-13.2467,8.7879],[-13.2477,8.797],[-13.2491,8.8044],[-13.2488,8.8087],[-13.2482,8.8148],[-13.2461,8.8201],[-13.2433,8.8259],[-13.2398,8.828],[-13.2377,8.83],[-13.2339,8.8343],[-13.232,8.8371],[-13.2298,8.8396],[-13.227,8.8414],[-13.224,8.8421],[-13.2197,8.8447],[-13.2135,8.8499],[-13.2096,8.8553],[-13.2063,8.8587],[-13.2009,8.8594],[-13.1978,8.8579],[-13.1942,8.8549],[-13.1884,8.8537],[-13.1828,8.8526],[-13.1796,8.8483],[-13.1766,8.8496],[-13.1748,8.8502],[-13.1683,8.8486],[-13.1645,8.8456],[-13.1576,8.8432],[-13.1541,8.8433],[-13.1526,8.8469],[-13.1477,8.8545],[-13.1372,8.8504],[-13.1245,8.848],[-13.1128,8.8482],[-13.0948,8.8458],[-13.0894,8.8471],[-13.0817,8.8479],[-13.0741,8.8459],[-13.0726,8.8458],[-13.0639,8.8452],[-13.0565,8.846],[-13.0499,8.8485],[-13.024,8.8535],[-13.0157,8.8543],[-13.0087,8.8559],[-13.0018,8.8561],[-12.9971,8.8553],[-12.9937,8.8531],[-12.9858,8.8488],[-12.9787,8.846],[-12.973,8.8426],[-12.9651,8.8366],[-12.9631,8.8358],[-12.9558,8.8355],[-12.953,8.8361],[-12.9433,8.8386],[-12.9379,8.8397],[-12.9322,8.841],[-12.9278,8.8424],[-12.9221,8.8438],[-12.9136,8.8452],[-12.9127,8.8473],[-12.9133,8.8961],[-12.9306,8.9144],[-12.8998,8.9354],[-12.8968,8.9391],[-12.8956,8.9445],[-12.8868,8.9452],[-12.8816,8.9467],[-12.8772,8.9511],[-12.8668,8.9511],[-12.8646,8.9519],[-12.8624,8.9526],[-12.8624,8.9592],[-12.866,8.9674],[-12.8646,8.9725],[-12.8617,8.9755],[-12.8617,8.9843],[-12.8587,8.9895],[-12.8565,8.9946],[-12.8543,9.0027],[-12.8499,9.0168],[-12.8468,9.0154],[-12.8432,9.0138],[-12.8388,9.0145],[-12.8322,9.0197],[-12.8292,9.0249],[-12.8248,9.0278],[-12.8196,9.03],[-12.8115,9.0322],[-12.8071,9.0271],[-12.8012,9.0219],[-12.7968,9.016],[-12.795,9.0148],[-12.7894,9.0109],[-12.7806,9.0042],[-12.7806,8.9998],[-12.7769,8.9998],[-12.771,8.9946],[-12.7665,8.9932],[-12.7606,8.9939],[-12.7547,8.9865],[-12.7503,8.9843],[-12.7446,8.983],[-12.7466,8.9924],[-12.7511,8.9968],[-12.7577,8.9998],[-12.7584,9.0072],[-12.7533,9.0116],[-12.7474,9.0153],[-12.7429,9.0197],[-12.7379,9.0217],[-12.7371,9.0195],[-12.7334,9.0195],[-12.728,9.0202],[-12.7273,9.0185],[-12.7314,9.0161],[-12.7351,9.0148],[-12.7344,9.0124],[-12.729,9.0077],[-12.7267,9.0087],[-12.7236,9.0111],[-12.7169,9.0178],[-12.7152,9.0198],[-12.7152,9.0269],[-12.7122,9.0296],[-12.7085,9.0313],[-12.7055,9.0309],[-12.7031,9.0276],[-12.7048,9.0215],[-12.7024,9.0175],[-12.695,9.0138],[-12.694,9.0121],[-12.6964,9.0057],[-12.695,9.001],[-12.692,8.999],[-12.6907,9.0003],[-12.687,9.008],[-12.6809,9.0128],[-12.6772,9.0141],[-12.6725,9.0151],[-12.6688,9.0148],[-12.6664,9.0138],[-12.6661,9.0097],[-12.6637,9.0053],[-12.6597,9.0013],[-12.6577,9.002],[-12.6543,9.0047],[-12.6499,9.0091],[-12.6405,9.0158],[-12.6361,9.0181],[-12.6317,9.0165],[-12.6276,9.0129],[-12.6267,9.011],[-12.6242,9.0093],[-12.6222,9.0097],[-12.6206,9.0105],[-12.6188,9.0108],[-12.6185,9.0109],[-12.618,9.0098],[-12.6173,9.0098],[-12.6169,9.0097],[-12.6166,9.0094],[-12.6163,9.0093],[-12.616,9.009],[-12.6157,9.0086],[-12.6151,9.0084],[-12.6145,9.0084],[-12.6142,9.0083],[-12.614,9.0081],[-12.614,9.0078],[-12.6142,9.0076],[-12.6151,9.0074],[-12.6153,9.0072],[-12.6155,9.0066],[-12.6158,9.0058],[-12.6159,9.0052],[-12.616,9.0045],[-12.6161,9.004],[-12.619,8.9919],[-12.62,8.9895],[-12.6287,8.9845],[-12.6314,8.9814],[-12.6324,8.9757],[-12.6348,8.9727],[-12.6388,8.969],[-12.6415,8.9656],[-12.6493,8.9626],[-12.653,8.9565],[-12.6577,8.9559],[-12.66,8.9538],[-12.6614,8.9505],[-12.6624,8.9458],[-12.6674,8.9424],[-12.6728,8.9404],[-12.6748,8.936],[-12.6795,8.9333],[-12.6853,8.933],[-12.692,8.9333],[-12.692,8.9306],[-12.691,8.9242],[-12.7024,8.9128],[-12.7085,8.9077],[-12.7122,8.9037],[-12.7125,8.9017],[-12.7098,8.8973],[-12.7045,8.8912],[-12.7034,8.8879],[-12.7038,8.886],[-12.7042,8.882],[-12.7048,8.8778],[-12.706,8.8764],[-12.7075,8.8693],[-12.7061,8.8663],[-12.7045,8.8649],[-12.7034,8.8623],[-12.7007,8.8616],[-12.6941,8.8569],[-12.6904,8.8551],[-12.6894,8.8536],[-12.686,8.8519],[-12.6839,8.8586],[-12.6806,8.867],[-12.6758,8.8747],[-12.6718,8.8798],[-12.6691,8.8825],[-12.6681,8.8855],[-12.6641,8.8865],[-12.6634,8.8895],[-12.6617,8.8919],[-12.658,8.8919],[-12.6543,8.8933],[-12.6503,8.8939],[-12.6493,8.8926],[-12.6459,8.8926],[-12.6415,8.8879],[-12.6385,8.8852],[-12.6378,8.8832],[-12.6361,8.8828],[-12.6354,8.8801],[-12.6314,8.8784],[-12.6294,8.8761],[-12.6274,8.8754],[-12.6233,8.8754],[-12.6222,8.8747],[-12.6206,8.8747],[-12.6126,8.8757],[-12.6062,8.8778],[-12.6028,8.8805],[-12.6004,8.8832],[-12.5961,8.8845],[-12.5893,8.8885],[-12.5843,8.8895],[-12.5735,8.8895],[-12.5695,8.8889],[-12.5648,8.8852],[-12.5624,8.8845],[-12.558,8.8858],[-12.5501,8.8819],[-12.5504,8.88],[-12.5477,8.8736],[-12.5472,8.8704],[-12.5454,8.868],[-12.5423,8.8628],[-12.5435,8.8615],[-12.5455,8.8589],[-12.546,8.8545],[-12.5468,8.8519],[-12.5462,8.8499],[-12.5463,8.8458],[-12.5468,8.8426],[-12.5459,8.8407],[-12.5456,8.8397],[-12.5451,8.8364],[-12.5439,8.8326],[-12.5442,8.8289],[-12.5451,8.8242],[-12.5462,8.8201],[-12.549,8.8191],[-12.5506,8.8176],[-12.5515,8.8176],[-12.5533,8.8165],[-12.5545,8.815],[-12.5556,8.8152],[-12.5567,8.8142],[-12.5577,8.813],[-12.5592,8.8123],[-12.5596,8.8112],[-12.5605,8.8113],[-12.5613,8.8104],[-12.5612,8.8089],[-12.5626,8.8079],[-12.5628,8.807],[-12.5633,8.8066],[-12.564,8.8063],[-12.5642,8.8057],[-12.5648,8.8053],[-12.5652,8.8042],[-12.566,8.8041],[-12.5657,8.8027],[-12.5654,8.8028],[-12.5652,8.8022],[-12.5651,8.801],[-12.5642,8.7999],[-12.5635,8.7993],[-12.5635,8.7988],[-12.5629,8.7984],[-12.5621,8.7978],[-12.5613,8.7978],[-12.5613,8.7971],[-12.5611,8.7967],[-12.5611,8.7964],[-12.5617,8.7958],[-12.5615,8.7955],[-12.5617,8.7952],[-12.5621,8.7951],[-12.5623,8.7946],[-12.5621,8.7941],[-12.5625,8.7939],[-12.5633,8.7939],[-12.5635,8.7936],[-12.5633,8.7928],[-12.5643,8.7913],[-12.5652,8.7911],[-12.5654,8.7902],[-12.5651,8.7888],[-12.5655,8.7873],[-12.5663,8.7867],[-12.5662,8.7859],[-12.5655,8.785],[-12.566,8.7846],[-12.5657,8.7838],[-12.5643,8.783],[-12.5631,8.7826],[-12.5636,8.7817],[-12.5647,8.7812],[-12.5649,8.7802],[-12.564,8.7801],[-12.5635,8.7789],[-12.5641,8.7776],[-12.564,8.777],[-12.563,8.7755],[-12.5621,8.7753],[-12.5616,8.7748],[-12.5611,8.7736],[-12.5621,8.7727],[-12.5623,8.7714],[-12.5617,8.7714],[-12.5619,8.7707],[-12.5613,8.7701],[-12.5618,8.7693],[-12.5624,8.7691],[-12.563,8.7686],[-12.5639,8.767],[-12.5652,8.7662],[-12.5667,8.7667],[-12.5674,8.7661],[-12.5681,8.7667],[-12.5698,8.766],[-12.5711,8.7663],[-12.573,8.7657],[-12.5749,8.7645],[-12.5755,8.7628],[-12.5759,8.7616],[-12.5769,8.7604],[-12.577,8.7591],[-12.5757,8.7597],[-12.5722,8.7587],[-12.5684,8.7583],[-12.5634,8.7569],[-12.5588,8.7564],[-12.5537,8.7516],[-12.553,8.7501],[-12.5505,8.7467],[-12.5492,8.7436],[-12.549,8.741],[-12.5505,8.7394],[-12.5543,8.7373],[-12.5592,8.733],[-12.5613,8.7299],[-12.562,8.7266],[-12.5621,8.7255],[-12.5626,8.7231],[-12.5633,8.7212],[-12.563,8.7186],[-12.5632,8.715],[-12.5632,8.712],[-12.5617,8.7092],[-12.5608,8.707],[-12.5605,8.7056],[-12.5597,8.703],[-12.5558,8.7027],[-12.5466,8.7031],[-12.54,8.7026],[-12.5385,8.7052],[-12.5317,8.7072],[-12.5304,8.7101],[-12.5223,8.7098],[-12.5193,8.7105],[-12.5173,8.7145],[-12.5173,8.7195],[-12.5159,8.7236],[-12.5116,8.7236],[-12.5045,8.7226],[-12.5015,8.7246],[-12.5011,8.7297],[-12.5018,8.7357],[-12.4991,8.7374],[-12.4887,8.7371],[-12.4856,8.7357],[-12.4823,8.7357],[-12.4803,8.734],[-12.4742,8.7334],[-12.4628,8.7286],[-12.4604,8.729],[-12.4496,8.7327],[-12.4437,8.7361],[-12.4402,8.7391],[-12.436,8.7391],[-12.4277,8.7496],[-12.4155,8.7564],[-12.4137,8.7563],[-12.4093,8.7549],[-12.4039,8.7529],[-12.3958,8.7524],[-12.3881,8.7513],[-12.3799,8.7479],[-12.378,8.7504],[-12.3763,8.7513],[-12.3747,8.7559],[-12.3711,8.7589],[-12.3676,8.7596],[-12.3643,8.7623],[-12.3636,8.7609],[-12.3522,8.7564],[-12.3449,8.7455],[-12.3374,8.7351],[-12.3312,8.7322],[-12.3215,8.7317],[-12.3209,8.7285],[-12.3222,8.7278],[-12.3231,8.7267],[-12.3239,8.7251],[-12.3243,8.7238],[-12.3241,8.722],[-12.3237,8.721],[-12.3229,8.7201],[-12.3213,8.7189],[-12.3196,8.7181],[-12.3162,8.7175],[-12.3147,8.7167],[-12.3141,8.7159],[-12.3138,8.7148],[-12.3142,8.7135],[-12.3147,8.7126],[-12.3161,8.711],[-12.3175,8.7091],[-12.3185,8.7079],[-12.3195,8.7074],[-12.3206,8.7073],[-12.3212,8.7075],[-12.3251,8.7102],[-12.3279,8.7129],[-12.3305,8.7158],[-12.3321,8.7182],[-12.3331,8.7188],[-12.3337,8.7191],[-12.3346,8.719],[-12.3353,8.7185],[-12.3356,8.7178],[-12.3354,8.7139],[-12.3359,8.7102],[-12.3365,8.709],[-12.3376,8.7078],[-12.3398,8.7061],[-12.3427,8.7042],[-12.3455,8.7018],[-12.3485,8.6988],[-12.3498,8.6978],[-12.3535,8.6967],[-12.3569,8.6955],[-12.3636,8.6929],[-12.3653,8.6929],[-12.3663,8.6931],[-12.3704,8.6948],[-12.3726,8.6955],[-12.3747,8.6968],[-12.3762,8.6981],[-12.3775,8.6997],[-12.3779,8.7016],[-12.3778,8.703],[-12.3775,8.7042],[-12.3777,8.7061],[-12.3781,8.7062],[-12.3787,8.7064],[-12.3793,8.706],[-12.38,8.7057],[-12.3832,8.7033],[-12.3846,8.7019],[-12.3855,8.7003],[-12.3855,8.6995],[-12.3845,8.697],[-12.3841,8.6948],[-12.3841,8.6918],[-12.3854,8.6886],[-12.3869,8.6863],[-12.3889,8.684],[-12.3905,8.682],[-12.3913,8.6808],[-12.3913,8.6798],[-12.3912,8.6787],[-12.3903,8.6769],[-12.3894,8.675],[-12.3887,8.6724],[-12.3885,8.671],[-12.3887,8.6701],[-12.3892,8.6691],[-12.3897,8.6685],[-12.3907,8.6682],[-12.3917,8.6682],[-12.3933,8.6686],[-12.3972,8.6687],[-12.3986,8.6685],[-12.3998,8.6537],[-12.3812,8.645],[-12.3576,8.6397],[-12.3479,8.6302],[-12.3296,8.6344],[-12.3298,8.6245],[-12.3256,8.609],[-12.3176,8.5907],[-12.3057,8.5869],[-12.289,8.5754],[-12.2907,8.5743],[-12.2911,8.5725],[-12.2913,8.5719],[-12.2921,8.5714],[-12.293,8.5713],[-12.2935,8.5716],[-12.2938,8.5717],[-12.2944,8.5717],[-12.2949,8.5714],[-12.295,8.5708],[-12.2948,8.5704],[-12.2945,8.5694],[-12.2948,8.5687],[-12.2955,8.5675],[-12.2971,8.5612],[-12.2997,8.5573],[-12.3018,8.5555],[-12.3048,8.5557],[-12.3072,8.5537],[-12.3097,8.5529],[-12.3138,8.5502],[-12.3198,8.5471],[-12.3219,8.544],[-12.3227,8.5411],[-12.3253,8.5411],[-12.3283,8.5437],[-12.3334,8.5442],[-12.3356,8.5429],[-12.3436,8.5353],[-12.3483,8.5309],[-12.3557,8.5244],[-12.3586,8.5205],[-12.3639,8.5162],[-12.368,8.5122],[-12.3707,8.509],[-12.3743,8.5056],[-12.3809,8.5025],[-12.389,8.4993],[-12.3925,8.497],[-12.3949,8.4965],[-12.4096,8.4925],[-12.4123,8.4908],[-12.4178,8.49],[-12.4241,8.4895],[-12.4318,8.4897],[-12.4367,8.4902],[-12.4416,8.4904],[-12.4458,8.4895],[-12.4482,8.4879],[-12.4515,8.4853],[-12.4542,8.4835],[-12.4584,8.4824],[-12.462,8.4805],[-12.4637,8.4799],[-12.4652,8.4793],[-12.4744,8.4753],[-12.4772,8.4732],[-12.484,8.4701],[-12.487,8.4685],[-12.4998,8.4613],[-12.5029,8.4605],[-12.5062,8.4589],[-12.5102,8.4576],[-12.5157,8.4565],[-12.5216,8.4555],[-12.5234,8.4549],[-12.5289,8.4539],[-12.5323,8.454],[-12.5351,8.4531],[-12.5353,8.4482],[-12.5364,8.4446],[-12.5379,8.4417],[-12.5385,8.4388],[-12.5417,8.4336],[-12.5443,8.4336],[-12.5456,8.4322],[-12.5489,8.4341],[-12.5512,8.4357],[-12.5533,8.4378],[-12.5546,8.4398],[-12.5599,8.4399],[-12.5615,8.4433],[-12.5627,8.444],[-12.5654,8.445],[-12.5661,8.4487],[-12.5664,8.4527],[-12.5684,8.457],[-12.5695,8.461],[-12.5704,8.4644],[-12.5757,8.4647],[-12.5775,8.4662],[-12.5798,8.4683],[-12.5796,8.4722],[-12.5807,8.4751],[-12.5809,8.478],[-12.5822,8.4819],[-12.5861,8.4857],[-12.5893,8.4891],[-12.5913,8.4882],[-12.5932,8.4897],[-12.5955,8.4905],[-12.5984,8.4926],[-12.6016,8.4969]],[[-12.7888,8.7585],[-12.788,8.7593],[-12.7865,8.7583],[-12.7857,8.7567],[-12.7853,8.7564],[-12.785,8.7564],[-12.7847,8.7566],[-12.7843,8.7572],[-12.7838,8.7568],[-12.7831,8.7549],[-12.7829,8.7548],[-12.7826,8.7549],[-12.7813,8.7558],[-12.7802,8.7563],[-12.7797,8.7564],[-12.779,8.756],[-12.775,8.7566],[-12.7738,8.7578],[-12.774,8.7585],[-12.775,8.7596],[-12.7745,8.7614],[-12.7737,8.7631],[-12.7724,8.763],[-12.7726,8.7671],[-12.773,8.769],[-12.7736,8.7705],[-12.778,8.7769],[-12.7785,8.7784],[-12.7786,8.7799],[-12.7782,8.7812],[-12.7818,8.7848],[-12.789,8.7839],[-12.7938,8.7818],[-12.7978,8.7795],[-12.8001,8.7737],[-12.7968,8.7685],[-12.7946,8.7651],[-12.7926,8.763],[-12.7916,8.7606],[-12.7905,8.7596],[-12.79,8.7588],[-12.7888,8.7585]]],[[[-13.1203,8.539],[-13.1216,8.5378],[-13.1235,8.5385],[-13.1249,8.5431],[-13.1251,8.5457],[-13.121,8.5469],[-13.1151,8.5503],[-13.1156,8.5466],[-13.1176,8.5429],[-13.1203,8.539]]],[[[-12.9377,8.5568],[-12.9345,8.5558],[-12.9304,8.5536],[-12.9239,8.5491],[-12.9232,8.5471],[-12.925,8.5443],[-12.9285,8.5426],[-12.9294,8.5402],[-12.9321,8.5374],[-12.9407,8.5332],[-12.9455,8.5314],[-12.9499,8.5327],[-12.9539,8.5355],[-12.9594,8.5406],[-12.9608,8.5439],[-12.9619,8.5514],[-12.9599,8.5547],[-12.9545,8.5562],[-12.9478,8.556],[-12.9425,8.5568],[-12.9377,8.5568]]],[[[-12.9481,8.5701],[-12.9492,8.5695],[-12.9504,8.5695],[-12.9534,8.5707],[-12.9563,8.5708],[-12.9564,8.5713],[-12.9558,8.5734],[-12.9536,8.5738],[-12.9498,8.5729],[-12.9487,8.5724],[-12.9481,8.5701]]],[[[-13.1064,8.5603],[-13.1076,8.5586],[-13.1093,8.5602],[-13.1121,8.5606],[-13.1132,8.5623],[-13.1137,8.5665],[-13.1102,8.5688],[-13.1068,8.5683],[-13.1055,8.5659],[-13.1051,8.562],[-13.1064,8.5603]]],[[[-12.965,8.5743],[-12.9632,8.5725],[-12.9605,8.5692],[-12.9603,8.5686],[-12.9612,8.5678],[-12.963,8.5677],[-12.9656,8.5682],[-12.9707,8.5702],[-12.9735,8.5703],[-12.9775,8.5682],[-12.982,8.5679],[-12.9826,8.5688],[-12.983,8.5699],[-12.9839,8.5707],[-12.9881,8.5724],[-12.9904,8.5732],[-12.9923,8.5729],[-12.9936,8.5726],[-12.9948,8.5732],[-12.9964,8.5731],[-12.999,8.5722],[-12.9997,8.5715],[-13.0049,8.5717],[-13.0068,8.5723],[-13.0083,8.5713],[-13.0092,8.5711],[-13.0097,8.5718],[-13.0089,8.5728],[-13.0038,8.5731],[-13.002,8.5738],[-13.0012,8.5737],[-12.9996,8.574],[-12.9964,8.5754],[-12.9935,8.5765],[-12.9895,8.5777],[-12.9873,8.5789],[-12.9816,8.584],[-12.9793,8.5839],[-12.9771,8.5824],[-12.9721,8.5797],[-12.969,8.5779],[-12.9657,8.5754],[-12.965,8.5743]]],[[[-13.0673,8.5729],[-13.068,8.5726],[-13.0711,8.573],[-13.074,8.5777],[-13.0711,8.58],[-13.0702,8.5798],[-13.0672,8.5752],[-13.0673,8.5729]]],[[[-12.9989,8.5806],[-12.9988,8.5798],[-12.9998,8.5787],[-13.0005,8.5776],[-13.0041,8.5759],[-13.0063,8.575],[-13.0081,8.5749],[-13.0102,8.576],[-13.0144,8.5789],[-13.0143,8.5797],[-13.0125,8.5801],[-13.0085,8.5801],[-13.0034,8.5807],[-13.0023,8.5814],[-12.9989,8.5806]]],[[[-13.1045,8.5874],[-13.1026,8.587],[-13.1042,8.5815],[-13.1097,8.5723],[-13.1121,8.5703],[-13.1159,8.5684],[-13.1168,8.5673],[-13.1216,8.5662],[-13.1244,8.5651],[-13.1249,8.5686],[-13.1202,8.5761],[-13.116,8.5846],[-13.1153,8.587],[-13.1125,8.5908],[-13.1122,8.5934],[-13.11,8.5943],[-13.1075,8.5943],[-13.1069,8.5901],[-13.1045,8.5874]]]]},"properties":{"code":"PLT_PLTDC","name":"Port Loko District Council","level":"3","parent":"RjOUVJDV1Dl","parentGraph":"Plmg8ikyfrK/RjOUVJDV1Dl","groups":["aYjKY8GaXYQ","QJuHsfZjNBf"]}},{"type":"Feature","id":"ywV0ByvR7xW","geometry":{"type":"Polygon","coordinates":[[[-11.3114,7.2051],[-11.3093,7.2026],[-11.3101,7.1976],[-11.3123,7.1955],[-11.3137,7.193],[-11.3117,7.1888],[-11.3121,7.1873],[-11.3123,7.1852],[-11.3134,7.1843],[-11.3158,7.1804],[-11.3196,7.1781],[-11.3237,7.1736],[-11.3206,7.1698],[-11.3256,7.1672],[-11.3293,7.1643],[-11.3353,7.1586],[-11.3359,7.157],[-11.3322,7.1544],[-11.3297,7.1509],[-11.3288,7.1479],[-11.3332,7.1449],[-11.3373,7.1439],[-11.3445,7.1482],[-11.3469,7.1478],[-11.3526,7.1416],[-11.3529,7.1394],[-11.351,7.1367],[-11.349,7.1322],[-11.3452,7.1299],[-11.3426,7.1269],[-11.339,7.1178],[-11.3338,7.1148],[-11.333,7.113],[-11.3338,7.1111],[-11.3357,7.1103],[-11.337,7.1064],[-11.3346,7.1014],[-11.3341,7.0985],[-11.3333,7.0951],[-11.3354,7.0926],[-11.3343,7.0899],[-11.3331,7.0806],[-11.3335,7.0779],[-11.3364,7.0772],[-11.3397,7.0778],[-11.3452,7.0802],[-11.3479,7.0805],[-11.351,7.0797],[-11.3613,7.0808],[-11.3652,7.0817],[-11.3676,7.0799],[-11.3717,7.0769],[-11.3736,7.0727],[-11.3754,7.0689],[-11.3763,7.0659],[-11.3758,7.0632],[-11.373,7.0628],[-11.3662,7.0553],[-11.3641,7.0524],[-11.3641,7.0495],[-11.3671,7.0482],[-11.3684,7.046],[-11.3696,7.0403],[-11.3705,7.0316],[-11.3698,7.0233],[-11.3703,7.021],[-11.3726,7.0192],[-11.3746,7.0163],[-11.3776,7.0108],[-11.3801,7.0096],[-11.3836,7.0108],[-11.3866,7.0105],[-11.3892,7.0088],[-11.3932,7.0066],[-11.3958,7.0024],[-11.3964,7.0015],[-11.3965,6.9963],[-11.3979,6.9886],[-11.3993,6.9872],[-11.4014,6.9872],[-11.4049,6.9895],[-11.4087,6.9904],[-11.4121,6.9895],[-11.4146,6.9879],[-11.4162,6.9851],[-11.4165,6.9821],[-11.4149,6.9748],[-11.4152,6.9718],[-11.4207,6.9703],[-11.424,6.97],[-11.429,6.972],[-11.431,6.9717],[-11.432,6.971],[-11.4328,6.9688],[-11.4315,6.9657],[-11.4299,6.9635],[-11.4247,6.9574],[-11.4207,6.9505],[-11.4188,6.946],[-11.4186,6.9457],[-11.4183,6.9452],[-11.418,6.9439],[-11.4178,6.9424],[-11.4176,6.9421],[-11.4174,6.9417],[-11.4175,6.9408],[-11.4175,6.9393],[-11.4177,6.939],[-11.4181,6.9385],[-11.4181,6.9382],[-11.4184,6.938],[-11.419,6.938],[-11.4197,6.938],[-11.4201,6.9381],[-11.4207,6.9382],[-11.4211,6.9381],[-11.4222,6.9381],[-11.4226,6.9384],[-11.4229,6.9388],[-11.4233,6.9394],[-11.4236,6.9397],[-11.4241,6.9402],[-11.4254,6.9407],[-11.4256,6.9409],[-11.4269,6.9414],[-11.4286,6.9416],[-11.4299,6.9414],[-11.4329,6.9409],[-11.4336,6.9411],[-11.4345,6.9416],[-11.4363,6.9418],[-11.4369,6.9416],[-11.4374,6.9416],[-11.4387,6.9411],[-11.4395,6.9406],[-11.4399,6.9402],[-11.4401,6.9401],[-11.4407,6.9397],[-11.4421,6.939],[-11.4426,6.9388],[-11.4441,6.9381],[-11.4451,6.9378],[-11.4469,6.9374],[-11.4478,6.9372],[-11.4485,6.9372],[-11.4491,6.9369],[-11.4494,6.9366],[-11.4503,6.9358],[-11.4514,6.9348],[-11.452,6.9343],[-11.4523,6.9339],[-11.4526,6.9336],[-11.4531,6.9331],[-11.4532,6.9329],[-11.4534,6.9324],[-11.4539,6.9317],[-11.4541,6.9312],[-11.4542,6.9306],[-11.4542,6.93],[-11.4542,6.9295],[-11.454,6.9285],[-11.454,6.928],[-11.4539,6.9274],[-11.4538,6.9272],[-11.4541,6.9272],[-11.4543,6.9268],[-11.4545,6.9262],[-11.4553,6.9256],[-11.4557,6.9254],[-11.456,6.9252],[-11.457,6.9247],[-11.4583,6.924],[-11.4586,6.9239],[-11.459,6.9237],[-11.4596,6.9235],[-11.4614,6.9234],[-11.4619,6.9237],[-11.4624,6.9239],[-11.4627,6.9241],[-11.4631,6.9243],[-11.4637,6.925],[-11.464,6.9253],[-11.4642,6.9257],[-11.4646,6.9258],[-11.4651,6.9261],[-11.4659,6.9263],[-11.4667,6.9264],[-11.4677,6.9263],[-11.4685,6.9262],[-11.4696,6.926],[-11.4702,6.9258],[-11.4712,6.9256],[-11.4722,6.9253],[-11.4732,6.9247],[-11.4743,6.9244],[-11.475,6.9242],[-11.476,6.9242],[-11.4771,6.9239],[-11.4786,6.9238],[-11.4791,6.9238],[-11.4797,6.9239],[-11.4799,6.9239],[-11.4805,6.924],[-11.481,6.924],[-11.483,6.924],[-11.4847,6.9241],[-11.4851,6.9241],[-11.4862,6.9237],[-11.4869,6.9236],[-11.4885,6.923],[-11.4911,6.922],[-11.4924,6.9216],[-11.4926,6.9216],[-11.4928,6.9217],[-11.4929,6.9218],[-11.493,6.9218],[-11.4931,6.922],[-11.4938,6.9224],[-11.4952,6.9231],[-11.4967,6.9238],[-11.4984,6.9247],[-11.4991,6.925],[-11.5007,6.9259],[-11.5009,6.9258],[-11.5024,6.9267],[-11.5033,6.9273],[-11.5036,6.9276],[-11.504,6.9281],[-11.5049,6.9288],[-11.5062,6.9293],[-11.5068,6.9284],[-11.5082,6.9288],[-11.5157,6.9324],[-11.5199,6.9346],[-11.5207,6.9351],[-11.5227,6.9364],[-11.5236,6.9371],[-11.5252,6.9384],[-11.5272,6.9403],[-11.529,6.9417],[-11.5299,6.9423],[-11.5332,6.944],[-11.5436,6.9489],[-11.5562,6.9553],[-11.5699,6.962],[-11.5828,6.9678],[-11.5878,6.9699],[-11.5905,6.971],[-11.599,6.9746],[-11.6034,6.9766],[-11.6042,6.9771],[-11.6048,6.9776],[-11.6047,6.9781],[-11.6045,6.9782],[-11.6037,6.9807],[-11.6069,6.9816],[-11.6096,6.9831],[-11.6116,6.9839],[-11.6117,6.9842],[-11.6117,6.985],[-11.612,6.9857],[-11.6129,6.9864],[-11.6146,6.9878],[-11.6153,6.9889],[-11.6164,6.9898],[-11.6204,6.9925],[-11.6205,6.9934],[-11.6203,6.9942],[-11.6202,6.9948],[-11.621,6.9957],[-11.622,6.9969],[-11.6231,6.998],[-11.6244,7.0017],[-11.6247,7.0059],[-11.6245,7.0075],[-11.6277,7.0135],[-11.6327,7.017],[-11.6371,7.0206],[-11.6446,7.0269],[-11.6491,7.0313],[-11.6544,7.0359],[-11.6602,7.0397],[-11.662,7.0407],[-11.6983,7.0619],[-11.7337,7.0829],[-11.7592,7.0971],[-11.7727,7.1039],[-11.7892,7.1127],[-11.8103,7.1232],[-11.8174,7.1267],[-11.8226,7.1295],[-11.8304,7.1334],[-11.8449,7.1401],[-11.8506,7.1423],[-11.8572,7.1456],[-11.8793,7.1562],[-11.8875,7.1602],[-11.8955,7.1637],[-11.9108,7.171],[-11.9202,7.175],[-11.9391,7.1829],[-11.9471,7.1862],[-11.9602,7.1918],[-11.9485,7.2189],[-11.9393,7.228],[-11.935,7.2288],[-11.927,7.2227],[-11.9228,7.2129],[-11.913,7.2182],[-11.9069,7.2123],[-11.8978,7.2113],[-11.8949,7.2141],[-11.8912,7.2363],[-11.8916,7.2424],[-11.889,7.25],[-11.8853,7.2552],[-11.8829,7.2652],[-11.8799,7.2807],[-11.8872,7.2843],[-11.8952,7.2894],[-11.8977,7.2917],[-11.9,7.2993],[-11.8994,7.3019],[-11.8992,7.3098],[-11.899,7.3328],[-11.9016,7.3366],[-11.9024,7.3377],[-11.8979,7.3402],[-11.8916,7.3465],[-11.8885,7.3487],[-11.8853,7.3501],[-11.8833,7.3527],[-11.885,7.3548],[-11.8891,7.3644],[-11.8851,7.3729],[-11.8803,7.3797],[-11.8781,7.3939],[-11.8804,7.3951],[-11.8835,7.3942],[-11.8844,7.399],[-11.8866,7.399],[-11.8886,7.401],[-11.8864,7.4027],[-11.8858,7.4087],[-11.881,7.4078],[-11.8832,7.4104],[-11.8849,7.4127],[-11.8847,7.4147],[-11.8807,7.4166],[-11.8803,7.4183],[-11.882,7.4195],[-11.8844,7.4195],[-11.8861,7.4213],[-11.8839,7.4232],[-11.8863,7.4272],[-11.8913,7.4304],[-11.893,7.4327],[-11.893,7.435],[-11.8943,7.4368],[-11.8996,7.4402],[-11.897,7.4454],[-11.8955,7.4518],[-11.8958,7.4581],[-11.8953,7.4618],[-11.8897,7.4659],[-11.8896,7.4678],[-11.8919,7.4717],[-11.8904,7.4765],[-11.8854,7.4808],[-11.8801,7.4808],[-11.8696,7.4832],[-11.8623,7.4873],[-11.8602,7.4929],[-11.859,7.4982],[-11.8574,7.5072],[-11.8598,7.5128],[-11.8671,7.5206],[-11.8716,7.5291],[-11.8663,7.5356],[-11.8623,7.5388],[-11.8574,7.5396],[-11.8517,7.536],[-11.8488,7.5336],[-11.846,7.5299],[-11.8419,7.5295],[-11.8375,7.5303],[-11.8334,7.5283],[-11.8285,7.5283],[-11.8237,7.5283],[-11.8216,7.5307],[-11.8241,7.5384],[-11.8285,7.5433],[-11.8346,7.5474],[-11.8411,7.5522],[-11.848,7.5612],[-11.8458,7.5648],[-11.8397,7.5738],[-11.8365,7.577],[-11.8308,7.5807],[-11.8267,7.5847],[-11.8198,7.5847],[-11.8133,7.5839],[-11.8072,7.5851],[-11.8032,7.5912],[-11.7979,7.5941],[-11.7922,7.5855],[-11.7853,7.5908],[-11.7751,7.5977],[-11.769,7.6022],[-11.7654,7.6083],[-11.7621,7.6144],[-11.7589,7.6205],[-11.7552,7.6274],[-11.7508,7.6343],[-11.7463,7.6375],[-11.7463,7.6408],[-11.7447,7.6457],[-11.7406,7.6526],[-11.7434,7.657],[-11.743,7.6631],[-11.7382,7.6648],[-11.737,7.6653],[-11.7325,7.6676],[-11.7191,7.666],[-11.7191,7.6566],[-11.7223,7.6473],[-11.7211,7.6416],[-11.7154,7.6343],[-11.7227,7.6254],[-11.7268,7.618],[-11.7296,7.6079],[-11.7369,7.5953],[-11.7418,7.5864],[-11.7402,7.5782],[-11.7329,7.5681],[-11.7256,7.5583],[-11.7232,7.5528],[-11.7158,7.5575],[-11.7158,7.5608],[-11.7105,7.5624],[-11.7105,7.5648],[-11.7093,7.5685],[-11.7024,7.5726],[-11.698,7.577],[-11.6939,7.5831],[-11.6939,7.5868],[-11.6935,7.5933],[-11.6939,7.5981],[-11.6906,7.6022],[-11.6878,7.6083],[-11.6837,7.614],[-11.6797,7.6184],[-11.6752,7.6286],[-11.6687,7.6331],[-11.6642,7.6331],[-11.659,7.6331],[-11.65,7.6331],[-11.6472,7.6347],[-11.6399,7.6351],[-11.6273,7.6351],[-11.6151,7.6371],[-11.6078,7.6319],[-11.6025,7.6262],[-11.5964,7.6254],[-11.5879,7.6258],[-11.5814,7.6278],[-11.5765,7.6351],[-11.5724,7.64],[-11.57,7.6493],[-11.5631,7.6627],[-11.5578,7.6688],[-11.5456,7.6765],[-11.5318,7.6769],[-11.5156,7.6717],[-11.5114,7.6693],[-11.5152,7.6643],[-11.5171,7.6574],[-11.5167,7.6512],[-11.5138,7.6457],[-11.5101,7.6439],[-11.505,7.6402],[-11.5013,7.6358],[-11.4971,7.6306],[-11.4926,7.6259],[-11.4885,7.6203],[-11.4891,7.6191],[-11.492,7.6122],[-11.4953,7.6056],[-11.4965,7.5979],[-11.4979,7.59],[-11.5007,7.5834],[-11.5014,7.5785],[-11.5009,7.5689],[-11.5016,7.5603],[-11.5054,7.5488],[-11.5082,7.5437],[-11.5055,7.5417],[-11.5007,7.5409],[-11.4932,7.5414],[-11.4862,7.5418],[-11.4804,7.5425],[-11.4748,7.5428],[-11.4699,7.5418],[-11.4628,7.5418],[-11.4572,7.5418],[-11.4521,7.5425],[-11.4495,7.5442],[-11.446,7.5477],[-11.4421,7.5542],[-11.4367,7.5596],[-11.4303,7.5703],[-11.4256,7.5794],[-11.4218,7.5881],[-11.416,7.5979],[-11.4106,7.604],[-11.4048,7.6122],[-11.405,7.6164],[-11.4036,7.6203],[-11.4013,7.6243],[-11.3987,7.628],[-11.391,7.6367],[-11.3821,7.6456],[-11.3733,7.6554],[-11.3707,7.6542],[-11.3693,7.6509],[-11.3683,7.6432],[-11.3688,7.6369],[-11.3675,7.6311],[-11.3661,7.6213],[-11.3645,7.6122],[-11.3615,7.6068],[-11.3577,7.6023],[-11.353,7.5974],[-11.3486,7.5958],[-11.3428,7.5967],[-11.3323,7.5991],[-11.3245,7.6],[-11.3152,7.5984],[-11.3105,7.5965],[-11.3168,7.5911],[-11.3215,7.5876],[-11.3316,7.5883],[-11.3376,7.5827],[-11.3421,7.5769],[-11.3481,7.5727],[-11.353,7.5685],[-11.3578,7.5643],[-11.362,7.5589],[-11.3595,7.5538],[-11.3613,7.5484],[-11.3639,7.5421],[-11.3653,7.5388],[-11.3651,7.5332],[-11.3667,7.5264],[-11.3651,7.521],[-11.3611,7.5147],[-11.3639,7.5063],[-11.3639,7.5035],[-11.3591,7.4979],[-11.3608,7.4953],[-11.3594,7.493],[-11.3561,7.49],[-11.3521,7.4823],[-11.3542,7.4785],[-11.3547,7.4743],[-11.3535,7.4692],[-11.3511,7.4648],[-11.3502,7.4633],[-11.3486,7.4601],[-11.3512,7.4584],[-11.3542,7.4556],[-11.3516,7.4514],[-11.3484,7.4517],[-11.3505,7.4486],[-11.3493,7.4409],[-11.346,7.4395],[-11.3428,7.4393],[-11.3428,7.4348],[-11.3409,7.4311],[-11.3356,7.429],[-11.3277,7.4255],[-11.3172,7.4192],[-11.3143,7.4168],[-11.3067,7.4108],[-11.2964,7.4038],[-11.2875,7.3975],[-11.2779,7.3923],[-11.2677,7.3855],[-11.2506,7.3762],[-11.2395,7.3725],[-11.226,7.3687],[-11.2056,7.362],[-11.1874,7.3554],[-11.1676,7.3498],[-11.1551,7.3453],[-11.1439,7.3411],[-11.1444,7.3403],[-11.1451,7.338],[-11.1439,7.3357],[-11.1423,7.3346],[-11.1424,7.3318],[-11.1418,7.331],[-11.1426,7.3306],[-11.1432,7.3292],[-11.1436,7.3271],[-11.1423,7.3262],[-11.1423,7.3253],[-11.1422,7.3237],[-11.1428,7.3232],[-11.1435,7.3221],[-11.146,7.3209],[-11.1473,7.3205],[-11.1485,7.3194],[-11.1499,7.3181],[-11.151,7.3162],[-11.151,7.315],[-11.1527,7.3129],[-11.1553,7.3129],[-11.1568,7.3122],[-11.157,7.3114],[-11.1571,7.3103],[-11.1593,7.3073],[-11.1614,7.3062],[-11.1644,7.3063],[-11.1667,7.307],[-11.1705,7.3059],[-11.172,7.305],[-11.1724,7.3045],[-11.171,7.3031],[-11.1715,7.3021],[-11.1715,7.301],[-11.1723,7.2987],[-11.1725,7.2969],[-11.1735,7.295],[-11.1755,7.2948],[-11.1778,7.2941],[-11.1785,7.2932],[-11.1789,7.2921],[-11.18,7.2906],[-11.18,7.2895],[-11.1793,7.2884],[-11.1778,7.2885],[-11.1768,7.2878],[-11.1755,7.2865],[-11.1757,7.2838],[-11.1768,7.2834],[-11.1774,7.2826],[-11.1775,7.281],[-11.1781,7.2793],[-11.1795,7.2782],[-11.1809,7.2774],[-11.1825,7.2775],[-11.1839,7.2767],[-11.1838,7.2746],[-11.1828,7.2732],[-11.18,7.2715],[-11.1797,7.2681],[-11.1829,7.2646],[-11.1869,7.2616],[-11.1892,7.2605],[-11.1904,7.2603],[-11.1931,7.2607],[-11.1965,7.2592],[-11.1982,7.2568],[-11.202,7.2541],[-11.2035,7.2533],[-11.2049,7.2535],[-11.2095,7.2509],[-11.2114,7.2506],[-11.2144,7.251],[-11.2164,7.2494],[-11.2184,7.2471],[-11.2211,7.2448],[-11.222,7.2441],[-11.2229,7.2439],[-11.2242,7.2448],[-11.2256,7.247],[-11.2295,7.2497],[-11.2345,7.2508],[-11.2389,7.2466],[-11.2411,7.2449],[-11.2427,7.2408],[-11.2425,7.2401],[-11.2443,7.2375],[-11.2455,7.237],[-11.2485,7.2344],[-11.2498,7.2322],[-11.2518,7.2305],[-11.2538,7.2306],[-11.2545,7.2309],[-11.2573,7.2313],[-11.2582,7.2311],[-11.2597,7.2313],[-11.2622,7.2307],[-11.265,7.2313],[-11.2673,7.2323],[-11.268,7.2337],[-11.2675,7.2367],[-11.2682,7.2377],[-11.2706,7.2392],[-11.272,7.2391],[-11.2735,7.2386],[-11.2746,7.237],[-11.2737,7.2347],[-11.2738,7.2337],[-11.2737,7.2324],[-11.274,7.2308],[-11.2723,7.231],[-11.272,7.2306],[-11.2725,7.2292],[-11.2732,7.2289],[-11.2753,7.2281],[-11.2764,7.2281],[-11.2772,7.2267],[-11.2763,7.2264],[-11.2754,7.2253],[-11.2762,7.2247],[-11.2775,7.2227],[-11.2797,7.2221],[-11.28,7.2211],[-11.2809,7.2199],[-11.2806,7.2171],[-11.2811,7.216],[-11.2822,7.2154],[-11.2836,7.2151],[-11.2855,7.215],[-11.2862,7.2144],[-11.2869,7.2138],[-11.2862,7.211],[-11.2869,7.2046],[-11.2868,7.2009],[-11.2873,7.1998],[-11.2907,7.1981],[-11.2954,7.1961],[-11.2964,7.1966],[-11.2971,7.1987],[-11.2965,7.1993],[-11.2911,7.2018],[-11.2896,7.2034],[-11.2897,7.2042],[-11.2913,7.2042],[-11.2924,7.2049],[-11.2926,7.2055],[-11.2936,7.2063],[-11.2994,7.2046],[-11.3011,7.2048],[-11.3028,7.2057],[-11.3036,7.2073],[-11.3029,7.2093],[-11.3024,7.212],[-11.3024,7.2132],[-11.3033,7.2138],[-11.3045,7.2141],[-11.3076,7.2126],[-11.3103,7.2108],[-11.3115,7.2087],[-11.3114,7.2051]]]},"properties":{"code":"PUJ","name":"Pujehun District","level":"2","parent":"Plmg8ikyfrK","parentGraph":"Plmg8ikyfrK","groups":["QJuHsfZjNBf","Y1fwmuWGmNr"]}},{"type":"Feature","id":"dLsEeelgOiA","geometry":{"type":"Polygon","coordinates":[[[-11.3114,7.2051],[-11.3093,7.2026],[-11.3101,7.1976],[-11.3123,7.1955],[-11.3137,7.193],[-11.3117,7.1888],[-11.3121,7.1873],[-11.3123,7.1852],[-11.3134,7.1843],[-11.3158,7.1804],[-11.3196,7.1781],[-11.3237,7.1736],[-11.3206,7.1698],[-11.3256,7.1672],[-11.3293,7.1643],[-11.3353,7.1586],[-11.3359,7.157],[-11.3322,7.1544],[-11.3297,7.1509],[-11.3288,7.1479],[-11.3332,7.1449],[-11.3373,7.1439],[-11.3445,7.1482],[-11.3469,7.1478],[-11.3526,7.1416],[-11.3529,7.1394],[-11.351,7.1367],[-11.349,7.1322],[-11.3452,7.1299],[-11.3426,7.1269],[-11.339,7.1178],[-11.3338,7.1148],[-11.333,7.113],[-11.3338,7.1111],[-11.3357,7.1103],[-11.337,7.1064],[-11.3346,7.1014],[-11.3341,7.0985],[-11.3333,7.0951],[-11.3354,7.0926],[-11.3343,7.0899],[-11.3331,7.0806],[-11.3335,7.0779],[-11.3364,7.0772],[-11.3397,7.0778],[-11.3452,7.0802],[-11.3479,7.0805],[-11.351,7.0797],[-11.3613,7.0808],[-11.3652,7.0817],[-11.3676,7.0799],[-11.3717,7.0769],[-11.3736,7.0727],[-11.3754,7.0689],[-11.3763,7.0659],[-11.3758,7.0632],[-11.373,7.0628],[-11.3662,7.0553],[-11.3641,7.0524],[-11.3641,7.0495],[-11.3671,7.0482],[-11.3684,7.046],[-11.3696,7.0403],[-11.3705,7.0316],[-11.3698,7.0233],[-11.3703,7.021],[-11.3726,7.0192],[-11.3746,7.0163],[-11.3776,7.0108],[-11.3801,7.0096],[-11.3836,7.0108],[-11.3866,7.0105],[-11.3892,7.0088],[-11.3932,7.0066],[-11.3958,7.0024],[-11.3964,7.0015],[-11.3965,6.9963],[-11.3979,6.9886],[-11.3993,6.9872],[-11.4014,6.9872],[-11.4049,6.9895],[-11.4087,6.9904],[-11.4121,6.9895],[-11.4146,6.9879],[-11.4162,6.9851],[-11.4165,6.9821],[-11.4149,6.9748],[-11.4152,6.9718],[-11.4207,6.9703],[-11.424,6.97],[-11.429,6.972],[-11.431,6.9717],[-11.432,6.971],[-11.4328,6.9688],[-11.4315,6.9657],[-11.4299,6.9635],[-11.4247,6.9574],[-11.4207,6.9505],[-11.4188,6.946],[-11.4186,6.9457],[-11.4183,6.9452],[-11.418,6.9439],[-11.4178,6.9424],[-11.4176,6.9421],[-11.4174,6.9417],[-11.4175,6.9408],[-11.4175,6.9393],[-11.4177,6.939],[-11.4181,6.9385],[-11.4181,6.9382],[-11.4184,6.938],[-11.419,6.938],[-11.4197,6.938],[-11.4201,6.9381],[-11.4207,6.9382],[-11.4211,6.9381],[-11.4222,6.9381],[-11.4226,6.9384],[-11.4229,6.9388],[-11.4233,6.9394],[-11.4236,6.9397],[-11.4241,6.9402],[-11.4254,6.9407],[-11.4256,6.9409],[-11.4269,6.9414],[-11.4286,6.9416],[-11.4299,6.9414],[-11.4329,6.9409],[-11.4336,6.9411],[-11.4345,6.9416],[-11.4363,6.9418],[-11.4369,6.9416],[-11.4374,6.9416],[-11.4387,6.9411],[-11.4395,6.9406],[-11.4399,6.9402],[-11.4401,6.9401],[-11.4407,6.9397],[-11.4421,6.939],[-11.4426,6.9388],[-11.4441,6.9381],[-11.4451,6.9378],[-11.4469,6.9374],[-11.4478,6.9372],[-11.4485,6.9372],[-11.4491,6.9369],[-11.4494,6.9366],[-11.4503,6.9358],[-11.4514,6.9348],[-11.452,6.9343],[-11.4523,6.9339],[-11.4526,6.9336],[-11.4531,6.9331],[-11.4532,6.9329],[-11.4534,6.9324],[-11.4539,6.9317],[-11.4541,6.9312],[-11.4542,6.9306],[-11.4542,6.93],[-11.4542,6.9295],[-11.454,6.9285],[-11.454,6.928],[-11.4539,6.9274],[-11.4538,6.9272],[-11.4541,6.9272],[-11.4543,6.9268],[-11.4545,6.9262],[-11.4553,6.9256],[-11.4557,6.9254],[-11.456,6.9252],[-11.457,6.9247],[-11.4583,6.924],[-11.4586,6.9239],[-11.459,6.9237],[-11.4596,6.9235],[-11.4614,6.9234],[-11.4619,6.9237],[-11.4624,6.9239],[-11.4627,6.9241],[-11.4631,6.9243],[-11.4637,6.925],[-11.464,6.9253],[-11.4642,6.9257],[-11.4646,6.9258],[-11.4651,6.9261],[-11.4659,6.9263],[-11.4667,6.9264],[-11.4677,6.9263],[-11.4685,6.9262],[-11.4696,6.926],[-11.4702,6.9258],[-11.4712,6.9256],[-11.4722,6.9253],[-11.4732,6.9247],[-11.4743,6.9244],[-11.475,6.9242],[-11.476,6.9242],[-11.4771,6.9239],[-11.4786,6.9238],[-11.4791,6.9238],[-11.4797,6.9239],[-11.4799,6.9239],[-11.4805,6.924],[-11.481,6.924],[-11.483,6.924],[-11.4847,6.9241],[-11.4851,6.9241],[-11.4862,6.9237],[-11.4869,6.9236],[-11.4885,6.923],[-11.4911,6.922],[-11.4924,6.9216],[-11.4926,6.9216],[-11.4928,6.9217],[-11.4929,6.9218],[-11.493,6.9218],[-11.4931,6.922],[-11.4938,6.9224],[-11.4952,6.9231],[-11.4967,6.9238],[-11.4984,6.9247],[-11.4991,6.925],[-11.5007,6.9259],[-11.5009,6.9258],[-11.5024,6.9267],[-11.5033,6.9273],[-11.5036,6.9276],[-11.504,6.9281],[-11.5049,6.9288],[-11.5062,6.9293],[-11.5068,6.9284],[-11.5082,6.9288],[-11.5157,6.9324],[-11.5199,6.9346],[-11.5207,6.9351],[-11.5227,6.9364],[-11.5236,6.9371],[-11.5252,6.9384],[-11.5272,6.9403],[-11.529,6.9417],[-11.5299,6.9423],[-11.5332,6.944],[-11.5436,6.9489],[-11.5562,6.9553],[-11.5699,6.962],[-11.5828,6.9678],[-11.5878,6.9699],[-11.5905,6.971],[-11.599,6.9746],[-11.6034,6.9766],[-11.6042,6.9771],[-11.6048,6.9776],[-11.6047,6.9781],[-11.6045,6.9782],[-11.6037,6.9807],[-11.6069,6.9816],[-11.6096,6.9831],[-11.6116,6.9839],[-11.6117,6.9842],[-11.6117,6.985],[-11.612,6.9857],[-11.6129,6.9864],[-11.6146,6.9878],[-11.6153,6.9889],[-11.6164,6.9898],[-11.6204,6.9925],[-11.6205,6.9934],[-11.6203,6.9942],[-11.6202,6.9948],[-11.621,6.9957],[-11.622,6.9969],[-11.6231,6.998],[-11.6244,7.0017],[-11.6247,7.0059],[-11.6245,7.0075],[-11.6277,7.0135],[-11.6327,7.017],[-11.6371,7.0206],[-11.6446,7.0269],[-11.6491,7.0313],[-11.6544,7.0359],[-11.6602,7.0397],[-11.662,7.0407],[-11.6983,7.0619],[-11.7337,7.0829],[-11.7592,7.0971],[-11.7727,7.1039],[-11.7892,7.1127],[-11.8103,7.1232],[-11.8174,7.1267],[-11.8226,7.1295],[-11.8304,7.1334],[-11.8449,7.1401],[-11.8506,7.1423],[-11.8572,7.1456],[-11.8793,7.1562],[-11.8875,7.1602],[-11.8955,7.1637],[-11.9108,7.171],[-11.9202,7.175],[-11.9391,7.1829],[-11.9471,7.1862],[-11.9602,7.1918],[-11.9485,7.2189],[-11.9393,7.228],[-11.935,7.2288],[-11.927,7.2227],[-11.9228,7.2129],[-11.913,7.2182],[-11.9069,7.2123],[-11.8978,7.2113],[-11.8949,7.2141],[-11.8912,7.2363],[-11.8916,7.2424],[-11.889,7.25],[-11.8853,7.2552],[-11.8829,7.2652],[-11.8799,7.2807],[-11.8872,7.2843],[-11.8952,7.2894],[-11.8977,7.2917],[-11.9,7.2993],[-11.8994,7.3019],[-11.8992,7.3098],[-11.899,7.3328],[-11.9016,7.3366],[-11.9024,7.3377],[-11.8979,7.3402],[-11.8916,7.3465],[-11.8885,7.3487],[-11.8853,7.3501],[-11.8833,7.3527],[-11.885,7.3548],[-11.8891,7.3644],[-11.8851,7.3729],[-11.8803,7.3797],[-11.8781,7.3939],[-11.8804,7.3951],[-11.8835,7.3942],[-11.8844,7.399],[-11.8866,7.399],[-11.8886,7.401],[-11.8864,7.4027],[-11.8858,7.4087],[-11.881,7.4078],[-11.8832,7.4104],[-11.8849,7.4127],[-11.8847,7.4147],[-11.8807,7.4166],[-11.8803,7.4183],[-11.882,7.4195],[-11.8844,7.4195],[-11.8861,7.4213],[-11.8839,7.4232],[-11.8863,7.4272],[-11.8913,7.4304],[-11.893,7.4327],[-11.893,7.435],[-11.8943,7.4368],[-11.8996,7.4402],[-11.897,7.4454],[-11.8955,7.4518],[-11.8958,7.4581],[-11.8953,7.4618],[-11.8897,7.4659],[-11.8896,7.4678],[-11.8919,7.4717],[-11.8904,7.4765],[-11.8854,7.4808],[-11.8801,7.4808],[-11.8696,7.4832],[-11.8623,7.4873],[-11.8602,7.4929],[-11.859,7.4982],[-11.8574,7.5072],[-11.8598,7.5128],[-11.8671,7.5206],[-11.8716,7.5291],[-11.8663,7.5356],[-11.8623,7.5388],[-11.8574,7.5396],[-11.8517,7.536],[-11.8488,7.5336],[-11.846,7.5299],[-11.8419,7.5295],[-11.8375,7.5303],[-11.8334,7.5283],[-11.8285,7.5283],[-11.8237,7.5283],[-11.8216,7.5307],[-11.8241,7.5384],[-11.8285,7.5433],[-11.8346,7.5474],[-11.8411,7.5522],[-11.848,7.5612],[-11.8458,7.5648],[-11.8397,7.5738],[-11.8365,7.577],[-11.8308,7.5807],[-11.8267,7.5847],[-11.8198,7.5847],[-11.8133,7.5839],[-11.8072,7.5851],[-11.8032,7.5912],[-11.7979,7.5941],[-11.7922,7.5855],[-11.7853,7.5908],[-11.7751,7.5977],[-11.769,7.6022],[-11.7654,7.6083],[-11.7621,7.6144],[-11.7589,7.6205],[-11.7552,7.6274],[-11.7508,7.6343],[-11.7463,7.6375],[-11.7463,7.6408],[-11.7447,7.6457],[-11.7406,7.6526],[-11.7434,7.657],[-11.743,7.6631],[-11.7382,7.6648],[-11.737,7.6653],[-11.7325,7.6676],[-11.7191,7.666],[-11.7191,7.6566],[-11.7223,7.6473],[-11.7211,7.6416],[-11.7154,7.6343],[-11.7227,7.6254],[-11.7268,7.618],[-11.7296,7.6079],[-11.7369,7.5953],[-11.7418,7.5864],[-11.7402,7.5782],[-11.7329,7.5681],[-11.7256,7.5583],[-11.7232,7.5528],[-11.7158,7.5575],[-11.7158,7.5608],[-11.7105,7.5624],[-11.7105,7.5648],[-11.7093,7.5685],[-11.7024,7.5726],[-11.698,7.577],[-11.6939,7.5831],[-11.6939,7.5868],[-11.6935,7.5933],[-11.6939,7.5981],[-11.6906,7.6022],[-11.6878,7.6083],[-11.6837,7.614],[-11.6797,7.6184],[-11.6752,7.6286],[-11.6687,7.6331],[-11.6642,7.6331],[-11.659,7.6331],[-11.65,7.6331],[-11.6472,7.6347],[-11.6399,7.6351],[-11.6273,7.6351],[-11.6151,7.6371],[-11.6078,7.6319],[-11.6025,7.6262],[-11.5964,7.6254],[-11.5879,7.6258],[-11.5814,7.6278],[-11.5765,7.6351],[-11.5724,7.64],[-11.57,7.6493],[-11.5631,7.6627],[-11.5578,7.6688],[-11.5456,7.6765],[-11.5318,7.6769],[-11.5156,7.6717],[-11.5114,7.6693],[-11.5152,7.6643],[-11.5171,7.6574],[-11.5167,7.6512],[-11.5138,7.6457],[-11.5101,7.6439],[-11.505,7.6402],[-11.5013,7.6358],[-11.4971,7.6306],[-11.4926,7.6259],[-11.4885,7.6203],[-11.4891,7.6191],[-11.492,7.6122],[-11.4953,7.6056],[-11.4965,7.5979],[-11.4979,7.59],[-11.5007,7.5834],[-11.5014,7.5785],[-11.5009,7.5689],[-11.5016,7.5603],[-11.5054,7.5488],[-11.5082,7.5437],[-11.5055,7.5417],[-11.5007,7.5409],[-11.4932,7.5414],[-11.4862,7.5418],[-11.4804,7.5425],[-11.4748,7.5428],[-11.4699,7.5418],[-11.4628,7.5418],[-11.4572,7.5418],[-11.4521,7.5425],[-11.4495,7.5442],[-11.446,7.5477],[-11.4421,7.5542],[-11.4367,7.5596],[-11.4303,7.5703],[-11.4256,7.5794],[-11.4218,7.5881],[-11.416,7.5979],[-11.4106,7.604],[-11.4048,7.6122],[-11.405,7.6164],[-11.4036,7.6203],[-11.4013,7.6243],[-11.3987,7.628],[-11.391,7.6367],[-11.3821,7.6456],[-11.3733,7.6554],[-11.3707,7.6542],[-11.3693,7.6509],[-11.3683,7.6432],[-11.3688,7.6369],[-11.3675,7.6311],[-11.3661,7.6213],[-11.3645,7.6122],[-11.3615,7.6068],[-11.3577,7.6023],[-11.353,7.5974],[-11.3486,7.5958],[-11.3428,7.5967],[-11.3323,7.5991],[-11.3245,7.6],[-11.3152,7.5984],[-11.3105,7.5965],[-11.3168,7.5911],[-11.3215,7.5876],[-11.3316,7.5883],[-11.3376,7.5827],[-11.3421,7.5769],[-11.3481,7.5727],[-11.353,7.5685],[-11.3578,7.5643],[-11.362,7.5589],[-11.3595,7.5538],[-11.3613,7.5484],[-11.3639,7.5421],[-11.3653,7.5388],[-11.3651,7.5332],[-11.3667,7.5264],[-11.3651,7.521],[-11.3611,7.5147],[-11.3639,7.5063],[-11.3639,7.5035],[-11.3591,7.4979],[-11.3608,7.4953],[-11.3594,7.493],[-11.3561,7.49],[-11.3521,7.4823],[-11.3542,7.4785],[-11.3547,7.4743],[-11.3535,7.4692],[-11.3511,7.4648],[-11.3502,7.4633],[-11.3486,7.4601],[-11.3512,7.4584],[-11.3542,7.4556],[-11.3516,7.4514],[-11.3484,7.4517],[-11.3505,7.4486],[-11.3493,7.4409],[-11.346,7.4395],[-11.3428,7.4393],[-11.3428,7.4348],[-11.3409,7.4311],[-11.3356,7.429],[-11.3277,7.4255],[-11.3172,7.4192],[-11.3143,7.4168],[-11.3067,7.4108],[-11.2964,7.4038],[-11.2875,7.3975],[-11.2779,7.3923],[-11.2677,7.3855],[-11.2506,7.3762],[-11.2395,7.3725],[-11.226,7.3687],[-11.2056,7.362],[-11.1874,7.3554],[-11.1676,7.3498],[-11.1551,7.3453],[-11.1439,7.3411],[-11.1444,7.3403],[-11.1451,7.338],[-11.1439,7.3357],[-11.1423,7.3346],[-11.1424,7.3318],[-11.1418,7.331],[-11.1426,7.3306],[-11.1432,7.3292],[-11.1436,7.3271],[-11.1423,7.3262],[-11.1423,7.3253],[-11.1422,7.3237],[-11.1428,7.3232],[-11.1435,7.3221],[-11.146,7.3209],[-11.1473,7.3205],[-11.1485,7.3194],[-11.1499,7.3181],[-11.151,7.3162],[-11.151,7.315],[-11.1527,7.3129],[-11.1553,7.3129],[-11.1568,7.3122],[-11.157,7.3114],[-11.1571,7.3103],[-11.1593,7.3073],[-11.1614,7.3062],[-11.1644,7.3063],[-11.1667,7.307],[-11.1705,7.3059],[-11.172,7.305],[-11.1724,7.3045],[-11.171,7.3031],[-11.1715,7.3021],[-11.1715,7.301],[-11.1723,7.2987],[-11.1725,7.2969],[-11.1735,7.295],[-11.1755,7.2948],[-11.1778,7.2941],[-11.1785,7.2932],[-11.1789,7.2921],[-11.18,7.2906],[-11.18,7.2895],[-11.1793,7.2884],[-11.1778,7.2885],[-11.1768,7.2878],[-11.1755,7.2865],[-11.1757,7.2838],[-11.1768,7.2834],[-11.1774,7.2826],[-11.1775,7.281],[-11.1781,7.2793],[-11.1795,7.2782],[-11.1809,7.2774],[-11.1825,7.2775],[-11.1839,7.2767],[-11.1838,7.2746],[-11.1828,7.2732],[-11.18,7.2715],[-11.1797,7.2681],[-11.1829,7.2646],[-11.1869,7.2616],[-11.1892,7.2605],[-11.1904,7.2603],[-11.1931,7.2607],[-11.1965,7.2592],[-11.1982,7.2568],[-11.202,7.2541],[-11.2035,7.2533],[-11.2049,7.2535],[-11.2095,7.2509],[-11.2114,7.2506],[-11.2144,7.251],[-11.2164,7.2494],[-11.2184,7.2471],[-11.2211,7.2448],[-11.222,7.2441],[-11.2229,7.2439],[-11.2242,7.2448],[-11.2256,7.247],[-11.2295,7.2497],[-11.2345,7.2508],[-11.2389,7.2466],[-11.2411,7.2449],[-11.2427,7.2408],[-11.2425,7.2401],[-11.2443,7.2375],[-11.2455,7.237],[-11.2485,7.2344],[-11.2498,7.2322],[-11.2518,7.2305],[-11.2538,7.2306],[-11.2545,7.2309],[-11.2573,7.2313],[-11.2582,7.2311],[-11.2597,7.2313],[-11.2622,7.2307],[-11.265,7.2313],[-11.2673,7.2323],[-11.268,7.2337],[-11.2675,7.2367],[-11.2682,7.2377],[-11.2706,7.2392],[-11.272,7.2391],[-11.2735,7.2386],[-11.2746,7.237],[-11.2737,7.2347],[-11.2738,7.2337],[-11.2737,7.2324],[-11.274,7.2308],[-11.2723,7.231],[-11.272,7.2306],[-11.2725,7.2292],[-11.2732,7.2289],[-11.2753,7.2281],[-11.2764,7.2281],[-11.2772,7.2267],[-11.2763,7.2264],[-11.2754,7.2253],[-11.2762,7.2247],[-11.2775,7.2227],[-11.2797,7.2221],[-11.28,7.2211],[-11.2809,7.2199],[-11.2806,7.2171],[-11.2811,7.216],[-11.2822,7.2154],[-11.2836,7.2151],[-11.2855,7.215],[-11.2862,7.2144],[-11.2869,7.2138],[-11.2862,7.211],[-11.2869,7.2046],[-11.2868,7.2009],[-11.2873,7.1998],[-11.2907,7.1981],[-11.2954,7.1961],[-11.2964,7.1966],[-11.2971,7.1987],[-11.2965,7.1993],[-11.2911,7.2018],[-11.2896,7.2034],[-11.2897,7.2042],[-11.2913,7.2042],[-11.2924,7.2049],[-11.2926,7.2055],[-11.2936,7.2063],[-11.2994,7.2046],[-11.3011,7.2048],[-11.3028,7.2057],[-11.3036,7.2073],[-11.3029,7.2093],[-11.3024,7.212],[-11.3024,7.2132],[-11.3033,7.2138],[-11.3045,7.2141],[-11.3076,7.2126],[-11.3103,7.2108],[-11.3115,7.2087],[-11.3114,7.2051]]]},"properties":{"code":"PUJ_PUJDC","name":"Pujehun District Council","level":"3","parent":"ywV0ByvR7xW","parentGraph":"Plmg8ikyfrK/ywV0ByvR7xW","groups":["aYjKY8GaXYQ","QJuHsfZjNBf"]}},{"type":"Feature","id":"Plmg8ikyfrK","geometry":{"type":"MultiPolygon","coordinates":[[[[-13.163,8.2021],[-13.1641,8.2022],[-13.1651,8.2025],[-13.1654,8.2029],[-13.1653,8.2035],[-13.1645,8.2035],[-13.164,8.2034],[-13.1634,8.2029],[-13.163,8.2021]]],[[[-13.2027,8.4856],[-13.2024,8.4859],[-13.2024,8.4858],[-13.2027,8.4856]]],[[[-13.1203,8.539],[-13.1216,8.5378],[-13.1235,8.5385],[-13.1249,8.5431],[-13.1251,8.5457],[-13.121,8.5469],[-13.1151,8.5503],[-13.1156,8.5466],[-13.1176,8.5429],[-13.1203,8.539]]],[[[-12.9858,7.9117],[-12.9846,7.9116],[-12.9832,7.9113],[-12.9828,7.9111],[-12.983,7.9108],[-12.9848,7.9105],[-12.9853,7.9105],[-12.987,7.9108],[-12.9874,7.9107],[-12.9878,7.9101],[-12.9878,7.9098],[-12.9876,7.9097],[-12.9876,7.9094],[-12.9878,7.9092],[-12.9886,7.9093],[-12.9892,7.9092],[-12.9892,7.9089],[-12.9892,7.9086],[-12.9899,7.9084],[-12.9902,7.9081],[-12.9906,7.908],[-12.9914,7.9084],[-12.9919,7.9091],[-12.9924,7.9095],[-12.9929,7.9097],[-12.9932,7.9096],[-12.9937,7.9091],[-12.9946,7.9085],[-12.9949,7.9087],[-12.9949,7.9089],[-12.9947,7.9092],[-12.9944,7.91],[-12.9936,7.9109],[-12.9931,7.9113],[-12.9925,7.9115],[-12.9917,7.9119],[-12.9907,7.9122],[-12.9899,7.9121],[-12.9889,7.9119],[-12.9873,7.9117],[-12.9858,7.9117]]],[[[-13.1892,8.1385],[-13.1898,8.1383],[-13.1908,8.1368],[-13.1919,8.1355],[-13.1917,8.1349],[-13.1925,8.1329],[-13.1936,8.1322],[-13.1939,8.1308],[-13.1931,8.1298],[-13.1936,8.1292],[-13.1948,8.1294],[-13.1947,8.1289],[-13.1955,8.1278],[-13.1961,8.128],[-13.1977,8.1281],[-13.1984,8.1275],[-13.2001,8.1276],[-13.2016,8.1274],[-13.2022,8.1267],[-13.202,8.126],[-13.2024,8.1245],[-13.2015,8.1244],[-13.2011,8.1233],[-13.2016,8.1225],[-13.2028,8.1222],[-13.2036,8.1229],[-13.2067,8.124],[-13.2082,8.1203],[-13.2069,8.1172],[-13.2066,8.1143],[-13.206,8.1131],[-13.2064,8.1113],[-13.208,8.1105],[-13.2098,8.1115],[-13.2109,8.1112],[-13.2126,8.1111],[-13.2136,8.1115],[-13.2153,8.1112],[-13.2161,8.1118],[-13.2181,8.1118],[-13.2191,8.112],[-13.22,8.1136],[-13.2196,8.1146],[-13.2188,8.1158],[-13.2188,8.1166],[-13.2193,8.1168],[-13.2196,8.1178],[-13.2192,8.1182],[-13.2179,8.1194],[-13.2163,8.1201],[-13.2155,8.1203],[-13.2141,8.1202],[-13.2123,8.1213],[-13.2114,8.1223],[-13.2097,8.1234],[-13.2097,8.1239],[-13.2078,8.1246],[-13.2065,8.1255],[-13.2058,8.1274],[-13.2048,8.1281],[-13.2023,8.1286],[-13.2034,8.13],[-13.2022,8.1309],[-13.2016,8.131],[-13.2019,8.1318],[-13.2012,8.1325],[-13.2001,8.1324],[-13.1997,8.1334],[-13.1983,8.1341],[-13.1975,8.1351],[-13.1973,8.1366],[-13.1979,8.1367],[-13.1981,8.1376],[-13.1977,8.1383],[-13.1972,8.1383],[-13.1971,8.1377],[-13.1962,8.1377],[-13.1951,8.1377],[-13.1943,8.1397],[-13.1933,8.1405],[-13.1927,8.1406],[-13.1921,8.1403],[-13.1923,8.1409],[-13.1924,8.1417],[-13.1919,8.1421],[-13.191,8.1414],[-13.1908,8.1404],[-13.1893,8.1408],[-13.1894,8.1392],[-13.1892,8.1385]]],[[[-13.2419,8.0955],[-13.2415,8.0949],[-13.2435,8.0932],[-13.2451,8.0929],[-13.2459,8.0931],[-13.2474,8.0932],[-13.2492,8.093],[-13.2503,8.0932],[-13.2504,8.0948],[-13.2496,8.0957],[-13.2448,8.0958],[-13.2439,8.0965],[-13.245,8.0982],[-13.245,8.1002],[-13.2441,8.1007],[-13.2423,8.0997],[-13.2408,8.0974],[-13.241,8.096],[-13.2419,8.0955]]],[[[-13.2191,8.111],[-13.2194,8.1095],[-13.22,8.1087],[-13.2202,8.1074],[-13.2196,8.1071],[-13.2189,8.1061],[-13.219,8.1047],[-13.2198,8.1039],[-13.2188,8.1017],[-13.2192,8.1014],[-13.222,8.1029],[-13.2235,8.1012],[-13.2253,8.1],[-13.2293,8.0991],[-13.2305,8.0986],[-13.2345,8.0992],[-13.2364,8.0984],[-13.2388,8.0978],[-13.24,8.098],[-13.2403,8.099],[-13.2408,8.0999],[-13.2404,8.1016],[-13.2394,8.102],[-13.2377,8.1017],[-13.2365,8.1021],[-13.2366,8.1035],[-13.2366,8.1044],[-13.2361,8.1056],[-13.2356,8.106],[-13.2341,8.1059],[-13.2326,8.107],[-13.2318,8.1086],[-13.231,8.1093],[-13.2286,8.1099],[-13.2272,8.1107],[-13.2261,8.111],[-13.2223,8.111],[-13.2217,8.1117],[-13.2212,8.1122],[-13.2207,8.1122],[-13.2201,8.1116],[-13.2192,8.1116],[-13.2191,8.111]]],[[[-12.9377,8.5568],[-12.9345,8.5558],[-12.9304,8.5536],[-12.9239,8.5491],[-12.9232,8.5471],[-12.925,8.5443],[-12.9285,8.5426],[-12.9294,8.5402],[-12.9321,8.5374],[-12.9407,8.5332],[-12.9455,8.5314],[-12.9499,8.5327],[-12.9539,8.5355],[-12.9594,8.5406],[-12.9608,8.5439],[-12.9619,8.5514],[-12.9599,8.5547],[-12.9545,8.5562],[-12.9478,8.556],[-12.9425,8.5568],[-12.9377,8.5568]]],[[[-12.9481,8.5701],[-12.9492,8.5695],[-12.9504,8.5695],[-12.9534,8.5707],[-12.9563,8.5708],[-12.9564,8.5713],[-12.9558,8.5734],[-12.9536,8.5738],[-12.9498,8.5729],[-12.9487,8.5724],[-12.9481,8.5701]]],[[[-13.0673,8.5729],[-13.068,8.5726],[-13.0711,8.573],[-13.074,8.5777],[-13.0711,8.58],[-13.0702,8.5798],[-13.0672,8.5752],[-13.0673,8.5729]]],[[[-12.9989,8.5806],[-12.9988,8.5798],[-12.9998,8.5787],[-13.0005,8.5776],[-13.0041,8.5759],[-13.0063,8.575],[-13.0081,8.5749],[-13.0102,8.576],[-13.0144,8.5789],[-13.0143,8.5797],[-13.0125,8.5801],[-13.0085,8.5801],[-13.0034,8.5807],[-13.0023,8.5814],[-12.9989,8.5806]]],[[[-13.0796,8.5686],[-13.0745,8.5653],[-13.0717,8.5644],[-13.0708,8.5646],[-13.0701,8.5658],[-13.0681,8.5662],[-13.0658,8.5662],[-13.0652,8.566],[-13.0645,8.5652],[-13.0638,8.5647],[-13.0627,8.5646],[-13.0615,8.5649],[-13.0609,8.5647],[-13.0603,8.5633],[-13.0605,8.5622],[-13.061,8.5617],[-13.062,8.5607],[-13.0624,8.5601],[-13.0623,8.5583],[-13.0626,8.5566],[-13.0631,8.5561],[-13.0628,8.5547],[-13.062,8.553],[-13.0605,8.5522],[-13.0581,8.5505],[-13.0576,8.5495],[-13.0577,8.5479],[-13.0594,8.5476],[-13.0605,8.5458],[-13.068,8.5446],[-13.0722,8.5432],[-13.0756,8.541],[-13.0824,8.5377],[-13.0851,8.5376],[-13.0878,8.5392],[-13.0867,8.5405],[-13.0854,8.5489],[-13.0861,8.557],[-13.0887,8.5644],[-13.0878,8.5659],[-13.0844,8.5662],[-13.0817,8.5681],[-13.0796,8.5686]]],[[[-12.965,8.5743],[-12.9632,8.5725],[-12.9605,8.5692],[-12.9603,8.5686],[-12.9612,8.5678],[-12.963,8.5677],[-12.9656,8.5682],[-12.9707,8.5702],[-12.9735,8.5703],[-12.9775,8.5682],[-12.982,8.5679],[-12.9826,8.5688],[-12.983,8.5699],[-12.9839,8.5707],[-12.9881,8.5724],[-12.9904,8.5732],[-12.9923,8.5729],[-12.9936,8.5726],[-12.9948,8.5732],[-12.9964,8.5731],[-12.999,8.5722],[-12.9997,8.5715],[-13.0049,8.5717],[-13.0068,8.5723],[-13.0083,8.5713],[-13.0092,8.5711],[-13.0097,8.5718],[-13.0089,8.5728],[-13.0038,8.5731],[-13.002,8.5738],[-13.0012,8.5737],[-12.9996,8.574],[-12.9964,8.5754],[-12.9935,8.5765],[-12.9895,8.5777],[-12.9873,8.5789],[-12.9816,8.584],[-12.9793,8.5839],[-12.9771,8.5824],[-12.9721,8.5797],[-12.969,8.5779],[-12.9657,8.5754],[-12.965,8.5743]]],[[[-13.1064,8.5603],[-13.1076,8.5586],[-13.1093,8.5602],[-13.1121,8.5606],[-13.1132,8.5623],[-13.1137,8.5665],[-13.1102,8.5688],[-13.1068,8.5683],[-13.1055,8.5659],[-13.1051,8.562],[-13.1064,8.5603]]],[[[-13.1045,8.5874],[-13.1026,8.587],[-13.1042,8.5815],[-13.1097,8.5723],[-13.1121,8.5703],[-13.1159,8.5684],[-13.1168,8.5673],[-13.1216,8.5662],[-13.1244,8.5651],[-13.1249,8.5686],[-13.1202,8.5761],[-13.116,8.5846],[-13.1153,8.587],[-13.1125,8.5908],[-13.1122,8.5934],[-13.11,8.5943],[-13.1075,8.5943],[-13.1069,8.5901],[-13.1045,8.5874]]],[[[-13.2732,8.8732],[-13.2697,8.8668],[-13.2715,8.8652],[-13.2772,8.8638],[-13.2787,8.8664],[-13.2762,8.8664],[-13.2767,8.8721],[-13.279,8.8724],[-13.2791,8.8742],[-13.2747,8.8769],[-13.2732,8.8732]]],[[[-13.1569,8.9039],[-13.1597,8.9019],[-13.1632,8.9034],[-13.1601,8.9052],[-13.1571,8.906],[-13.1569,8.9039]]],[[[-13.2573,8.8934],[-13.2535,8.8902],[-13.2513,8.886],[-13.2503,8.8825],[-13.2478,8.8795],[-13.2463,8.8788],[-13.2433,8.8797],[-13.24,8.8791],[-13.239,8.8818],[-13.2358,8.8803],[-13.2386,8.875],[-13.2467,8.8697],[-13.2504,8.8683],[-13.2552,8.8706],[-13.2573,8.8725],[-13.2582,8.8759],[-13.2578,8.878],[-13.2586,8.8809],[-13.26,8.8828],[-13.2589,8.8845],[-13.2612,8.8864],[-13.26,8.8883],[-13.2617,8.8898],[-13.2607,8.893],[-13.2573,8.8934]]],[[[-13.2195,8.9192],[-13.2135,8.9158],[-13.2119,8.9139],[-13.2086,8.9078],[-13.2065,8.9054],[-13.2019,8.9025],[-13.1974,8.9005],[-13.198,8.8976],[-13.1989,8.8968],[-13.2045,8.8951],[-13.2091,8.8928],[-13.2164,8.8907],[-13.2186,8.8895],[-13.2219,8.889],[-13.2256,8.8868],[-13.2282,8.8874],[-13.2381,8.8967],[-13.2388,8.9002],[-13.2383,8.9041],[-13.2383,8.9061],[-13.2334,8.9135],[-13.2308,8.9201],[-13.2261,8.9218],[-13.2195,8.9192]]],[[[-13.1437,8.8982],[-13.1458,8.8979],[-13.1484,8.899],[-13.1416,8.9092],[-13.1392,8.9152],[-13.1377,8.9199],[-13.1365,8.9216],[-13.1333,8.924],[-13.1273,8.9263],[-13.1211,8.927],[-13.1174,8.9269],[-13.1165,8.9254],[-13.1172,8.9231],[-13.1198,8.9202],[-13.1233,8.917],[-13.1286,8.9137],[-13.1334,8.9098],[-13.1349,8.9082],[-13.1354,8.9071],[-13.1384,8.9003],[-13.1407,8.8991],[-13.1437,8.8982]]],[[[-11.3114,7.2051],[-11.3093,7.2026],[-11.3101,7.1976],[-11.3123,7.1955],[-11.3137,7.193],[-11.3117,7.1888],[-11.3121,7.1873],[-11.3123,7.1852],[-11.3134,7.1843],[-11.3158,7.1804],[-11.3196,7.1781],[-11.3237,7.1736],[-11.3206,7.1698],[-11.3256,7.1672],[-11.3293,7.1643],[-11.3353,7.1586],[-11.3359,7.157],[-11.3322,7.1544],[-11.3297,7.1509],[-11.3288,7.1479],[-11.3332,7.1449],[-11.3373,7.1439],[-11.3445,7.1482],[-11.3469,7.1478],[-11.3526,7.1416],[-11.3529,7.1394],[-11.351,7.1367],[-11.349,7.1322],[-11.3452,7.1299],[-11.3426,7.1269],[-11.339,7.1178],[-11.3338,7.1148],[-11.333,7.113],[-11.3338,7.1111],[-11.3357,7.1103],[-11.337,7.1064],[-11.3346,7.1014],[-11.3341,7.0985],[-11.3333,7.0951],[-11.3354,7.0926],[-11.3343,7.0899],[-11.3331,7.0806],[-11.3335,7.0779],[-11.3364,7.0772],[-11.3397,7.0778],[-11.3452,7.0802],[-11.3479,7.0805],[-11.351,7.0797],[-11.3613,7.0808],[-11.3652,7.0817],[-11.3676,7.0799],[-11.3717,7.0769],[-11.3736,7.0727],[-11.3754,7.0689],[-11.3763,7.0659],[-11.3758,7.0632],[-11.373,7.0628],[-11.3662,7.0553],[-11.3641,7.0524],[-11.3641,7.0495],[-11.3671,7.0482],[-11.3684,7.046],[-11.3696,7.0403],[-11.3705,7.0316],[-11.3698,7.0233],[-11.3703,7.021],[-11.3726,7.0192],[-11.3746,7.0163],[-11.3776,7.0108],[-11.3801,7.0096],[-11.3836,7.0108],[-11.3866,7.0105],[-11.3892,7.0088],[-11.3932,7.0066],[-11.3958,7.0024],[-11.3964,7.0015],[-11.3965,6.9963],[-11.3979,6.9886],[-11.3993,6.9872],[-11.4014,6.9872],[-11.4049,6.9895],[-11.4087,6.9904],[-11.4121,6.9895],[-11.4146,6.9879],[-11.4162,6.9851],[-11.4165,6.9821],[-11.4149,6.9748],[-11.4152,6.9718],[-11.4207,6.9703],[-11.424,6.97],[-11.429,6.972],[-11.431,6.9717],[-11.432,6.971],[-11.4328,6.9688],[-11.4315,6.9657],[-11.4299,6.9635],[-11.4247,6.9574],[-11.4207,6.9505],[-11.4188,6.946],[-11.4186,6.9457],[-11.4183,6.9452],[-11.418,6.9439],[-11.4178,6.9424],[-11.4176,6.9421],[-11.4174,6.9417],[-11.4175,6.9408],[-11.4175,6.9393],[-11.4177,6.939],[-11.4181,6.9385],[-11.4181,6.9382],[-11.4184,6.938],[-11.419,6.938],[-11.4197,6.938],[-11.4201,6.9381],[-11.4207,6.9382],[-11.4211,6.9381],[-11.4222,6.9381],[-11.4226,6.9384],[-11.4229,6.9388],[-11.4233,6.9394],[-11.4236,6.9397],[-11.4241,6.9402],[-11.4254,6.9407],[-11.4256,6.9409],[-11.4269,6.9414],[-11.4286,6.9416],[-11.4299,6.9414],[-11.4329,6.9409],[-11.4336,6.9411],[-11.4345,6.9416],[-11.4363,6.9418],[-11.4369,6.9416],[-11.4374,6.9416],[-11.4387,6.9411],[-11.4395,6.9406],[-11.4399,6.9402],[-11.4401,6.9401],[-11.4407,6.9397],[-11.4421,6.939],[-11.4426,6.9388],[-11.4441,6.9381],[-11.4451,6.9378],[-11.4469,6.9374],[-11.4478,6.9372],[-11.4485,6.9372],[-11.4491,6.9369],[-11.4494,6.9366],[-11.4503,6.9358],[-11.4514,6.9348],[-11.452,6.9343],[-11.4523,6.9339],[-11.4526,6.9336],[-11.4531,6.9331],[-11.4532,6.9329],[-11.4534,6.9324],[-11.4539,6.9317],[-11.4541,6.9312],[-11.4542,6.9306],[-11.4542,6.93],[-11.4542,6.9295],[-11.454,6.9285],[-11.454,6.928],[-11.4539,6.9274],[-11.4538,6.9272],[-11.4541,6.9272],[-11.4543,6.9268],[-11.4545,6.9262],[-11.4553,6.9256],[-11.4557,6.9254],[-11.456,6.9252],[-11.457,6.9247],[-11.4583,6.924],[-11.4586,6.9239],[-11.459,6.9237],[-11.4596,6.9235],[-11.4614,6.9234],[-11.4619,6.9237],[-11.4624,6.9239],[-11.4627,6.9241],[-11.4631,6.9243],[-11.4637,6.925],[-11.464,6.9253],[-11.4642,6.9257],[-11.4646,6.9258],[-11.4651,6.9261],[-11.4659,6.9263],[-11.4667,6.9264],[-11.4677,6.9263],[-11.4685,6.9262],[-11.4696,6.926],[-11.4702,6.9258],[-11.4712,6.9256],[-11.4722,6.9253],[-11.4732,6.9247],[-11.4743,6.9244],[-11.475,6.9242],[-11.476,6.9242],[-11.4771,6.9239],[-11.4786,6.9238],[-11.4791,6.9238],[-11.4797,6.9239],[-11.4799,6.9239],[-11.4805,6.924],[-11.481,6.924],[-11.483,6.924],[-11.4847,6.9241],[-11.4851,6.9241],[-11.4862,6.9237],[-11.4869,6.9236],[-11.4885,6.923],[-11.4911,6.922],[-11.4924,6.9216],[-11.4926,6.9216],[-11.4928,6.9217],[-11.4929,6.9218],[-11.493,6.9218],[-11.4931,6.922],[-11.4938,6.9224],[-11.4952,6.9231],[-11.4967,6.9238],[-11.4984,6.9247],[-11.4991,6.925],[-11.5007,6.9259],[-11.5009,6.9258],[-11.5024,6.9267],[-11.5033,6.9273],[-11.5036,6.9276],[-11.504,6.9281],[-11.5049,6.9288],[-11.5062,6.9293],[-11.5068,6.9284],[-11.5082,6.9288],[-11.5157,6.9324],[-11.5199,6.9346],[-11.5207,6.9351],[-11.5227,6.9364],[-11.5236,6.9371],[-11.5252,6.9384],[-11.5272,6.9403],[-11.529,6.9417],[-11.5299,6.9423],[-11.5332,6.944],[-11.5436,6.9489],[-11.5562,6.9553],[-11.5699,6.962],[-11.5828,6.9678],[-11.5878,6.9699],[-11.5905,6.971],[-11.599,6.9746],[-11.6034,6.9766],[-11.6042,6.9771],[-11.6048,6.9776],[-11.6047,6.9781],[-11.6045,6.9782],[-11.6037,6.9807],[-11.6069,6.9816],[-11.6096,6.9831],[-11.6116,6.9839],[-11.6117,6.9842],[-11.6117,6.985],[-11.612,6.9857],[-11.6129,6.9864],[-11.6146,6.9878],[-11.6153,6.9889],[-11.6164,6.9898],[-11.6204,6.9925],[-11.6205,6.9934],[-11.6203,6.9942],[-11.6202,6.9948],[-11.621,6.9957],[-11.622,6.9969],[-11.6231,6.998],[-11.6244,7.0017],[-11.6247,7.0059],[-11.6245,7.0075],[-11.6277,7.0135],[-11.6327,7.017],[-11.6371,7.0206],[-11.6446,7.0269],[-11.6491,7.0313],[-11.6544,7.0359],[-11.6602,7.0397],[-11.662,7.0407],[-11.6983,7.0619],[-11.7337,7.0829],[-11.7592,7.0971],[-11.7727,7.1039],[-11.7892,7.1127],[-11.8103,7.1232],[-11.8174,7.1267],[-11.8226,7.1295],[-11.8304,7.1334],[-11.8449,7.1401],[-11.8506,7.1423],[-11.8572,7.1456],[-11.8793,7.1562],[-11.8875,7.1602],[-11.8955,7.1637],[-11.9108,7.171],[-11.9202,7.175],[-11.9391,7.1829],[-11.9471,7.1862],[-11.9602,7.1918],[-11.9723,7.1963],[-12.0328,7.2205],[-12.0705,7.2354],[-12.0928,7.2441],[-12.1108,7.2512],[-12.1207,7.2547],[-12.1414,7.2627],[-12.1546,7.2674],[-12.1682,7.2726],[-12.1834,7.2785],[-12.2074,7.2876],[-12.2171,7.2911],[-12.2289,7.2958],[-12.2478,7.303],[-12.2506,7.3043],[-12.285,7.3178],[-12.3083,7.3274],[-12.3285,7.3348],[-12.3459,7.341],[-12.3717,7.3495],[-12.4059,7.3599],[-12.4397,7.3697],[-12.4575,7.3745],[-12.4729,7.3785],[-12.4774,7.3794],[-12.5016,7.3831],[-12.5068,7.3836],[-12.5126,7.3844],[-12.5157,7.3846],[-12.5188,7.3844],[-12.5196,7.3849],[-12.5198,7.3857],[-12.5197,7.3863],[-12.5193,7.3869],[-12.5187,7.3871],[-12.5178,7.3869],[-12.5171,7.3867],[-12.5165,7.387],[-12.5154,7.3884],[-12.5141,7.3896],[-12.513,7.3895],[-12.5123,7.3899],[-12.5112,7.3906],[-12.5038,7.3907],[-12.5016,7.3903],[-12.4997,7.3913],[-12.4981,7.3952],[-12.4903,7.4008],[-12.4772,7.4068],[-12.4698,7.4066],[-12.4637,7.4071],[-12.4554,7.4071],[-12.4442,7.4077],[-12.4357,7.4099],[-12.4296,7.411],[-12.4246,7.4123],[-12.4203,7.4127],[-12.4133,7.4095],[-12.4118,7.4137],[-12.4181,7.4186],[-12.4268,7.4216],[-12.4318,7.4229],[-12.439,7.4284],[-12.4426,7.4279],[-12.4513,7.4249],[-12.4544,7.4239],[-12.4587,7.4234],[-12.4623,7.4237],[-12.464,7.4245],[-12.4656,7.4259],[-12.4702,7.4295],[-12.4728,7.4315],[-12.4746,7.4326],[-12.4758,7.4348],[-12.4768,7.4377],[-12.478,7.4392],[-12.4799,7.4417],[-12.4832,7.4438],[-12.4884,7.4466],[-12.4888,7.4482],[-12.4886,7.4498],[-12.4864,7.4548],[-12.4836,7.4584],[-12.4825,7.4603],[-12.481,7.4619],[-12.48,7.4622],[-12.4795,7.4615],[-12.4788,7.4616],[-12.4777,7.4645],[-12.4758,7.4687],[-12.4724,7.4734],[-12.4716,7.4735],[-12.4714,7.4744],[-12.4694,7.4793],[-12.4625,7.4903],[-12.4609,7.4964],[-12.459,7.5016],[-12.4573,7.5059],[-12.456,7.5078],[-12.4532,7.5106],[-12.4486,7.5125],[-12.4465,7.5136],[-12.4455,7.5132],[-12.4457,7.5142],[-12.4457,7.5158],[-12.445,7.5166],[-12.4415,7.5203],[-12.4382,7.5239],[-12.4351,7.5263],[-12.4334,7.5272],[-12.4307,7.5297],[-12.4292,7.5306],[-12.4277,7.531],[-12.4252,7.531],[-12.4219,7.5308],[-12.4207,7.5305],[-12.42,7.53],[-12.4194,7.5287],[-12.4181,7.522],[-12.4171,7.5222],[-12.4171,7.5248],[-12.4177,7.5273],[-12.4173,7.5292],[-12.4164,7.5293],[-12.4143,7.5292],[-12.4121,7.53],[-12.4074,7.5311],[-12.4051,7.5316],[-12.4025,7.5321],[-12.4,7.5327],[-12.3987,7.5335],[-12.3971,7.5341],[-12.3926,7.5354],[-12.3914,7.5357],[-12.3896,7.5357],[-12.3862,7.5342],[-12.3856,7.5338],[-12.3855,7.5335],[-12.3863,7.5329],[-12.3867,7.5326],[-12.3864,7.532],[-12.3856,7.532],[-12.3833,7.5323],[-12.3829,7.5351],[-12.3818,7.5422],[-12.385,7.5435],[-12.3889,7.5448],[-12.3915,7.5462],[-12.3919,7.547],[-12.3923,7.5528],[-12.3957,7.5536],[-12.3975,7.5502],[-12.3986,7.5484],[-12.3994,7.5483],[-12.4022,7.5489],[-12.4076,7.5509],[-12.4195,7.5556],[-12.4223,7.5566],[-12.4243,7.5572],[-12.4264,7.5572],[-12.4292,7.5565],[-12.431,7.5561],[-12.434,7.5549],[-12.4368,7.554],[-12.4395,7.5538],[-12.4404,7.5539],[-12.4472,7.5563],[-12.45,7.557],[-12.452,7.5572],[-12.4535,7.5569],[-12.4572,7.5553],[-12.4619,7.5531],[-12.4628,7.5532],[-12.4634,7.5535],[-12.4654,7.5561],[-12.467,7.5585],[-12.4671,7.559],[-12.4675,7.5592],[-12.4683,7.5597],[-12.4689,7.5608],[-12.4693,7.5623],[-12.4693,7.5638],[-12.4688,7.5654],[-12.4688,7.5683],[-12.4691,7.5685],[-12.4692,7.5693],[-12.4692,7.5704],[-12.4692,7.571],[-12.4688,7.5721],[-12.4681,7.5725],[-12.4669,7.5732],[-12.4674,7.5766],[-12.4679,7.5833],[-12.4692,7.5874],[-12.4724,7.5954],[-12.4748,7.6032],[-12.4752,7.6075],[-12.4755,7.6094],[-12.4763,7.6129],[-12.4777,7.6144],[-12.4793,7.6156],[-12.4808,7.6176],[-12.4823,7.6202],[-12.485,7.6231],[-12.487,7.6252],[-12.4884,7.6262],[-12.4908,7.6274],[-12.4959,7.6287],[-12.4979,7.6291],[-12.4985,7.6296],[-12.4989,7.6301],[-12.4994,7.6313],[-12.4996,7.6329],[-12.4995,7.636],[-12.4992,7.6368],[-12.499,7.6384],[-12.4989,7.6395],[-12.4991,7.6404],[-12.4991,7.6415],[-12.4986,7.6426],[-12.4973,7.6439],[-12.4951,7.6456],[-12.4881,7.649],[-12.4922,7.6547],[-12.4958,7.6533],[-12.4975,7.6522],[-12.5018,7.6481],[-12.5036,7.6445],[-12.5058,7.6403],[-12.5078,7.6374],[-12.5087,7.6366],[-12.5094,7.6361],[-12.5102,7.6359],[-12.5127,7.6375],[-12.5151,7.64],[-12.5179,7.6437],[-12.5207,7.6463],[-12.5229,7.6471],[-12.5247,7.6472],[-12.5298,7.6468],[-12.5327,7.6472],[-12.5352,7.6488],[-12.5374,7.6511],[-12.5401,7.6547],[-12.5417,7.6584],[-12.5427,7.661],[-12.5434,7.662],[-12.5439,7.6635],[-12.5454,7.6672],[-12.5474,7.6697],[-12.5476,7.6706],[-12.5472,7.6712],[-12.5473,7.6721],[-12.5478,7.6741],[-12.5478,7.6766],[-12.545,7.6817],[-12.5443,7.6836],[-12.5431,7.6843],[-12.5397,7.6852],[-12.5358,7.6858],[-12.531,7.6861],[-12.5245,7.6877],[-12.52,7.6903],[-12.5183,7.6919],[-12.5156,7.6956],[-12.5135,7.7013],[-12.5127,7.7083],[-12.512,7.711],[-12.5095,7.7196],[-12.5058,7.7237],[-12.5026,7.7275],[-12.4966,7.7358],[-12.4936,7.7392],[-12.4908,7.744],[-12.4903,7.7448],[-12.4894,7.7454],[-12.4882,7.7455],[-12.4871,7.7451],[-12.4843,7.7423],[-12.478,7.7306],[-12.4762,7.7279],[-12.4747,7.726],[-12.4726,7.724],[-12.4706,7.7224],[-12.4686,7.7215],[-12.4667,7.7208],[-12.4653,7.7205],[-12.4634,7.7202],[-12.4607,7.7203],[-12.458,7.721],[-12.4558,7.7218],[-12.4532,7.7233],[-12.4502,7.7267],[-12.4489,7.7287],[-12.448,7.7307],[-12.4472,7.7333],[-12.4466,7.7351],[-12.447,7.7413],[-12.4493,7.7392],[-12.45,7.7366],[-12.4525,7.7326],[-12.4552,7.7292],[-12.4588,7.7255],[-12.46,7.7246],[-12.461,7.7241],[-12.4621,7.7238],[-12.463,7.7238],[-12.464,7.7238],[-12.4672,7.7247],[-12.4678,7.7251],[-12.4695,7.7264],[-12.4704,7.7278],[-12.471,7.7288],[-12.4717,7.7303],[-12.473,7.739],[-12.4735,7.7413],[-12.4744,7.7433],[-12.4755,7.7446],[-12.4769,7.7467],[-12.4778,7.7479],[-12.4794,7.7492],[-12.4807,7.7499],[-12.4815,7.7504],[-12.4817,7.7509],[-12.4794,7.7553],[-12.4787,7.7585],[-12.4784,7.7601],[-12.4781,7.7643],[-12.479,7.7682],[-12.4787,7.77],[-12.4785,7.7753],[-12.485,7.7703],[-12.4868,7.7678],[-12.4892,7.7612],[-12.4913,7.7563],[-12.4949,7.7511],[-12.4969,7.7482],[-12.5046,7.7447],[-12.509,7.7431],[-12.516,7.738],[-12.5195,7.7334],[-12.5235,7.7299],[-12.5266,7.7278],[-12.5298,7.7273],[-12.5333,7.7254],[-12.5393,7.721],[-12.5428,7.7186],[-12.5474,7.7148],[-12.5522,7.7106],[-12.5576,7.7071],[-12.5627,7.7045],[-12.5723,7.6984],[-12.5754,7.6945],[-12.5801,7.6907],[-12.5855,7.6862],[-12.5873,7.6852],[-12.59,7.6851],[-12.5928,7.6864],[-12.5967,7.6867],[-12.6003,7.6866],[-12.6043,7.6871],[-12.6112,7.6885],[-12.6181,7.6892],[-12.6201,7.6897],[-12.6211,7.6908],[-12.6212,7.6919],[-12.6203,7.6949],[-12.6169,7.6995],[-12.615,7.7007],[-12.6159,7.7021],[-12.6174,7.7034],[-12.6203,7.7013],[-12.6227,7.6992],[-12.6248,7.696],[-12.6262,7.6948],[-12.6278,7.694],[-12.6301,7.6939],[-12.6371,7.6947],[-12.6443,7.6965],[-12.65,7.6974],[-12.6552,7.6987],[-12.6635,7.7019],[-12.6715,7.706],[-12.677,7.7075],[-12.6805,7.7086],[-12.6827,7.7076],[-12.688,7.7068],[-12.6921,7.7064],[-12.7045,7.702],[-12.7067,7.702],[-12.7091,7.7013],[-12.7119,7.702],[-12.7137,7.7046],[-12.7156,7.7086],[-12.7217,7.715],[-12.7246,7.7163],[-12.726,7.716],[-12.7344,7.7208],[-12.7396,7.7249],[-12.7415,7.7274],[-12.7457,7.7342],[-12.7486,7.7371],[-12.7505,7.7391],[-12.7533,7.7423],[-12.7544,7.7423],[-12.7548,7.7453],[-12.7552,7.7462],[-12.7562,7.7463],[-12.7572,7.7467],[-12.7582,7.7464],[-12.7594,7.7448],[-12.7603,7.744],[-12.7613,7.744],[-12.7655,7.7453],[-12.7674,7.7466],[-12.7699,7.7481],[-12.7721,7.7488],[-12.775,7.7508],[-12.778,7.754],[-12.7783,7.7559],[-12.7793,7.7562],[-12.7823,7.7567],[-12.7862,7.7581],[-12.7881,7.7597],[-12.7903,7.7651],[-12.7911,7.7706],[-12.7912,7.7753],[-12.7911,7.7818],[-12.7916,7.7876],[-12.793,7.7943],[-12.7941,7.7954],[-12.7958,7.7954],[-12.7983,7.7958],[-12.8028,7.7964],[-12.8035,7.7961],[-12.8055,7.7926],[-12.8056,7.7915],[-12.807,7.7897],[-12.8078,7.7896],[-12.8084,7.7905],[-12.8088,7.7906],[-12.8099,7.7899],[-12.8113,7.7902],[-12.8119,7.7911],[-12.8118,7.7921],[-12.8124,7.7925],[-12.8144,7.7924],[-12.8158,7.7936],[-12.8193,7.7949],[-12.8223,7.7952],[-12.8244,7.7964],[-12.8261,7.7963],[-12.8321,7.8003],[-12.8369,7.8025],[-12.8397,7.8037],[-12.8447,7.8086],[-12.8467,7.8084],[-12.849,7.8094],[-12.8522,7.813],[-12.8573,7.8173],[-12.8621,7.8207],[-12.8646,7.8204],[-12.867,7.8216],[-12.8725,7.8251],[-12.8793,7.8397],[-12.8808,7.8417],[-12.8849,7.8455],[-12.8879,7.8499],[-12.8914,7.8532],[-12.8958,7.8588],[-12.8989,7.8622],[-12.9037,7.8664],[-12.9081,7.8698],[-12.9162,7.8704],[-12.9259,7.8696],[-12.9285,7.8723],[-12.9311,7.8784],[-12.9361,7.8883],[-12.9397,7.8935],[-12.942,7.8955],[-12.9459,7.9007],[-12.9532,7.9078],[-12.955,7.909],[-12.9571,7.9083],[-12.9601,7.9135],[-12.9609,7.9167],[-12.9598,7.9184],[-12.9574,7.9178],[-12.956,7.9179],[-12.9545,7.9166],[-12.9538,7.917],[-12.9508,7.9153],[-12.9472,7.9167],[-12.9457,7.918],[-12.9435,7.918],[-12.9404,7.9201],[-12.9387,7.9212],[-12.9365,7.9203],[-12.9356,7.9201],[-12.9321,7.9213],[-12.9283,7.9253],[-12.923,7.9289],[-12.9203,7.9308],[-12.9199,7.9326],[-12.9176,7.9332],[-12.914,7.9365],[-12.9136,7.9379],[-12.9097,7.9402],[-12.9088,7.9422],[-12.9049,7.9445],[-12.9034,7.9443],[-12.9044,7.941],[-12.9025,7.9405],[-12.9008,7.9439],[-12.8951,7.9459],[-12.8921,7.9477],[-12.8775,7.9427],[-12.8722,7.9422],[-12.8641,7.9426],[-12.8592,7.9418],[-12.8551,7.9403],[-12.849,7.936],[-12.8463,7.941],[-12.8511,7.9434],[-12.8546,7.9446],[-12.859,7.9472],[-12.8644,7.9506],[-12.8707,7.9526],[-12.8765,7.955],[-12.8888,7.9588],[-12.8886,7.9603],[-12.8919,7.968],[-12.8931,7.9735],[-12.8924,7.9827],[-12.8939,7.9845],[-12.8956,7.992],[-12.8955,7.9973],[-12.8977,7.9999],[-12.8988,8.0021],[-12.8983,8.0072],[-12.8991,8.0095],[-12.8996,8.0155],[-12.9003,8.0212],[-12.9015,8.0221],[-12.9018,8.0254],[-12.9008,8.0275],[-12.9018,8.0325],[-12.9051,8.0369],[-12.9045,8.0378],[-12.9053,8.0415],[-12.9035,8.0451],[-12.901,8.0477],[-12.8993,8.0557],[-12.9,8.0637],[-12.9,8.0685],[-12.8979,8.0708],[-12.8957,8.0761],[-12.8952,8.0793],[-12.8973,8.0833],[-12.8977,8.0841],[-12.8973,8.0849],[-12.8974,8.0856],[-12.9027,8.0896],[-12.9069,8.0921],[-12.91,8.0925],[-12.9118,8.0932],[-12.9132,8.095],[-12.912,8.0964],[-12.9111,8.0986],[-12.9123,8.1015],[-12.9151,8.1056],[-12.9183,8.1085],[-12.9207,8.1097],[-12.9226,8.1099],[-12.9225,8.1103],[-12.9212,8.1108],[-12.9205,8.112],[-12.9204,8.114],[-12.9215,8.1167],[-12.9242,8.1215],[-12.9263,8.1268],[-12.9302,8.135],[-12.9317,8.1359],[-12.9327,8.1363],[-12.932,8.1376],[-12.9324,8.1392],[-12.9374,8.1491],[-12.9406,8.1546],[-12.9457,8.1605],[-12.9502,8.1639],[-12.9514,8.164],[-12.9528,8.1645],[-12.9539,8.1687],[-12.961,8.1764],[-12.972,8.1888],[-12.9908,8.2053],[-12.993,8.2096],[-12.9928,8.2116],[-12.9918,8.2139],[-12.9898,8.2174],[-12.9881,8.2172],[-12.9873,8.2175],[-12.9859,8.2245],[-12.9874,8.2331],[-12.9863,8.2361],[-12.9839,8.2401],[-12.9794,8.246],[-12.9758,8.2536],[-12.9749,8.2575],[-12.9739,8.2628],[-12.975,8.2639],[-12.9759,8.2646],[-12.9816,8.2553],[-12.9843,8.2477],[-12.9888,8.2395],[-12.9901,8.2376],[-12.9917,8.2374],[-12.9986,8.2374],[-13.0013,8.2364],[-13.0044,8.2335],[-13.0069,8.2344],[-13.0121,8.2351],[-13.017,8.2384],[-13.0172,8.2398],[-13.0297,8.2358],[-13.0335,8.2355],[-13.0378,8.2363],[-13.0453,8.2395],[-13.0493,8.24],[-13.0532,8.2394],[-13.0539,8.2383],[-13.0623,8.2386],[-13.0653,8.2379],[-13.0677,8.2363],[-13.0692,8.2362],[-13.0742,8.2328],[-13.0795,8.23],[-13.0797,8.2282],[-13.0823,8.2264],[-13.0831,8.2198],[-13.086,8.2175],[-13.0912,8.2162],[-13.0955,8.2136],[-13.0984,8.2138],[-13.1005,8.2127],[-13.1032,8.2066],[-13.105,8.2059],[-13.1069,8.2037],[-13.1073,8.2014],[-13.1098,8.2018],[-13.1129,8.2008],[-13.1142,8.1992],[-13.1162,8.1997],[-13.1208,8.197],[-13.1268,8.197],[-13.1294,8.1964],[-13.1309,8.1942],[-13.1336,8.1924],[-13.1349,8.189],[-13.138,8.1884],[-13.1418,8.1833],[-13.1458,8.1791],[-13.1482,8.1784],[-13.1546,8.1736],[-13.1579,8.1704],[-13.1606,8.1696],[-13.1631,8.1717],[-13.1645,8.1732],[-13.165,8.1752],[-13.1641,8.1761],[-13.1638,8.1758],[-13.163,8.1762],[-13.162,8.1779],[-13.1613,8.1812],[-13.1617,8.1836],[-13.1625,8.1844],[-13.1623,8.185],[-13.1626,8.1868],[-13.1629,8.1876],[-13.1625,8.1891],[-13.1628,8.1911],[-13.1636,8.1925],[-13.1636,8.1932],[-13.1628,8.1946],[-13.1619,8.1949],[-13.1615,8.1952],[-13.1608,8.1967],[-13.1609,8.1978],[-13.1612,8.1983],[-13.1614,8.1996],[-13.1612,8.2008],[-13.1609,8.2014],[-13.1594,8.2022],[-13.1582,8.2047],[-13.1579,8.2064],[-13.1576,8.2069],[-13.1571,8.2069],[-13.1563,8.2086],[-13.1556,8.2094],[-13.1553,8.2104],[-13.1555,8.2148],[-13.1574,8.2228],[-13.1591,8.2304],[-13.1601,8.2334],[-13.1611,8.2356],[-13.1623,8.2366],[-13.1632,8.2371],[-13.1634,8.2377],[-13.1631,8.2382],[-13.1631,8.2401],[-13.163,8.241],[-13.1638,8.244],[-13.1644,8.2468],[-13.1656,8.2497],[-13.1657,8.2511],[-13.1668,8.2543],[-13.1673,8.2552],[-13.1696,8.2558],[-13.1709,8.2564],[-13.1728,8.2567],[-13.1742,8.2576],[-13.1745,8.2584],[-13.1734,8.2589],[-13.1741,8.2592],[-13.1742,8.26],[-13.1738,8.2606],[-13.1724,8.2607],[-13.173,8.2612],[-13.1724,8.2632],[-13.1727,8.2635],[-13.1722,8.2648],[-13.171,8.2642],[-13.1695,8.2657],[-13.1694,8.2667],[-13.1702,8.2669],[-13.169,8.2672],[-13.1689,8.2679],[-13.1692,8.2687],[-13.1689,8.2685],[-13.1683,8.268],[-13.1673,8.2699],[-13.1674,8.2716],[-13.1685,8.2753],[-13.1694,8.2763],[-13.1699,8.278],[-13.1711,8.2788],[-13.1712,8.2796],[-13.1702,8.2802],[-13.167,8.2813],[-13.1644,8.2824],[-13.1631,8.2835],[-13.1601,8.2849],[-13.1589,8.2857],[-13.1603,8.2858],[-13.1619,8.2862],[-13.1633,8.2863],[-13.1644,8.2859],[-13.1654,8.2862],[-13.1658,8.2869],[-13.1661,8.2866],[-13.1663,8.2859],[-13.1667,8.285],[-13.1674,8.2846],[-13.169,8.2842],[-13.1698,8.2844],[-13.1703,8.2849],[-13.1701,8.2855],[-13.1706,8.2855],[-13.1713,8.2853],[-13.1722,8.2844],[-13.1722,8.2834],[-13.1731,8.2829],[-13.1747,8.2834],[-13.1757,8.2812],[-13.1766,8.283],[-13.178,8.2832],[-13.1798,8.2829],[-13.1816,8.2832],[-13.1824,8.284],[-13.1836,8.2834],[-13.1844,8.2837],[-13.1841,8.2841],[-13.184,8.2846],[-13.1837,8.2846],[-13.1834,8.2856],[-13.1845,8.2868],[-13.1847,8.2884],[-13.1853,8.2888],[-13.1853,8.2896],[-13.1864,8.2916],[-13.1876,8.2916],[-13.188,8.2922],[-13.1878,8.2931],[-13.1889,8.2946],[-13.19,8.2958],[-13.1907,8.2963],[-13.1921,8.2958],[-13.1926,8.2963],[-13.1925,8.2974],[-13.1937,8.2983],[-13.1936,8.2988],[-13.1926,8.2995],[-13.1939,8.3001],[-13.1939,8.3006],[-13.1936,8.3009],[-13.1929,8.3004],[-13.1911,8.3016],[-13.1907,8.3032],[-13.1922,8.3064],[-13.195,8.3098],[-13.196,8.3118],[-13.1962,8.3161],[-13.1967,8.3187],[-13.1973,8.3215],[-13.1986,8.3246],[-13.2003,8.3276],[-13.2018,8.3293],[-13.2043,8.3333],[-13.2066,8.336],[-13.2095,8.3373],[-13.2131,8.3372],[-13.2154,8.34],[-13.2185,8.3422],[-13.22,8.3412],[-13.2215,8.3425],[-13.2268,8.3441],[-13.2295,8.3435],[-13.2308,8.3447],[-13.2329,8.3445],[-13.2341,8.3459],[-13.2353,8.3499],[-13.2395,8.3553],[-13.2445,8.3613],[-13.2483,8.3664],[-13.2516,8.3726],[-13.2581,8.3784],[-13.2598,8.3791],[-13.2606,8.3805],[-13.2604,8.3808],[-13.261,8.3811],[-13.2614,8.3817],[-13.2618,8.3818],[-13.2626,8.3824],[-13.2634,8.3833],[-13.2635,8.3841],[-13.264,8.3846],[-13.264,8.3849],[-13.2639,8.385],[-13.264,8.3852],[-13.2638,8.3855],[-13.2636,8.3855],[-13.2634,8.3855],[-13.2633,8.3855],[-13.2631,8.3854],[-13.2627,8.386],[-13.2626,8.3865],[-13.2625,8.3872],[-13.2627,8.3879],[-13.2632,8.3896],[-13.2641,8.3917],[-13.2656,8.3944],[-13.2665,8.3956],[-13.2674,8.3966],[-13.268,8.3971],[-13.2686,8.3975],[-13.2691,8.3977],[-13.2694,8.3977],[-13.2697,8.3976],[-13.2697,8.3974],[-13.2698,8.3971],[-13.27,8.3969],[-13.2704,8.397],[-13.2705,8.3971],[-13.2702,8.3977],[-13.2701,8.3978],[-13.2699,8.3977],[-13.2698,8.3978],[-13.2697,8.398],[-13.2699,8.3992],[-13.27,8.3996],[-13.2702,8.4005],[-13.2704,8.4026],[-13.2705,8.4028],[-13.2706,8.4028],[-13.2712,8.4041],[-13.2714,8.4047],[-13.2718,8.4055],[-13.2722,8.4057],[-13.2721,8.4059],[-13.272,8.406],[-13.2719,8.4063],[-13.2725,8.408],[-13.2735,8.4096],[-13.2757,8.4126],[-13.277,8.4143],[-13.2781,8.4161],[-13.2793,8.4177],[-13.2797,8.4179],[-13.28,8.4189],[-13.2804,8.4194],[-13.2806,8.42],[-13.2812,8.4207],[-13.2819,8.4212],[-13.2827,8.4216],[-13.2842,8.4215],[-13.285,8.4207],[-13.2855,8.42],[-13.2858,8.4195],[-13.2865,8.4194],[-13.2871,8.4191],[-13.2876,8.4191],[-13.2884,8.4195],[-13.2886,8.42],[-13.2888,8.4201],[-13.2891,8.42],[-13.2899,8.4203],[-13.2903,8.4201],[-13.2908,8.4202],[-13.2919,8.421],[-13.2921,8.4213],[-13.293,8.4221],[-13.2933,8.4224],[-13.2935,8.423],[-13.2933,8.4235],[-13.2926,8.4237],[-13.2921,8.4238],[-13.2918,8.4243],[-13.2914,8.4247],[-13.2913,8.4247],[-13.2911,8.4245],[-13.2909,8.4245],[-13.2906,8.425],[-13.2902,8.425],[-13.2897,8.4251],[-13.2891,8.4258],[-13.2889,8.4265],[-13.2889,8.4274],[-13.2891,8.4292],[-13.2903,8.4337],[-13.2925,8.4352],[-13.2929,8.4359],[-13.293,8.4363],[-13.2931,8.4368],[-13.2928,8.4371],[-13.2925,8.4371],[-13.292,8.437],[-13.2918,8.4369],[-13.291,8.4365],[-13.2905,8.4364],[-13.29,8.4357],[-13.2897,8.4354],[-13.2891,8.4353],[-13.2886,8.4354],[-13.2878,8.4351],[-13.2876,8.4348],[-13.2861,8.4362],[-13.2858,8.4362],[-13.2844,8.4357],[-13.2841,8.4358],[-13.283,8.4375],[-13.2826,8.4376],[-13.282,8.4373],[-13.2814,8.4378],[-13.2807,8.439],[-13.28,8.4406],[-13.2797,8.4423],[-13.2796,8.4442],[-13.2797,8.4476],[-13.28,8.451],[-13.2803,8.4516],[-13.2806,8.4521],[-13.2805,8.4529],[-13.2807,8.4531],[-13.2806,8.4531],[-13.2805,8.4531],[-13.2804,8.453],[-13.2803,8.4531],[-13.2802,8.4533],[-13.28,8.4532],[-13.2799,8.4531],[-13.2798,8.453],[-13.2794,8.4532],[-13.2792,8.4534],[-13.279,8.454],[-13.2789,8.4548],[-13.2788,8.4554],[-13.2787,8.4558],[-13.2787,8.4564],[-13.2788,8.4581],[-13.2789,8.4589],[-13.2791,8.4598],[-13.2796,8.4615],[-13.28,8.4629],[-13.2804,8.4649],[-13.2808,8.4664],[-13.2815,8.4681],[-13.2819,8.469],[-13.2823,8.4708],[-13.283,8.4725],[-13.2858,8.4793],[-13.2868,8.4818],[-13.2873,8.4831],[-13.2877,8.4839],[-13.2884,8.4853],[-13.2899,8.488],[-13.2908,8.4897],[-13.2916,8.4909],[-13.2928,8.4922],[-13.2934,8.4926],[-13.294,8.493],[-13.2945,8.4931],[-13.295,8.493],[-13.2951,8.4928],[-13.295,8.4927],[-13.295,8.4926],[-13.295,8.4924],[-13.2951,8.4924],[-13.2953,8.4924],[-13.2955,8.4925],[-13.2959,8.4924],[-13.2965,8.4926],[-13.2969,8.4929],[-13.297,8.4931],[-13.2976,8.4935],[-13.2982,8.4939],[-13.2985,8.4943],[-13.2985,8.4946],[-13.2983,8.4949],[-13.2981,8.4949],[-13.2979,8.4948],[-13.2978,8.4947],[-13.2977,8.4947],[-13.2978,8.4951],[-13.2979,8.4955],[-13.2978,8.4963],[-13.2977,8.4966],[-13.2973,8.4967],[-13.2971,8.4969],[-13.2971,8.4974],[-13.297,8.4976],[-13.297,8.4979],[-13.2969,8.4984],[-13.297,8.4988],[-13.2968,8.499],[-13.2965,8.4991],[-13.2962,8.4991],[-13.2959,8.4989],[-13.2956,8.4986],[-13.2957,8.4984],[-13.2959,8.4984],[-13.2957,8.4981],[-13.2954,8.4977],[-13.2952,8.4974],[-13.2949,8.4973],[-13.2946,8.4973],[-13.2943,8.4971],[-13.2941,8.4967],[-13.294,8.4967],[-13.2939,8.4965],[-13.2941,8.4964],[-13.2941,8.4962],[-13.294,8.496],[-13.2941,8.4959],[-13.2942,8.4957],[-13.2944,8.4957],[-13.2944,8.4954],[-13.2946,8.4953],[-13.2945,8.4948],[-13.2942,8.4945],[-13.2934,8.4941],[-13.2928,8.4941],[-13.2922,8.4941],[-13.2919,8.4942],[-13.2917,8.4943],[-13.2914,8.4946],[-13.2914,8.4947],[-13.2914,8.4949],[-13.2922,8.4957],[-13.2922,8.4964],[-13.292,8.4967],[-13.2917,8.497],[-13.2909,8.497],[-13.2908,8.497],[-13.2907,8.4971],[-13.2907,8.4975],[-13.2906,8.4979],[-13.2906,8.4982],[-13.2905,8.4984],[-13.2906,8.4985],[-13.2905,8.4988],[-13.2903,8.4991],[-13.2897,8.4994],[-13.2885,8.4995],[-13.2882,8.4996],[-13.288,8.4997],[-13.2865,8.4991],[-13.2858,8.4978],[-13.285,8.4965],[-13.2834,8.4948],[-13.2829,8.4948],[-13.2828,8.4952],[-13.2821,8.4961],[-13.2811,8.4963],[-13.2808,8.4954],[-13.2803,8.4951],[-13.2803,8.4946],[-13.2804,8.494],[-13.2797,8.4935],[-13.2791,8.4939],[-13.2787,8.4939],[-13.2783,8.4933],[-13.2779,8.4937],[-13.2773,8.494],[-13.2765,8.4935],[-13.276,8.4935],[-13.2758,8.494],[-13.2753,8.4939],[-13.275,8.4934],[-13.2744,8.4933],[-13.274,8.4934],[-13.2739,8.4931],[-13.2748,8.4926],[-13.2753,8.492],[-13.276,8.4919],[-13.2775,8.4923],[-13.2789,8.4921],[-13.2799,8.4921],[-13.2802,8.4915],[-13.2816,8.4903],[-13.2827,8.4883],[-13.2832,8.4875],[-13.2834,8.4866],[-13.2829,8.487],[-13.282,8.4874],[-13.2808,8.4872],[-13.2803,8.4867],[-13.2799,8.4853],[-13.2798,8.4846],[-13.2804,8.4831],[-13.2803,8.483],[-13.2799,8.4829],[-13.2797,8.482],[-13.2791,8.4801],[-13.2787,8.4795],[-13.2788,8.4791],[-13.2799,8.4787],[-13.2801,8.4785],[-13.2803,8.4778],[-13.2805,8.4766],[-13.2802,8.4761],[-13.2802,8.4754],[-13.2802,8.4747],[-13.2804,8.4742],[-13.2811,8.4734],[-13.2815,8.4728],[-13.2814,8.4724],[-13.281,8.4717],[-13.2806,8.4713],[-13.2801,8.4702],[-13.2798,8.4698],[-13.2783,8.4683],[-13.2778,8.468],[-13.2776,8.4681],[-13.2777,8.4683],[-13.2779,8.4687],[-13.2779,8.4688],[-13.2783,8.4694],[-13.2788,8.4696],[-13.2791,8.4699],[-13.2794,8.4714],[-13.2793,8.4729],[-13.2794,8.4733],[-13.2794,8.4739],[-13.2793,8.4741],[-13.2784,8.4754],[-13.2782,8.4758],[-13.2783,8.4759],[-13.2781,8.4762],[-13.2781,8.4764],[-13.2779,8.477],[-13.2776,8.4774],[-13.2775,8.4774],[-13.2774,8.4774],[-13.2769,8.4777],[-13.2765,8.4779],[-13.2767,8.4785],[-13.2766,8.4786],[-13.2763,8.4788],[-13.2762,8.4789],[-13.2774,8.4805],[-13.2773,8.4811],[-13.2772,8.4812],[-13.2769,8.4814],[-13.2771,8.4818],[-13.277,8.4821],[-13.2767,8.4821],[-13.2764,8.4826],[-13.2762,8.4828],[-13.2758,8.4829],[-13.275,8.4825],[-13.2752,8.4829],[-13.2752,8.4836],[-13.2751,8.4838],[-13.2744,8.4837],[-13.2743,8.4839],[-13.2749,8.4839],[-13.2749,8.4844],[-13.275,8.4852],[-13.2749,8.4855],[-13.2748,8.4862],[-13.2746,8.4864],[-13.2739,8.4865],[-13.2737,8.487],[-13.2737,8.4872],[-13.2739,8.4878],[-13.274,8.4884],[-13.2737,8.4884],[-13.2737,8.4886],[-13.2736,8.4888],[-13.2732,8.489],[-13.2731,8.4891],[-13.2729,8.4895],[-13.2724,8.49],[-13.2721,8.4905],[-13.2723,8.4913],[-13.2726,8.4916],[-13.2725,8.492],[-13.2725,8.4923],[-13.2729,8.4924],[-13.2729,8.4925],[-13.2727,8.4926],[-13.2724,8.4926],[-13.2721,8.4925],[-13.2717,8.4931],[-13.2711,8.4936],[-13.2711,8.4939],[-13.2714,8.4942],[-13.2712,8.4947],[-13.2709,8.4949],[-13.2708,8.4952],[-13.2707,8.4953],[-13.2703,8.4955],[-13.2701,8.4956],[-13.2697,8.496],[-13.269,8.4967],[-13.2683,8.4972],[-13.2681,8.4972],[-13.2675,8.4968],[-13.2672,8.4966],[-13.2668,8.4965],[-13.2663,8.4966],[-13.266,8.4965],[-13.265,8.4959],[-13.2646,8.4959],[-13.264,8.4956],[-13.2636,8.4952],[-13.2632,8.4947],[-13.2629,8.4946],[-13.2626,8.4941],[-13.2623,8.494],[-13.2616,8.4941],[-13.2614,8.4935],[-13.2609,8.4928],[-13.2605,8.4924],[-13.2604,8.4922],[-13.2605,8.492],[-13.2603,8.4916],[-13.26,8.4913],[-13.2594,8.4905],[-13.2592,8.4902],[-13.2592,8.4898],[-13.2599,8.4892],[-13.26,8.4889],[-13.2601,8.4883],[-13.2602,8.4881],[-13.2601,8.488],[-13.2594,8.4873],[-13.2596,8.4871],[-13.2594,8.487],[-13.2593,8.4869],[-13.259,8.4871],[-13.2591,8.4874],[-13.2589,8.4876],[-13.2581,8.4881],[-13.2578,8.4882],[-13.2574,8.4876],[-13.2577,8.4875],[-13.2577,8.4874],[-13.2578,8.4873],[-13.2577,8.4869],[-13.2579,8.4868],[-13.2577,8.4865],[-13.258,8.4864],[-13.2579,8.4862],[-13.2575,8.4859],[-13.2569,8.4856],[-13.2566,8.4855],[-13.2565,8.4854],[-13.2565,8.485],[-13.2564,8.4847],[-13.256,8.4845],[-13.2559,8.4844],[-13.2557,8.4844],[-13.2555,8.4844],[-13.255,8.4843],[-13.2544,8.4845],[-13.2534,8.4849],[-13.2529,8.4852],[-13.2528,8.4855],[-13.2524,8.4856],[-13.2522,8.4859],[-13.2527,8.4863],[-13.2528,8.4865],[-13.2526,8.4868],[-13.2532,8.4877],[-13.2533,8.4897],[-13.2514,8.4924],[-13.2499,8.4933],[-13.249,8.4934],[-13.2485,8.4934],[-13.2483,8.4933],[-13.2478,8.4937],[-13.2472,8.4936],[-13.2468,8.4933],[-13.2463,8.4931],[-13.2456,8.4928],[-13.2437,8.4909],[-13.2434,8.4904],[-13.2434,8.49],[-13.2431,8.4895],[-13.2421,8.4883],[-13.2411,8.489],[-13.2408,8.4889],[-13.2404,8.4889],[-13.2402,8.4887],[-13.2399,8.4886],[-13.2394,8.4885],[-13.2393,8.4886],[-13.2392,8.4889],[-13.239,8.4892],[-13.2386,8.4893],[-13.2384,8.4894],[-13.2383,8.4894],[-13.2375,8.4898],[-13.2375,8.4899],[-13.2375,8.4901],[-13.2374,8.4903],[-13.2375,8.4905],[-13.2374,8.4906],[-13.2368,8.4912],[-13.2364,8.4914],[-13.2362,8.4915],[-13.2363,8.4917],[-13.2362,8.4917],[-13.2363,8.4918],[-13.2362,8.4919],[-13.2358,8.4921],[-13.2356,8.4919],[-13.2352,8.4919],[-13.2349,8.4918],[-13.2344,8.4921],[-13.2343,8.4922],[-13.2339,8.4924],[-13.2332,8.4929],[-13.233,8.493],[-13.2325,8.4932],[-13.2323,8.4932],[-13.2322,8.493],[-13.2319,8.4925],[-13.2319,8.4922],[-13.2316,8.4917],[-13.2316,8.4915],[-13.2312,8.4911],[-13.2311,8.491],[-13.2307,8.4909],[-13.2306,8.4909],[-13.2302,8.4906],[-13.2296,8.4898],[-13.2293,8.4897],[-13.2291,8.4899],[-13.2289,8.49],[-13.2288,8.49],[-13.2286,8.4902],[-13.2286,8.4904],[-13.2285,8.4905],[-13.2283,8.4908],[-13.2282,8.4909],[-13.2282,8.4913],[-13.228,8.4915],[-13.2278,8.4915],[-13.2276,8.4915],[-13.2274,8.4915],[-13.2273,8.4916],[-13.2274,8.4917],[-13.2276,8.4916],[-13.2276,8.4917],[-13.2276,8.4919],[-13.2275,8.4919],[-13.2274,8.4918],[-13.2273,8.4919],[-13.2271,8.4919],[-13.227,8.4919],[-13.2267,8.4918],[-13.226,8.4913],[-13.226,8.4912],[-13.2259,8.4913],[-13.2258,8.4913],[-13.2257,8.4913],[-13.2256,8.4913],[-13.2255,8.4912],[-13.2254,8.4911],[-13.2254,8.491],[-13.2252,8.491],[-13.225,8.491],[-13.2248,8.491],[-13.2246,8.4909],[-13.2241,8.4909],[-13.224,8.4907],[-13.2238,8.4906],[-13.2237,8.4906],[-13.2233,8.4906],[-13.2229,8.4908],[-13.2227,8.4908],[-13.2223,8.4908],[-13.2223,8.4907],[-13.2222,8.4907],[-13.2222,8.4906],[-13.2221,8.4906],[-13.2218,8.4907],[-13.2216,8.4907],[-13.2214,8.4907],[-13.2213,8.4906],[-13.2212,8.4906],[-13.221,8.4907],[-13.2207,8.4908],[-13.2177,8.4915],[-13.2165,8.494],[-13.2101,8.4941],[-13.2068,8.4917],[-13.2058,8.4909],[-13.2051,8.4908],[-13.2047,8.4906],[-13.2039,8.4908],[-13.2033,8.4907],[-13.2031,8.4906],[-13.203,8.4902],[-13.2028,8.4898],[-13.2028,8.4897],[-13.2029,8.4896],[-13.2029,8.4893],[-13.2028,8.4891],[-13.2034,8.4885],[-13.2035,8.4881],[-13.2036,8.4879],[-13.2037,8.4878],[-13.204,8.4876],[-13.2041,8.4877],[-13.2043,8.4876],[-13.2045,8.4873],[-13.2047,8.4872],[-13.2053,8.4871],[-13.2054,8.4872],[-13.2055,8.4873],[-13.2056,8.4874],[-13.2058,8.4875],[-13.2058,8.4878],[-13.2059,8.4879],[-13.206,8.4879],[-13.2061,8.4879],[-13.2061,8.4878],[-13.2063,8.4878],[-13.2065,8.4876],[-13.2065,8.4875],[-13.2066,8.4875],[-13.2067,8.4874],[-13.2067,8.4873],[-13.2067,8.4872],[-13.2067,8.4871],[-13.2065,8.487],[-13.2064,8.487],[-13.2061,8.487],[-13.206,8.487],[-13.206,8.4869],[-13.206,8.4868],[-13.206,8.4867],[-13.2059,8.4865],[-13.2059,8.4864],[-13.2058,8.4862],[-13.2059,8.4859],[-13.2058,8.4859],[-13.2057,8.4859],[-13.2054,8.4859],[-13.2054,8.486],[-13.2053,8.486],[-13.205,8.486],[-13.205,8.4859],[-13.2049,8.4858],[-13.2048,8.4857],[-13.2046,8.4857],[-13.2045,8.4856],[-13.2043,8.4854],[-13.2042,8.4854],[-13.2036,8.4855],[-13.2035,8.4855],[-13.2031,8.4856],[-13.203,8.4856],[-13.2028,8.4856],[-13.2027,8.4856],[-13.2026,8.4856],[-13.2026,8.4855],[-13.2029,8.4854],[-13.2028,8.4852],[-13.2029,8.4849],[-13.2029,8.4848],[-13.2031,8.4847],[-13.2031,8.4845],[-13.2032,8.4845],[-13.2033,8.4844],[-13.2033,8.4842],[-13.2033,8.4838],[-13.2033,8.4836],[-13.2033,8.4834],[-13.2033,8.4832],[-13.2032,8.4829],[-13.2032,8.4828],[-13.2032,8.4827],[-13.2033,8.4825],[-13.2029,8.4821],[-13.2028,8.4819],[-13.2026,8.4815],[-13.2025,8.4813],[-13.2017,8.4809],[-13.2016,8.4809],[-13.2014,8.4809],[-13.2013,8.4809],[-13.2012,8.4809],[-13.2008,8.4813],[-13.2006,8.4814],[-13.2003,8.4814],[-13.1998,8.4817],[-13.1996,8.4818],[-13.1994,8.4817],[-13.199,8.4816],[-13.1986,8.4814],[-13.1984,8.4811],[-13.1981,8.481],[-13.1979,8.4809],[-13.1978,8.4808],[-13.1974,8.4807],[-13.1969,8.4805],[-13.1968,8.4805],[-13.1968,8.4806],[-13.1967,8.4807],[-13.1964,8.4808],[-13.1963,8.4809],[-13.1961,8.481],[-13.1957,8.4812],[-13.1956,8.4812],[-13.1955,8.4812],[-13.1954,8.4813],[-13.1955,8.4813],[-13.1956,8.4814],[-13.1956,8.4815],[-13.1956,8.4816],[-13.1956,8.4818],[-13.1956,8.4819],[-13.1954,8.4819],[-13.1953,8.482],[-13.1949,8.4821],[-13.1949,8.4822],[-13.1948,8.4823],[-13.1946,8.4824],[-13.1946,8.4823],[-13.1945,8.4823],[-13.194,8.4824],[-13.1941,8.483],[-13.194,8.483],[-13.1939,8.4824],[-13.1937,8.4823],[-13.1935,8.482],[-13.1932,8.4817],[-13.1929,8.4813],[-13.1927,8.4813],[-13.1918,8.4809],[-13.1916,8.481],[-13.1914,8.481],[-13.1911,8.481],[-13.1909,8.481],[-13.1906,8.481],[-13.1899,8.4811],[-13.1895,8.4811],[-13.1889,8.4815],[-13.1878,8.4823],[-13.1876,8.4824],[-13.1871,8.4823],[-13.1869,8.4822],[-13.1866,8.4819],[-13.1857,8.4814],[-13.1855,8.4812],[-13.1852,8.4808],[-13.1851,8.4805],[-13.1851,8.4803],[-13.1853,8.4792],[-13.1853,8.4789],[-13.1852,8.4788],[-13.185,8.4786],[-13.1848,8.4783],[-13.1847,8.4781],[-13.1843,8.4779],[-13.1841,8.478],[-13.184,8.4782],[-13.1838,8.4783],[-13.183,8.4782],[-13.1822,8.4779],[-13.182,8.4777],[-13.1819,8.4772],[-13.1817,8.4769],[-13.1815,8.4767],[-13.1811,8.476],[-13.1809,8.4749],[-13.1805,8.4745],[-13.18,8.4741],[-13.1797,8.4738],[-13.1793,8.4735],[-13.1791,8.4734],[-13.1784,8.4733],[-13.1781,8.473],[-13.1779,8.4726],[-13.1776,8.4722],[-13.1774,8.472],[-13.1772,8.4716],[-13.1767,8.4714],[-13.1762,8.4708],[-13.1756,8.4704],[-13.1746,8.47],[-13.1742,8.4698],[-13.174,8.4695],[-13.1738,8.4694],[-13.1736,8.4693],[-13.1735,8.4694],[-13.1733,8.4693],[-13.1734,8.4691],[-13.1731,8.4689],[-13.1731,8.4687],[-13.173,8.4684],[-13.1727,8.4681],[-13.1722,8.4678],[-13.172,8.4676],[-13.1717,8.4671],[-13.1716,8.467],[-13.171,8.4659],[-13.1709,8.4655],[-13.1709,8.4651],[-13.1709,8.4648],[-13.1708,8.4645],[-13.1708,8.4642],[-13.1709,8.464],[-13.1709,8.4638],[-13.1708,8.4636],[-13.1705,8.4634],[-13.1704,8.4632],[-13.17,8.4629],[-13.1695,8.4623],[-13.1694,8.4621],[-13.1693,8.4621],[-13.1692,8.4619],[-13.1693,8.4618],[-13.1692,8.4608],[-13.1691,8.4604],[-13.1689,8.4595],[-13.1689,8.4593],[-13.1685,8.4591],[-13.1681,8.4585],[-13.168,8.4581],[-13.1678,8.4576],[-13.1676,8.4574],[-13.1668,8.4564],[-13.1666,8.4559],[-13.1664,8.4557],[-13.1662,8.4556],[-13.1652,8.4557],[-13.1641,8.4555],[-13.1635,8.4553],[-13.1628,8.4551],[-13.1616,8.4545],[-13.161,8.4543],[-13.1597,8.4539],[-13.159,8.4533],[-13.1585,8.4524],[-13.1561,8.4495],[-13.1552,8.4477],[-13.1542,8.4454],[-13.1537,8.4449],[-13.1531,8.4425],[-13.1519,8.4408],[-13.1501,8.4374],[-13.1497,8.4369],[-13.149,8.4354],[-13.1478,8.4339],[-13.1468,8.4325],[-13.1442,8.4309],[-13.1424,8.4297],[-13.142,8.4287],[-13.142,8.4283],[-13.1424,8.4277],[-13.1424,8.4273],[-13.1423,8.4271],[-13.1418,8.4269],[-13.1411,8.4269],[-13.1405,8.4267],[-13.1402,8.4264],[-13.1399,8.426],[-13.1394,8.4258],[-13.1385,8.4257],[-13.1376,8.4255],[-13.1355,8.4247],[-13.135,8.4244],[-13.1346,8.4243],[-13.1333,8.4245],[-13.1325,8.4249],[-13.1321,8.4253],[-13.132,8.426],[-13.1313,8.427],[-13.1308,8.427],[-13.1301,8.4263],[-13.1296,8.4252],[-13.1289,8.4245],[-13.1278,8.4245],[-13.1253,8.4238],[-13.1206,8.4216],[-13.1198,8.4209],[-13.1193,8.4201],[-13.119,8.4193],[-13.1187,8.4182],[-13.1189,8.4165],[-13.1184,8.4152],[-13.1176,8.4139],[-13.1172,8.4137],[-13.1163,8.4132],[-13.1159,8.4127],[-13.1146,8.4122],[-13.1103,8.4113],[-13.1091,8.4108],[-13.1083,8.4103],[-13.1079,8.4098],[-13.1077,8.4094],[-13.1065,8.4094],[-13.1064,8.4099],[-13.1061,8.4103],[-13.1022,8.4108],[-13.1007,8.4113],[-13.0999,8.4117],[-13.0985,8.4116],[-13.0979,8.4119],[-13.0972,8.4127],[-13.0955,8.4144],[-13.0948,8.4146],[-13.0943,8.4145],[-13.0933,8.4135],[-13.0925,8.4124],[-13.0912,8.4089],[-13.0897,8.4045],[-13.0893,8.4029],[-13.0885,8.4014],[-13.0871,8.3993],[-13.0868,8.3985],[-13.0861,8.398],[-13.0849,8.3956],[-13.0848,8.395],[-13.0844,8.3942],[-13.0831,8.3927],[-13.0816,8.3885],[-13.0807,8.3869],[-13.0801,8.3836],[-13.0792,8.3829],[-13.0787,8.3826],[-13.0773,8.381],[-13.076,8.3799],[-13.0753,8.3795],[-13.0742,8.3792],[-13.0725,8.3782],[-13.0718,8.3775],[-13.071,8.3768],[-13.0687,8.3756],[-13.0643,8.375],[-13.0525,8.3757],[-13.0493,8.3762],[-13.0483,8.3761],[-13.0435,8.3766],[-13.0431,8.3765],[-13.0423,8.3768],[-13.0416,8.3772],[-13.0421,8.3774],[-13.0425,8.3778],[-13.0433,8.3778],[-13.0443,8.3777],[-13.0452,8.3777],[-13.0453,8.378],[-13.0457,8.3781],[-13.0464,8.3779],[-13.0472,8.3779],[-13.0495,8.3785],[-13.0525,8.3787],[-13.0543,8.3789],[-13.0604,8.3795],[-13.0646,8.3811],[-13.0655,8.3817],[-13.0669,8.3837],[-13.068,8.3858],[-13.0683,8.3895],[-13.0688,8.391],[-13.0688,8.3919],[-13.0689,8.3926],[-13.0691,8.393],[-13.0697,8.3934],[-13.0703,8.3936],[-13.0708,8.3936],[-13.071,8.3932],[-13.0714,8.393],[-13.0718,8.3932],[-13.0728,8.3933],[-13.0732,8.3936],[-13.074,8.3955],[-13.074,8.3958],[-13.0736,8.396],[-13.0737,8.3963],[-13.0745,8.3963],[-13.0748,8.3966],[-13.0753,8.3981],[-13.0754,8.3987],[-13.0753,8.3997],[-13.0751,8.4002],[-13.075,8.4012],[-13.0751,8.4023],[-13.0752,8.4029],[-13.0755,8.4034],[-13.0756,8.4038],[-13.0763,8.405],[-13.0773,8.4056],[-13.0776,8.4055],[-13.0779,8.4058],[-13.0783,8.4066],[-13.0787,8.4079],[-13.0795,8.4093],[-13.0803,8.4105],[-13.0805,8.4115],[-13.0803,8.4119],[-13.0785,8.4129],[-13.0771,8.4137],[-13.0752,8.4145],[-13.0748,8.4145],[-13.0741,8.4144],[-13.0723,8.4132],[-13.0713,8.4127],[-13.0698,8.4126],[-13.0688,8.4125],[-13.0685,8.4128],[-13.0682,8.4128],[-13.068,8.4125],[-13.0679,8.4123],[-13.0679,8.4119],[-13.0679,8.4117],[-13.0678,8.4115],[-13.0675,8.4115],[-13.0671,8.4114],[-13.0667,8.4115],[-13.0666,8.4117],[-13.0666,8.4121],[-13.0666,8.4128],[-13.0664,8.4132],[-13.0655,8.4141],[-13.0648,8.415],[-13.0643,8.4156],[-13.0638,8.4166],[-13.0633,8.4176],[-13.0629,8.4184],[-13.0624,8.4189],[-13.0621,8.4192],[-13.0616,8.4195],[-13.0618,8.42],[-13.0624,8.4207],[-13.0632,8.4199],[-13.0637,8.4195],[-13.0644,8.4192],[-13.0651,8.4187],[-13.0664,8.4176],[-13.0672,8.4172],[-13.0683,8.4171],[-13.0694,8.4173],[-13.0704,8.4177],[-13.0713,8.4182],[-13.072,8.419],[-13.073,8.4203],[-13.0731,8.4212],[-13.0745,8.4223],[-13.0754,8.4228],[-13.0759,8.4222],[-13.0777,8.421],[-13.0796,8.4203],[-13.0826,8.4192],[-13.0846,8.4189],[-13.0855,8.419],[-13.0872,8.4189],[-13.0888,8.4192],[-13.0903,8.4195],[-13.0924,8.421],[-13.0925,8.4213],[-13.0927,8.4223],[-13.0932,8.4224],[-13.0941,8.4222],[-13.0954,8.4226],[-13.0962,8.423],[-13.0985,8.4239],[-13.1001,8.4241],[-13.1016,8.4245],[-13.103,8.4245],[-13.1046,8.4254],[-13.1085,8.4279],[-13.1095,8.4288],[-13.1105,8.4294],[-13.1115,8.4299],[-13.1125,8.4301],[-13.1149,8.4307],[-13.116,8.4306],[-13.1168,8.4304],[-13.1234,8.4331],[-13.1309,8.4367],[-13.1329,8.4381],[-13.1347,8.4486],[-13.1318,8.4555],[-13.127,8.4555],[-13.1263,8.4579],[-13.1195,8.4611],[-13.1179,8.4646],[-13.1128,8.4678],[-13.1108,8.4658],[-13.108,8.4686],[-13.108,8.4752],[-13.1057,8.4832],[-13.1063,8.4857],[-13.1032,8.4872],[-13.0989,8.4863],[-13.0969,8.4851],[-13.0928,8.4849],[-13.0898,8.4876],[-13.0837,8.4867],[-13.0807,8.4911],[-13.0784,8.4959],[-13.0752,8.4979],[-13.0708,8.4987],[-13.066,8.4985],[-13.0636,8.5],[-13.0609,8.5031],[-13.0586,8.511],[-13.0566,8.5128],[-13.0556,8.5111],[-13.0544,8.5195],[-13.0525,8.5245],[-13.0509,8.527],[-13.0486,8.5278],[-13.0454,8.527],[-13.0417,8.525],[-13.0334,8.5197],[-13.0273,8.5175],[-13.0243,8.5156],[-13.0224,8.5161],[-13.0235,8.5189],[-13.0285,8.5235],[-13.0333,8.5262],[-13.0383,8.5315],[-13.0418,8.5335],[-13.0415,8.5357],[-13.0391,8.5389],[-13.0354,8.5392],[-13.03,8.5447],[-13.028,8.5475],[-13.0268,8.5512],[-13.0247,8.5553],[-13.027,8.556],[-13.0264,8.5586],[-13.0223,8.5647],[-13.0197,8.5652],[-13.0194,8.5607],[-13.0151,8.5576],[-13.0134,8.5554],[-13.0109,8.5549],[-13.0078,8.5553],[-13.0032,8.5533],[-12.9983,8.5547],[-12.9947,8.5584],[-12.9924,8.5598],[-12.9909,8.56],[-12.9881,8.5589],[-12.9786,8.5601],[-12.9772,8.563],[-12.9747,8.5597],[-12.9679,8.5537],[-12.9671,8.5485],[-12.9681,8.5465],[-12.9683,8.5435],[-12.9665,8.5421],[-12.9678,8.5368],[-12.9634,8.5323],[-12.9596,8.5305],[-12.9565,8.5326],[-12.9522,8.5304],[-12.9518,8.528],[-12.9443,8.5263],[-12.9447,8.5287],[-12.942,8.5304],[-12.9408,8.5303],[-12.9387,8.5325],[-12.9321,8.535],[-12.9299,8.5352],[-12.9231,8.5411],[-12.9213,8.5442],[-12.9163,8.5466],[-12.9131,8.5466],[-12.9149,8.5495],[-12.9164,8.5533],[-12.9214,8.556],[-12.9333,8.5637],[-12.9438,8.5701],[-12.9482,8.574],[-12.9556,8.5761],[-12.9669,8.5838],[-12.9696,8.593],[-12.9805,8.599],[-12.9867,8.601],[-12.9944,8.6018],[-12.9978,8.6013],[-13.0024,8.5992],[-13.005,8.5956],[-13.0067,8.5954],[-13.0153,8.596],[-13.0177,8.5957],[-13.0214,8.5977],[-13.0213,8.6024],[-13.0226,8.6027],[-13.0277,8.6],[-13.0292,8.598],[-13.0316,8.5955],[-13.0339,8.5942],[-13.0364,8.5935],[-13.0386,8.5931],[-13.0427,8.5924],[-13.0437,8.5913],[-13.0457,8.5905],[-13.0483,8.5889],[-13.0511,8.5865],[-13.0509,8.5858],[-13.0515,8.5843],[-13.0527,8.5833],[-13.0533,8.5832],[-13.0534,8.5821],[-13.0529,8.5811],[-13.0551,8.5783],[-13.0563,8.5742],[-13.0595,8.5741],[-13.0638,8.5749],[-13.0651,8.5753],[-13.0659,8.5761],[-13.066,8.5768],[-13.0658,8.5784],[-13.0664,8.5804],[-13.0671,8.5813],[-13.0688,8.5826],[-13.0719,8.5833],[-13.0757,8.5833],[-13.0793,8.584],[-13.0844,8.5836],[-13.0863,8.5847],[-13.09,8.5841],[-13.0903,8.5904],[-13.0912,8.5927],[-13.0936,8.5957],[-13.0954,8.5988],[-13.095,8.6046],[-13.0998,8.6053],[-13.105,8.6071],[-13.1092,8.6053],[-13.109,8.6033],[-13.11,8.6008],[-13.1127,8.5972],[-13.1146,8.5936],[-13.1156,8.5895],[-13.1175,8.5863],[-13.1239,8.5777],[-13.1265,8.5737],[-13.1286,8.5693],[-13.129,8.5661],[-13.1281,8.5606],[-13.1284,8.5532],[-13.1316,8.5491],[-13.132,8.5468],[-13.1341,8.5428],[-13.1351,8.5401],[-13.1352,8.535],[-13.1369,8.5294],[-13.1403,8.5254],[-13.1436,8.5234],[-13.1466,8.5217],[-13.147,8.52],[-13.147,8.5164],[-13.1486,8.5172],[-13.155,8.5207],[-13.1574,8.5238],[-13.1601,8.5263],[-13.1611,8.5261],[-13.1657,8.5275],[-13.1673,8.5281],[-13.1687,8.5286],[-13.1695,8.5303],[-13.1708,8.5319],[-13.1733,8.5376],[-13.1744,8.5378],[-13.1785,8.5426],[-13.1864,8.5529],[-13.1923,8.562],[-13.1979,8.5719],[-13.2007,8.5782],[-13.2024,8.5901],[-13.2076,8.6039],[-13.2119,8.6162],[-13.2187,8.6249],[-13.2222,8.6308],[-13.2317,8.6403],[-13.2357,8.6471],[-13.2416,8.6578],[-13.2452,8.6673],[-13.2443,8.6746],[-13.2447,8.6796],[-13.244,8.6817],[-13.2426,8.6865],[-13.243,8.6911],[-13.2414,8.6925],[-13.2412,8.6972],[-13.2405,8.6995],[-13.2408,8.705],[-13.2415,8.7104],[-13.2438,8.7202],[-13.2446,8.7269],[-13.2444,8.7348],[-13.2417,8.7416],[-13.2415,8.746],[-13.2436,8.7517],[-13.2442,8.7551],[-13.2455,8.7642],[-13.2463,8.7733],[-13.246,8.7803],[-13.2467,8.7879],[-13.2477,8.797],[-13.2491,8.8044],[-13.2488,8.8087],[-13.2482,8.8148],[-13.2461,8.8201],[-13.2433,8.8259],[-13.2398,8.828],[-13.2377,8.83],[-13.2339,8.8343],[-13.232,8.8371],[-13.2298,8.8396],[-13.227,8.8414],[-13.224,8.8421],[-13.2197,8.8447],[-13.2135,8.8499],[-13.2096,8.8553],[-13.2063,8.8587],[-13.2009,8.8594],[-13.1978,8.8579],[-13.1942,8.8549],[-13.1884,8.8537],[-13.1828,8.8526],[-13.1796,8.8483],[-13.1766,8.8496],[-13.1748,8.8502],[-13.1683,8.8486],[-13.1645,8.8456],[-13.1576,8.8432],[-13.1541,8.8433],[-13.1526,8.8469],[-13.1477,8.8545],[-13.1542,8.8605],[-13.1578,8.8648],[-13.1655,8.8719],[-13.1762,8.8779],[-13.1816,8.8815],[-13.1875,8.8842],[-13.196,8.8855],[-13.1982,8.8869],[-13.2,8.8897],[-13.1991,8.891],[-13.1934,8.8931],[-13.188,8.893],[-13.1793,8.891],[-13.18,8.8946],[-13.179,8.896],[-13.1751,8.8957],[-13.1706,8.8945],[-13.1659,8.8941],[-13.159,8.8923],[-13.1577,8.8915],[-13.1483,8.8921],[-13.1463,8.8938],[-13.142,8.8956],[-13.1394,8.8974],[-13.1361,8.9009],[-13.1332,8.9052],[-13.1298,8.9098],[-13.1275,8.9121],[-13.1244,8.9129],[-13.1213,8.9155],[-13.1196,8.9181],[-13.1169,8.9217],[-13.1137,8.9249],[-13.1094,8.9282],[-13.1073,8.9283],[-13.1006,8.9256],[-13.0963,8.925],[-13.091,8.9246],[-13.0859,8.9246],[-13.0854,8.9275],[-13.0941,8.9286],[-13.1023,8.9302],[-13.1088,8.9309],[-13.1183,8.9308],[-13.1198,8.9331],[-13.128,8.9319],[-13.1338,8.9296],[-13.1365,8.9278],[-13.1375,8.926],[-13.1413,8.9238],[-13.141,8.9226],[-13.1468,8.9163],[-13.1485,8.916],[-13.1548,8.9118],[-13.1576,8.9085],[-13.1611,8.9074],[-13.1651,8.9076],[-13.171,8.9086],[-13.1729,8.9084],[-13.1827,8.9085],[-13.1873,8.9097],[-13.1899,8.911],[-13.1926,8.9111],[-13.1967,8.9127],[-13.1988,8.9153],[-13.2046,8.9246],[-13.2155,8.9344],[-13.221,8.9381],[-13.2254,8.9438],[-13.2265,8.9451],[-13.2304,8.9489],[-13.2325,8.9537],[-13.233,8.9555],[-13.2331,8.9586],[-13.2327,8.9592],[-13.231,8.9619],[-13.2282,8.963],[-13.2303,8.9655],[-13.2335,8.9631],[-13.2358,8.9606],[-13.2379,8.9539],[-13.2376,8.949],[-13.2395,8.9473],[-13.2414,8.9463],[-13.2436,8.9465],[-13.2456,8.9472],[-13.2473,8.9503],[-13.2486,8.9519],[-13.2497,8.953],[-13.2535,8.9552],[-13.2533,8.9625],[-13.2531,8.9683],[-13.2536,8.9743],[-13.2531,8.9786],[-13.2533,8.9852],[-13.2521,8.9875],[-13.254,8.9885],[-13.2568,8.9847],[-13.2578,8.9823],[-13.2577,8.9776],[-13.2576,8.9738],[-13.2584,8.9672],[-13.2591,8.9619],[-13.2585,8.9581],[-13.2582,8.9551],[-13.257,8.9514],[-13.2584,8.9504],[-13.2602,8.95],[-13.2662,8.9519],[-13.2697,8.9528],[-13.274,8.9543],[-13.2753,8.9537],[-13.2805,8.9541],[-13.2842,8.955],[-13.2856,8.9563],[-13.2866,8.9566],[-13.2886,8.9585],[-13.2908,8.962],[-13.2924,8.9662],[-13.2925,8.9682],[-13.2922,8.9696],[-13.291,8.972],[-13.2918,8.9763],[-13.2932,8.9803],[-13.2941,8.9843],[-13.2943,8.9872],[-13.2943,8.9943],[-13.2934,8.9973],[-13.2907,8.9983],[-13.289,8.9999],[-13.2914,9.0052],[-13.2922,9.0124],[-13.294,9.0151],[-13.2944,9.0202],[-13.298,9.0292],[-13.3012,9.036],[-13.3014,9.0397],[-13.3019,9.0419],[-13.3021,9.0439],[-13.3021,9.0449],[-13.3018,9.0462],[-13.3011,9.0475],[-13.3005,9.0485],[-13.2997,9.0493],[-13.2986,9.0498],[-13.2971,9.05],[-13.2937,9.0498],[-13.2919,9.0499],[-13.2895,9.0503],[-13.2884,9.051],[-13.2872,9.0521],[-13.2842,9.0544],[-13.282,9.0556],[-13.2802,9.0569],[-13.2779,9.0593],[-13.2769,9.0609],[-13.2764,9.0617],[-13.2753,9.0629],[-13.274,9.0636],[-13.2725,9.064],[-13.2705,9.064],[-13.2691,9.0641],[-13.2674,9.0646],[-13.2654,9.065],[-13.2593,9.0652],[-13.2561,9.065],[-13.2546,9.0653],[-13.2533,9.0659],[-13.2522,9.067],[-13.2514,9.0685],[-13.2509,9.0697],[-13.2507,9.0708],[-13.2504,9.0714],[-13.2498,9.0721],[-13.2493,9.0724],[-13.2485,9.0722],[-13.2474,9.0717],[-13.2452,9.0696],[-13.244,9.0689],[-13.2428,9.0686],[-13.2416,9.0688],[-13.2396,9.0702],[-13.2337,9.0732],[-13.2252,9.0762],[-13.2228,9.0766],[-13.2166,9.0784],[-13.2133,9.0786],[-13.2118,9.0783],[-13.2094,9.0789],[-13.2081,9.0799],[-13.2068,9.0811],[-13.2051,9.0821],[-13.2033,9.0826],[-13.2022,9.0831],[-13.2016,9.0841],[-13.2015,9.0857],[-13.2017,9.0867],[-13.2026,9.0885],[-13.2029,9.0898],[-13.203,9.0916],[-13.2023,9.0933],[-13.2015,9.0946],[-13.2004,9.0955],[-13.1997,9.0959],[-13.1984,9.0959],[-13.1974,9.0953],[-13.1963,9.0943],[-13.1948,9.0937],[-13.193,9.0933],[-13.1906,9.0931],[-13.1886,9.0935],[-13.1867,9.0943],[-13.1851,9.0948],[-13.1829,9.0946],[-13.1804,9.0936],[-13.1789,9.0932],[-13.1777,9.093],[-13.1755,9.0919],[-13.1727,9.091],[-13.17,9.089],[-13.1684,9.0876],[-13.1664,9.0852],[-13.167,9.0822],[-13.1664,9.0795],[-13.1655,9.0783],[-13.1638,9.077],[-13.1615,9.0762],[-13.1578,9.0742],[-13.156,9.0729],[-13.1526,9.0696],[-13.1503,9.0671],[-13.1491,9.0657],[-13.1467,9.0619],[-13.1448,9.0595],[-13.143,9.0577],[-13.141,9.0564],[-13.1394,9.056],[-13.1368,9.0554],[-13.1349,9.055],[-13.1336,9.0546],[-13.1322,9.0539],[-13.1299,9.052],[-13.128,9.0509],[-13.1254,9.0501],[-13.1224,9.0496],[-13.1205,9.0495],[-13.118,9.05],[-13.1169,9.0504],[-13.1158,9.0514],[-13.115,9.0522],[-13.1144,9.0531],[-13.1132,9.0534],[-13.1121,9.0532],[-13.1106,9.0527],[-13.1088,9.0515],[-13.1072,9.0511],[-13.1057,9.0501],[-13.1042,9.0487],[-13.1026,9.0478],[-13.101,9.0472],[-13.0995,9.0468],[-13.0969,9.0466],[-13.0899,9.0466],[-13.0885,9.0471],[-13.0869,9.0475],[-13.0848,9.0481],[-13.0831,9.0483],[-13.0818,9.0487],[-13.0808,9.0495],[-13.0804,9.0505],[-13.0803,9.0519],[-13.081,9.0556],[-13.0811,9.0577],[-13.0807,9.0592],[-13.0799,9.0607],[-13.079,9.0618],[-13.077,9.0631],[-13.0756,9.0646],[-13.0742,9.0671],[-13.0739,9.0687],[-13.074,9.0702],[-13.0746,9.0727],[-13.0754,9.0748],[-13.0752,9.0762],[-13.0743,9.0778],[-13.0741,9.0789],[-13.0737,9.0801],[-13.0726,9.0812],[-13.0712,9.0825],[-13.0701,9.0832],[-13.0687,9.0836],[-13.0665,9.0837],[-13.0635,9.0834],[-13.0612,9.0834],[-13.0556,9.0825],[-13.0489,9.0831],[-13.0468,9.0833],[-13.0447,9.084],[-13.0431,9.085],[-13.0424,9.0858],[-13.0419,9.0873],[-13.0417,9.0899],[-13.0422,9.0923],[-13.0419,9.0945],[-13.0413,9.0962],[-13.0405,9.0973],[-13.0379,9.0987],[-13.0356,9.0996],[-13.0331,9.1009],[-13.03,9.1019],[-13.0284,9.1018],[-13.0267,9.1011],[-13.0257,9.1002],[-13.0253,9.0987],[-13.0251,9.0976],[-13.0246,9.0967],[-13.0239,9.0962],[-13.0228,9.0963],[-13.0218,9.0969],[-13.0193,9.0999],[-13.0185,9.1014],[-13.017,9.103],[-13.0152,9.1047],[-13.0125,9.1063],[-13.0106,9.1072],[-13.0084,9.1084],[-13.0069,9.1096],[-13.0042,9.1128],[-13.0013,9.1163],[-13.0001,9.1187],[-12.9959,9.1295],[-12.9956,9.1302],[-12.995,9.1314],[-12.9944,9.1335],[-12.9938,9.1363],[-12.9938,9.1396],[-12.9926,9.144],[-12.9898,9.1471],[-12.9881,9.1487],[-12.9863,9.1505],[-12.9847,9.1531],[-12.9822,9.1576],[-12.9813,9.1607],[-12.981,9.1618],[-12.9808,9.1657],[-12.9803,9.1676],[-12.9798,9.1684],[-12.9792,9.1692],[-12.9782,9.1699],[-12.9729,9.1718],[-12.9642,9.1745],[-12.9591,9.1762],[-12.9527,9.1791],[-12.9518,9.1797],[-12.951,9.1806],[-12.9502,9.1834],[-12.9501,9.1848],[-12.9502,9.1857],[-12.9518,9.1933],[-12.952,9.1946],[-12.9525,9.1955],[-12.953,9.1961],[-12.9543,9.1969],[-12.9554,9.1972],[-12.9564,9.1978],[-12.9573,9.1985],[-12.9583,9.1994],[-12.9593,9.2006],[-12.9599,9.2015],[-12.9606,9.2028],[-12.9613,9.2042],[-12.9616,9.2053],[-12.9627,9.2108],[-12.9635,9.2139],[-12.9645,9.2169],[-12.9649,9.2178],[-12.9658,9.2195],[-12.9673,9.2217],[-12.9713,9.227],[-12.9699,9.2278],[-12.9694,9.228],[-12.9681,9.2283],[-12.9668,9.2288],[-12.966,9.2296],[-12.9644,9.232],[-12.9626,9.2341],[-12.9621,9.2348],[-12.9622,9.235],[-12.9622,9.2354],[-12.9621,9.2356],[-12.962,9.236],[-12.9612,9.2363],[-12.9605,9.237],[-12.9602,9.2371],[-12.9601,9.2373],[-12.9596,9.2387],[-12.9594,9.239],[-12.959,9.2392],[-12.9588,9.2396],[-12.9588,9.2402],[-12.9585,9.2406],[-12.9585,9.2408],[-12.9579,9.2416],[-12.9577,9.2422],[-12.9577,9.2426],[-12.9578,9.243],[-12.9578,9.2435],[-12.9576,9.2438],[-12.9574,9.2441],[-12.9572,9.2442],[-12.957,9.2444],[-12.9567,9.2445],[-12.9565,9.2445],[-12.9564,9.2447],[-12.9563,9.245],[-12.9565,9.2455],[-12.9563,9.2461],[-12.9557,9.247],[-12.9555,9.2477],[-12.9552,9.2482],[-12.9551,9.2485],[-12.9548,9.2488],[-12.9549,9.2501],[-12.9548,9.2506],[-12.9547,9.2508],[-12.9545,9.251],[-12.9543,9.2514],[-12.954,9.2517],[-12.9539,9.2521],[-12.9539,9.2529],[-12.9533,9.2538],[-12.9529,9.2546],[-12.9527,9.255],[-12.9518,9.2558],[-12.9514,9.2564],[-12.9512,9.2568],[-12.9512,9.2576],[-12.9513,9.2581],[-12.9515,9.259],[-12.9516,9.2595],[-12.9515,9.2599],[-12.9513,9.2602],[-12.9506,9.2606],[-12.9504,9.2611],[-12.9501,9.262],[-12.9501,9.2629],[-12.9499,9.2631],[-12.9497,9.2634],[-12.9499,9.2639],[-12.9494,9.2653],[-12.9494,9.2656],[-12.9497,9.2666],[-12.9502,9.2676],[-12.9511,9.269],[-12.9515,9.2698],[-12.9519,9.2707],[-12.9522,9.271],[-12.9524,9.2716],[-12.9526,9.2719],[-12.9532,9.2721],[-12.9534,9.2724],[-12.9534,9.2729],[-12.9533,9.2735],[-12.9535,9.2738],[-12.9537,9.2743],[-12.9537,9.2745],[-12.9532,9.2754],[-12.953,9.2759],[-12.953,9.2762],[-12.9535,9.277],[-12.9538,9.2771],[-12.954,9.2775],[-12.954,9.2782],[-12.9542,9.2784],[-12.9544,9.2787],[-12.9545,9.2791],[-12.9541,9.2799],[-12.9543,9.2804],[-12.9545,9.2808],[-12.954,9.2814],[-12.954,9.2818],[-12.9537,9.282],[-12.9531,9.2825],[-12.9526,9.2826],[-12.9521,9.2828],[-12.9519,9.2835],[-12.9516,9.2835],[-12.9515,9.2838],[-12.9513,9.284],[-12.95,9.2838],[-12.9497,9.2839],[-12.9496,9.2843],[-12.9488,9.285],[-12.9486,9.2853],[-12.9487,9.2856],[-12.9486,9.2859],[-12.9484,9.2861],[-12.9481,9.2862],[-12.9477,9.2862],[-12.9474,9.2863],[-12.9472,9.2866],[-12.9471,9.2872],[-12.9466,9.2875],[-12.9461,9.2877],[-12.945,9.2885],[-12.9446,9.2889],[-12.9445,9.2892],[-12.9443,9.2894],[-12.9438,9.2896],[-12.9431,9.2897],[-12.9429,9.2898],[-12.9427,9.2901],[-12.9424,9.2904],[-12.942,9.2907],[-12.9414,9.2907],[-12.941,9.2906],[-12.9404,9.2903],[-12.9392,9.29],[-12.9383,9.2901],[-12.938,9.2901],[-12.9378,9.29],[-12.9369,9.29],[-12.9365,9.2898],[-12.9362,9.2895],[-12.9358,9.2892],[-12.9355,9.2892],[-12.935,9.2891],[-12.9345,9.2889],[-12.9342,9.2884],[-12.9336,9.2882],[-12.9328,9.2883],[-12.9321,9.2886],[-12.9315,9.2886],[-12.931,9.2884],[-12.9294,9.2871],[-12.9287,9.2868],[-12.9284,9.2868],[-12.9277,9.2868],[-12.9274,9.2867],[-12.9272,9.2863],[-12.9274,9.286],[-12.9274,9.2857],[-12.9274,9.2855],[-12.9272,9.2852],[-12.9269,9.285],[-12.9264,9.2848],[-12.9263,9.2846],[-12.9262,9.2841],[-12.9255,9.2834],[-12.9249,9.2832],[-12.9245,9.2831],[-12.9239,9.2831],[-12.9239,9.2835],[-12.9237,9.2838],[-12.9233,9.2839],[-12.9227,9.2835],[-12.9224,9.2834],[-12.9215,9.2835],[-12.921,9.2833],[-12.9208,9.283],[-12.9207,9.2827],[-12.9206,9.2818],[-12.9204,9.2811],[-12.9201,9.2806],[-12.9188,9.2799],[-12.9181,9.2793],[-12.9172,9.2789],[-12.9164,9.2783],[-12.9161,9.2779],[-12.9157,9.2773],[-12.9157,9.2766],[-12.9152,9.2752],[-12.9148,9.2749],[-12.9144,9.2748],[-12.9139,9.2747],[-12.9133,9.2743],[-12.9133,9.2741],[-12.9133,9.2737],[-12.9134,9.2735],[-12.9136,9.2733],[-12.914,9.2733],[-12.9147,9.2733],[-12.9151,9.273],[-12.9153,9.2726],[-12.9151,9.2721],[-12.9146,9.2714],[-12.9144,9.2709],[-12.9143,9.2705],[-12.9144,9.27],[-12.9144,9.2697],[-12.9148,9.2695],[-12.9152,9.2695],[-12.9159,9.2696],[-12.9165,9.2697],[-12.9173,9.2698],[-12.9176,9.2687],[-12.9174,9.2684],[-12.9168,9.2683],[-12.9156,9.2686],[-12.915,9.2687],[-12.9147,9.2685],[-12.9146,9.2681],[-12.9142,9.2677],[-12.9139,9.2672],[-12.9138,9.2665],[-12.9135,9.2661],[-12.9134,9.2655],[-12.913,9.2652],[-12.9125,9.265],[-12.9119,9.265],[-12.9115,9.2652],[-12.911,9.2652],[-12.9105,9.2652],[-12.9101,9.2654],[-12.9091,9.2663],[-12.9087,9.2664],[-12.9085,9.2664],[-12.9081,9.266],[-12.9082,9.2654],[-12.9084,9.265],[-12.9095,9.264],[-12.9096,9.2636],[-12.9096,9.2633],[-12.9094,9.2631],[-12.9084,9.263],[-12.9079,9.2628],[-12.9073,9.262],[-12.9069,9.2618],[-12.9054,9.2638],[-12.9038,9.2659],[-12.9018,9.2677],[-12.9,9.269],[-12.8992,9.2701],[-12.8988,9.271],[-12.8964,9.273],[-12.8955,9.2733],[-12.8946,9.2731],[-12.8927,9.2722],[-12.8888,9.2708],[-12.8877,9.2708],[-12.8866,9.271],[-12.8856,9.2716],[-12.8848,9.2722],[-12.8842,9.2734],[-12.8839,9.2745],[-12.8836,9.2764],[-12.8839,9.2779],[-12.8845,9.2791],[-12.8854,9.2804],[-12.8874,9.2818],[-12.8877,9.2824],[-12.8879,9.283],[-12.8877,9.2838],[-12.8873,9.2847],[-12.8867,9.2855],[-12.8865,9.2876],[-12.8858,9.2887],[-12.8853,9.2893],[-12.8849,9.2893],[-12.8845,9.2891],[-12.8835,9.2896],[-12.8823,9.2903],[-12.8817,9.2911],[-12.8814,9.2924],[-12.8806,9.2931],[-12.8796,9.2936],[-12.877,9.2935],[-12.8739,9.2927],[-12.8733,9.2905],[-12.8717,9.2896],[-12.8681,9.2887],[-12.8673,9.2891],[-12.8656,9.2912],[-12.8643,9.2924],[-12.8639,9.293],[-12.8634,9.2934],[-12.8629,9.2931],[-12.8625,9.2923],[-12.862,9.2918],[-12.8612,9.2931],[-12.8601,9.2941],[-12.8582,9.2937],[-12.8561,9.2916],[-12.8544,9.2881],[-12.8521,9.2863],[-12.8496,9.2834],[-12.8485,9.2813],[-12.8479,9.2811],[-12.8472,9.281],[-12.8454,9.2821],[-12.8451,9.2828],[-12.8451,9.2837],[-12.8452,9.2847],[-12.8449,9.2867],[-12.8434,9.2887],[-12.8397,9.2903],[-12.8376,9.2906],[-12.835,9.2898],[-12.834,9.2897],[-12.8331,9.2898],[-12.8323,9.2903],[-12.8248,9.2952],[-12.8241,9.2954],[-12.8233,9.2954],[-12.8197,9.2939],[-12.8163,9.2923],[-12.8111,9.2895],[-12.8088,9.2895],[-12.8072,9.2898],[-12.8062,9.2907],[-12.8055,9.2916],[-12.8052,9.2944],[-12.8046,9.2953],[-12.8031,9.2964],[-12.8018,9.2978],[-12.8005,9.299],[-12.7989,9.2996],[-12.7958,9.2996],[-12.7902,9.3003],[-12.7879,9.3014],[-12.7855,9.3035],[-12.7847,9.3054],[-12.7843,9.3076],[-12.7843,9.3096],[-12.7866,9.313],[-12.7871,9.3142],[-12.7869,9.3161],[-12.7857,9.3171],[-12.7821,9.3184],[-12.7784,9.3209],[-12.7777,9.322],[-12.7776,9.3225],[-12.7783,9.3245],[-12.7781,9.3265],[-12.776,9.3293],[-12.7721,9.3352],[-12.7718,9.3389],[-12.7735,9.3418],[-12.7749,9.3437],[-12.7748,9.3446],[-12.7744,9.3452],[-12.7735,9.3457],[-12.7724,9.346],[-12.7714,9.3459],[-12.7694,9.3451],[-12.7687,9.3446],[-12.7681,9.3445],[-12.7668,9.3439],[-12.7636,9.3434],[-12.7607,9.3436],[-12.759,9.3439],[-12.7567,9.3447],[-12.7539,9.3449],[-12.7531,9.3455],[-12.7521,9.346],[-12.7513,9.346],[-12.75,9.3451],[-12.7493,9.3447],[-12.7486,9.3447],[-12.7479,9.345],[-12.7463,9.3486],[-12.746,9.3499],[-12.7461,9.3522],[-12.7463,9.3535],[-12.7472,9.3562],[-12.7474,9.3573],[-12.7479,9.3595],[-12.7485,9.3599],[-12.7488,9.36],[-12.7492,9.3605],[-12.75,9.362],[-12.7515,9.363],[-12.7523,9.3632],[-12.753,9.3635],[-12.7533,9.3637],[-12.7534,9.364],[-12.7536,9.3643],[-12.7536,9.365],[-12.7537,9.3655],[-12.754,9.3672],[-12.7536,9.3689],[-12.7535,9.3709],[-12.753,9.373],[-12.7531,9.3738],[-12.7537,9.3757],[-12.7544,9.3768],[-12.7554,9.3789],[-12.756,9.3814],[-12.7554,9.388],[-12.7553,9.3887],[-12.7554,9.3921],[-12.7552,9.3935],[-12.755,9.3942],[-12.7548,9.3946],[-12.7543,9.3954],[-12.7538,9.3963],[-12.7513,9.3982],[-12.7488,9.3999],[-12.7468,9.4006],[-12.7426,9.4003],[-12.7394,9.3998],[-12.7365,9.3991],[-12.735,9.3985],[-12.7341,9.3979],[-12.7337,9.3975],[-12.7333,9.3967],[-12.7328,9.3959],[-12.7324,9.3955],[-12.732,9.3953],[-12.7313,9.3952],[-12.7296,9.3948],[-12.7266,9.3948],[-12.7245,9.3949],[-12.7209,9.3967],[-12.7199,9.397],[-12.7191,9.397],[-12.7184,9.3967],[-12.7139,9.3941],[-12.7103,9.3897],[-12.7073,9.389],[-12.7057,9.3911],[-12.7059,9.395],[-12.707,9.3965],[-12.7075,9.3981],[-12.7081,9.3999],[-12.7082,9.4024],[-12.7069,9.4078],[-12.704,9.4117],[-12.6995,9.4148],[-12.6973,9.417],[-12.695,9.4178],[-12.6925,9.417],[-12.688,9.4125],[-12.6854,9.4079],[-12.6844,9.4078],[-12.6831,9.4084],[-12.6825,9.4114],[-12.6842,9.4167],[-12.6834,9.4186],[-12.6827,9.4192],[-12.6791,9.4199],[-12.6786,9.4218],[-12.6788,9.4237],[-12.6801,9.4251],[-12.6832,9.4288],[-12.6834,9.4296],[-12.6834,9.4304],[-12.6831,9.4309],[-12.6827,9.4316],[-12.6817,9.4325],[-12.6794,9.4338],[-12.678,9.4343],[-12.6775,9.4346],[-12.6748,9.4358],[-12.6747,9.438],[-12.6755,9.4396],[-12.6804,9.4421],[-12.6809,9.4427],[-12.6811,9.444],[-12.6804,9.4452],[-12.6801,9.4458],[-12.6791,9.4469],[-12.6786,9.4471],[-12.6774,9.4488],[-12.6771,9.4502],[-12.6768,9.4521],[-12.6777,9.4567],[-12.6779,9.4581],[-12.6776,9.4596],[-12.6766,9.4615],[-12.6752,9.4632],[-12.6716,9.4663],[-12.6696,9.4676],[-12.6675,9.4685],[-12.667,9.4701],[-12.667,9.4704],[-12.6672,9.4715],[-12.6689,9.4743],[-12.6692,9.4745],[-12.67,9.4759],[-12.6694,9.4775],[-12.6665,9.4791],[-12.6642,9.4839],[-12.6624,9.4872],[-12.6614,9.4884],[-12.6581,9.4934],[-12.6561,9.4962],[-12.6542,9.4986],[-12.6511,9.5034],[-12.6466,9.5103],[-12.6456,9.512],[-12.6446,9.514],[-12.6448,9.5214],[-12.6451,9.5219],[-12.6469,9.5242],[-12.648,9.5265],[-12.6487,9.5275],[-12.6501,9.5278],[-12.6519,9.5295],[-12.6546,9.5326],[-12.655,9.5334],[-12.655,9.534],[-12.6554,9.5355],[-12.6552,9.5363],[-12.6546,9.5385],[-12.654,9.5399],[-12.6528,9.5408],[-12.6513,9.5413],[-12.649,9.5447],[-12.6467,9.5463],[-12.6412,9.5493],[-12.6386,9.5501],[-12.6361,9.5498],[-12.6355,9.5497],[-12.6334,9.5475],[-12.6325,9.547],[-12.6305,9.5471],[-12.6296,9.5478],[-12.629,9.5483],[-12.6286,9.5492],[-12.6282,9.5513],[-12.6284,9.5528],[-12.6303,9.556],[-12.633,9.5612],[-12.6337,9.5638],[-12.6338,9.5661],[-12.633,9.5675],[-12.6323,9.5685],[-12.6276,9.5703],[-12.6268,9.5712],[-12.6264,9.5719],[-12.6241,9.5827],[-12.6229,9.5898],[-12.6173,9.5949],[-12.6168,9.598],[-12.6174,9.601],[-12.6174,9.6039],[-12.6156,9.6057],[-12.6138,9.607],[-12.6123,9.6075],[-12.6102,9.6074],[-12.6089,9.6068],[-12.6041,9.6038],[-12.6004,9.6021],[-12.5977,9.6001],[-12.5971,9.5998],[-12.5964,9.5997],[-12.5928,9.5996],[-12.5915,9.5997],[-12.5882,9.6009],[-12.5877,9.6017],[-12.5875,9.6035],[-12.5876,9.6063],[-12.5872,9.6126],[-12.5857,9.6187],[-12.5832,9.6263],[-12.5834,9.629],[-12.5832,9.6303],[-12.5815,9.6332],[-12.5812,9.6358],[-12.5813,9.6364],[-12.5833,9.6394],[-12.5841,9.6408],[-12.5845,9.6419],[-12.5845,9.645],[-12.5845,9.6466],[-12.585,9.6482],[-12.5855,9.649],[-12.5867,9.6518],[-12.587,9.6529],[-12.5872,9.6542],[-12.5872,9.6561],[-12.587,9.6573],[-12.587,9.6586],[-12.5863,9.6616],[-12.5858,9.6624],[-12.5852,9.6631],[-12.5846,9.6634],[-12.583,9.6639],[-12.5821,9.6642],[-12.5812,9.6642],[-12.5805,9.6639],[-12.5795,9.6631],[-12.578,9.6613],[-12.5767,9.6603],[-12.574,9.6571],[-12.5737,9.6569],[-12.5732,9.6567],[-12.5726,9.6568],[-12.5722,9.6571],[-12.5718,9.6575],[-12.5712,9.6585],[-12.5711,9.6596],[-12.571,9.6619],[-12.5711,9.6642],[-12.5714,9.666],[-12.5718,9.667],[-12.5717,9.6696],[-12.5713,9.6704],[-12.5706,9.6713],[-12.5695,9.6723],[-12.5676,9.6748],[-12.5659,9.6779],[-12.5656,9.6789],[-12.5653,9.6816],[-12.5649,9.6846],[-12.5647,9.687],[-12.5648,9.6886],[-12.5656,9.6927],[-12.5656,9.6938],[-12.5646,9.7023],[-12.5643,9.7033],[-12.5637,9.704],[-12.5627,9.7045],[-12.5618,9.705],[-12.5612,9.7051],[-12.5585,9.7054],[-12.5556,9.7053],[-12.5539,9.7054],[-12.5504,9.7063],[-12.5484,9.707],[-12.5472,9.7078],[-12.5451,9.7101],[-12.5442,9.7109],[-12.5413,9.7124],[-12.5398,9.7137],[-12.5357,9.7148],[-12.5348,9.7152],[-12.5343,9.7158],[-12.5346,9.7184],[-12.5345,9.7191],[-12.5342,9.7199],[-12.533,9.7212],[-12.5324,9.7215],[-12.5317,9.7217],[-12.5305,9.7215],[-12.5289,9.7198],[-12.5282,9.718],[-12.528,9.7174],[-12.5282,9.7169],[-12.5292,9.7154],[-12.5297,9.7145],[-12.5298,9.7127],[-12.5294,9.7105],[-12.5289,9.7095],[-12.5279,9.7085],[-12.5233,9.7071],[-12.5219,9.7066],[-12.5203,9.7057],[-12.5193,9.7058],[-12.5185,9.7066],[-12.5178,9.708],[-12.5171,9.7105],[-12.5168,9.7117],[-12.5167,9.7136],[-12.5173,9.7162],[-12.5181,9.7178],[-12.5208,9.7212],[-12.5221,9.7236],[-12.5226,9.7249],[-12.5231,9.7288],[-12.5261,9.734],[-12.5262,9.736],[-12.5262,9.7371],[-12.5256,9.7384],[-12.5246,9.7399],[-12.5236,9.7414],[-12.5231,9.7419],[-12.5217,9.7429],[-12.5202,9.7432],[-12.5189,9.7431],[-12.5183,9.7429],[-12.5139,9.7413],[-12.5131,9.7412],[-12.5104,9.7409],[-12.5094,9.7411],[-12.507,9.7422],[-12.5062,9.743],[-12.5049,9.745],[-12.5041,9.7478],[-12.5044,9.7498],[-12.5054,9.7517],[-12.5061,9.7528],[-12.5072,9.754],[-12.5087,9.7546],[-12.5116,9.7542],[-12.5127,9.7538],[-12.5149,9.753],[-12.5154,9.7533],[-12.5159,9.7542],[-12.5157,9.7566],[-12.5152,9.7574],[-12.5147,9.7588],[-12.5109,9.7632],[-12.509,9.766],[-12.5088,9.7672],[-12.5081,9.7705],[-12.507,9.773],[-12.5065,9.7756],[-12.5067,9.7801],[-12.5065,9.7815],[-12.5045,9.7856],[-12.5029,9.7877],[-12.5014,9.7901],[-12.5003,9.7917],[-12.4993,9.793],[-12.4986,9.7947],[-12.4981,9.7968],[-12.4977,9.7995],[-12.4978,9.802],[-12.4976,9.805],[-12.4967,9.8099],[-12.4966,9.8109],[-12.4958,9.8124],[-12.4954,9.8127],[-12.4944,9.8132],[-12.4935,9.8134],[-12.4926,9.8133],[-12.4919,9.813],[-12.4911,9.8121],[-12.4904,9.8118],[-12.4897,9.8119],[-12.4891,9.8124],[-12.4885,9.813],[-12.4881,9.8144],[-12.4878,9.8159],[-12.4882,9.818],[-12.4882,9.8194],[-12.4881,9.82],[-12.4876,9.8214],[-12.4866,9.8234],[-12.4862,9.8247],[-12.4862,9.8271],[-12.4865,9.8286],[-12.4871,9.8297],[-12.4877,9.8302],[-12.4888,9.8307],[-12.4897,9.8308],[-12.4905,9.8308],[-12.4921,9.8301],[-12.4935,9.8299],[-12.4943,9.8302],[-12.496,9.8308],[-12.4966,9.8313],[-12.497,9.8317],[-12.4975,9.8324],[-12.4976,9.834],[-12.4973,9.8352],[-12.4965,9.837],[-12.4961,9.8376],[-12.4957,9.839],[-12.4956,9.8397],[-12.4943,9.8423],[-12.4942,9.8427],[-12.4941,9.8432],[-12.4945,9.8442],[-12.4957,9.8453],[-12.4922,9.8471],[-12.4884,9.8482],[-12.4752,9.849],[-12.4711,9.85],[-12.4635,9.8547],[-12.4588,9.8625],[-12.4558,9.866],[-12.4492,9.8716],[-12.4452,9.873],[-12.4421,9.8758],[-12.4407,9.8776],[-12.4394,9.8787],[-12.4387,9.8795],[-12.4377,9.8802],[-12.4352,9.8809],[-12.4184,9.8841],[-12.3904,9.8878],[-12.3504,9.8926],[-12.3453,9.8936],[-12.3393,9.9036],[-12.2225,9.9329],[-12.2226,9.9324],[-12.2229,9.9317],[-12.2229,9.9309],[-12.2228,9.9301],[-12.2229,9.9292],[-12.2229,9.9283],[-12.2231,9.927],[-12.2233,9.9262],[-12.2235,9.9253],[-12.2235,9.9248],[-12.2233,9.9237],[-12.2232,9.9233],[-12.2229,9.9227],[-12.222,9.9221],[-12.222,9.9215],[-12.2216,9.9209],[-12.2215,9.9205],[-12.2217,9.92],[-12.2218,9.9191],[-12.2216,9.9184],[-12.2214,9.9179],[-12.2208,9.9172],[-12.2205,9.9166],[-12.2202,9.9165],[-12.22,9.9162],[-12.2199,9.9159],[-12.22,9.9156],[-12.2197,9.9151],[-12.2197,9.9148],[-12.2197,9.9144],[-12.2194,9.914],[-12.2193,9.9137],[-12.2196,9.913],[-12.2198,9.9122],[-12.2198,9.9118],[-12.2195,9.9112],[-12.2191,9.9109],[-12.2188,9.9106],[-12.2185,9.9105],[-12.2183,9.9104],[-12.2182,9.91],[-12.2178,9.9097],[-12.2176,9.9094],[-12.2175,9.9088],[-12.2176,9.9081],[-12.2178,9.9078],[-12.2182,9.9076],[-12.2185,9.9073],[-12.2187,9.907],[-12.2185,9.9067],[-12.218,9.9068],[-12.2178,9.9068],[-12.2176,9.907],[-12.2176,9.9073],[-12.2174,9.9075],[-12.2168,9.9074],[-12.2163,9.9075],[-12.2162,9.9078],[-12.2163,9.9082],[-12.2161,9.9083],[-12.2158,9.9082],[-12.2158,9.9079],[-12.2157,9.9076],[-12.2155,9.9075],[-12.2152,9.9076],[-12.2147,9.9081],[-12.2143,9.9081],[-12.2141,9.9081],[-12.2136,9.9076],[-12.213,9.9075],[-12.2126,9.9074],[-12.2124,9.907],[-12.2123,9.9062],[-12.2119,9.9061],[-12.2117,9.9061],[-12.2115,9.9064],[-12.2111,9.9067],[-12.2108,9.9067],[-12.2106,9.9063],[-12.2105,9.9061],[-12.2092,9.905],[-12.2089,9.9048],[-12.2085,9.9047],[-12.2083,9.9045],[-12.2073,9.9039],[-12.2064,9.904],[-12.2061,9.9039],[-12.2059,9.9037],[-12.2059,9.9035],[-12.2051,9.9029],[-12.2046,9.9021],[-12.2043,9.9016],[-12.204,9.9015],[-12.2036,9.9018],[-12.2031,9.9019],[-12.2028,9.9022],[-12.2026,9.9024],[-12.2019,9.9027],[-12.2014,9.9025],[-12.2011,9.9023],[-12.2007,9.9017],[-12.2001,9.9015],[-12.2,9.9013],[-12.1997,9.9013],[-12.1995,9.9011],[-12.1995,9.9008],[-12.1992,9.9009],[-12.1988,9.901],[-12.1986,9.9012],[-12.1984,9.9011],[-12.1982,9.9009],[-12.198,9.901],[-12.1979,9.9012],[-12.1978,9.9012],[-12.1975,9.9011],[-12.1973,9.9008],[-12.1977,9.9002],[-12.1978,9.9001],[-12.1978,9.8998],[-12.1972,9.8992],[-12.1965,9.899],[-12.1953,9.8989],[-12.1951,9.8987],[-12.1951,9.898],[-12.1953,9.8964],[-12.1951,9.8961],[-12.1948,9.8961],[-12.1942,9.8965],[-12.193,9.897],[-12.1928,9.8969],[-12.1924,9.8968],[-12.192,9.8965],[-12.1916,9.896],[-12.1916,9.8957],[-12.1919,9.8952],[-12.1917,9.8949],[-12.1912,9.8947],[-12.191,9.8944],[-12.1905,9.8942],[-12.1901,9.8942],[-12.1889,9.8931],[-12.1883,9.8928],[-12.1877,9.8926],[-12.1868,9.8926],[-12.1865,9.8927],[-12.1863,9.8931],[-12.1858,9.8931],[-12.1851,9.8933],[-12.1846,9.8934],[-12.1843,9.8932],[-12.1842,9.8929],[-12.1842,9.8927],[-12.1846,9.8927],[-12.1847,9.8924],[-12.1845,9.892],[-12.1842,9.8917],[-12.1841,9.8913],[-12.1842,9.891],[-12.1845,9.8906],[-12.1845,9.8902],[-12.1847,9.8898],[-12.1845,9.8895],[-12.1841,9.8895],[-12.1836,9.8894],[-12.1825,9.8896],[-12.1818,9.8895],[-12.1807,9.8897],[-12.1802,9.8897],[-12.1797,9.8896],[-12.1794,9.8893],[-12.1792,9.889],[-12.1789,9.8887],[-12.1785,9.8888],[-12.1779,9.8892],[-12.1776,9.8894],[-12.1773,9.8893],[-12.1771,9.889],[-12.1772,9.8887],[-12.1775,9.8884],[-12.1774,9.888],[-12.1769,9.8871],[-12.1763,9.8867],[-12.1757,9.8862],[-12.1754,9.8858],[-12.1751,9.8857],[-12.1745,9.8857],[-12.1739,9.8853],[-12.1736,9.8854],[-12.1737,9.8856],[-12.1739,9.8861],[-12.1739,9.8867],[-12.1737,9.8872],[-12.1735,9.8875],[-12.1728,9.8879],[-12.1727,9.8883],[-12.1726,9.8886],[-12.1723,9.8889],[-12.1721,9.889],[-12.1718,9.8889],[-12.1715,9.8883],[-12.1714,9.8878],[-12.1713,9.8872],[-12.171,9.8869],[-12.1704,9.8871],[-12.1701,9.887],[-12.1702,9.8865],[-12.1705,9.8863],[-12.1706,9.8859],[-12.1706,9.8855],[-12.1702,9.8851],[-12.17,9.8847],[-12.1697,9.8844],[-12.1696,9.8839],[-12.1695,9.8834],[-12.1693,9.8829],[-12.1689,9.8823],[-12.1688,9.8821],[-12.1686,9.8816],[-12.1682,9.8814],[-12.1679,9.8815],[-12.1675,9.8817],[-12.1672,9.8821],[-12.1668,9.8822],[-12.1663,9.8821],[-12.1661,9.8823],[-12.166,9.8828],[-12.1655,9.883],[-12.1652,9.8825],[-12.1649,9.8823],[-12.1646,9.8826],[-12.1649,9.8831],[-12.1651,9.8835],[-12.1651,9.8839],[-12.1649,9.8841],[-12.1646,9.884],[-12.1642,9.8843],[-12.1639,9.8843],[-12.1636,9.8842],[-12.1633,9.8844],[-12.163,9.8848],[-12.1627,9.8849],[-12.1623,9.8847],[-12.162,9.8843],[-12.1615,9.8831],[-12.1612,9.8827],[-12.1609,9.8825],[-12.1604,9.8827],[-12.1599,9.8822],[-12.1592,9.8823],[-12.159,9.8821],[-12.159,9.8819],[-12.1592,9.8816],[-12.159,9.8813],[-12.1587,9.8814],[-12.1584,9.8815],[-12.158,9.8815],[-12.1578,9.8811],[-12.1579,9.8807],[-12.1579,9.8799],[-12.1578,9.8796],[-12.1574,9.8794],[-12.1568,9.8797],[-12.1565,9.8801],[-12.1565,9.8806],[-12.1561,9.881],[-12.1556,9.8812],[-12.1551,9.8811],[-12.1541,9.8806],[-12.1539,9.8803],[-12.154,9.8797],[-12.1544,9.8791],[-12.1548,9.8785],[-12.155,9.8781],[-12.1549,9.8777],[-12.1542,9.8772],[-12.1538,9.8767],[-12.1533,9.8764],[-12.1531,9.8762],[-12.1528,9.876],[-12.1525,9.876],[-12.1521,9.8762],[-12.1517,9.8761],[-12.1513,9.8755],[-12.151,9.8753],[-12.1506,9.8753],[-12.1502,9.8754],[-12.1498,9.8751],[-12.1495,9.8747],[-12.1491,9.8747],[-12.1489,9.875],[-12.1486,9.875],[-12.1483,9.8748],[-12.1481,9.8746],[-12.148,9.8742],[-12.1478,9.874],[-12.1474,9.874],[-12.1472,9.8736],[-12.1469,9.8724],[-12.1467,9.872],[-12.1465,9.8719],[-12.1464,9.872],[-12.1461,9.8722],[-12.1457,9.872],[-12.1452,9.8719],[-12.145,9.872],[-12.1449,9.8723],[-12.1454,9.8731],[-12.1456,9.8732],[-12.1457,9.8734],[-12.1458,9.8736],[-12.1456,9.8738],[-12.1453,9.8739],[-12.145,9.8737],[-12.1447,9.8738],[-12.1446,9.8739],[-12.1445,9.8741],[-12.1445,9.8744],[-12.1448,9.8747],[-12.1452,9.8754],[-12.1454,9.8763],[-12.1454,9.8769],[-12.1453,9.8773],[-12.1452,9.8775],[-12.1449,9.8774],[-12.1445,9.8773],[-12.1441,9.877],[-12.1437,9.8766],[-12.1433,9.876],[-12.1431,9.8757],[-12.1431,9.8754],[-12.143,9.8751],[-12.1425,9.8749],[-12.1422,9.8746],[-12.1416,9.875],[-12.1413,9.875],[-12.1409,9.8748],[-12.1406,9.8744],[-12.1403,9.8742],[-12.1401,9.8741],[-12.1399,9.8743],[-12.1398,9.8745],[-12.1399,9.8748],[-12.1403,9.8753],[-12.1402,9.8757],[-12.14,9.8758],[-12.1396,9.8758],[-12.1393,9.8755],[-12.1389,9.8754],[-12.1385,9.8755],[-12.1383,9.8758],[-12.1378,9.876],[-12.1375,9.876],[-12.1371,9.8764],[-12.1367,9.8765],[-12.1363,9.8762],[-12.1362,9.8754],[-12.1362,9.8749],[-12.1364,9.8745],[-12.1368,9.8744],[-12.1367,9.8739],[-12.1367,9.8733],[-12.1368,9.873],[-12.137,9.8727],[-12.1373,9.8722],[-12.1373,9.872],[-12.1359,9.8728],[-12.1354,9.8733],[-12.1347,9.8735],[-12.1342,9.874],[-12.1336,9.8744],[-12.1332,9.8746],[-12.1329,9.8747],[-12.1324,9.8743],[-12.132,9.8741],[-12.1317,9.8737],[-12.1312,9.8738],[-12.1307,9.8738],[-12.1306,9.8739],[-12.1306,9.8741],[-12.1308,9.8743],[-12.131,9.8744],[-12.1312,9.8746],[-12.1312,9.8748],[-12.131,9.8749],[-12.1305,9.8749],[-12.1299,9.8746],[-12.1293,9.8738],[-12.1291,9.8731],[-12.1288,9.8727],[-12.1283,9.8723],[-12.1278,9.8721],[-12.127,9.8721],[-12.126,9.8724],[-12.1253,9.8721],[-12.1251,9.8718],[-12.125,9.8715],[-12.1252,9.8711],[-12.1252,9.8707],[-12.1251,9.8704],[-12.1241,9.87],[-12.1236,9.87],[-12.1233,9.8702],[-12.1231,9.8705],[-12.1231,9.8712],[-12.1227,9.8723],[-12.1223,9.8728],[-12.1218,9.8729],[-12.1202,9.8722],[-12.1199,9.8723],[-11.9069,9.9402],[-11.9077,9.9414],[-11.9089,9.9436],[-11.9092,9.9444],[-11.9093,9.9453],[-11.9089,9.9476],[-11.9084,9.9494],[-11.9081,9.9514],[-11.908,9.9519],[-11.9078,9.9527],[-11.9077,9.9533],[-11.9078,9.9538],[-11.9084,9.9553],[-11.9088,9.9564],[-11.909,9.957],[-11.9088,9.9574],[-11.908,9.9583],[-11.9065,9.9594],[-11.9058,9.9602],[-11.9044,9.9644],[-11.9042,9.9666],[-11.9036,9.9683],[-11.9036,9.9708],[-11.9038,9.9725],[-11.901,9.9806],[-11.9008,9.9823],[-11.8996,9.9844],[-11.8993,9.9875],[-11.8991,9.9886],[-11.8987,9.9892],[-11.8979,9.9895],[-11.8974,9.9899],[-11.8966,9.9918],[-11.8967,9.9926],[-11.8972,9.993],[-11.8972,9.9937],[-11.896,9.9957],[-11.8952,9.9977],[-11.8946,9.9999],[-11.7527,9.9999],[-11.6207,10],[-11.4187,10],[-11.2081,10],[-11.2086,9.9967],[-11.2091,9.9954],[-11.2097,9.9932],[-11.2095,9.9927],[-11.2096,9.9915],[-11.2099,9.9908],[-11.2109,9.9904],[-11.2113,9.9892],[-11.2111,9.9883],[-11.2114,9.987],[-11.2119,9.9859],[-11.2119,9.9851],[-11.2121,9.9843],[-11.2127,9.9835],[-11.2144,9.9815],[-11.2138,9.9811],[-11.2138,9.9796],[-11.214,9.9779],[-11.214,9.9769],[-11.2135,9.9763],[-11.2133,9.975],[-11.2125,9.9745],[-11.211,9.974],[-11.2092,9.9731],[-11.2081,9.9731],[-11.2066,9.9728],[-11.2056,9.9733],[-11.2039,9.9754],[-11.203,9.9757],[-11.2022,9.9755],[-11.201,9.9754],[-11.201,9.9743],[-11.2006,9.9739],[-11.1962,9.9724],[-11.1947,9.9722],[-11.1938,9.9724],[-11.1931,9.9732],[-11.1921,9.9736],[-11.1904,9.9734],[-11.187,9.9719],[-11.1848,9.9714],[-11.1856,9.9695],[-11.1803,9.9675],[-11.1795,9.9664],[-11.1795,9.9652],[-11.1798,9.964],[-11.1789,9.9635],[-11.1774,9.9633],[-11.1728,9.9612],[-11.1719,9.9607],[-11.1717,9.9598],[-11.1718,9.9588],[-11.1732,9.9581],[-11.1744,9.9582],[-11.1746,9.9565],[-11.1742,9.9544],[-11.1738,9.9528],[-11.1729,9.9514],[-11.1717,9.9505],[-11.1697,9.9474],[-11.1676,9.9431],[-11.1673,9.9417],[-11.1665,9.9406],[-11.164,9.9387],[-11.164,9.9378],[-11.1645,9.9366],[-11.1654,9.9354],[-11.1671,9.9344],[-11.1681,9.9336],[-11.169,9.9336],[-11.17,9.9334],[-11.1706,9.9329],[-11.1705,9.9322],[-11.1705,9.931],[-11.169,9.9288],[-11.1684,9.9251],[-11.1678,9.923],[-11.1679,9.9214],[-11.1683,9.9203],[-11.1689,9.9196],[-11.1684,9.919],[-11.1681,9.9181],[-11.1687,9.917],[-11.1671,9.916],[-11.1666,9.9148],[-11.1653,9.9136],[-11.1647,9.9124],[-11.1624,9.9108],[-11.1616,9.9095],[-11.1611,9.906],[-11.1605,9.8978],[-11.1606,9.8948],[-11.1607,9.8932],[-11.1614,9.8907],[-11.1603,9.8866],[-11.1586,9.8818],[-11.1586,9.8794],[-11.1583,9.8786],[-11.1571,9.8773],[-11.1557,9.8768],[-11.1551,9.876],[-11.1549,9.8747],[-11.1556,9.8735],[-11.1568,9.8724],[-11.1569,9.871],[-11.1568,9.8702],[-11.1573,9.8681],[-11.1569,9.8671],[-11.1559,9.8655],[-11.1546,9.8655],[-11.1535,9.8664],[-11.1527,9.8671],[-11.1515,9.8673],[-11.1498,9.8673],[-11.1477,9.8669],[-11.1467,9.8668],[-11.1448,9.8673],[-11.1431,9.8673],[-11.1417,9.8668],[-11.141,9.8663],[-11.1409,9.8652],[-11.1407,9.8624],[-11.1401,9.8615],[-11.1392,9.8607],[-11.1368,9.8605],[-11.1352,9.8597],[-11.1344,9.8584],[-11.1347,9.857],[-11.1346,9.8558],[-11.1338,9.8551],[-11.1324,9.8551],[-11.1244,9.8579],[-11.1229,9.8575],[-11.121,9.8571],[-11.1192,9.8572],[-11.118,9.857],[-11.1148,9.8559],[-11.1135,9.8556],[-11.1123,9.8545],[-11.1109,9.8535],[-11.1095,9.855],[-11.1066,9.8557],[-11.1042,9.857],[-11.1036,9.8587],[-11.1037,9.8604],[-11.1029,9.8615],[-11.0982,9.8593],[-11.0967,9.8583],[-11.0962,9.8576],[-11.0959,9.8551],[-11.0952,9.8543],[-11.0944,9.8527],[-11.0941,9.8519],[-11.0941,9.8507],[-11.0944,9.8496],[-11.0944,9.849],[-11.0924,9.8477],[-11.0919,9.847],[-11.0922,9.8449],[-11.0915,9.844],[-11.0902,9.8435],[-11.0887,9.8438],[-11.0871,9.8443],[-11.0859,9.8449],[-11.085,9.8453],[-11.0842,9.8455],[-11.0834,9.8453],[-11.0811,9.8444],[-11.0801,9.8434],[-11.0792,9.8427],[-11.0777,9.8418],[-11.0762,9.8406],[-11.0749,9.8392],[-11.0745,9.8381],[-11.0743,9.8367],[-11.074,9.8355],[-11.0719,9.8337],[-11.0714,9.8325],[-11.0708,9.8315],[-11.0698,9.8315],[-11.0685,9.8316],[-11.0669,9.8315],[-11.0655,9.8304],[-11.0645,9.8293],[-11.0637,9.8279],[-11.0635,9.8262],[-11.0634,9.8238],[-11.064,9.8204],[-11.0638,9.8195],[-11.0635,9.8189],[-11.0625,9.8175],[-11.062,9.8159],[-11.0618,9.8147],[-11.0615,9.8139],[-11.0606,9.8133],[-11.0596,9.8132],[-11.0583,9.8137],[-11.0581,9.8147],[-11.058,9.8164],[-11.0572,9.8174],[-11.0564,9.8182],[-11.0553,9.8187],[-11.0536,9.8189],[-11.0518,9.8189],[-11.0502,9.8186],[-11.048,9.8188],[-11.0464,9.8188],[-11.044,9.8184],[-11.0432,9.8181],[-11.0431,9.8155],[-11.0451,9.8141],[-11.0444,9.8126],[-11.045,9.8117],[-11.0459,9.8106],[-11.0466,9.809],[-11.046,9.8082],[-11.0458,9.8074],[-11.0461,9.8055],[-11.0458,9.8027],[-11.046,9.8014],[-11.0442,9.801],[-11.0429,9.8001],[-11.0417,9.7989],[-11.0415,9.7981],[-11.0418,9.7972],[-11.0406,9.7958],[-11.0403,9.795],[-11.04,9.7932],[-11.0393,9.7894],[-11.0392,9.7882],[-11.039,9.7874],[-11.0385,9.7871],[-11.0375,9.7872],[-11.0359,9.788],[-11.035,9.7889],[-11.034,9.7892],[-11.0329,9.7891],[-11.0317,9.7881],[-11.0303,9.7883],[-11.0279,9.7882],[-11.027,9.7876],[-11.027,9.786],[-11.0267,9.7853],[-11.0251,9.7846],[-11.0242,9.784],[-11.023,9.7818],[-11.0214,9.7807],[-11.0158,9.7777],[-11.0153,9.777],[-11.0148,9.7757],[-11.0145,9.7736],[-11.0141,9.7725],[-11.0133,9.7718],[-11.0121,9.7716],[-11.0115,9.7711],[-11.0115,9.7672],[-11.0108,9.764],[-11.0098,9.7627],[-11.0056,9.7603],[-11.0043,9.759],[-11.0033,9.757],[-11.0024,9.7555],[-11.0001,9.7544],[-10.9955,9.7533],[-10.9931,9.7527],[-10.9917,9.7518],[-10.9913,9.7511],[-10.9916,9.75],[-10.9936,9.747],[-10.9905,9.7443],[-10.9901,9.743],[-10.9903,9.7395],[-10.991,9.7379],[-10.9915,9.7362],[-10.9914,9.7355],[-10.9895,9.7326],[-10.9899,9.7312],[-10.99,9.7302],[-10.9895,9.7293],[-10.9872,9.7276],[-10.9834,9.7269],[-10.9806,9.7259],[-10.9789,9.725],[-10.9777,9.7239],[-10.9772,9.7225],[-10.9778,9.7185],[-10.9778,9.7167],[-10.9772,9.7154],[-10.977,9.7146],[-10.9772,9.7136],[-10.9783,9.7126],[-10.9788,9.7111],[-10.9791,9.709],[-10.979,9.7081],[-10.9783,9.707],[-10.977,9.7059],[-10.9751,9.7048],[-10.9735,9.7042],[-10.9727,9.7034],[-10.9725,9.7001],[-10.9716,9.6979],[-10.9707,9.6964],[-10.969,9.6923],[-10.9684,9.6902],[-10.9671,9.6878],[-10.9674,9.6856],[-10.9672,9.684],[-10.9664,9.6816],[-10.9656,9.6801],[-10.9654,9.6774],[-10.9656,9.676],[-10.9648,9.6737],[-10.9642,9.6706],[-10.9644,9.6691],[-10.9641,9.6675],[-10.9633,9.6664],[-10.964,9.6651],[-10.9638,9.6639],[-10.9609,9.6608],[-10.9587,9.6579],[-10.958,9.6566],[-10.9569,9.6553],[-10.9554,9.6544],[-10.9527,9.6535],[-10.9519,9.6529],[-10.9514,9.6521],[-10.9506,9.6522],[-10.9487,9.6532],[-10.9474,9.6534],[-10.9459,9.6533],[-10.9457,9.6545],[-10.9456,9.6557],[-10.9453,9.6568],[-10.9444,9.6575],[-10.9432,9.6578],[-10.9422,9.6577],[-10.9396,9.6564],[-10.9386,9.6564],[-10.9376,9.6569],[-10.9363,9.6578],[-10.9338,9.6583],[-10.9325,9.6565],[-10.9314,9.656],[-10.9263,9.6556],[-10.9231,9.6556],[-10.9214,9.6553],[-10.9194,9.6552],[-10.9179,9.6548],[-10.9178,9.6544],[-10.9183,9.653],[-10.9199,9.6517],[-10.9203,9.6502],[-10.9205,9.6487],[-10.9198,9.6465],[-10.9207,9.6434],[-10.9219,9.6417],[-10.9234,9.6406],[-10.9242,9.6392],[-10.9224,9.6387],[-10.9216,9.6377],[-10.9201,9.6374],[-10.918,9.6368],[-10.9163,9.6358],[-10.9154,9.6345],[-10.9153,9.6335],[-10.9159,9.6324],[-10.9176,9.6314],[-10.9193,9.628],[-10.9194,9.6266],[-10.9193,9.6253],[-10.9194,9.6241],[-10.9191,9.623],[-10.9181,9.6223],[-10.9168,9.6222],[-10.9161,9.6225],[-10.915,9.6233],[-10.9142,9.623],[-10.9136,9.6224],[-10.9132,9.6211],[-10.9131,9.6196],[-10.9124,9.6184],[-10.9129,9.6172],[-10.9127,9.6153],[-10.9118,9.6134],[-10.9113,9.6115],[-10.9108,9.6069],[-10.9097,9.6064],[-10.9091,9.6057],[-10.9091,9.6048],[-10.9094,9.6037],[-10.9106,9.6026],[-10.911,9.6018],[-10.909,9.6003],[-10.9077,9.5997],[-10.9068,9.5991],[-10.9074,9.5972],[-10.9073,9.5966],[-10.9065,9.596],[-10.9053,9.5954],[-10.9041,9.5951],[-10.9029,9.595],[-10.9012,9.5954],[-10.9001,9.5953],[-10.899,9.5949],[-10.8981,9.5941],[-10.8972,9.5953],[-10.8963,9.5961],[-10.8953,9.5964],[-10.894,9.5966],[-10.8927,9.5976],[-10.8899,9.5995],[-10.8881,9.5986],[-10.8868,9.5978],[-10.8827,9.5939],[-10.881,9.5915],[-10.8824,9.5906],[-10.8851,9.5892],[-10.8858,9.5885],[-10.8862,9.5872],[-10.8863,9.5861],[-10.8863,9.5851],[-10.8856,9.5837],[-10.8844,9.5825],[-10.883,9.582],[-10.881,9.5818],[-10.8783,9.5798],[-10.8769,9.5793],[-10.8759,9.5785],[-10.8751,9.5769],[-10.8727,9.5734],[-10.8718,9.5723],[-10.8712,9.5712],[-10.8709,9.5698],[-10.8707,9.5687],[-10.8702,9.5674],[-10.8688,9.5657],[-10.8676,9.564],[-10.8688,9.5622],[-10.8687,9.5615],[-10.8661,9.5592],[-10.8661,9.5583],[-10.8666,9.5563],[-10.8666,9.5537],[-10.8668,9.5519],[-10.8663,9.5505],[-10.8641,9.5481],[-10.8632,9.5461],[-10.8631,9.5446],[-10.8636,9.5438],[-10.8649,9.5427],[-10.8678,9.5416],[-10.8677,9.5405],[-10.8671,9.5394],[-10.8661,9.5368],[-10.8654,9.5355],[-10.863,9.5341],[-10.8617,9.5327],[-10.8613,9.5315],[-10.861,9.5298],[-10.86,9.5286],[-10.8584,9.528],[-10.8555,9.5273],[-10.8543,9.5268],[-10.8533,9.5257],[-10.8521,9.5238],[-10.8505,9.5233],[-10.8477,9.5225],[-10.845,9.5213],[-10.8433,9.5198],[-10.8414,9.5182],[-10.8387,9.5169],[-10.8364,9.5164],[-10.8352,9.5165],[-10.8341,9.5171],[-10.834,9.5182],[-10.8334,9.5186],[-10.8326,9.5184],[-10.8299,9.5184],[-10.8273,9.5174],[-10.8258,9.5169],[-10.824,9.5161],[-10.8224,9.5134],[-10.828,9.5076],[-10.8307,9.504],[-10.8319,9.5045],[-10.8331,9.5047],[-10.8338,9.5045],[-10.8342,9.5038],[-10.8343,9.5023],[-10.8353,9.5013],[-10.838,9.5],[-10.8372,9.4994],[-10.8393,9.4993],[-10.8416,9.4987],[-10.845,9.499],[-10.8466,9.4994],[-10.8479,9.4996],[-10.8485,9.499],[-10.8483,9.4978],[-10.8474,9.4969],[-10.8477,9.4959],[-10.8477,9.4946],[-10.8476,9.4933],[-10.8472,9.4924],[-10.8439,9.4914],[-10.8436,9.4909],[-10.8434,9.4892],[-10.8424,9.4892],[-10.8417,9.4889],[-10.8411,9.488],[-10.8407,9.4871],[-10.8409,9.4861],[-10.8424,9.4835],[-10.8408,9.4809],[-10.8409,9.4801],[-10.8407,9.4785],[-10.8401,9.4771],[-10.8404,9.4761],[-10.8401,9.4741],[-10.838,9.4702],[-10.8378,9.4688],[-10.8377,9.4666],[-10.8382,9.465],[-10.8396,9.464],[-10.8442,9.4634],[-10.8474,9.4628],[-10.8492,9.4595],[-10.8507,9.4581],[-10.852,9.4553],[-10.8501,9.456],[-10.8492,9.456],[-10.8482,9.4556],[-10.8469,9.4547],[-10.8455,9.4537],[-10.8444,9.4525],[-10.8436,9.4513],[-10.8426,9.4506],[-10.842,9.4489],[-10.8417,9.4465],[-10.8422,9.4449],[-10.8436,9.4428],[-10.8425,9.4398],[-10.8421,9.4393],[-10.8411,9.4394],[-10.8401,9.4389],[-10.8391,9.4392],[-10.8375,9.4398],[-10.8366,9.4395],[-10.8356,9.4383],[-10.8349,9.437],[-10.8331,9.4356],[-10.8318,9.435],[-10.8301,9.435],[-10.829,9.4348],[-10.8275,9.4339],[-10.8264,9.4311],[-10.8244,9.4299],[-10.8233,9.4303],[-10.8226,9.4304],[-10.8212,9.4302],[-10.8199,9.4312],[-10.8174,9.4297],[-10.8167,9.4287],[-10.8162,9.4275],[-10.8164,9.4261],[-10.8163,9.4237],[-10.816,9.4217],[-10.8123,9.4208],[-10.8104,9.4201],[-10.8091,9.4192],[-10.8077,9.4182],[-10.8068,9.4171],[-10.8064,9.4161],[-10.8051,9.4155],[-10.8041,9.4152],[-10.8025,9.4126],[-10.8022,9.4102],[-10.8018,9.4092],[-10.8021,9.4086],[-10.8033,9.408],[-10.8029,9.406],[-10.8036,9.4056],[-10.8054,9.4051],[-10.8061,9.4042],[-10.8036,9.4025],[-10.8041,9.3995],[-10.8061,9.3987],[-10.8071,9.398],[-10.8077,9.397],[-10.8082,9.3963],[-10.8092,9.396],[-10.809,9.3948],[-10.8085,9.3938],[-10.8091,9.3928],[-10.8094,9.3922],[-10.8102,9.3902],[-10.8136,9.3911],[-10.8145,9.3909],[-10.815,9.3902],[-10.8152,9.3881],[-10.816,9.3877],[-10.8161,9.3871],[-10.8156,9.386],[-10.8146,9.3858],[-10.8129,9.3857],[-10.8119,9.3838],[-10.8117,9.3824],[-10.8108,9.3797],[-10.8109,9.3778],[-10.8097,9.377],[-10.809,9.3761],[-10.8079,9.3752],[-10.8069,9.3747],[-10.8061,9.3737],[-10.8047,9.3737],[-10.804,9.3745],[-10.8041,9.377],[-10.8043,9.38],[-10.8043,9.3816],[-10.804,9.3825],[-10.8035,9.3834],[-10.8024,9.3844],[-10.8012,9.3852],[-10.8,9.3867],[-10.7989,9.3885],[-10.7977,9.3893],[-10.7965,9.3893],[-10.7953,9.3886],[-10.7929,9.3881],[-10.7919,9.3878],[-10.7916,9.3872],[-10.7907,9.3871],[-10.7899,9.3872],[-10.789,9.3878],[-10.7874,9.3885],[-10.7861,9.3887],[-10.7852,9.3883],[-10.7842,9.3875],[-10.7837,9.3863],[-10.783,9.3857],[-10.7823,9.3858],[-10.781,9.3863],[-10.7795,9.3863],[-10.7788,9.3859],[-10.7779,9.3849],[-10.7771,9.3843],[-10.7763,9.3832],[-10.7758,9.382],[-10.775,9.3821],[-10.7742,9.3821],[-10.7735,9.3818],[-10.7734,9.3813],[-10.7735,9.3806],[-10.7719,9.3793],[-10.7714,9.3787],[-10.7706,9.3783],[-10.7696,9.3782],[-10.7686,9.3792],[-10.7678,9.3794],[-10.7662,9.3788],[-10.7649,9.3789],[-10.7636,9.3793],[-10.7625,9.3798],[-10.7629,9.3805],[-10.763,9.3815],[-10.7628,9.3825],[-10.7618,9.3848],[-10.7614,9.3856],[-10.7579,9.3857],[-10.7567,9.3851],[-10.7554,9.385],[-10.7534,9.3848],[-10.7501,9.3838],[-10.7477,9.3834],[-10.7462,9.3836],[-10.7447,9.384],[-10.7437,9.3837],[-10.7427,9.3829],[-10.742,9.3822],[-10.7416,9.3816],[-10.7413,9.3779],[-10.7413,9.3768],[-10.7408,9.3762],[-10.7384,9.3758],[-10.7376,9.3758],[-10.7371,9.3763],[-10.7363,9.3778],[-10.7358,9.3787],[-10.7343,9.3794],[-10.7327,9.3796],[-10.7316,9.3796],[-10.7309,9.3792],[-10.7301,9.3784],[-10.7297,9.3775],[-10.729,9.3771],[-10.7279,9.3772],[-10.7273,9.3772],[-10.7265,9.3764],[-10.7256,9.3753],[-10.7247,9.3732],[-10.7231,9.3706],[-10.7216,9.3695],[-10.7198,9.367],[-10.7194,9.3662],[-10.7191,9.3649],[-10.718,9.3639],[-10.7169,9.363],[-10.7167,9.3621],[-10.7171,9.3615],[-10.7183,9.3609],[-10.7182,9.3571],[-10.7188,9.3558],[-10.7192,9.3542],[-10.7193,9.3527],[-10.7193,9.3513],[-10.7182,9.3505],[-10.7174,9.3497],[-10.7167,9.3484],[-10.7155,9.3475],[-10.7142,9.3479],[-10.7118,9.3491],[-10.7105,9.3489],[-10.7097,9.3481],[-10.7079,9.3466],[-10.7055,9.3455],[-10.7042,9.3445],[-10.7029,9.3416],[-10.7033,9.3398],[-10.7051,9.3374],[-10.7077,9.3352],[-10.7086,9.3322],[-10.7064,9.3306],[-10.7059,9.3294],[-10.7052,9.3283],[-10.7041,9.3278],[-10.7036,9.3273],[-10.7028,9.3273],[-10.7015,9.3281],[-10.699,9.3291],[-10.6981,9.3293],[-10.6968,9.329],[-10.6952,9.3281],[-10.6934,9.3264],[-10.6924,9.3261],[-10.6904,9.3256],[-10.6887,9.3247],[-10.686,9.3246],[-10.6835,9.3241],[-10.6836,9.3231],[-10.6835,9.3217],[-10.6829,9.3208],[-10.6822,9.3202],[-10.682,9.3184],[-10.6813,9.3177],[-10.6797,9.3171],[-10.678,9.3165],[-10.6767,9.3156],[-10.6759,9.3147],[-10.6742,9.3142],[-10.6732,9.3144],[-10.6718,9.3144],[-10.6698,9.3142],[-10.6688,9.3137],[-10.6677,9.3128],[-10.6666,9.3129],[-10.6643,9.3118],[-10.6634,9.3107],[-10.6646,9.3084],[-10.6654,9.3076],[-10.6656,9.3063],[-10.6655,9.3053],[-10.6652,9.3048],[-10.6643,9.3042],[-10.6606,9.3032],[-10.6596,9.3028],[-10.659,9.3016],[-10.6591,9.3008],[-10.6601,9.2998],[-10.6603,9.2987],[-10.6599,9.2975],[-10.6602,9.2968],[-10.6618,9.2951],[-10.6608,9.2939],[-10.6601,9.2932],[-10.6587,9.2925],[-10.6567,9.2919],[-10.6545,9.2909],[-10.6539,9.2897],[-10.654,9.2886],[-10.6567,9.2872],[-10.6602,9.2866],[-10.6609,9.2858],[-10.6611,9.282],[-10.661,9.2808],[-10.6601,9.28],[-10.6616,9.2766],[-10.6626,9.2749],[-10.664,9.274],[-10.6656,9.2734],[-10.6668,9.2733],[-10.668,9.2693],[-10.6692,9.2661],[-10.6669,9.2648],[-10.6685,9.262],[-10.6681,9.2612],[-10.6673,9.2602],[-10.6676,9.2588],[-10.6692,9.2546],[-10.6686,9.2537],[-10.6686,9.2528],[-10.6698,9.2518],[-10.6702,9.251],[-10.67,9.25],[-10.6706,9.2488],[-10.6705,9.2473],[-10.6707,9.245],[-10.6702,9.2436],[-10.6696,9.2421],[-10.6694,9.2408],[-10.6705,9.2381],[-10.6696,9.2378],[-10.6688,9.2373],[-10.668,9.2362],[-10.6677,9.2351],[-10.6672,9.2323],[-10.6667,9.2317],[-10.6656,9.2314],[-10.6616,9.2317],[-10.6597,9.2315],[-10.6583,9.2312],[-10.657,9.2293],[-10.6563,9.2279],[-10.6558,9.2264],[-10.6557,9.2253],[-10.656,9.2242],[-10.6578,9.2223],[-10.6576,9.221],[-10.657,9.2198],[-10.6561,9.2171],[-10.6557,9.2156],[-10.656,9.2132],[-10.6564,9.2125],[-10.6568,9.2112],[-10.6587,9.2107],[-10.6605,9.2105],[-10.6619,9.2099],[-10.6636,9.2074],[-10.664,9.2064],[-10.6639,9.2049],[-10.6636,9.2033],[-10.6657,9.2011],[-10.6672,9.1997],[-10.6702,9.1988],[-10.672,9.1981],[-10.6741,9.1975],[-10.6752,9.1977],[-10.6777,9.1978],[-10.679,9.1972],[-10.6802,9.1965],[-10.6813,9.1964],[-10.6819,9.1958],[-10.6824,9.1949],[-10.6831,9.1933],[-10.6838,9.1922],[-10.6847,9.1912],[-10.6859,9.1911],[-10.6867,9.1915],[-10.687,9.1922],[-10.6882,9.1934],[-10.6892,9.1938],[-10.6903,9.1934],[-10.6912,9.1935],[-10.6938,9.1933],[-10.6952,9.1921],[-10.6962,9.1916],[-10.6969,9.1915],[-10.698,9.1919],[-10.6987,9.1917],[-10.6991,9.1911],[-10.6995,9.1897],[-10.7,9.1887],[-10.7015,9.1861],[-10.7026,9.1857],[-10.7046,9.1856],[-10.7058,9.186],[-10.7062,9.1865],[-10.7062,9.1876],[-10.706,9.1887],[-10.7059,9.1893],[-10.7067,9.1901],[-10.7067,9.1917],[-10.7068,9.1926],[-10.7071,9.1933],[-10.7074,9.1948],[-10.7079,9.1958],[-10.709,9.1968],[-10.7099,9.1973],[-10.7119,9.1974],[-10.7132,9.1996],[-10.7139,9.2013],[-10.7149,9.2001],[-10.7154,9.1992],[-10.7152,9.1984],[-10.715,9.1977],[-10.7154,9.1967],[-10.7159,9.1952],[-10.7159,9.1938],[-10.7166,9.1915],[-10.7174,9.1915],[-10.7187,9.1914],[-10.7195,9.1909],[-10.7203,9.1897],[-10.7206,9.1888],[-10.7215,9.188],[-10.7219,9.1871],[-10.7217,9.1859],[-10.7218,9.1845],[-10.7221,9.1827],[-10.7224,9.182],[-10.7227,9.1802],[-10.7231,9.1788],[-10.7211,9.1777],[-10.7207,9.1763],[-10.7201,9.1757],[-10.7192,9.1754],[-10.7184,9.1757],[-10.7178,9.1762],[-10.717,9.1767],[-10.7161,9.1767],[-10.7153,9.1764],[-10.7141,9.1755],[-10.7154,9.1734],[-10.7155,9.1723],[-10.7155,9.1706],[-10.7159,9.1696],[-10.7158,9.1687],[-10.715,9.1669],[-10.7144,9.1665],[-10.7132,9.1664],[-10.7122,9.1664],[-10.7115,9.1663],[-10.7109,9.1657],[-10.7106,9.1647],[-10.7102,9.1642],[-10.7092,9.1637],[-10.708,9.1634],[-10.7088,9.1627],[-10.7093,9.1622],[-10.7095,9.1609],[-10.7093,9.16],[-10.7083,9.1591],[-10.7077,9.1581],[-10.7088,9.1581],[-10.7105,9.1576],[-10.7111,9.1572],[-10.7115,9.1565],[-10.7114,9.1553],[-10.7118,9.1526],[-10.7131,9.1524],[-10.7147,9.1519],[-10.716,9.1509],[-10.7166,9.15],[-10.7163,9.1476],[-10.7163,9.1473],[-10.7163,9.1469],[-10.7161,9.1455],[-10.715,9.1447],[-10.7134,9.1446],[-10.7138,9.1431],[-10.7146,9.1419],[-10.715,9.1403],[-10.7149,9.1394],[-10.714,9.1388],[-10.7137,9.1383],[-10.7138,9.1374],[-10.7143,9.137],[-10.7154,9.1364],[-10.7171,9.1365],[-10.7194,9.1371],[-10.72,9.1357],[-10.7206,9.1347],[-10.7209,9.1335],[-10.721,9.1324],[-10.7206,9.1314],[-10.7196,9.1307],[-10.7182,9.1295],[-10.7188,9.1289],[-10.7189,9.1285],[-10.7191,9.1275],[-10.7196,9.1252],[-10.7197,9.124],[-10.7199,9.123],[-10.7201,9.1218],[-10.7213,9.12],[-10.7219,9.1189],[-10.7223,9.118],[-10.7232,9.1166],[-10.7237,9.1154],[-10.7237,9.1142],[-10.7236,9.113],[-10.7233,9.1124],[-10.7224,9.1115],[-10.7258,9.1072],[-10.7258,9.1067],[-10.7254,9.1057],[-10.7254,9.1054],[-10.726,9.1048],[-10.7263,9.1041],[-10.7267,9.1015],[-10.7271,9.1003],[-10.7273,9.0989],[-10.7269,9.0967],[-10.7269,9.0946],[-10.7272,9.0923],[-10.7277,9.0907],[-10.728,9.0886],[-10.7284,9.088],[-10.7298,9.0868],[-10.7302,9.0863],[-10.7308,9.0843],[-10.7308,9.0834],[-10.7308,9.0824],[-10.7308,9.0817],[-10.7305,9.0811],[-10.729,9.0803],[-10.7274,9.0801],[-10.7261,9.0801],[-10.724,9.0784],[-10.7224,9.0774],[-10.7138,9.0804],[-10.7056,9.0795],[-10.7007,9.0787],[-10.6964,9.0802],[-10.6814,9.0817],[-10.6676,9.0857],[-10.6671,9.0857],[-10.6664,9.0856],[-10.6659,9.0853],[-10.6656,9.0849],[-10.6647,9.0842],[-10.6644,9.0836],[-10.664,9.0834],[-10.6634,9.0832],[-10.6628,9.0832],[-10.6621,9.0835],[-10.6617,9.0835],[-10.6614,9.0834],[-10.6611,9.0832],[-10.6608,9.0831],[-10.6605,9.0829],[-10.6603,9.0829],[-10.6598,9.0829],[-10.6587,9.0824],[-10.6582,9.0825],[-10.657,9.0823],[-10.6567,9.0822],[-10.6566,9.0824],[-10.656,9.0824],[-10.6558,9.0825],[-10.6557,9.0824],[-10.6555,9.0823],[-10.6552,9.0827],[-10.6548,9.0827],[-10.6546,9.0825],[-10.6543,9.0824],[-10.6539,9.0823],[-10.6536,9.082],[-10.6532,9.0819],[-10.6525,9.0819],[-10.652,9.0817],[-10.6516,9.0814],[-10.6511,9.0815],[-10.6509,9.0814],[-10.6507,9.0813],[-10.6507,9.0805],[-10.6505,9.0805],[-10.6501,9.0807],[-10.6499,9.0807],[-10.6497,9.0809],[-10.6497,9.0811],[-10.6496,9.0813],[-10.6491,9.0814],[-10.6489,9.0816],[-10.6483,9.0818],[-10.6481,9.0818],[-10.648,9.0817],[-10.6478,9.0815],[-10.6478,9.0812],[-10.6477,9.081],[-10.6476,9.081],[-10.647,9.081],[-10.6466,9.081],[-10.6457,9.0806],[-10.6454,9.0805],[-10.6451,9.0805],[-10.6447,9.0805],[-10.6437,9.08],[-10.6433,9.0797],[-10.6431,9.0796],[-10.643,9.0795],[-10.6422,9.0797],[-10.642,9.0796],[-10.6408,9.0789],[-10.6401,9.0786],[-10.6391,9.0785],[-10.6389,9.0784],[-10.6387,9.0781],[-10.6385,9.0781],[-10.6381,9.0781],[-10.6378,9.0781],[-10.6375,9.078],[-10.637,9.0777],[-10.6367,9.0775],[-10.6365,9.0771],[-10.6363,9.077],[-10.6361,9.077],[-10.6359,9.077],[-10.6357,9.0769],[-10.6357,9.0765],[-10.6355,9.0764],[-10.6353,9.0763],[-10.6351,9.0763],[-10.6348,9.076],[-10.6345,9.076],[-10.6343,9.0757],[-10.6342,9.0757],[-10.634,9.0759],[-10.6338,9.0758],[-10.6336,9.0758],[-10.6335,9.076],[-10.6333,9.076],[-10.6328,9.0761],[-10.6328,9.0764],[-10.6323,9.0762],[-10.6322,9.076],[-10.6322,9.0759],[-10.6324,9.0755],[-10.6323,9.0753],[-10.6322,9.0752],[-10.6318,9.0752],[-10.6314,9.0751],[-10.6308,9.0749],[-10.6304,9.0747],[-10.63,9.0746],[-10.6297,9.0745],[-10.6295,9.0743],[-10.6292,9.0738],[-10.629,9.0736],[-10.6279,9.0738],[-10.6276,9.0743],[-10.6271,9.0744],[-10.6269,9.0743],[-10.6265,9.0737],[-10.6265,9.0735],[-10.6266,9.0729],[-10.6265,9.0726],[-10.6263,9.0723],[-10.6259,9.0719],[-10.6256,9.0717],[-10.6252,9.0717],[-10.6248,9.0716],[-10.6247,9.0715],[-10.6236,9.0721],[-10.6234,9.0721],[-10.6232,9.0723],[-10.6226,9.0724],[-10.6221,9.0727],[-10.622,9.0726],[-10.6219,9.0729],[-10.6215,9.073],[-10.6213,9.0733],[-10.6211,9.0732],[-10.621,9.0732],[-10.6209,9.0734],[-10.6208,9.0736],[-10.6204,9.0736],[-10.6202,9.0736],[-10.62,9.0738],[-10.6199,9.0738],[-10.6195,9.0736],[-10.619,9.0732],[-10.6188,9.0732],[-10.6175,9.0724],[-10.6174,9.0724],[-10.6172,9.0723],[-10.617,9.072],[-10.6168,9.072],[-10.6167,9.0721],[-10.6166,9.0722],[-10.6165,9.0719],[-10.6165,9.0717],[-10.6162,9.0717],[-10.6159,9.0715],[-10.6157,9.0716],[-10.6158,9.0717],[-10.6156,9.0718],[-10.6154,9.0715],[-10.6151,9.0714],[-10.6149,9.0712],[-10.6146,9.0712],[-10.6145,9.0708],[-10.6145,9.0705],[-10.6143,9.0705],[-10.6141,9.0703],[-10.6139,9.0702],[-10.6137,9.0702],[-10.6137,9.07],[-10.6137,9.0699],[-10.6138,9.0697],[-10.6137,9.0696],[-10.6135,9.0696],[-10.6134,9.0696],[-10.6134,9.0693],[-10.6134,9.0691],[-10.6131,9.0692],[-10.6129,9.0691],[-10.6128,9.069],[-10.6126,9.0693],[-10.6124,9.0694],[-10.6121,9.0694],[-10.6119,9.0693],[-10.6118,9.0695],[-10.6116,9.0696],[-10.6114,9.0694],[-10.6112,9.0695],[-10.6112,9.0691],[-10.611,9.0691],[-10.6109,9.0694],[-10.6107,9.0691],[-10.611,9.0689],[-10.6111,9.0689],[-10.6109,9.0686],[-10.6108,9.0685],[-10.6108,9.0683],[-10.6107,9.0681],[-10.6104,9.068],[-10.6103,9.068],[-10.6095,9.0678],[-10.6094,9.0679],[-10.6089,9.068],[-10.6088,9.0684],[-10.6087,9.0684],[-10.6082,9.0682],[-10.6079,9.0679],[-10.6077,9.0676],[-10.6075,9.0675],[-10.6071,9.0677],[-10.6068,9.0675],[-10.6066,9.0671],[-10.6065,9.0672],[-10.6062,9.0669],[-10.6059,9.0669],[-10.6059,9.0671],[-10.6057,9.0668],[-10.6058,9.0665],[-10.6055,9.0663],[-10.6054,9.0667],[-10.6052,9.0665],[-10.6052,9.0666],[-10.6051,9.0666],[-10.605,9.0665],[-10.6048,9.0662],[-10.6046,9.0662],[-10.6046,9.0663],[-10.6045,9.0664],[-10.6043,9.0663],[-10.6041,9.0661],[-10.6041,9.0659],[-10.6039,9.0653],[-10.6037,9.0654],[-10.6036,9.0655],[-10.6034,9.0653],[-10.6032,9.0655],[-10.6029,9.0653],[-10.6028,9.0654],[-10.6025,9.0652],[-10.6023,9.0651],[-10.6022,9.065],[-10.6021,9.0656],[-10.6018,9.0654],[-10.6016,9.065],[-10.6015,9.0648],[-10.6012,9.0649],[-10.601,9.0646],[-10.6009,9.0645],[-10.6008,9.0643],[-10.6006,9.0643],[-10.6005,9.0641],[-10.6002,9.0639],[-10.6001,9.064],[-10.5998,9.0641],[-10.5997,9.064],[-10.5996,9.0639],[-10.5995,9.0642],[-10.5994,9.0642],[-10.5993,9.0637],[-10.5991,9.0636],[-10.599,9.0638],[-10.5989,9.0636],[-10.5988,9.0634],[-10.5986,9.0633],[-10.5984,9.0634],[-10.598,9.0634],[-10.5978,9.0638],[-10.5976,9.0638],[-10.5976,9.0636],[-10.5975,9.0634],[-10.5973,9.0634],[-10.5972,9.0637],[-10.5971,9.0636],[-10.5972,9.0634],[-10.597,9.0632],[-10.5969,9.0634],[-10.5967,9.0633],[-10.5967,9.0632],[-10.5964,9.0631],[-10.5966,9.063],[-10.5967,9.0629],[-10.5967,9.0626],[-10.5969,9.0628],[-10.597,9.0627],[-10.5967,9.0625],[-10.5964,9.0624],[-10.5963,9.0625],[-10.5963,9.0622],[-10.5959,9.062],[-10.5956,9.0618],[-10.5953,9.0618],[-10.5952,9.0616],[-10.5951,9.0616],[-10.5948,9.0618],[-10.5948,9.0616],[-10.5949,9.0615],[-10.5947,9.0614],[-10.5946,9.0616],[-10.5943,9.0615],[-10.5942,9.0614],[-10.594,9.0614],[-10.5939,9.0614],[-10.5938,9.0613],[-10.5937,9.0616],[-10.5934,9.0617],[-10.5932,9.0616],[-10.593,9.0617],[-10.5928,9.0615],[-10.5926,9.0615],[-10.5923,9.0615],[-10.5922,9.0612],[-10.592,9.061],[-10.5919,9.0609],[-10.5918,9.0609],[-10.5917,9.061],[-10.5917,9.0611],[-10.5915,9.0611],[-10.5914,9.0611],[-10.5913,9.0609],[-10.5912,9.0609],[-10.5911,9.0611],[-10.591,9.0612],[-10.5909,9.0611],[-10.5904,9.0605],[-10.5898,9.0601],[-10.5897,9.06],[-10.5898,9.0598],[-10.5895,9.0596],[-10.5895,9.0593],[-10.5893,9.059],[-10.5894,9.0588],[-10.5894,9.0585],[-10.5896,9.0584],[-10.5896,9.0582],[-10.5893,9.0582],[-10.5893,9.058],[-10.5896,9.0577],[-10.5896,9.0576],[-10.5895,9.0575],[-10.5893,9.0575],[-10.5892,9.0574],[-10.5893,9.0573],[-10.5895,9.0572],[-10.5895,9.0571],[-10.5894,9.057],[-10.5892,9.057],[-10.5891,9.0571],[-10.5889,9.0572],[-10.5888,9.0571],[-10.5885,9.0568],[-10.5884,9.0565],[-10.5882,9.0564],[-10.5879,9.0564],[-10.5877,9.0563],[-10.5874,9.0564],[-10.587,9.0563],[-10.5868,9.0561],[-10.5868,9.056],[-10.5869,9.0559],[-10.5869,9.0557],[-10.5868,9.0556],[-10.5867,9.0549],[-10.5859,9.0546],[-10.5858,9.054],[-10.5857,9.0538],[-10.5857,9.0536],[-10.5859,9.0534],[-10.5859,9.0533],[-10.5859,9.0532],[-10.5855,9.0529],[-10.5855,9.0526],[-10.5853,9.0524],[-10.5852,9.0521],[-10.585,9.0519],[-10.5849,9.0515],[-10.5847,9.0513],[-10.5846,9.0513],[-10.5845,9.0515],[-10.5844,9.0516],[-10.5841,9.0515],[-10.584,9.052],[-10.5838,9.052],[-10.5836,9.0518],[-10.5833,9.0517],[-10.5832,9.0519],[-10.5824,9.0523],[-10.5819,9.0526],[-10.5814,9.0524],[-10.581,9.0524],[-10.5804,9.0527],[-10.58,9.0526],[-10.5795,9.0525],[-10.5791,9.0526],[-10.5789,9.0528],[-10.5787,9.0529],[-10.5781,9.0528],[-10.5776,9.0528],[-10.5766,9.0528],[-10.5759,9.0526],[-10.5752,9.0523],[-10.5747,9.0518],[-10.5744,9.0515],[-10.5739,9.0512],[-10.5739,9.0509],[-10.5737,9.0501],[-10.5735,9.0499],[-10.5735,9.0495],[-10.5735,9.0494],[-10.5736,9.0494],[-10.5736,9.049],[-10.5736,9.0488],[-10.5737,9.0485],[-10.574,9.0483],[-10.5741,9.0481],[-10.5742,9.0479],[-10.5737,9.0476],[-10.5736,9.0473],[-10.5737,9.047],[-10.5739,9.047],[-10.5741,9.0472],[-10.5744,9.0473],[-10.5746,9.0471],[-10.5746,9.0467],[-10.5746,9.0462],[-10.5744,9.0455],[-10.5743,9.0451],[-10.5738,9.0444],[-10.5738,9.0441],[-10.5739,9.044],[-10.5741,9.0439],[-10.5743,9.0436],[-10.5743,9.0434],[-10.5747,9.0435],[-10.575,9.0437],[-10.5754,9.0434],[-10.5757,9.0432],[-10.576,9.0427],[-10.5758,9.0417],[-10.576,9.0412],[-10.576,9.0398],[-10.5764,9.0391],[-10.5763,9.0387],[-10.576,9.0384],[-10.5761,9.0382],[-10.5764,9.0383],[-10.5765,9.0385],[-10.5766,9.0387],[-10.5768,9.0388],[-10.5771,9.0387],[-10.5771,9.0383],[-10.5777,9.0382],[-10.5781,9.038],[-10.5783,9.0367],[-10.5784,9.0361],[-10.5788,9.0359],[-10.5792,9.0349],[-10.579,9.0345],[-10.5785,9.0344],[-10.5783,9.0341],[-10.5787,9.0336],[-10.5794,9.0332],[-10.5797,9.0325],[-10.5801,9.0323],[-10.5804,9.0324],[-10.5805,9.032],[-10.5803,9.0318],[-10.5801,9.0319],[-10.5796,9.0318],[-10.5794,9.0315],[-10.5795,9.0309],[-10.5798,9.0307],[-10.5799,9.0307],[-10.5803,9.0312],[-10.5809,9.0315],[-10.5812,9.0314],[-10.5815,9.0312],[-10.5818,9.0301],[-10.5817,9.0295],[-10.5814,9.0293],[-10.5807,9.0294],[-10.5801,9.0292],[-10.58,9.0287],[-10.5806,9.0282],[-10.5807,9.0276],[-10.5802,9.0269],[-10.5809,9.0262],[-10.5806,9.0255],[-10.581,9.025],[-10.5809,9.0244],[-10.5808,9.024],[-10.5816,9.0233],[-10.5817,9.0227],[-10.5814,9.0217],[-10.5808,9.0209],[-10.5811,9.0193],[-10.5808,9.0181],[-10.5804,9.0179],[-10.58,9.0172],[-10.58,9.0167],[-10.581,9.0151],[-10.5811,9.0152],[-10.5825,9.0164],[-10.5838,9.0166],[-10.5844,9.0161],[-10.5834,9.0156],[-10.5831,9.0147],[-10.5834,9.0145],[-10.5838,9.0147],[-10.5845,9.0144],[-10.5858,9.0129],[-10.5874,9.0133],[-10.589,9.012],[-10.5889,9.0107],[-10.5898,9.0094],[-10.5897,9.0089],[-10.59,9.0068],[-10.5904,9.0057],[-10.5902,9.0051],[-10.5895,9.005],[-10.5891,9.0042],[-10.5879,9.0035],[-10.5868,9.0036],[-10.5866,9.0017],[-10.5875,9.0005],[-10.5891,9.0001],[-10.5893,8.9982],[-10.5904,8.9963],[-10.5906,8.9957],[-10.5901,8.9949],[-10.591,8.9935],[-10.5913,8.9919],[-10.5911,8.9878],[-10.5908,8.9875],[-10.5907,8.9874],[-10.5909,8.9872],[-10.5911,8.9873],[-10.5912,8.9869],[-10.5904,8.9859],[-10.5905,8.9852],[-10.5898,8.9842],[-10.5891,8.9831],[-10.5899,8.9814],[-10.5896,8.9802],[-10.5895,8.9786],[-10.5905,8.9777],[-10.5898,8.9757],[-10.5889,8.9742],[-10.5892,8.9732],[-10.5887,8.9714],[-10.5876,8.9702],[-10.5878,8.9694],[-10.5887,8.9687],[-10.5891,8.9675],[-10.5886,8.9649],[-10.588,8.9633],[-10.5871,8.9629],[-10.5855,8.9644],[-10.5851,8.9647],[-10.5846,8.9643],[-10.5845,8.9638],[-10.585,8.9633],[-10.5853,8.9628],[-10.5852,8.9618],[-10.5846,8.9605],[-10.5849,8.9597],[-10.5855,8.9594],[-10.5861,8.9597],[-10.5867,8.9596],[-10.5868,8.9593],[-10.5873,8.9593],[-10.5879,8.9599],[-10.5889,8.9595],[-10.5892,8.9575],[-10.5895,8.9572],[-10.5892,8.9569],[-10.5889,8.9572],[-10.5886,8.9579],[-10.588,8.9583],[-10.5879,8.9577],[-10.5877,8.9567],[-10.587,8.9559],[-10.5859,8.955],[-10.5858,8.9533],[-10.5854,8.9525],[-10.5854,8.9521],[-10.5851,8.9515],[-10.5851,8.9504],[-10.585,8.95],[-10.5851,8.9489],[-10.5845,8.948],[-10.5843,8.947],[-10.5846,8.9457],[-10.5841,8.9452],[-10.5833,8.945],[-10.5832,8.9446],[-10.5835,8.9442],[-10.5841,8.9444],[-10.5842,8.9441],[-10.5841,8.9438],[-10.5833,8.9429],[-10.5832,8.9426],[-10.5833,8.9424],[-10.5839,8.9424],[-10.5839,8.9422],[-10.5834,8.9416],[-10.5831,8.9414],[-10.5832,8.9412],[-10.5835,8.941],[-10.5838,8.9408],[-10.5842,8.9408],[-10.5842,8.9404],[-10.584,8.9401],[-10.584,8.9396],[-10.5838,8.9396],[-10.5834,8.9397],[-10.5831,8.9403],[-10.5829,8.9408],[-10.5827,8.9409],[-10.5824,8.9406],[-10.5824,8.94],[-10.5821,8.9395],[-10.5827,8.9392],[-10.5832,8.939],[-10.5838,8.9387],[-10.5838,8.9384],[-10.5832,8.9382],[-10.5826,8.9379],[-10.5825,8.9376],[-10.5826,8.9374],[-10.5831,8.9372],[-10.583,8.9367],[-10.5826,8.9362],[-10.5826,8.9357],[-10.5825,8.9355],[-10.5829,8.9352],[-10.5829,8.9348],[-10.5826,8.9344],[-10.5823,8.9342],[-10.5821,8.9342],[-10.5819,8.9344],[-10.5817,8.9345],[-10.5814,8.9343],[-10.5814,8.934],[-10.5814,8.9336],[-10.5813,8.9334],[-10.5811,8.9333],[-10.5808,8.9333],[-10.5806,8.933],[-10.5803,8.9319],[-10.58,8.9316],[-10.5792,8.9314],[-10.579,8.9309],[-10.5788,8.9307],[-10.5786,8.9307],[-10.5783,8.9309],[-10.5782,8.931],[-10.578,8.931],[-10.578,8.9309],[-10.5782,8.9297],[-10.5779,8.9292],[-10.5776,8.9291],[-10.5774,8.9296],[-10.5772,8.9295],[-10.577,8.9302],[-10.5768,8.9301],[-10.5767,8.93],[-10.5768,8.9294],[-10.5771,8.9292],[-10.5773,8.9288],[-10.5774,8.9286],[-10.5773,8.9282],[-10.5771,8.9279],[-10.577,8.9277],[-10.5772,8.9275],[-10.5774,8.9276],[-10.5777,8.9277],[-10.5779,8.9277],[-10.578,8.9275],[-10.5777,8.9274],[-10.5774,8.9273],[-10.5773,8.9272],[-10.5772,8.927],[-10.5774,8.9267],[-10.5777,8.9266],[-10.578,8.9264],[-10.5781,8.9263],[-10.5781,8.926],[-10.578,8.9258],[-10.578,8.9253],[-10.5784,8.9249],[-10.5786,8.9246],[-10.5783,8.9244],[-10.578,8.9242],[-10.5778,8.9242],[-10.5775,8.924],[-10.5774,8.9237],[-10.5777,8.9235],[-10.5776,8.9233],[-10.5771,8.9234],[-10.5767,8.9232],[-10.5765,8.9228],[-10.5765,8.9225],[-10.5761,8.9221],[-10.5757,8.9224],[-10.5757,8.9228],[-10.5755,8.9227],[-10.5753,8.9224],[-10.5752,8.922],[-10.5749,8.9216],[-10.5749,8.9213],[-10.5752,8.9209],[-10.5751,8.92],[-10.5753,8.9198],[-10.5758,8.9197],[-10.5752,8.9185],[-10.5749,8.9177],[-10.575,8.9173],[-10.5759,8.9171],[-10.5761,8.9169],[-10.5759,8.9163],[-10.5757,8.9159],[-10.5753,8.9157],[-10.5754,8.9155],[-10.5757,8.9153],[-10.5765,8.9149],[-10.5765,8.9145],[-10.5764,8.914],[-10.5761,8.9137],[-10.5755,8.9134],[-10.5756,8.913],[-10.5758,8.9123],[-10.5756,8.9122],[-10.5751,8.9124],[-10.5749,8.913],[-10.5746,8.9133],[-10.5741,8.9132],[-10.5738,8.9123],[-10.5738,8.9117],[-10.5736,8.9113],[-10.5736,8.9111],[-10.5739,8.9109],[-10.5736,8.9103],[-10.5738,8.91],[-10.5743,8.91],[-10.5744,8.9099],[-10.5743,8.9095],[-10.5737,8.9093],[-10.5732,8.9092],[-10.573,8.909],[-10.573,8.9088],[-10.5733,8.9085],[-10.5736,8.9083],[-10.5739,8.9081],[-10.5746,8.908],[-10.5748,8.9078],[-10.5746,8.907],[-10.5746,8.906],[-10.5743,8.9055],[-10.5746,8.905],[-10.5749,8.9044],[-10.5747,8.9034],[-10.575,8.902],[-10.5759,8.9004],[-10.576,8.9],[-10.576,8.8997],[-10.5753,8.8992],[-10.5751,8.8987],[-10.5751,8.8981],[-10.5752,8.8975],[-10.5755,8.897],[-10.5758,8.8966],[-10.5761,8.8951],[-10.5764,8.8945],[-10.5759,8.8929],[-10.576,8.8925],[-10.5763,8.8923],[-10.5762,8.8919],[-10.5758,8.8918],[-10.5753,8.892],[-10.575,8.8925],[-10.5747,8.8924],[-10.5745,8.8922],[-10.5744,8.8911],[-10.5743,8.8909],[-10.574,8.8907],[-10.5736,8.8907],[-10.5734,8.8911],[-10.5735,8.8913],[-10.5734,8.8915],[-10.5732,8.8914],[-10.5732,8.8912],[-10.5731,8.8909],[-10.5732,8.8903],[-10.5734,8.8899],[-10.5738,8.8898],[-10.5741,8.8898],[-10.5744,8.8895],[-10.5747,8.8892],[-10.5747,8.8891],[-10.5743,8.8889],[-10.5742,8.8888],[-10.5741,8.8885],[-10.5743,8.8882],[-10.5747,8.888],[-10.5748,8.8877],[-10.5745,8.8872],[-10.574,8.8873],[-10.5738,8.887],[-10.5738,8.8867],[-10.5733,8.886],[-10.5736,8.8851],[-10.5733,8.8849],[-10.573,8.8852],[-10.5729,8.8859],[-10.5723,8.8862],[-10.5718,8.886],[-10.5714,8.8864],[-10.571,8.8863],[-10.5708,8.886],[-10.5705,8.8855],[-10.5706,8.8852],[-10.5714,8.8847],[-10.5715,8.8844],[-10.5715,8.8841],[-10.5708,8.8836],[-10.5706,8.8834],[-10.5707,8.8831],[-10.571,8.8828],[-10.571,8.8824],[-10.5709,8.8822],[-10.5703,8.8821],[-10.5701,8.882],[-10.57,8.8815],[-10.5698,8.8813],[-10.5695,8.8812],[-10.5695,8.881],[-10.5698,8.8805],[-10.5698,8.8803],[-10.5696,8.88],[-10.5696,8.8795],[-10.5701,8.879],[-10.5705,8.8788],[-10.5706,8.8786],[-10.5705,8.8782],[-10.5703,8.8779],[-10.5703,8.8777],[-10.5705,8.8775],[-10.5709,8.8775],[-10.5713,8.8773],[-10.571,8.8767],[-10.5712,8.876],[-10.571,8.8757],[-10.5705,8.8755],[-10.5699,8.8747],[-10.5697,8.8734],[-10.5698,8.8728],[-10.5697,8.8721],[-10.5695,8.8715],[-10.569,8.8711],[-10.5688,8.8709],[-10.5684,8.8709],[-10.568,8.871],[-10.5678,8.8709],[-10.5677,8.8707],[-10.5684,8.8698],[-10.5684,8.8695],[-10.5682,8.8694],[-10.5675,8.8693],[-10.5673,8.8691],[-10.5672,8.8677],[-10.5671,8.8673],[-10.5672,8.8671],[-10.5676,8.8672],[-10.5678,8.867],[-10.568,8.8669],[-10.5681,8.8668],[-10.5678,8.8665],[-10.5674,8.8665],[-10.5671,8.8665],[-10.5669,8.8667],[-10.5667,8.8666],[-10.5667,8.8663],[-10.5669,8.8661],[-10.5672,8.8658],[-10.5676,8.8655],[-10.5672,8.8652],[-10.5671,8.8648],[-10.5674,8.8643],[-10.5673,8.8641],[-10.5668,8.8641],[-10.5669,8.8634],[-10.5672,8.8631],[-10.5667,8.8616],[-10.5665,8.8615],[-10.5662,8.8615],[-10.5662,8.8611],[-10.5659,8.8604],[-10.5653,8.8602],[-10.5644,8.8603],[-10.5635,8.8598],[-10.5634,8.8591],[-10.5631,8.8585],[-10.563,8.858],[-10.5626,8.8574],[-10.563,8.8568],[-10.5639,8.8563],[-10.5639,8.8553],[-10.5621,8.8556],[-10.5622,8.8547],[-10.5617,8.8524],[-10.5613,8.8503],[-10.5613,8.8485],[-10.5621,8.8475],[-10.5616,8.8466],[-10.5611,8.8462],[-10.5601,8.8464],[-10.5599,8.8452],[-10.5598,8.845],[-10.5595,8.8452],[-10.5593,8.8454],[-10.5591,8.8451],[-10.5591,8.8447],[-10.5598,8.8438],[-10.5602,8.843],[-10.5596,8.8419],[-10.5595,8.8412],[-10.5591,8.84],[-10.5591,8.8385],[-10.5592,8.8379],[-10.5602,8.8368],[-10.5603,8.8364],[-10.5599,8.8349],[-10.5593,8.8343],[-10.5589,8.8338],[-10.5592,8.8332],[-10.5594,8.8325],[-10.5593,8.832],[-10.5595,8.8317],[-10.5599,8.8312],[-10.5597,8.8304],[-10.5596,8.83],[-10.5592,8.8293],[-10.5588,8.829],[-10.558,8.8289],[-10.5579,8.8286],[-10.5581,8.8283],[-10.5584,8.8283],[-10.5587,8.8284],[-10.5587,8.8287],[-10.5589,8.8287],[-10.5593,8.8284],[-10.5594,8.8282],[-10.5593,8.8277],[-10.5589,8.8277],[-10.5584,8.8275],[-10.5578,8.8271],[-10.5577,8.8269],[-10.5578,8.8265],[-10.5581,8.8263],[-10.5584,8.8259],[-10.5581,8.8253],[-10.558,8.8251],[-10.5581,8.8246],[-10.5578,8.8244],[-10.557,8.8244],[-10.5569,8.8238],[-10.5573,8.8233],[-10.5574,8.8231],[-10.5573,8.8221],[-10.5574,8.8214],[-10.5577,8.8209],[-10.5578,8.8206],[-10.5574,8.8202],[-10.5574,8.8198],[-10.5578,8.8195],[-10.5582,8.8194],[-10.5582,8.8198],[-10.5581,8.8202],[-10.5584,8.8203],[-10.5587,8.8204],[-10.5598,8.8201],[-10.5595,8.8194],[-10.5597,8.8188],[-10.5603,8.8187],[-10.5605,8.8184],[-10.5619,8.8179],[-10.5619,8.8177],[-10.5623,8.8171],[-10.5624,8.8162],[-10.5613,8.8131],[-10.5608,8.8123],[-10.5594,8.8114],[-10.559,8.8109],[-10.559,8.8105],[-10.5595,8.8101],[-10.5596,8.81],[-10.5597,8.8096],[-10.5597,8.8086],[-10.5596,8.8076],[-10.5598,8.8074],[-10.5604,8.807],[-10.5609,8.8066],[-10.5611,8.806],[-10.5611,8.8054],[-10.5609,8.8047],[-10.5605,8.8046],[-10.5599,8.805],[-10.5592,8.8052],[-10.5587,8.805],[-10.5581,8.805],[-10.5574,8.8053],[-10.557,8.8057],[-10.5563,8.806],[-10.5556,8.8061],[-10.5547,8.8057],[-10.5538,8.8052],[-10.5524,8.8041],[-10.552,8.804],[-10.5519,8.8039],[-10.5519,8.8035],[-10.5515,8.8025],[-10.5508,8.8013],[-10.5507,8.8002],[-10.5506,8.7993],[-10.5503,8.7988],[-10.5501,8.7985],[-10.5497,8.7986],[-10.5494,8.7994],[-10.5494,8.8004],[-10.5488,8.8019],[-10.5481,8.8025],[-10.5468,8.8025],[-10.5453,8.8027],[-10.5446,8.8031],[-10.5442,8.8035],[-10.5439,8.8049],[-10.5436,8.8052],[-10.543,8.8053],[-10.5409,8.8043],[-10.5395,8.8035],[-10.5394,8.8028],[-10.5402,8.8017],[-10.5403,8.8011],[-10.54,8.8004],[-10.5396,8.8002],[-10.5391,8.8],[-10.5379,8.7991],[-10.5372,8.7991],[-10.5364,8.7988],[-10.5362,8.7986],[-10.5362,8.798],[-10.5369,8.7979],[-10.5376,8.7968],[-10.5379,8.796],[-10.5377,8.7956],[-10.537,8.7954],[-10.5361,8.7958],[-10.5347,8.7955],[-10.5332,8.7935],[-10.533,8.792],[-10.5304,8.7903],[-10.5288,8.7887],[-10.5278,8.7882],[-10.5274,8.7884],[-10.5278,8.7891],[-10.5269,8.7892],[-10.5252,8.7877],[-10.5246,8.7866],[-10.5244,8.7861],[-10.5244,8.7852],[-10.5242,8.7848],[-10.524,8.7848],[-10.5231,8.7855],[-10.5224,8.7851],[-10.5219,8.7847],[-10.5213,8.7838],[-10.5204,8.783],[-10.5198,8.7826],[-10.5197,8.7814],[-10.5196,8.7795],[-10.5191,8.7783],[-10.5187,8.7764],[-10.5178,8.7751],[-10.5174,8.774],[-10.5173,8.773],[-10.5164,8.7689],[-10.5162,8.768],[-10.5136,8.7622],[-10.5127,8.7599],[-10.5124,8.7581],[-10.5124,8.7579],[-10.5131,8.7569],[-10.513,8.7562],[-10.5124,8.754],[-10.5123,8.7528],[-10.5118,8.751],[-10.5105,8.7491],[-10.5097,8.748],[-10.509,8.7472],[-10.5094,8.7465],[-10.5096,8.746],[-10.5106,8.7457],[-10.5113,8.7451],[-10.5114,8.7447],[-10.5112,8.7434],[-10.5111,8.7424],[-10.5114,8.7413],[-10.5112,8.7407],[-10.5106,8.7406],[-10.5101,8.7412],[-10.5103,8.7422],[-10.5101,8.7427],[-10.5097,8.7428],[-10.5095,8.7426],[-10.509,8.7428],[-10.5085,8.7428],[-10.5082,8.7427],[-10.5081,8.742],[-10.5077,8.7414],[-10.5073,8.7414],[-10.5066,8.7412],[-10.506,8.7408],[-10.5055,8.7409],[-10.5046,8.7405],[-10.5041,8.7405],[-10.5037,8.7408],[-10.5024,8.7422],[-10.5017,8.7436],[-10.5011,8.7438],[-10.5,8.7437],[-10.4978,8.7431],[-10.4954,8.7418],[-10.4949,8.7414],[-10.4948,8.7412],[-10.4954,8.7407],[-10.4963,8.7401],[-10.4977,8.7396],[-10.4979,8.7397],[-10.4985,8.74],[-10.4988,8.7407],[-10.4999,8.7412],[-10.5004,8.7413],[-10.5009,8.7416],[-10.5017,8.7409],[-10.5021,8.7403],[-10.5027,8.7398],[-10.5051,8.7373],[-10.5058,8.7364],[-10.5061,8.7351],[-10.5061,8.7341],[-10.5056,8.7337],[-10.505,8.7333],[-10.5047,8.7332],[-10.5043,8.7333],[-10.5042,8.733],[-10.504,8.7329],[-10.5038,8.7328],[-10.5035,8.7326],[-10.5032,8.7323],[-10.5032,8.732],[-10.5035,8.7317],[-10.5042,8.7314],[-10.5041,8.7305],[-10.5033,8.7301],[-10.5023,8.7296],[-10.501,8.7286],[-10.5005,8.7282],[-10.5008,8.7275],[-10.5002,8.7267],[-10.4999,8.726],[-10.4979,8.7256],[-10.4952,8.7243],[-10.495,8.7238],[-10.4953,8.7232],[-10.4958,8.7227],[-10.4963,8.7212],[-10.4952,8.719],[-10.4958,8.718],[-10.4959,8.7174],[-10.4965,8.7169],[-10.4977,8.7171],[-10.4991,8.7167],[-10.4994,8.7161],[-10.4995,8.7151],[-10.5,8.7134],[-10.4979,8.7127],[-10.4974,8.7117],[-10.4944,8.7123],[-10.4931,8.7132],[-10.4928,8.7118],[-10.4934,8.7099],[-10.4956,8.7075],[-10.4964,8.7068],[-10.4963,8.7064],[-10.4947,8.7066],[-10.4933,8.7063],[-10.4922,8.7063],[-10.4918,8.7065],[-10.4914,8.7068],[-10.4883,8.7079],[-10.488,8.7076],[-10.488,8.7071],[-10.4874,8.7062],[-10.4873,8.7055],[-10.4862,8.7054],[-10.4861,8.7049],[-10.4861,8.7042],[-10.4854,8.7043],[-10.4851,8.703],[-10.4844,8.7024],[-10.4839,8.7022],[-10.4837,8.7024],[-10.4834,8.7025],[-10.4834,8.7021],[-10.4836,8.7018],[-10.4838,8.7015],[-10.4837,8.7007],[-10.4841,8.6999],[-10.484,8.6993],[-10.4838,8.6989],[-10.4832,8.6992],[-10.4826,8.6998],[-10.4814,8.6999],[-10.4809,8.6997],[-10.4804,8.6992],[-10.4805,8.6985],[-10.4802,8.6972],[-10.4801,8.6961],[-10.4798,8.6953],[-10.4795,8.6947],[-10.4792,8.6945],[-10.4789,8.6945],[-10.4783,8.6947],[-10.4776,8.6952],[-10.4769,8.6952],[-10.4762,8.6956],[-10.4741,8.6957],[-10.4737,8.6954],[-10.4734,8.6947],[-10.474,8.6943],[-10.4746,8.6941],[-10.4768,8.6939],[-10.4771,8.6935],[-10.477,8.6933],[-10.4761,8.6932],[-10.4755,8.6932],[-10.4751,8.6927],[-10.4753,8.6922],[-10.4759,8.6914],[-10.4761,8.6909],[-10.4756,8.6886],[-10.4755,8.6873],[-10.4755,8.6865],[-10.4758,8.6858],[-10.4768,8.6849],[-10.4772,8.6844],[-10.4773,8.6835],[-10.4771,8.6828],[-10.4767,8.6825],[-10.4756,8.683],[-10.4747,8.6837],[-10.4745,8.6843],[-10.4739,8.6855],[-10.473,8.6866],[-10.4721,8.6872],[-10.4708,8.6858],[-10.4702,8.6851],[-10.4702,8.684],[-10.4701,8.6837],[-10.4698,8.683],[-10.469,8.682],[-10.4694,8.6812],[-10.4692,8.681],[-10.4686,8.6811],[-10.4678,8.6811],[-10.4669,8.6805],[-10.4661,8.6805],[-10.4656,8.6799],[-10.4647,8.6793],[-10.4644,8.6775],[-10.4647,8.6768],[-10.465,8.6764],[-10.4655,8.6764],[-10.4661,8.6759],[-10.4661,8.6754],[-10.4664,8.6749],[-10.4665,8.6746],[-10.4662,8.6741],[-10.4653,8.6736],[-10.465,8.6735],[-10.4644,8.6729],[-10.4647,8.6717],[-10.4653,8.6709],[-10.4659,8.6702],[-10.4666,8.6698],[-10.467,8.67],[-10.4672,8.6703],[-10.4673,8.671],[-10.468,8.6715],[-10.4686,8.6716],[-10.4693,8.6715],[-10.4697,8.6707],[-10.4699,8.6702],[-10.4707,8.6694],[-10.471,8.6692],[-10.4714,8.6691],[-10.4718,8.6689],[-10.4723,8.6681],[-10.4727,8.6679],[-10.4726,8.6674],[-10.4732,8.6667],[-10.4718,8.6631],[-10.4719,8.6622],[-10.4723,8.6616],[-10.4735,8.6606],[-10.474,8.6592],[-10.4751,8.658],[-10.477,8.6567],[-10.4773,8.656],[-10.4769,8.6558],[-10.4746,8.6557],[-10.4742,8.6554],[-10.4732,8.655],[-10.4721,8.6546],[-10.472,8.6544],[-10.472,8.654],[-10.4725,8.6524],[-10.472,8.652],[-10.4705,8.6517],[-10.4703,8.6514],[-10.4745,8.646],[-10.4755,8.6456],[-10.4773,8.6456],[-10.4782,8.6451],[-10.4782,8.6447],[-10.4779,8.6431],[-10.4781,8.642],[-10.479,8.6406],[-10.48,8.6397],[-10.4813,8.6392],[-10.4826,8.6389],[-10.4837,8.6383],[-10.4885,8.6357],[-10.4897,8.6346],[-10.4905,8.6336],[-10.4915,8.6329],[-10.4924,8.6323],[-10.4934,8.6315],[-10.4936,8.6305],[-10.4933,8.6295],[-10.4911,8.6275],[-10.4927,8.6257],[-10.4931,8.6255],[-10.4948,8.6254],[-10.4967,8.6246],[-10.4988,8.6246],[-10.5002,8.6241],[-10.5023,8.6227],[-10.5033,8.622],[-10.5055,8.6211],[-10.5071,8.6212],[-10.5099,8.6206],[-10.5108,8.6158],[-10.5111,8.6157],[-10.5113,8.6154],[-10.5134,8.6145],[-10.5144,8.6148],[-10.5171,8.6167],[-10.5176,8.6176],[-10.5176,8.6192],[-10.5197,8.6202],[-10.5203,8.6203],[-10.5217,8.6193],[-10.5239,8.6178],[-10.5259,8.6167],[-10.5281,8.6159],[-10.529,8.6156],[-10.5309,8.6143],[-10.5322,8.6161],[-10.5336,8.6162],[-10.5348,8.617],[-10.5355,8.6169],[-10.5374,8.6164],[-10.5384,8.616],[-10.5396,8.6158],[-10.5415,8.6147],[-10.5419,8.6145],[-10.5421,8.6135],[-10.5421,8.6119],[-10.5423,8.6104],[-10.5426,8.6097],[-10.5454,8.6084],[-10.5464,8.6077],[-10.5479,8.6071],[-10.5492,8.6075],[-10.5502,8.6076],[-10.5526,8.6052],[-10.5543,8.6029],[-10.5547,8.6027],[-10.5569,8.6037],[-10.5583,8.6041],[-10.5592,8.604],[-10.5595,8.6034],[-10.5594,8.6026],[-10.5587,8.6019],[-10.5582,8.6005],[-10.5583,8.5998],[-10.5596,8.5983],[-10.5605,8.5979],[-10.561,8.5988],[-10.5621,8.6],[-10.5643,8.6012],[-10.5675,8.6024],[-10.5684,8.6024],[-10.5706,8.6],[-10.5732,8.5994],[-10.5748,8.5987],[-10.5763,8.5961],[-10.5764,8.5951],[-10.576,8.5938],[-10.5758,8.5932],[-10.574,8.5901],[-10.5734,8.5889],[-10.5736,8.5875],[-10.5742,8.5859],[-10.5743,8.5851],[-10.5741,8.5845],[-10.573,8.5832],[-10.5743,8.5817],[-10.575,8.5794],[-10.5749,8.5772],[-10.5743,8.5742],[-10.5744,8.5734],[-10.5763,8.5726],[-10.5776,8.5726],[-10.5784,8.5735],[-10.5796,8.5739],[-10.5815,8.573],[-10.5832,8.5721],[-10.585,8.5699],[-10.5868,8.5682],[-10.5902,8.5634],[-10.5905,8.5626],[-10.5903,8.5612],[-10.5905,8.5602],[-10.5923,8.5578],[-10.5925,8.5569],[-10.5925,8.556],[-10.5927,8.5547],[-10.5927,8.552],[-10.5929,8.5506],[-10.5933,8.5496],[-10.5935,8.5493],[-10.594,8.5491],[-10.5946,8.5491],[-10.5954,8.5489],[-10.5961,8.5486],[-10.597,8.548],[-10.5984,8.5469],[-10.5998,8.5463],[-10.6014,8.5461],[-10.6029,8.5465],[-10.6035,8.5465],[-10.6041,8.5464],[-10.6047,8.5461],[-10.6053,8.5458],[-10.6068,8.5447],[-10.6085,8.5437],[-10.609,8.5435],[-10.6101,8.5431],[-10.6106,8.5431],[-10.6112,8.5433],[-10.6115,8.5436],[-10.6115,8.5453],[-10.6116,8.5457],[-10.6118,8.546],[-10.6121,8.5462],[-10.6124,8.5462],[-10.6127,8.5461],[-10.6134,8.5453],[-10.6142,8.544],[-10.615,8.5431],[-10.6153,8.5428],[-10.6158,8.5422],[-10.616,8.5417],[-10.616,8.5411],[-10.6158,8.5404],[-10.6158,8.5398],[-10.6159,8.5393],[-10.6161,8.539],[-10.6162,8.5386],[-10.6162,8.5384],[-10.616,8.5383],[-10.6153,8.538],[-10.615,8.5378],[-10.6147,8.5375],[-10.6145,8.5372],[-10.6139,8.5368],[-10.6136,8.5363],[-10.6135,8.5359],[-10.6139,8.5353],[-10.614,8.5345],[-10.6141,8.5331],[-10.6146,8.5324],[-10.6152,8.5317],[-10.617,8.5304],[-10.6186,8.5295],[-10.6196,8.5287],[-10.6201,8.5284],[-10.6205,8.5276],[-10.6212,8.5256],[-10.622,8.5199],[-10.6224,8.5169],[-10.6229,8.5153],[-10.6237,8.5132],[-10.6252,8.5121],[-10.6258,8.5111],[-10.626,8.5099],[-10.6261,8.508],[-10.6272,8.5074],[-10.6274,8.506],[-10.6276,8.505],[-10.6277,8.5043],[-10.627,8.5025],[-10.6271,8.5019],[-10.6269,8.5014],[-10.6265,8.5004],[-10.6251,8.5002],[-10.6236,8.4988],[-10.6206,8.4963],[-10.6203,8.4958],[-10.6202,8.4954],[-10.6203,8.4948],[-10.6207,8.4944],[-10.6222,8.4938],[-10.6225,8.4934],[-10.6225,8.4928],[-10.622,8.4922],[-10.6217,8.4923],[-10.6208,8.493],[-10.6205,8.4932],[-10.6203,8.4931],[-10.6201,8.493],[-10.6199,8.4925],[-10.6199,8.4921],[-10.6199,8.4917],[-10.6201,8.4912],[-10.6204,8.4906],[-10.6213,8.49],[-10.6221,8.4895],[-10.6225,8.4892],[-10.6227,8.4889],[-10.6225,8.4885],[-10.6225,8.4879],[-10.6242,8.487],[-10.625,8.487],[-10.6258,8.4872],[-10.6269,8.488],[-10.6285,8.4886],[-10.6309,8.4903],[-10.6319,8.4908],[-10.6326,8.4909],[-10.6331,8.4908],[-10.6336,8.4905],[-10.6339,8.49],[-10.6339,8.4882],[-10.6339,8.4852],[-10.6343,8.4835],[-10.6342,8.4831],[-10.6341,8.4827],[-10.6341,8.4826],[-10.6339,8.4824],[-10.6336,8.4822],[-10.6323,8.4813],[-10.6318,8.4808],[-10.6315,8.4805],[-10.6315,8.4802],[-10.6316,8.4794],[-10.6317,8.4792],[-10.632,8.4789],[-10.6322,8.4786],[-10.6325,8.4778],[-10.6334,8.4765],[-10.6339,8.476],[-10.6347,8.4755],[-10.6356,8.4753],[-10.6367,8.4752],[-10.6387,8.4753],[-10.64,8.4751],[-10.6406,8.4749],[-10.6409,8.4748],[-10.6412,8.4746],[-10.6415,8.4739],[-10.6416,8.4735],[-10.6416,8.4731],[-10.6412,8.4707],[-10.641,8.4701],[-10.6403,8.4696],[-10.6397,8.4687],[-10.6392,8.4679],[-10.6389,8.4675],[-10.6387,8.467],[-10.6386,8.4667],[-10.6386,8.4664],[-10.6387,8.4662],[-10.639,8.466],[-10.6397,8.4658],[-10.6404,8.4655],[-10.6417,8.4638],[-10.642,8.4634],[-10.642,8.463],[-10.642,8.4628],[-10.6418,8.4625],[-10.6415,8.4622],[-10.6413,8.4621],[-10.641,8.462],[-10.6409,8.4619],[-10.6408,8.4617],[-10.6408,8.4616],[-10.6409,8.4611],[-10.6414,8.4606],[-10.6415,8.4603],[-10.6415,8.4597],[-10.6413,8.4593],[-10.6409,8.459],[-10.6407,8.4586],[-10.6401,8.4569],[-10.6406,8.456],[-10.6417,8.4547],[-10.642,8.4539],[-10.6419,8.4533],[-10.6418,8.453],[-10.6415,8.452],[-10.6408,8.4514],[-10.6408,8.4505],[-10.6417,8.4498],[-10.6421,8.4481],[-10.6419,8.4466],[-10.6408,8.4433],[-10.6411,8.4412],[-10.6428,8.4397],[-10.6444,8.4387],[-10.6444,8.438],[-10.644,8.4366],[-10.6441,8.4356],[-10.6447,8.4339],[-10.6451,8.4312],[-10.6464,8.4279],[-10.6468,8.4259],[-10.6494,8.4255],[-10.6508,8.4245],[-10.6509,8.4233],[-10.6502,8.4226],[-10.648,8.4233],[-10.6443,8.4218],[-10.6445,8.42],[-10.6442,8.4182],[-10.6439,8.4144],[-10.6449,8.4125],[-10.6454,8.4112],[-10.6447,8.4095],[-10.643,8.4069],[-10.6427,8.4048],[-10.642,8.4027],[-10.6413,8.4009],[-10.6407,8.3994],[-10.6397,8.3981],[-10.6389,8.3941],[-10.6394,8.3927],[-10.6394,8.3923],[-10.6397,8.3919],[-10.6412,8.3914],[-10.6427,8.39],[-10.6451,8.3892],[-10.6474,8.3889],[-10.6476,8.3871],[-10.6473,8.3868],[-10.6474,8.3861],[-10.6478,8.3845],[-10.6493,8.3826],[-10.6535,8.3813],[-10.6587,8.3813],[-10.6619,8.3824],[-10.663,8.3834],[-10.6642,8.3837],[-10.6649,8.3832],[-10.666,8.3818],[-10.6695,8.3785],[-10.6733,8.3784],[-10.6738,8.3783],[-10.6761,8.3756],[-10.6765,8.374],[-10.6769,8.371],[-10.6776,8.3695],[-10.678,8.3685],[-10.6783,8.3667],[-10.6786,8.3661],[-10.6784,8.3654],[-10.6784,8.3638],[-10.6791,8.3624],[-10.6789,8.3622],[-10.6787,8.3618],[-10.6786,8.3609],[-10.6783,8.3607],[-10.6793,8.3558],[-10.6785,8.3538],[-10.6783,8.3535],[-10.6786,8.3529],[-10.6786,8.3518],[-10.6786,8.3512],[-10.6786,8.3503],[-10.679,8.3481],[-10.6811,8.3458],[-10.6826,8.3439],[-10.6832,8.3424],[-10.6836,8.3402],[-10.6851,8.3377],[-10.6855,8.3357],[-10.686,8.3343],[-10.6866,8.3335],[-10.6874,8.3332],[-10.6878,8.3325],[-10.6881,8.3307],[-10.6883,8.33],[-10.6887,8.3293],[-10.6902,8.3285],[-10.692,8.3274],[-10.6921,8.3264],[-10.6916,8.3256],[-10.6903,8.3252],[-10.6894,8.3245],[-10.6899,8.3229],[-10.6906,8.3217],[-10.6949,8.3189],[-10.6966,8.3159],[-10.6982,8.3137],[-10.6983,8.3129],[-10.6965,8.3118],[-10.6949,8.3105],[-10.6942,8.3089],[-10.6944,8.3078],[-10.6954,8.3063],[-10.6965,8.304],[-10.6977,8.3027],[-10.6995,8.3012],[-10.7,8.2998],[-10.6997,8.2985],[-10.6987,8.2973],[-10.6961,8.2954],[-10.6956,8.2938],[-10.6959,8.2917],[-10.6966,8.2909],[-10.6973,8.2905],[-10.6979,8.2909],[-10.698,8.2918],[-10.699,8.2923],[-10.7003,8.2923],[-10.7008,8.2918],[-10.7011,8.2905],[-10.7008,8.2882],[-10.7019,8.2826],[-10.7017,8.2811],[-10.7013,8.2803],[-10.7006,8.2801],[-10.6953,8.2831],[-10.6925,8.2842],[-10.6903,8.2855],[-10.6888,8.2862],[-10.6874,8.2865],[-10.6854,8.2865],[-10.6858,8.2926],[-10.6866,8.2974],[-10.6851,8.3041],[-10.6848,8.3096],[-10.683,8.3154],[-10.6803,8.3159],[-10.6791,8.3154],[-10.677,8.3153],[-10.6761,8.3182],[-10.6756,8.3231],[-10.6731,8.3271],[-10.6734,8.3322],[-10.6725,8.3339],[-10.6694,8.3374],[-10.6669,8.3394],[-10.6661,8.3398],[-10.6659,8.3404],[-10.666,8.3419],[-10.6655,8.3439],[-10.6656,8.3442],[-10.6655,8.3448],[-10.665,8.3457],[-10.6646,8.3459],[-10.6636,8.3459],[-10.6632,8.3469],[-10.6632,8.3476],[-10.6629,8.3489],[-10.6589,8.3503],[-10.6517,8.3512],[-10.6487,8.3527],[-10.6447,8.3532],[-10.6427,8.3545],[-10.6408,8.3537],[-10.6392,8.3537],[-10.6385,8.3525],[-10.6381,8.3509],[-10.6387,8.3488],[-10.6381,8.3446],[-10.6372,8.3428],[-10.6367,8.3422],[-10.6358,8.342],[-10.6354,8.3421],[-10.6336,8.343],[-10.6318,8.3468],[-10.6306,8.3469],[-10.6297,8.3476],[-10.6276,8.3502],[-10.6246,8.3515],[-10.6239,8.3513],[-10.6234,8.3507],[-10.6233,8.3494],[-10.6243,8.3463],[-10.6232,8.3441],[-10.6225,8.3431],[-10.6193,8.3399],[-10.6167,8.3381],[-10.6125,8.3377],[-10.6095,8.3389],[-10.6059,8.3409],[-10.6047,8.3409],[-10.604,8.3399],[-10.6002,8.3395],[-10.5959,8.3377],[-10.5922,8.3376],[-10.5858,8.3374],[-10.5815,8.3337],[-10.5773,8.3341],[-10.5769,8.3335],[-10.576,8.329],[-10.5744,8.3238],[-10.5734,8.3173],[-10.5723,8.3146],[-10.5724,8.3089],[-10.5703,8.3087],[-10.5677,8.3074],[-10.5671,8.3075],[-10.5659,8.3089],[-10.5615,8.3118],[-10.5603,8.3118],[-10.5588,8.3092],[-10.5572,8.3086],[-10.5562,8.3056],[-10.5525,8.3084],[-10.5486,8.3097],[-10.5425,8.3092],[-10.5405,8.3118],[-10.5364,8.3143],[-10.5312,8.3177],[-10.5289,8.3192],[-10.5242,8.3233],[-10.5203,8.326],[-10.5176,8.328],[-10.5134,8.3318],[-10.5112,8.3338],[-10.5086,8.3345],[-10.5068,8.3369],[-10.5034,8.3406],[-10.4983,8.3421],[-10.4964,8.3446],[-10.4931,8.3474],[-10.4907,8.3501],[-10.4869,8.358],[-10.4797,8.3629],[-10.4791,8.3646],[-10.482,8.3664],[-10.4823,8.3697],[-10.4811,8.3722],[-10.4782,8.3767],[-10.475,8.3793],[-10.4711,8.3803],[-10.4692,8.381],[-10.4676,8.3822],[-10.4653,8.3841],[-10.4635,8.3855],[-10.463,8.3899],[-10.4615,8.3905],[-10.4568,8.3904],[-10.4547,8.3909],[-10.4498,8.3942],[-10.4474,8.3971],[-10.4464,8.399],[-10.4443,8.4003],[-10.4408,8.4035],[-10.4383,8.4046],[-10.4366,8.4068],[-10.434,8.4101],[-10.4311,8.4116],[-10.4293,8.4155],[-10.4287,8.4181],[-10.4265,8.4203],[-10.4249,8.4246],[-10.423,8.4284],[-10.4194,8.4336],[-10.4163,8.4368],[-10.4127,8.4413],[-10.4093,8.4411],[-10.407,8.4424],[-10.403,8.4458],[-10.3994,8.4497],[-10.3943,8.4577],[-10.3937,8.4607],[-10.394,8.4632],[-10.3944,8.4648],[-10.394,8.4666],[-10.3941,8.4677],[-10.3931,8.471],[-10.3906,8.4742],[-10.39,8.4765],[-10.39,8.4773],[-10.3896,8.4781],[-10.389,8.479],[-10.3889,8.4796],[-10.3893,8.4802],[-10.3895,8.481],[-10.3893,8.4817],[-10.3883,8.4827],[-10.3878,8.4836],[-10.3872,8.4862],[-10.3867,8.4872],[-10.3859,8.4882],[-10.3846,8.4888],[-10.384,8.4892],[-10.3837,8.4904],[-10.3832,8.4907],[-10.3827,8.491],[-10.3821,8.4909],[-10.3804,8.4902],[-10.3796,8.4897],[-10.3783,8.4861],[-10.3769,8.4835],[-10.3753,8.4808],[-10.3752,8.4804],[-10.3752,8.4801],[-10.3751,8.4799],[-10.3748,8.48],[-10.3684,8.4862],[-10.3678,8.4865],[-10.3664,8.4868],[-10.3646,8.4868],[-10.3632,8.4864],[-10.3623,8.4866],[-10.3614,8.4866],[-10.3589,8.4855],[-10.3582,8.4847],[-10.3581,8.4841],[-10.3585,8.4832],[-10.3583,8.483],[-10.3579,8.4828],[-10.3573,8.4829],[-10.3565,8.483],[-10.3559,8.4838],[-10.355,8.4863],[-10.3547,8.4879],[-10.3538,8.4889],[-10.3524,8.4894],[-10.3506,8.4899],[-10.3482,8.4912],[-10.3454,8.4936],[-10.3432,8.4945],[-10.3419,8.4936],[-10.3403,8.4937],[-10.3392,8.4941],[-10.3382,8.4949],[-10.337,8.4975],[-10.3359,8.4991],[-10.3348,8.4999],[-10.3335,8.5004],[-10.3317,8.5007],[-10.3295,8.5012],[-10.3273,8.5025],[-10.3264,8.5039],[-10.3247,8.5059],[-10.3239,8.5063],[-10.3231,8.5064],[-10.3222,8.5061],[-10.3175,8.5025],[-10.317,8.5021],[-10.3149,8.5007],[-10.3127,8.4997],[-10.3107,8.4992],[-10.3096,8.4988],[-10.3086,8.4983],[-10.3085,8.4978],[-10.3081,8.4973],[-10.3069,8.4969],[-10.3039,8.4969],[-10.3025,8.4966],[-10.3025,8.4954],[-10.3018,8.494],[-10.3015,8.492],[-10.3012,8.4916],[-10.3007,8.4915],[-10.2993,8.4915],[-10.2987,8.4914],[-10.2968,8.493],[-10.2947,8.4935],[-10.2935,8.4917],[-10.2921,8.4906],[-10.291,8.4909],[-10.2901,8.4914],[-10.2892,8.4906],[-10.2884,8.4886],[-10.2862,8.487],[-10.2831,8.4862],[-10.2799,8.485],[-10.2792,8.4846],[-10.2787,8.4845],[-10.2781,8.4846],[-10.2779,8.4846],[-10.2776,8.4837],[-10.2773,8.4826],[-10.2765,8.4813],[-10.2763,8.4808],[-10.2759,8.4802],[-10.2754,8.4795],[-10.2754,8.4789],[-10.2756,8.4781],[-10.2756,8.4778],[-10.2757,8.4774],[-10.2756,8.4765],[-10.2755,8.4758],[-10.2752,8.4755],[-10.2749,8.4748],[-10.2749,8.4743],[-10.2751,8.4736],[-10.2751,8.4733],[-10.2748,8.4727],[-10.2746,8.4725],[-10.2757,8.4721],[-10.277,8.4713],[-10.2768,8.4705],[-10.277,8.4698],[-10.277,8.4694],[-10.2769,8.4684],[-10.2776,8.4679],[-10.2783,8.4672],[-10.2786,8.4669],[-10.2788,8.4664],[-10.279,8.4655],[-10.2806,8.4651],[-10.2816,8.4647],[-10.2819,8.4647],[-10.2822,8.4647],[-10.2822,8.4644],[-10.2819,8.4641],[-10.2818,8.4638],[-10.2813,8.4633],[-10.2811,8.463],[-10.2811,8.4627],[-10.2809,8.4626],[-10.2808,8.4624],[-10.2806,8.4622],[-10.2805,8.462],[-10.2802,8.4619],[-10.2798,8.4619],[-10.2794,8.462],[-10.2791,8.462],[-10.2786,8.4618],[-10.2779,8.4613],[-10.2776,8.4607],[-10.2768,8.4603],[-10.2767,8.4601],[-10.2767,8.4595],[-10.2763,8.458],[-10.2762,8.4569],[-10.2763,8.4564],[-10.2763,8.4559],[-10.2761,8.4553],[-10.2761,8.4549],[-10.2757,8.4541],[-10.2757,8.4539],[-10.2758,8.4533],[-10.2757,8.4521],[-10.2748,8.4499],[-10.274,8.4487],[-10.272,8.4466],[-10.2717,8.4459],[-10.2717,8.4446],[-10.2718,8.4435],[-10.2722,8.4421],[-10.2727,8.4411],[-10.2728,8.4402],[-10.273,8.4398],[-10.2734,8.4395],[-10.2738,8.4389],[-10.2741,8.4387],[-10.2745,8.4385],[-10.275,8.438],[-10.276,8.4369],[-10.2766,8.436],[-10.2767,8.4358],[-10.2764,8.435],[-10.2763,8.4348],[-10.2765,8.4345],[-10.2772,8.434],[-10.2774,8.4337],[-10.2774,8.4334],[-10.2771,8.433],[-10.2771,8.4328],[-10.2775,8.4327],[-10.2782,8.4328],[-10.2786,8.4329],[-10.279,8.4328],[-10.2793,8.4324],[-10.2795,8.4322],[-10.2799,8.4312],[-10.28,8.4309],[-10.2798,8.4305],[-10.2797,8.4303],[-10.2797,8.43],[-10.2803,8.4297],[-10.2803,8.4294],[-10.2803,8.4287],[-10.2807,8.4286],[-10.281,8.4284],[-10.2811,8.428],[-10.2811,8.4273],[-10.2812,8.4269],[-10.2807,8.4263],[-10.2803,8.426],[-10.2794,8.4255],[-10.2784,8.4254],[-10.2782,8.4255],[-10.2782,8.4257],[-10.2777,8.4257],[-10.2764,8.4246],[-10.2762,8.4242],[-10.2763,8.4236],[-10.2763,8.4233],[-10.276,8.423],[-10.2752,8.423],[-10.2743,8.4226],[-10.2738,8.422],[-10.2739,8.421],[-10.2756,8.4188],[-10.2755,8.4179],[-10.2753,8.4171],[-10.2767,8.4163],[-10.2766,8.4157],[-10.2764,8.4154],[-10.2763,8.4151],[-10.2763,8.4147],[-10.2762,8.4143],[-10.2761,8.414],[-10.2759,8.4137],[-10.2759,8.4134],[-10.2759,8.4131],[-10.2759,8.4129],[-10.2761,8.4126],[-10.2764,8.4125],[-10.2768,8.4123],[-10.277,8.4119],[-10.2775,8.4118],[-10.2777,8.4117],[-10.2778,8.4115],[-10.2777,8.411],[-10.2767,8.409],[-10.2778,8.4084],[-10.2804,8.4067],[-10.2803,8.4066],[-10.2802,8.4064],[-10.2799,8.4063],[-10.2796,8.4062],[-10.2791,8.4059],[-10.2787,8.4052],[-10.2787,8.4038],[-10.2788,8.4022],[-10.2799,8.4027],[-10.2811,8.4025],[-10.281,8.4016],[-10.2809,8.4004],[-10.2807,8.4],[-10.2804,8.3996],[-10.2793,8.399],[-10.2791,8.3983],[-10.2794,8.3976],[-10.2793,8.397],[-10.2788,8.3956],[-10.2788,8.3951],[-10.2809,8.3926],[-10.2835,8.3914],[-10.2852,8.3916],[-10.2855,8.3914],[-10.2856,8.3907],[-10.2863,8.3904],[-10.2864,8.3898],[-10.286,8.3887],[-10.2875,8.3876],[-10.2869,8.3852],[-10.2875,8.3849],[-10.288,8.3848],[-10.2885,8.3847],[-10.2903,8.3808],[-10.2904,8.3802],[-10.29,8.3805],[-10.2898,8.3805],[-10.2896,8.3803],[-10.2895,8.3801],[-10.2889,8.3795],[-10.2883,8.3794],[-10.2881,8.3795],[-10.2876,8.3793],[-10.2875,8.3791],[-10.2874,8.3787],[-10.2874,8.3785],[-10.2876,8.3785],[-10.2878,8.3785],[-10.2882,8.3788],[-10.2883,8.3788],[-10.2884,8.3787],[-10.2885,8.3785],[-10.2884,8.3779],[-10.2882,8.3776],[-10.2882,8.3773],[-10.288,8.377],[-10.2874,8.3772],[-10.2872,8.3767],[-10.2874,8.3765],[-10.2878,8.3763],[-10.288,8.3762],[-10.288,8.3759],[-10.2875,8.3756],[-10.2872,8.3754],[-10.2869,8.3748],[-10.2866,8.3741],[-10.2862,8.3727],[-10.2875,8.3716],[-10.2878,8.3709],[-10.2879,8.3701],[-10.2881,8.37],[-10.2883,8.3702],[-10.2888,8.3703],[-10.289,8.37],[-10.2889,8.3695],[-10.2892,8.3694],[-10.2899,8.3687],[-10.2901,8.3683],[-10.2906,8.3681],[-10.2907,8.3678],[-10.2905,8.3672],[-10.2907,8.3667],[-10.2911,8.3667],[-10.2913,8.3666],[-10.2913,8.3664],[-10.291,8.366],[-10.2912,8.3656],[-10.2914,8.3655],[-10.2916,8.3656],[-10.2919,8.3652],[-10.2923,8.3652],[-10.293,8.3652],[-10.2931,8.3648],[-10.2931,8.3644],[-10.294,8.3636],[-10.294,8.3629],[-10.2942,8.3624],[-10.2943,8.3619],[-10.2941,8.3614],[-10.2941,8.361],[-10.2942,8.3609],[-10.2941,8.3605],[-10.2943,8.3599],[-10.2944,8.3599],[-10.295,8.3599],[-10.2952,8.3598],[-10.2954,8.3596],[-10.2954,8.3594],[-10.2948,8.3584],[-10.2947,8.3582],[-10.2947,8.358],[-10.2948,8.3577],[-10.2953,8.3571],[-10.295,8.3561],[-10.2944,8.3557],[-10.2935,8.3553],[-10.2926,8.3548],[-10.2919,8.354],[-10.2915,8.3537],[-10.2912,8.3536],[-10.29,8.3514],[-10.2904,8.3509],[-10.2905,8.3506],[-10.2901,8.3501],[-10.2902,8.3499],[-10.2914,8.3488],[-10.2919,8.3487],[-10.2921,8.3484],[-10.2918,8.3479],[-10.2917,8.3476],[-10.2921,8.3473],[-10.2925,8.3467],[-10.2931,8.3461],[-10.2933,8.3459],[-10.2931,8.3449],[-10.2936,8.3446],[-10.2933,8.3442],[-10.2924,8.3434],[-10.2917,8.3431],[-10.2914,8.3431],[-10.291,8.3429],[-10.2906,8.3427],[-10.2899,8.3426],[-10.2898,8.3423],[-10.2899,8.342],[-10.2898,8.3417],[-10.2895,8.3413],[-10.2885,8.3406],[-10.2884,8.3404],[-10.2885,8.34],[-10.2887,8.3396],[-10.2893,8.3393],[-10.2895,8.339],[-10.2897,8.3387],[-10.2899,8.3383],[-10.2902,8.3381],[-10.2903,8.3376],[-10.2905,8.3374],[-10.2907,8.3368],[-10.2909,8.3361],[-10.2908,8.3352],[-10.293,8.3345],[-10.2947,8.3336],[-10.295,8.3327],[-10.2952,8.3317],[-10.295,8.3308],[-10.2947,8.3303],[-10.2945,8.3288],[-10.2953,8.3289],[-10.2959,8.3281],[-10.2964,8.3276],[-10.2965,8.3272],[-10.2965,8.3269],[-10.2961,8.3259],[-10.2952,8.325],[-10.2947,8.3247],[-10.2945,8.3244],[-10.2943,8.3241],[-10.2948,8.3236],[-10.2952,8.3235],[-10.2954,8.3229],[-10.2962,8.322],[-10.2968,8.3218],[-10.2977,8.3218],[-10.2981,8.3217],[-10.297,8.3188],[-10.2978,8.3177],[-10.2974,8.3175],[-10.2972,8.3168],[-10.2973,8.3161],[-10.2982,8.3141],[-10.2987,8.3134],[-10.2983,8.3128],[-10.2979,8.312],[-10.298,8.3113],[-10.2985,8.3108],[-10.2987,8.3103],[-10.2983,8.3084],[-10.2988,8.3077],[-10.2992,8.3076],[-10.2999,8.3068],[-10.301,8.3058],[-10.303,8.3049],[-10.3033,8.3044],[-10.3035,8.3041],[-10.3033,8.303],[-10.3024,8.3004],[-10.3022,8.3],[-10.3016,8.299],[-10.3016,8.2985],[-10.3017,8.2981],[-10.3011,8.2975],[-10.3026,8.2967],[-10.304,8.2958],[-10.3049,8.2953],[-10.3057,8.2948],[-10.3059,8.2944],[-10.3067,8.2939],[-10.307,8.2939],[-10.3091,8.2935],[-10.3095,8.2925],[-10.3096,8.2917],[-10.3109,8.2913],[-10.3115,8.291],[-10.3135,8.2902],[-10.3147,8.2897],[-10.3158,8.2886],[-10.3183,8.2868],[-10.3189,8.2861],[-10.3202,8.2848],[-10.32,8.2845],[-10.3199,8.284],[-10.319,8.2833],[-10.3185,8.2827],[-10.3175,8.2812],[-10.3172,8.2806],[-10.3171,8.2804],[-10.3174,8.2801],[-10.3175,8.2799],[-10.3167,8.2786],[-10.3158,8.2781],[-10.3154,8.2772],[-10.3156,8.2765],[-10.3163,8.2749],[-10.3155,8.2725],[-10.3156,8.2721],[-10.3159,8.2717],[-10.3151,8.2703],[-10.315,8.27],[-10.315,8.2694],[-10.315,8.2689],[-10.3151,8.2683],[-10.3144,8.2677],[-10.3143,8.2669],[-10.3138,8.2662],[-10.3137,8.2659],[-10.3138,8.2652],[-10.313,8.265],[-10.312,8.265],[-10.3112,8.2648],[-10.311,8.2641],[-10.3107,8.2633],[-10.3103,8.2616],[-10.3115,8.2573],[-10.3121,8.2573],[-10.3115,8.2569],[-10.3111,8.2564],[-10.3113,8.2556],[-10.3107,8.255],[-10.3102,8.2546],[-10.3093,8.2546],[-10.3075,8.2549],[-10.3076,8.2546],[-10.3089,8.2538],[-10.3086,8.2536],[-10.309,8.2519],[-10.3097,8.2502],[-10.3093,8.2498],[-10.3089,8.2488],[-10.3091,8.2483],[-10.3091,8.2477],[-10.3088,8.2472],[-10.3083,8.2467],[-10.3082,8.246],[-10.3077,8.2455],[-10.3073,8.2452],[-10.3073,8.2448],[-10.308,8.2444],[-10.3083,8.2441],[-10.3086,8.2436],[-10.3091,8.2432],[-10.3089,8.2425],[-10.3082,8.2411],[-10.3076,8.2412],[-10.307,8.2413],[-10.3066,8.2416],[-10.3059,8.2418],[-10.3049,8.2419],[-10.3029,8.2418],[-10.3021,8.2416],[-10.3014,8.2413],[-10.3011,8.241],[-10.3008,8.2403],[-10.3007,8.2398],[-10.3007,8.2394],[-10.3011,8.239],[-10.3024,8.2382],[-10.3026,8.2377],[-10.3026,8.2371],[-10.3016,8.2364],[-10.3015,8.2361],[-10.3015,8.2357],[-10.3016,8.2352],[-10.3017,8.2348],[-10.3017,8.2342],[-10.3013,8.2326],[-10.3008,8.2317],[-10.2997,8.2315],[-10.2991,8.231],[-10.299,8.2305],[-10.2985,8.2294],[-10.298,8.2288],[-10.2973,8.2282],[-10.2961,8.2276],[-10.2959,8.2273],[-10.2959,8.2244],[-10.2956,8.2242],[-10.2952,8.2243],[-10.295,8.2241],[-10.2949,8.2238],[-10.2949,8.2236],[-10.2951,8.2233],[-10.2961,8.2225],[-10.2962,8.2221],[-10.2953,8.2209],[-10.2953,8.2203],[-10.2956,8.2196],[-10.296,8.2189],[-10.2965,8.2181],[-10.2976,8.2168],[-10.298,8.2162],[-10.2981,8.216],[-10.2974,8.2155],[-10.2973,8.2152],[-10.2974,8.2146],[-10.2978,8.214],[-10.2992,8.2129],[-10.2993,8.2124],[-10.2994,8.212],[-10.2993,8.2117],[-10.2982,8.2106],[-10.2983,8.21],[-10.2986,8.2097],[-10.2992,8.2097],[-10.2993,8.2096],[-10.2995,8.2092],[-10.2995,8.2088],[-10.2993,8.2083],[-10.2994,8.2073],[-10.2999,8.2069],[-10.2998,8.2065],[-10.3001,8.2061],[-10.3004,8.2057],[-10.3008,8.2045],[-10.3009,8.2039],[-10.3003,8.2032],[-10.3004,8.2024],[-10.3009,8.2014],[-10.3009,8.2007],[-10.3007,8.2002],[-10.3007,8.1996],[-10.301,8.1991],[-10.3018,8.1983],[-10.3026,8.1983],[-10.3024,8.198],[-10.3017,8.1974],[-10.3016,8.1973],[-10.3015,8.197],[-10.3016,8.197],[-10.3018,8.197],[-10.3024,8.1973],[-10.3031,8.1975],[-10.3042,8.1976],[-10.305,8.1975],[-10.3059,8.1973],[-10.3063,8.1973],[-10.3072,8.1977],[-10.3077,8.1981],[-10.3083,8.1982],[-10.3086,8.198],[-10.309,8.1975],[-10.3097,8.1975],[-10.3116,8.1969],[-10.3122,8.1965],[-10.3145,8.1954],[-10.3179,8.1951],[-10.3189,8.1949],[-10.3179,8.1934],[-10.3193,8.1925],[-10.3194,8.1906],[-10.3197,8.1896],[-10.3199,8.189],[-10.3205,8.1882],[-10.3214,8.1867],[-10.322,8.186],[-10.3234,8.1849],[-10.3241,8.1846],[-10.3251,8.1847],[-10.3255,8.1844],[-10.3254,8.1837],[-10.3263,8.1827],[-10.3269,8.1823],[-10.3273,8.1819],[-10.3274,8.1814],[-10.3274,8.1808],[-10.3269,8.1803],[-10.327,8.1797],[-10.3272,8.1794],[-10.3272,8.1786],[-10.3282,8.1777],[-10.3284,8.1773],[-10.3284,8.1768],[-10.3288,8.1766],[-10.3292,8.1761],[-10.3304,8.1756],[-10.3307,8.1752],[-10.3308,8.174],[-10.3313,8.1732],[-10.3321,8.173],[-10.3323,8.1728],[-10.3325,8.1724],[-10.3325,8.1712],[-10.3323,8.1707],[-10.3327,8.1703],[-10.3332,8.17],[-10.3335,8.1698],[-10.3335,8.1696],[-10.3337,8.1695],[-10.3338,8.1693],[-10.3336,8.1692],[-10.3336,8.169],[-10.3337,8.169],[-10.3336,8.1689],[-10.3333,8.1689],[-10.333,8.1684],[-10.3332,8.168],[-10.3347,8.1684],[-10.3349,8.1674],[-10.3349,8.1671],[-10.3351,8.1666],[-10.3356,8.1665],[-10.3359,8.1663],[-10.336,8.1663],[-10.3361,8.1662],[-10.3361,8.1661],[-10.3364,8.1659],[-10.3368,8.1646],[-10.3383,8.1634],[-10.3392,8.163],[-10.3397,8.163],[-10.3411,8.1618],[-10.3417,8.1615],[-10.3424,8.1613],[-10.3431,8.1604],[-10.3433,8.1596],[-10.3434,8.1581],[-10.3442,8.1577],[-10.3445,8.1574],[-10.345,8.1566],[-10.3455,8.1558],[-10.3465,8.1548],[-10.3488,8.154],[-10.3494,8.1535],[-10.3498,8.1525],[-10.3502,8.1522],[-10.3509,8.1522],[-10.3515,8.1517],[-10.3518,8.1511],[-10.3517,8.1502],[-10.352,8.1505],[-10.3523,8.1504],[-10.3525,8.1502],[-10.3529,8.15],[-10.354,8.1501],[-10.3545,8.1503],[-10.3549,8.1506],[-10.3552,8.1511],[-10.3555,8.1517],[-10.3558,8.1522],[-10.3561,8.1524],[-10.3563,8.1526],[-10.3565,8.1526],[-10.3568,8.1526],[-10.3571,8.1523],[-10.3574,8.1523],[-10.3577,8.1525],[-10.358,8.153],[-10.3582,8.1532],[-10.3585,8.1532],[-10.3586,8.1532],[-10.3588,8.1533],[-10.3589,8.1534],[-10.3589,8.1536],[-10.3588,8.1538],[-10.3584,8.1538],[-10.3585,8.1542],[-10.3587,8.1544],[-10.3589,8.1545],[-10.359,8.1545],[-10.3592,8.1542],[-10.3594,8.1538],[-10.3595,8.1536],[-10.3596,8.1534],[-10.3598,8.1532],[-10.3599,8.1533],[-10.3599,8.1534],[-10.3597,8.1536],[-10.3597,8.1537],[-10.3598,8.1537],[-10.3599,8.1538],[-10.3596,8.1543],[-10.3597,8.1544],[-10.3599,8.1546],[-10.3601,8.1546],[-10.361,8.1551],[-10.3612,8.1555],[-10.3616,8.1559],[-10.3625,8.1566],[-10.3631,8.1569],[-10.3638,8.1572],[-10.3645,8.1573],[-10.3647,8.1574],[-10.3649,8.1577],[-10.3651,8.1579],[-10.3661,8.1578],[-10.3662,8.1579],[-10.3665,8.1585],[-10.3666,8.1587],[-10.3665,8.1595],[-10.366,8.1597],[-10.3655,8.1601],[-10.3657,8.1604],[-10.3671,8.1604],[-10.3678,8.1604],[-10.3685,8.1605],[-10.3695,8.1609],[-10.3702,8.1609],[-10.3707,8.1608],[-10.371,8.1609],[-10.3713,8.1611],[-10.3716,8.1618],[-10.3721,8.1621],[-10.3725,8.1625],[-10.3725,8.1628],[-10.3724,8.1631],[-10.3722,8.1632],[-10.372,8.1631],[-10.3714,8.1627],[-10.3711,8.1627],[-10.371,8.1628],[-10.371,8.1631],[-10.3712,8.1636],[-10.3714,8.1639],[-10.3718,8.1641],[-10.3728,8.1652],[-10.3731,8.1654],[-10.3734,8.1654],[-10.3738,8.1653],[-10.3744,8.1648],[-10.3753,8.1643],[-10.3756,8.1644],[-10.3758,8.1646],[-10.376,8.1649],[-10.3761,8.165],[-10.3769,8.1655],[-10.3772,8.1657],[-10.3777,8.1656],[-10.3787,8.1652],[-10.3789,8.1647],[-10.3793,8.1644],[-10.3801,8.1642],[-10.381,8.1641],[-10.3812,8.164],[-10.3814,8.1636],[-10.3817,8.1632],[-10.382,8.1631],[-10.3838,8.1637],[-10.3843,8.1637],[-10.3848,8.1636],[-10.3853,8.1632],[-10.3863,8.1628],[-10.3866,8.1623],[-10.3867,8.162],[-10.387,8.1616],[-10.3873,8.1614],[-10.3875,8.1611],[-10.3876,8.1607],[-10.3875,8.1604],[-10.3872,8.16],[-10.3872,8.1596],[-10.3873,8.159],[-10.3874,8.1585],[-10.3874,8.1578],[-10.3876,8.1573],[-10.3879,8.157],[-10.3891,8.1564],[-10.3894,8.1562],[-10.3895,8.1559],[-10.3894,8.1556],[-10.3895,8.1555],[-10.3898,8.1555],[-10.39,8.1557],[-10.3902,8.1559],[-10.3906,8.156],[-10.3909,8.1558],[-10.3911,8.1557],[-10.3911,8.1551],[-10.3911,8.1546],[-10.3909,8.1543],[-10.3903,8.1535],[-10.39,8.1531],[-10.3897,8.1528],[-10.3895,8.1527],[-10.388,8.153],[-10.3874,8.153],[-10.3869,8.1528],[-10.3865,8.1525],[-10.3862,8.1519],[-10.3863,8.1517],[-10.3866,8.1516],[-10.387,8.1516],[-10.3874,8.1515],[-10.3878,8.1512],[-10.3881,8.1509],[-10.3882,8.1506],[-10.3882,8.1503],[-10.3883,8.1501],[-10.3888,8.1498],[-10.3893,8.1498],[-10.3896,8.1499],[-10.3897,8.1501],[-10.3897,8.1506],[-10.39,8.1507],[-10.3903,8.1505],[-10.3905,8.1503],[-10.3907,8.1503],[-10.391,8.1505],[-10.3912,8.1505],[-10.3923,8.1508],[-10.3929,8.1509],[-10.3934,8.1512],[-10.3937,8.1512],[-10.3944,8.151],[-10.395,8.1509],[-10.3953,8.1512],[-10.3958,8.1512],[-10.3959,8.1509],[-10.3959,8.1505],[-10.3961,8.15],[-10.3964,8.1497],[-10.3968,8.1494],[-10.3972,8.1493],[-10.3975,8.1487],[-10.3975,8.1484],[-10.3973,8.1482],[-10.397,8.148],[-10.3969,8.1479],[-10.3969,8.1477],[-10.3971,8.1476],[-10.3974,8.1477],[-10.3977,8.148],[-10.3979,8.1483],[-10.3982,8.1488],[-10.3992,8.1497],[-10.3996,8.1495],[-10.3996,8.1493],[-10.3998,8.1492],[-10.4001,8.1492],[-10.4002,8.1494],[-10.4002,8.1496],[-10.4003,8.1498],[-10.4004,8.15],[-10.4005,8.1505],[-10.4007,8.1509],[-10.4009,8.1511],[-10.4017,8.151],[-10.4021,8.151],[-10.4025,8.1506],[-10.4028,8.1505],[-10.403,8.1503],[-10.4033,8.1499],[-10.4036,8.1497],[-10.4042,8.1501],[-10.4045,8.1501],[-10.4057,8.1501],[-10.4062,8.1499],[-10.4066,8.1499],[-10.4072,8.1497],[-10.408,8.1497],[-10.4086,8.1495],[-10.4092,8.1496],[-10.4099,8.1496],[-10.4113,8.1491],[-10.4118,8.149],[-10.4127,8.1494],[-10.4133,8.1495],[-10.4143,8.1495],[-10.4156,8.1492],[-10.4159,8.149],[-10.4162,8.1488],[-10.4165,8.1489],[-10.417,8.1492],[-10.4175,8.1494],[-10.4181,8.1493],[-10.4197,8.1495],[-10.4207,8.1494],[-10.422,8.1492],[-10.4231,8.1491],[-10.4245,8.1492],[-10.4253,8.149],[-10.4264,8.1489],[-10.4266,8.1492],[-10.4269,8.1493],[-10.4274,8.1494],[-10.4288,8.1502],[-10.4298,8.151],[-10.4307,8.1513],[-10.4311,8.1518],[-10.4319,8.1528],[-10.4328,8.1538],[-10.4333,8.1547],[-10.4337,8.155],[-10.4343,8.1551],[-10.4348,8.1547],[-10.4357,8.1544],[-10.437,8.1543],[-10.4378,8.1536],[-10.4383,8.1531],[-10.4391,8.1529],[-10.4393,8.1532],[-10.4391,8.1537],[-10.4392,8.1542],[-10.4397,8.1547],[-10.4402,8.1553],[-10.4406,8.1554],[-10.4411,8.1551],[-10.4415,8.1545],[-10.4418,8.1543],[-10.4437,8.1547],[-10.444,8.1554],[-10.4441,8.1557],[-10.4445,8.1558],[-10.4448,8.1556],[-10.4452,8.1555],[-10.4454,8.1557],[-10.4457,8.1565],[-10.4459,8.1568],[-10.4466,8.1572],[-10.4471,8.1577],[-10.4472,8.1584],[-10.4475,8.1591],[-10.4479,8.1592],[-10.4483,8.159],[-10.4485,8.1588],[-10.4486,8.1579],[-10.4488,8.1572],[-10.4492,8.1567],[-10.4496,8.1564],[-10.4498,8.1562],[-10.4502,8.1559],[-10.4507,8.1559],[-10.4512,8.156],[-10.4517,8.156],[-10.4526,8.1561],[-10.453,8.1561],[-10.4533,8.156],[-10.4537,8.1559],[-10.4544,8.1561],[-10.4548,8.1563],[-10.4551,8.1562],[-10.4557,8.1556],[-10.4559,8.1554],[-10.4561,8.1554],[-10.4563,8.1558],[-10.4564,8.1563],[-10.4565,8.1566],[-10.4568,8.1565],[-10.4571,8.1565],[-10.4574,8.1564],[-10.4575,8.156],[-10.4576,8.1556],[-10.4578,8.1555],[-10.4581,8.1556],[-10.4584,8.156],[-10.4588,8.1562],[-10.4591,8.1562],[-10.4594,8.156],[-10.4599,8.1558],[-10.4606,8.1557],[-10.4609,8.1557],[-10.4614,8.1559],[-10.4617,8.1562],[-10.4619,8.1569],[-10.4618,8.1572],[-10.4616,8.1574],[-10.4615,8.1577],[-10.4615,8.1579],[-10.4617,8.158],[-10.4619,8.158],[-10.4624,8.1576],[-10.4626,8.1571],[-10.4628,8.1566],[-10.4631,8.1564],[-10.4635,8.1563],[-10.4641,8.1562],[-10.4644,8.1561],[-10.4649,8.1559],[-10.4654,8.1559],[-10.4657,8.1559],[-10.4659,8.1559],[-10.4665,8.1553],[-10.4669,8.155],[-10.4674,8.1548],[-10.4678,8.1547],[-10.4685,8.1544],[-10.4688,8.1543],[-10.469,8.1545],[-10.4694,8.1549],[-10.4698,8.1551],[-10.4702,8.155],[-10.4705,8.1547],[-10.4705,8.1542],[-10.4705,8.1537],[-10.4706,8.1535],[-10.4709,8.1534],[-10.4714,8.1536],[-10.4719,8.1538],[-10.4725,8.1534],[-10.4727,8.1531],[-10.4726,8.1526],[-10.4726,8.1522],[-10.4725,8.1514],[-10.4726,8.1511],[-10.4732,8.151],[-10.4739,8.1508],[-10.4746,8.1505],[-10.475,8.1503],[-10.4756,8.15],[-10.4761,8.15],[-10.4764,8.1502],[-10.4768,8.1502],[-10.4772,8.1501],[-10.4778,8.1499],[-10.4781,8.15],[-10.4784,8.1501],[-10.4787,8.1506],[-10.479,8.151],[-10.4792,8.1511],[-10.4797,8.1505],[-10.4802,8.1502],[-10.4809,8.1501],[-10.4815,8.15],[-10.4819,8.1498],[-10.4826,8.1496],[-10.4835,8.1494],[-10.4838,8.1494],[-10.4844,8.1496],[-10.4847,8.1494],[-10.4847,8.149],[-10.4849,8.1486],[-10.4849,8.1482],[-10.4847,8.1477],[-10.4847,8.1474],[-10.4848,8.1472],[-10.4855,8.1471],[-10.4859,8.1471],[-10.4862,8.1472],[-10.4864,8.1473],[-10.4869,8.1472],[-10.4873,8.1472],[-10.4877,8.1473],[-10.488,8.1471],[-10.4884,8.147],[-10.4888,8.147],[-10.4896,8.1466],[-10.49,8.1465],[-10.4904,8.1464],[-10.4907,8.1465],[-10.4911,8.1465],[-10.4914,8.1464],[-10.4919,8.1459],[-10.4923,8.146],[-10.4928,8.1461],[-10.4932,8.1462],[-10.4937,8.1463],[-10.4949,8.1461],[-10.4952,8.146],[-10.4954,8.1458],[-10.4959,8.1456],[-10.4962,8.1458],[-10.4963,8.146],[-10.4966,8.1462],[-10.4971,8.1462],[-10.4982,8.1459],[-10.4988,8.1459],[-10.4995,8.1459],[-10.5004,8.1456],[-10.5011,8.1454],[-10.5012,8.1452],[-10.5011,8.1447],[-10.5012,8.1445],[-10.5015,8.1442],[-10.5021,8.144],[-10.5028,8.1438],[-10.5038,8.1436],[-10.5048,8.1432],[-10.5055,8.1429],[-10.5059,8.1425],[-10.506,8.142],[-10.5063,8.1416],[-10.507,8.1412],[-10.5075,8.1408],[-10.5081,8.1404],[-10.5084,8.14],[-10.5088,8.1399],[-10.5091,8.1396],[-10.5096,8.1392],[-10.51,8.1388],[-10.5105,8.1384],[-10.5111,8.1379],[-10.5116,8.1376],[-10.5129,8.1363],[-10.5132,8.136],[-10.514,8.1354],[-10.5143,8.135],[-10.5146,8.1346],[-10.5151,8.1344],[-10.5154,8.1341],[-10.516,8.1338],[-10.5163,8.1335],[-10.5169,8.1332],[-10.5176,8.1324],[-10.5181,8.132],[-10.519,8.1317],[-10.5197,8.1311],[-10.5203,8.1306],[-10.5208,8.1302],[-10.5213,8.1298],[-10.5214,8.1295],[-10.5218,8.1292],[-10.522,8.129],[-10.5224,8.1291],[-10.5228,8.1294],[-10.5233,8.1295],[-10.5238,8.1294],[-10.5243,8.1292],[-10.5246,8.1289],[-10.5249,8.1287],[-10.5252,8.1283],[-10.5253,8.1278],[-10.5256,8.1273],[-10.5258,8.1267],[-10.526,8.1264],[-10.5265,8.1262],[-10.5272,8.1261],[-10.5276,8.1258],[-10.5281,8.1254],[-10.5282,8.1251],[-10.5279,8.1247],[-10.5276,8.1246],[-10.5272,8.1247],[-10.5269,8.1248],[-10.5263,8.1246],[-10.5258,8.1245],[-10.5254,8.1244],[-10.5246,8.1236],[-10.5238,8.1229],[-10.5237,8.1227],[-10.5237,8.1223],[-10.5238,8.1216],[-10.524,8.1212],[-10.5243,8.1208],[-10.5246,8.1204],[-10.5249,8.1201],[-10.5254,8.1199],[-10.526,8.1197],[-10.5264,8.119],[-10.5267,8.119],[-10.5271,8.1193],[-10.5275,8.119],[-10.5281,8.1186],[-10.5289,8.1174],[-10.5292,8.1165],[-10.5297,8.116],[-10.5304,8.1156],[-10.531,8.1146],[-10.5314,8.1142],[-10.5316,8.1136],[-10.5316,8.1131],[-10.5314,8.113],[-10.5308,8.1132],[-10.5303,8.1125],[-10.5304,8.1121],[-10.5308,8.1118],[-10.5315,8.1117],[-10.5318,8.1114],[-10.5319,8.111],[-10.5317,8.1105],[-10.5312,8.1099],[-10.5308,8.1093],[-10.5311,8.1088],[-10.5316,8.1084],[-10.5325,8.1077],[-10.5329,8.1072],[-10.5335,8.1069],[-10.5347,8.1072],[-10.5349,8.1077],[-10.5352,8.1077],[-10.5357,8.1074],[-10.5356,8.1068],[-10.5353,8.1063],[-10.5357,8.1056],[-10.5359,8.1049],[-10.536,8.104],[-10.5364,8.1033],[-10.5367,8.1025],[-10.5367,8.1017],[-10.5367,8.101],[-10.5366,8.1005],[-10.5367,8.1001],[-10.5375,8.0991],[-10.5379,8.0987],[-10.5384,8.0982],[-10.539,8.0979],[-10.5397,8.0975],[-10.5407,8.0961],[-10.5408,8.0955],[-10.5415,8.095],[-10.5422,8.0944],[-10.5431,8.0939],[-10.5434,8.0932],[-10.5435,8.0926],[-10.5435,8.092],[-10.5432,8.0912],[-10.5433,8.0905],[-10.5435,8.0902],[-10.544,8.09],[-10.5445,8.0898],[-10.5452,8.0894],[-10.5456,8.089],[-10.5459,8.0888],[-10.5463,8.0884],[-10.5466,8.088],[-10.5472,8.0874],[-10.5479,8.087],[-10.5485,8.0865],[-10.5487,8.0855],[-10.5491,8.085],[-10.5497,8.0847],[-10.5503,8.0845],[-10.5513,8.0842],[-10.5514,8.0838],[-10.5522,8.083],[-10.5532,8.0825],[-10.5539,8.0821],[-10.5544,8.0815],[-10.5549,8.0809],[-10.556,8.0794],[-10.5564,8.0786],[-10.5566,8.0778],[-10.5569,8.0775],[-10.5573,8.0776],[-10.5574,8.0775],[-10.5577,8.0769],[-10.5579,8.0766],[-10.5584,8.076],[-10.5589,8.0753],[-10.5593,8.0748],[-10.5594,8.0743],[-10.5603,8.0736],[-10.5605,8.073],[-10.5605,8.0725],[-10.5608,8.0717],[-10.5608,8.071],[-10.5609,8.0706],[-10.5619,8.0696],[-10.5621,8.0693],[-10.5625,8.0688],[-10.5629,8.0679],[-10.5631,8.0671],[-10.5632,8.0668],[-10.5637,8.0663],[-10.564,8.0658],[-10.5642,8.0654],[-10.5646,8.0642],[-10.5651,8.0637],[-10.5654,8.0631],[-10.566,8.0622],[-10.5665,8.0615],[-10.5671,8.0612],[-10.5678,8.0603],[-10.568,8.0597],[-10.5683,8.0592],[-10.5686,8.0589],[-10.5688,8.0586],[-10.5689,8.0582],[-10.5691,8.058],[-10.5692,8.0577],[-10.5694,8.0575],[-10.5698,8.0574],[-10.5701,8.0572],[-10.5701,8.0571],[-10.5703,8.0566],[-10.5703,8.0561],[-10.5705,8.0557],[-10.571,8.0552],[-10.5711,8.055],[-10.5719,8.0542],[-10.5723,8.0538],[-10.5727,8.0533],[-10.5728,8.0529],[-10.5727,8.0526],[-10.5728,8.0524],[-10.5731,8.0522],[-10.5733,8.0517],[-10.5734,8.0512],[-10.5737,8.0506],[-10.5741,8.0503],[-10.5747,8.0497],[-10.5748,8.0495],[-10.575,8.0492],[-10.5751,8.0491],[-10.5756,8.0484],[-10.5758,8.0481],[-10.5763,8.0481],[-10.577,8.0483],[-10.5779,8.0481],[-10.5787,8.0482],[-10.5793,8.0481],[-10.5798,8.0479],[-10.5806,8.0477],[-10.5814,8.0474],[-10.5817,8.0473],[-10.5825,8.0472],[-10.5838,8.0471],[-10.5842,8.0471],[-10.585,8.0469],[-10.5857,8.0468],[-10.5865,8.0466],[-10.5872,8.0462],[-10.5885,8.0455],[-10.5891,8.0453],[-10.5899,8.0451],[-10.5906,8.0449],[-10.5914,8.0447],[-10.593,8.0446],[-10.5939,8.0442],[-10.5947,8.0438],[-10.5952,8.0435],[-10.5957,8.0431],[-10.5962,8.0426],[-10.5967,8.0422],[-10.5976,8.0419],[-10.5983,8.0418],[-10.5989,8.0419],[-10.5999,8.0421],[-10.6007,8.0423],[-10.6018,8.0422],[-10.6023,8.0422],[-10.6027,8.0421],[-10.6034,8.0419],[-10.6037,8.0416],[-10.604,8.0413],[-10.6042,8.0413],[-10.6043,8.0412],[-10.6045,8.0411],[-10.6046,8.041],[-10.6048,8.0409],[-10.6052,8.0405],[-10.605,7.9596],[-10.605,7.8685],[-10.6048,7.7779],[-10.6047,7.7767],[-10.6043,7.7746],[-10.6272,7.7681],[-10.6287,7.767],[-10.6315,7.7663],[-10.6386,7.7691],[-10.6397,7.7692],[-10.6407,7.768],[-10.6431,7.7685],[-10.6449,7.7692],[-10.6458,7.769],[-10.646,7.7686],[-10.6458,7.7676],[-10.6457,7.7664],[-10.6464,7.7661],[-10.6475,7.7667],[-10.652,7.7662],[-10.6535,7.7637],[-10.6534,7.7621],[-10.6547,7.762],[-10.6556,7.7613],[-10.6574,7.7615],[-10.6574,7.7625],[-10.657,7.7633],[-10.6567,7.7641],[-10.6571,7.7652],[-10.6579,7.7651],[-10.6588,7.7644],[-10.6589,7.7577],[-10.6641,7.7519],[-10.6668,7.7513],[-10.6696,7.7516],[-10.6707,7.7513],[-10.6713,7.7508],[-10.6707,7.7502],[-10.6697,7.7501],[-10.6695,7.7496],[-10.6696,7.7489],[-10.6715,7.7478],[-10.6732,7.7491],[-10.6744,7.7486],[-10.6755,7.7473],[-10.6773,7.7463],[-10.6791,7.7494],[-10.68,7.7501],[-10.6811,7.7496],[-10.6818,7.7461],[-10.6871,7.7422],[-10.6898,7.744],[-10.6928,7.7427],[-10.692,7.7409],[-10.6918,7.7389],[-10.6926,7.7383],[-10.6932,7.7396],[-10.6966,7.7404],[-10.697,7.7398],[-10.6962,7.7389],[-10.6964,7.7379],[-10.6957,7.7355],[-10.697,7.7353],[-10.6982,7.7353],[-10.6992,7.7368],[-10.7008,7.7365],[-10.7017,7.736],[-10.7043,7.7313],[-10.7085,7.7285],[-10.7074,7.726],[-10.7075,7.7206],[-10.7089,7.7197],[-10.7098,7.7188],[-10.7106,7.7173],[-10.7104,7.7162],[-10.71,7.7146],[-10.7102,7.7135],[-10.7107,7.7128],[-10.7115,7.7122],[-10.7124,7.712],[-10.7132,7.712],[-10.7146,7.7123],[-10.7154,7.7124],[-10.7159,7.7116],[-10.716,7.7109],[-10.7156,7.7095],[-10.7155,7.7084],[-10.7159,7.7078],[-10.7184,7.7071],[-10.7197,7.7064],[-10.7203,7.7057],[-10.7202,7.7054],[-10.7187,7.7053],[-10.7183,7.7049],[-10.7182,7.7042],[-10.7189,7.7036],[-10.7194,7.7028],[-10.7208,7.7015],[-10.7223,7.7],[-10.723,7.6995],[-10.724,7.699],[-10.7247,7.6986],[-10.7252,7.6982],[-10.7262,7.6969],[-10.7264,7.6965],[-10.7266,7.6962],[-10.7268,7.6957],[-10.7267,7.695],[-10.7267,7.6946],[-10.727,7.6941],[-10.7272,7.6934],[-10.7274,7.6926],[-10.7268,7.6905],[-10.7271,7.6882],[-10.7288,7.6868],[-10.7297,7.6872],[-10.7302,7.6878],[-10.7311,7.6879],[-10.7344,7.682],[-10.7372,7.6834],[-10.7378,7.6834],[-10.7387,7.6827],[-10.7396,7.682],[-10.7414,7.6807],[-10.7426,7.6795],[-10.7431,7.6787],[-10.7435,7.6775],[-10.7442,7.6755],[-10.745,7.6745],[-10.7462,7.6739],[-10.7475,7.6719],[-10.748,7.6708],[-10.7488,7.6693],[-10.7497,7.669],[-10.7509,7.6681],[-10.7515,7.6673],[-10.7509,7.6664],[-10.7499,7.6663],[-10.7489,7.6661],[-10.7485,7.6655],[-10.7489,7.665],[-10.7486,7.6641],[-10.7476,7.6629],[-10.7476,7.662],[-10.7478,7.6616],[-10.7486,7.6614],[-10.7512,7.6615],[-10.7531,7.6613],[-10.7542,7.6605],[-10.7553,7.6599],[-10.7568,7.6594],[-10.7589,7.6587],[-10.7605,7.658],[-10.7613,7.6578],[-10.7619,7.6571],[-10.7625,7.6554],[-10.7631,7.6546],[-10.764,7.6538],[-10.7653,7.6524],[-10.7665,7.6515],[-10.7669,7.6511],[-10.7671,7.6499],[-10.7671,7.6486],[-10.7674,7.6479],[-10.7681,7.6474],[-10.769,7.647],[-10.7696,7.6472],[-10.7704,7.6479],[-10.7712,7.6491],[-10.7712,7.6496],[-10.771,7.6503],[-10.7711,7.6516],[-10.7715,7.6525],[-10.7722,7.6531],[-10.7726,7.6534],[-10.773,7.6536],[-10.7748,7.6537],[-10.7754,7.6535],[-10.7758,7.6529],[-10.7756,7.6519],[-10.7752,7.6504],[-10.7747,7.6498],[-10.7738,7.6493],[-10.7728,7.648],[-10.7736,7.6472],[-10.7744,7.6462],[-10.7753,7.6444],[-10.7755,7.6436],[-10.7753,7.6425],[-10.775,7.6416],[-10.7753,7.641],[-10.7756,7.6392],[-10.7756,7.6388],[-10.7754,7.638],[-10.7755,7.6377],[-10.7762,7.6372],[-10.7762,7.6361],[-10.7765,7.6356],[-10.777,7.6354],[-10.7777,7.6353],[-10.7784,7.6352],[-10.779,7.6346],[-10.7799,7.6335],[-10.7808,7.6327],[-10.7819,7.6312],[-10.7824,7.6303],[-10.7827,7.6294],[-10.7832,7.6289],[-10.7837,7.6289],[-10.7848,7.6269],[-10.7858,7.6257],[-10.787,7.6244],[-10.791,7.6207],[-10.7915,7.6199],[-10.7912,7.6189],[-10.7903,7.6177],[-10.7893,7.6168],[-10.789,7.6162],[-10.7892,7.6159],[-10.7896,7.6155],[-10.7905,7.6141],[-10.7907,7.6128],[-10.791,7.612],[-10.7915,7.6112],[-10.7921,7.6105],[-10.7927,7.6099],[-10.7931,7.6092],[-10.7933,7.6087],[-10.7932,7.6084],[-10.7924,7.6084],[-10.7914,7.6095],[-10.791,7.6096],[-10.7905,7.6095],[-10.7903,7.6093],[-10.7903,7.6078],[-10.7904,7.6063],[-10.7898,7.603],[-10.7892,7.602],[-10.7893,7.6018],[-10.7893,7.6015],[-10.7897,7.6014],[-10.7904,7.6015],[-10.791,7.6018],[-10.792,7.6022],[-10.7926,7.6022],[-10.7938,7.6006],[-10.7945,7.5968],[-10.7955,7.5948],[-10.7964,7.5938],[-10.7985,7.5918],[-10.7999,7.5913],[-10.8006,7.5915],[-10.8017,7.592],[-10.8027,7.5918],[-10.8036,7.5917],[-10.8049,7.5927],[-10.8072,7.5925],[-10.81,7.5928],[-10.8113,7.5931],[-10.8144,7.5951],[-10.8166,7.5959],[-10.8173,7.5959],[-10.8178,7.5958],[-10.8181,7.5954],[-10.818,7.5949],[-10.8177,7.5946],[-10.8169,7.5945],[-10.8165,7.5943],[-10.8159,7.5933],[-10.815,7.5925],[-10.814,7.5914],[-10.8137,7.591],[-10.8136,7.5906],[-10.8138,7.5903],[-10.8142,7.5897],[-10.815,7.5892],[-10.8218,7.5815],[-10.8223,7.5803],[-10.8221,7.5796],[-10.8208,7.5797],[-10.8194,7.579],[-10.819,7.5786],[-10.8187,7.5781],[-10.8203,7.5749],[-10.8239,7.5729],[-10.8248,7.5725],[-10.8259,7.571],[-10.8261,7.5703],[-10.8257,7.5698],[-10.8252,7.5698],[-10.8249,7.5696],[-10.8251,7.5692],[-10.8258,7.5666],[-10.8265,7.5638],[-10.8268,7.5629],[-10.8277,7.5627],[-10.8283,7.5623],[-10.8291,7.5618],[-10.8298,7.5616],[-10.8306,7.5628],[-10.8309,7.5632],[-10.8321,7.564],[-10.8332,7.5642],[-10.8336,7.564],[-10.835,7.563],[-10.836,7.5618],[-10.8367,7.561],[-10.837,7.5602],[-10.8372,7.5589],[-10.8375,7.558],[-10.8376,7.5572],[-10.8379,7.556],[-10.8386,7.5552],[-10.8395,7.5549],[-10.8403,7.5548],[-10.8415,7.5546],[-10.8425,7.5542],[-10.8429,7.5538],[-10.8432,7.5531],[-10.8431,7.5524],[-10.843,7.5519],[-10.843,7.5508],[-10.8432,7.5499],[-10.8438,7.5492],[-10.8451,7.5483],[-10.8463,7.548],[-10.847,7.5477],[-10.8483,7.5469],[-10.8493,7.5456],[-10.8518,7.5436],[-10.8534,7.5427],[-10.856,7.5416],[-10.8569,7.5411],[-10.8587,7.54],[-10.8595,7.5391],[-10.8601,7.5386],[-10.8618,7.5379],[-10.8623,7.5375],[-10.8633,7.537],[-10.8646,7.5367],[-10.8671,7.5357],[-10.8676,7.5353],[-10.8681,7.5348],[-10.8683,7.5344],[-10.8687,7.5339],[-10.8696,7.5332],[-10.8706,7.5328],[-10.8716,7.532],[-10.8732,7.5313],[-10.8754,7.5307],[-10.876,7.5303],[-10.8767,7.5297],[-10.8771,7.5291],[-10.8787,7.5275],[-10.8801,7.5262],[-10.881,7.5253],[-10.8818,7.5253],[-10.8824,7.5257],[-10.8839,7.5267],[-10.8846,7.5268],[-10.8854,7.5265],[-10.8872,7.5261],[-10.8877,7.526],[-10.888,7.5259],[-10.8888,7.5254],[-10.8896,7.5248],[-10.8906,7.5235],[-10.8926,7.5217],[-10.8931,7.5216],[-10.8939,7.5211],[-10.895,7.5199],[-10.8957,7.5187],[-10.8957,7.5176],[-10.8955,7.5165],[-10.8955,7.5155],[-10.8973,7.5138],[-10.8981,7.5134],[-10.8988,7.5129],[-10.8994,7.5124],[-10.9,7.5122],[-10.9006,7.5126],[-10.9019,7.5121],[-10.9032,7.5114],[-10.905,7.5102],[-10.9073,7.5092],[-10.9084,7.5076],[-10.9103,7.5067],[-10.9114,7.5059],[-10.9129,7.5051],[-10.9135,7.5048],[-10.9143,7.5042],[-10.9155,7.5045],[-10.9163,7.5044],[-10.9176,7.5034],[-10.918,7.5018],[-10.9183,7.5011],[-10.9187,7.5005],[-10.9198,7.4996],[-10.9204,7.4993],[-10.9214,7.4981],[-10.9223,7.4975],[-10.9228,7.4975],[-10.9234,7.4977],[-10.9239,7.4986],[-10.9245,7.4991],[-10.9281,7.5006],[-10.9289,7.5012],[-10.9289,7.5021],[-10.9287,7.503],[-10.9283,7.5035],[-10.9279,7.5038],[-10.9278,7.5042],[-10.9277,7.5047],[-10.9281,7.5054],[-10.9286,7.5058],[-10.9292,7.5065],[-10.9297,7.5073],[-10.9306,7.5083],[-10.9312,7.5086],[-10.9317,7.5091],[-10.9322,7.5125],[-10.933,7.5137],[-10.9336,7.513],[-10.9343,7.5126],[-10.9352,7.512],[-10.9359,7.5111],[-10.9389,7.507],[-10.9395,7.5063],[-10.9406,7.5061],[-10.9441,7.505],[-10.9462,7.5039],[-10.949,7.502],[-10.9502,7.5005],[-10.9514,7.4993],[-10.9533,7.4983],[-10.9542,7.4979],[-10.9555,7.4969],[-10.9561,7.4962],[-10.9565,7.4947],[-10.9564,7.4939],[-10.9563,7.4934],[-10.9567,7.493],[-10.9575,7.4927],[-10.9604,7.4935],[-10.9613,7.4934],[-10.9614,7.493],[-10.961,7.4913],[-10.9611,7.4903],[-10.9615,7.4898],[-10.9622,7.4894],[-10.9641,7.4888],[-10.9658,7.4884],[-10.9666,7.4876],[-10.9686,7.4863],[-10.9709,7.4841],[-10.9718,7.4826],[-10.9725,7.481],[-10.9728,7.4809],[-10.9734,7.4803],[-10.9744,7.4789],[-10.9755,7.4783],[-10.9764,7.4774],[-10.9769,7.4766],[-10.9769,7.476],[-10.9762,7.4756],[-10.9756,7.4752],[-10.975,7.4744],[-10.9748,7.4735],[-10.975,7.4729],[-10.9752,7.4724],[-10.9756,7.4718],[-10.9765,7.4711],[-10.9773,7.4707],[-10.9781,7.4707],[-10.9791,7.4708],[-10.9807,7.4713],[-10.9816,7.4713],[-10.9821,7.4711],[-10.9824,7.4709],[-10.9823,7.4705],[-10.9823,7.4701],[-10.9828,7.4699],[-10.9836,7.4692],[-10.9864,7.4669],[-10.9873,7.4666],[-10.9882,7.4665],[-10.9902,7.4658],[-10.9922,7.464],[-10.9976,7.4568],[-10.9993,7.4552],[-11.0002,7.4545],[-11.0007,7.4544],[-11.0035,7.4551],[-11.004,7.4545],[-11.0052,7.4535],[-11.0082,7.4507],[-11.0098,7.4485],[-11.0103,7.448],[-11.0101,7.4473],[-11.01,7.4466],[-11.0093,7.445],[-11.0093,7.4439],[-11.0093,7.4433],[-11.0095,7.4428],[-11.0105,7.442],[-11.0148,7.4423],[-11.0195,7.4392],[-11.0238,7.4387],[-11.0257,7.4382],[-11.027,7.4372],[-11.0272,7.4361],[-11.0267,7.4354],[-11.0263,7.4349],[-11.0261,7.4338],[-11.0264,7.433],[-11.027,7.4324],[-11.0276,7.4321],[-11.0279,7.4322],[-11.0284,7.432],[-11.0318,7.436],[-11.0328,7.4364],[-11.0337,7.4357],[-11.0341,7.4344],[-11.0335,7.4329],[-11.0329,7.43],[-11.033,7.4284],[-11.0329,7.4266],[-11.0338,7.4258],[-11.0354,7.4248],[-11.0376,7.4241],[-11.0388,7.4241],[-11.0411,7.425],[-11.0419,7.4243],[-11.0436,7.4194],[-11.0451,7.4177],[-11.0476,7.4152],[-11.0483,7.4146],[-11.0504,7.4128],[-11.0497,7.4124],[-11.0515,7.4116],[-11.054,7.4097],[-11.0556,7.4082],[-11.0567,7.4064],[-11.0578,7.4052],[-11.0595,7.4039],[-11.0606,7.4034],[-11.0633,7.4017],[-11.065,7.4007],[-11.0678,7.3989],[-11.0702,7.3977],[-11.0742,7.3963],[-11.0767,7.3946],[-11.0785,7.393],[-11.0801,7.3922],[-11.0816,7.3915],[-11.0828,7.3914],[-11.083,7.3911],[-11.084,7.3907],[-11.0846,7.3907],[-11.085,7.3913],[-11.0857,7.3916],[-11.0866,7.3917],[-11.0876,7.3918],[-11.0898,7.3922],[-11.0921,7.3924],[-11.0965,7.3891],[-11.0973,7.389],[-11.0979,7.3895],[-11.0993,7.3903],[-11.1007,7.3909],[-11.1021,7.3907],[-11.1031,7.3897],[-11.1033,7.3884],[-11.103,7.3876],[-11.1024,7.3868],[-11.1024,7.3863],[-11.1053,7.3819],[-11.1096,7.3773],[-11.1116,7.3767],[-11.1131,7.3766],[-11.1138,7.376],[-11.1141,7.3746],[-11.1139,7.3738],[-11.1133,7.373],[-11.1139,7.3715],[-11.1148,7.3699],[-11.1166,7.3693],[-11.1205,7.3663],[-11.122,7.3662],[-11.1242,7.3642],[-11.1262,7.3611],[-11.1269,7.3589],[-11.1281,7.3565],[-11.1283,7.3553],[-11.1278,7.3545],[-11.1279,7.3536],[-11.1282,7.3525],[-11.1294,7.3515],[-11.1319,7.3493],[-11.1355,7.3472],[-11.1375,7.3459],[-11.1385,7.3458],[-11.1404,7.3446],[-11.1421,7.3428],[-11.1439,7.3411],[-11.1444,7.3403],[-11.1451,7.338],[-11.1439,7.3357],[-11.1423,7.3346],[-11.1424,7.3318],[-11.1418,7.331],[-11.1426,7.3306],[-11.1432,7.3292],[-11.1436,7.3271],[-11.1423,7.3262],[-11.1423,7.3253],[-11.1422,7.3237],[-11.1428,7.3232],[-11.1435,7.3221],[-11.146,7.3209],[-11.1473,7.3205],[-11.1485,7.3194],[-11.1499,7.3181],[-11.151,7.3162],[-11.151,7.315],[-11.1527,7.3129],[-11.1553,7.3129],[-11.1568,7.3122],[-11.157,7.3114],[-11.1571,7.3103],[-11.1593,7.3073],[-11.1614,7.3062],[-11.1644,7.3063],[-11.1667,7.307],[-11.1705,7.3059],[-11.172,7.305],[-11.1724,7.3045],[-11.171,7.3031],[-11.1715,7.3021],[-11.1715,7.301],[-11.1723,7.2987],[-11.1725,7.2969],[-11.1735,7.295],[-11.1755,7.2948],[-11.1778,7.2941],[-11.1785,7.2932],[-11.1789,7.2921],[-11.18,7.2906],[-11.18,7.2895],[-11.1793,7.2884],[-11.1778,7.2885],[-11.1768,7.2878],[-11.1755,7.2865],[-11.1757,7.2838],[-11.1768,7.2834],[-11.1774,7.2826],[-11.1775,7.281],[-11.1781,7.2793],[-11.1795,7.2782],[-11.1809,7.2774],[-11.1825,7.2775],[-11.1839,7.2767],[-11.1838,7.2746],[-11.1828,7.2732],[-11.18,7.2715],[-11.1797,7.2681],[-11.1829,7.2646],[-11.1869,7.2616],[-11.1892,7.2605],[-11.1904,7.2603],[-11.1931,7.2607],[-11.1965,7.2592],[-11.1982,7.2568],[-11.202,7.2541],[-11.2035,7.2533],[-11.2049,7.2535],[-11.2095,7.2509],[-11.2114,7.2506],[-11.2144,7.251],[-11.2164,7.2494],[-11.2184,7.2471],[-11.2211,7.2448],[-11.222,7.2441],[-11.2229,7.2439],[-11.2242,7.2448],[-11.2256,7.247],[-11.2295,7.2497],[-11.2345,7.2508],[-11.2389,7.2466],[-11.2411,7.2449],[-11.2427,7.2408],[-11.2425,7.2401],[-11.2443,7.2375],[-11.2455,7.237],[-11.2485,7.2344],[-11.2498,7.2322],[-11.2518,7.2305],[-11.2538,7.2306],[-11.2545,7.2309],[-11.2573,7.2313],[-11.2582,7.2311],[-11.2597,7.2313],[-11.2622,7.2307],[-11.265,7.2313],[-11.2673,7.2323],[-11.268,7.2337],[-11.2675,7.2367],[-11.2682,7.2377],[-11.2706,7.2392],[-11.272,7.2391],[-11.2735,7.2386],[-11.2746,7.237],[-11.2737,7.2347],[-11.2738,7.2337],[-11.2737,7.2324],[-11.274,7.2308],[-11.2723,7.231],[-11.272,7.2306],[-11.2725,7.2292],[-11.2732,7.2289],[-11.2753,7.2281],[-11.2764,7.2281],[-11.2772,7.2267],[-11.2763,7.2264],[-11.2754,7.2253],[-11.2762,7.2247],[-11.2775,7.2227],[-11.2797,7.2221],[-11.28,7.2211],[-11.2809,7.2199],[-11.2806,7.2171],[-11.2811,7.216],[-11.2822,7.2154],[-11.2836,7.2151],[-11.2855,7.215],[-11.2862,7.2144],[-11.2869,7.2138],[-11.2862,7.211],[-11.2869,7.2046],[-11.2868,7.2009],[-11.2873,7.1998],[-11.2907,7.1981],[-11.2954,7.1961],[-11.2964,7.1966],[-11.2971,7.1987],[-11.2965,7.1993],[-11.2911,7.2018],[-11.2896,7.2034],[-11.2897,7.2042],[-11.2913,7.2042],[-11.2924,7.2049],[-11.2926,7.2055],[-11.2936,7.2063],[-11.2994,7.2046],[-11.3011,7.2048],[-11.3028,7.2057],[-11.3036,7.2073],[-11.3029,7.2093],[-11.3024,7.212],[-11.3024,7.2132],[-11.3033,7.2138],[-11.3045,7.2141],[-11.3076,7.2126],[-11.3103,7.2108],[-11.3115,7.2087],[-11.3114,7.2051]],[[-13.2067,8.4871],[-13.2069,8.4872],[-13.2069,8.4871],[-13.2067,8.4871]],[[-13.2269,8.4906],[-13.2268,8.4902],[-13.2266,8.4898],[-13.2269,8.4906]]],[[[-12.4408,7.4105],[-12.4479,7.4104],[-12.4483,7.4134],[-12.4495,7.4151],[-12.4481,7.4165],[-12.4431,7.4184],[-12.4383,7.4188],[-12.4335,7.421],[-12.4264,7.4189],[-12.4273,7.4162],[-12.4346,7.4116],[-12.4408,7.4105]]],[[[-12.4847,7.4317],[-12.4874,7.4306],[-12.4894,7.4318],[-12.49,7.4339],[-12.4945,7.4402],[-12.4958,7.4426],[-12.4928,7.448],[-12.4906,7.4441],[-12.4885,7.4418],[-12.4824,7.4371],[-12.4847,7.4317]]],[[[-12.4727,7.5133],[-12.4774,7.5125],[-12.4767,7.5194],[-12.4754,7.5233],[-12.4744,7.5227],[-12.4723,7.5181],[-12.4708,7.5145],[-12.4727,7.5133]]],[[[-12.4833,7.5211],[-12.4847,7.5212],[-12.4866,7.5241],[-12.4923,7.5294],[-12.4901,7.5345],[-12.4883,7.5344],[-12.4871,7.5312],[-12.4843,7.5275],[-12.4829,7.5228],[-12.4833,7.5211]]],[[[-12.4952,7.532],[-12.4972,7.5322],[-12.4977,7.5367],[-12.4969,7.5419],[-12.4923,7.5419],[-12.4919,7.5376],[-12.4946,7.5338],[-12.4952,7.532]]],[[[-13.0109,7.6043],[-13.0098,7.6032],[-13.0075,7.604],[-13.0052,7.603],[-13.004,7.6012],[-13.0067,7.5962],[-13.0014,7.5929],[-13.0074,7.5909],[-13.0131,7.5901],[-13.0189,7.5924],[-13.0206,7.5954],[-13.0235,7.6042],[-13.0177,7.6002],[-13.0138,7.6034],[-13.0109,7.6043]]],[[[-12.9808,7.5885],[-12.9794,7.5877],[-12.9775,7.5887],[-12.9719,7.5892],[-12.9686,7.5882],[-12.9671,7.5851],[-12.967,7.5818],[-12.9642,7.5773],[-12.969,7.5736],[-12.9776,7.573],[-12.9838,7.5713],[-12.9892,7.5782],[-12.9939,7.5841],[-12.998,7.5854],[-12.9997,7.5885],[-12.9971,7.5903],[-12.9946,7.591],[-12.9901,7.5913],[-12.9894,7.5932],[-12.9869,7.5937],[-12.9861,7.5923],[-12.9827,7.5892],[-12.9808,7.5885]]],[[[-12.4677,7.5215],[-12.4691,7.5215],[-12.4727,7.5256],[-12.4755,7.5312],[-12.4777,7.5383],[-12.4774,7.5399],[-12.469,7.5447],[-12.4622,7.5424],[-12.4594,7.5407],[-12.4588,7.5377],[-12.4591,7.5347],[-12.4598,7.5319],[-12.4613,7.5277],[-12.4642,7.5233],[-12.4677,7.5215]]],[[[-12.4938,7.5425],[-12.4964,7.5443],[-12.4961,7.5458],[-12.4937,7.5476],[-12.4925,7.5451],[-12.4938,7.5425]]],[[[-12.4731,7.5445],[-12.4775,7.5444],[-12.4793,7.5424],[-12.4818,7.5439],[-12.4832,7.5479],[-12.4827,7.5511],[-12.4805,7.5505],[-12.4727,7.5457],[-12.4731,7.5445]]],[[[-12.9244,7.5849],[-12.9269,7.584],[-12.9295,7.5867],[-12.9291,7.5885],[-12.9258,7.592],[-12.9234,7.5904],[-12.9223,7.5877],[-12.9244,7.5849]]],[[[-12.4761,7.5841],[-12.4774,7.5834],[-12.4792,7.582],[-12.481,7.5839],[-12.482,7.5855],[-12.4824,7.5866],[-12.4831,7.5881],[-12.484,7.5897],[-12.4845,7.5927],[-12.4839,7.5949],[-12.4837,7.5967],[-12.4833,7.5966],[-12.4806,7.5946],[-12.4783,7.5934],[-12.475,7.5911],[-12.4745,7.5904],[-12.4745,7.5896],[-12.4753,7.585],[-12.4761,7.5841]]],[[[-12.4744,7.5915],[-12.475,7.5915],[-12.4773,7.5929],[-12.4808,7.5948],[-12.4824,7.596],[-12.4829,7.5965],[-12.4832,7.5973],[-12.4835,7.5983],[-12.4815,7.5989],[-12.4805,7.599],[-12.4782,7.5978],[-12.477,7.597],[-12.4761,7.5961],[-12.4749,7.5938],[-12.4744,7.5915]]],[[[-13.0681,7.6699],[-13.0714,7.6723],[-13.0684,7.6732],[-13.0658,7.6741],[-13.0588,7.6778],[-13.0549,7.6767],[-13.0558,7.6741],[-13.0603,7.6715],[-13.0626,7.6705],[-13.0681,7.6699]]],[[[-12.5235,7.6941],[-12.5296,7.693],[-12.5341,7.6931],[-12.5368,7.6934],[-12.5391,7.6941],[-12.5396,7.6949],[-12.5404,7.6988],[-12.5402,7.6997],[-12.5373,7.7028],[-12.5337,7.7075],[-12.531,7.7103],[-12.5278,7.7119],[-12.5235,7.7135],[-12.5195,7.7152],[-12.5172,7.7162],[-12.5161,7.7156],[-12.5171,7.7077],[-12.5172,7.6989],[-12.5177,7.697],[-12.5183,7.6961],[-12.5235,7.6941]]],[[[-12.5,7.5196],[-12.4977,7.5202],[-12.4957,7.5191],[-12.4948,7.5147],[-12.4924,7.5162],[-12.4904,7.5141],[-12.4891,7.5114],[-12.4899,7.5063],[-12.4925,7.5067],[-12.4915,7.5029],[-12.4939,7.4994],[-12.4968,7.4963],[-12.4996,7.4977],[-12.5008,7.4971],[-12.5006,7.4946],[-12.5042,7.4905],[-12.5064,7.4889],[-12.5146,7.4842],[-12.5235,7.4773],[-12.5304,7.4684],[-12.5332,7.4465],[-12.5339,7.4338],[-12.5357,7.4261],[-12.5348,7.4163],[-12.533,7.4109],[-12.5313,7.4087],[-12.5309,7.4066],[-12.5302,7.4062],[-12.5298,7.4052],[-12.5299,7.4043],[-12.5309,7.4001],[-12.5303,7.3969],[-12.5292,7.3959],[-12.5288,7.3962],[-12.5283,7.3971],[-12.5273,7.3974],[-12.5273,7.3968],[-12.5279,7.396],[-12.5289,7.3948],[-12.5308,7.3938],[-12.5326,7.3927],[-12.5342,7.3921],[-12.5372,7.3912],[-12.5436,7.3905],[-12.551,7.3884],[-12.5573,7.3853],[-12.5593,7.3882],[-12.5663,7.3945],[-12.5679,7.3985],[-12.5668,7.4039],[-12.5667,7.4123],[-12.5642,7.4186],[-12.5664,7.4244],[-12.5688,7.4309],[-12.5783,7.4471],[-12.5836,7.453],[-12.5955,7.4615],[-12.6194,7.4729],[-12.6504,7.4867],[-12.667,7.4935],[-12.6805,7.4978],[-12.6965,7.5019],[-12.7093,7.5072],[-12.7219,7.5113],[-12.7303,7.5137],[-12.7518,7.5211],[-12.7788,7.5291],[-12.8022,7.5351],[-12.8118,7.5383],[-12.8387,7.5454],[-12.8633,7.5515],[-12.896,7.56],[-12.922,7.5645],[-12.9392,7.5677],[-12.948,7.5677],[-12.9558,7.5677],[-12.957,7.57],[-12.9589,7.5713],[-12.9587,7.5746],[-12.9557,7.5756],[-12.9539,7.5776],[-12.9487,7.5804],[-12.9435,7.5797],[-12.9395,7.5772],[-12.9337,7.5765],[-12.9264,7.5761],[-12.9217,7.5794],[-12.9174,7.5797],[-12.9115,7.5787],[-12.9039,7.5761],[-12.901,7.5761],[-12.898,7.5774],[-12.9003,7.5801],[-12.9044,7.5824],[-12.9077,7.5827],[-12.9101,7.5844],[-12.9143,7.5856],[-12.9195,7.59],[-12.9209,7.5938],[-12.9145,7.6014],[-12.9099,7.6036],[-12.9082,7.6055],[-12.9047,7.6064],[-12.8996,7.6059],[-12.8951,7.609],[-12.8913,7.6108],[-12.8725,7.6184],[-12.87,7.6188],[-12.8667,7.6173],[-12.8627,7.6173],[-12.8605,7.6194],[-12.8574,7.619],[-12.8552,7.6166],[-12.8517,7.6173],[-12.8472,7.6169],[-12.8439,7.6159],[-12.8405,7.6185],[-12.8301,7.6209],[-12.8271,7.6224],[-12.821,7.6247],[-12.8162,7.6224],[-12.8144,7.6191],[-12.8108,7.6181],[-12.8082,7.625],[-12.8035,7.6271],[-12.7959,7.6302],[-12.7709,7.6277],[-12.7464,7.6254],[-12.734,7.627],[-12.7267,7.6288],[-12.7244,7.6281],[-12.7215,7.6255],[-12.7159,7.6278],[-12.7105,7.6292],[-12.7007,7.637],[-12.6945,7.639],[-12.6877,7.639],[-12.6813,7.6388],[-12.6722,7.6378],[-12.6548,7.6377],[-12.6415,7.6397],[-12.6285,7.6418],[-12.611,7.6393],[-12.601,7.6375],[-12.599,7.6377],[-12.5911,7.6377],[-12.5892,7.6369],[-12.5847,7.6336],[-12.5778,7.6249],[-12.5759,7.6231],[-12.5751,7.6213],[-12.5725,7.618],[-12.5699,7.6155],[-12.5669,7.6136],[-12.5633,7.6132],[-12.5528,7.6115],[-12.5427,7.6074],[-12.5352,7.6055],[-12.5279,7.602],[-12.5266,7.6008],[-12.5173,7.5943],[-12.5081,7.5892],[-12.5003,7.5799],[-12.4967,7.5745],[-12.4944,7.5694],[-12.4949,7.5642],[-12.4972,7.5599],[-12.4999,7.5532],[-12.5042,7.5471],[-12.5074,7.5494],[-12.5104,7.5489],[-12.5122,7.5513],[-12.5137,7.556],[-12.5161,7.5561],[-12.5165,7.5536],[-12.5154,7.5487],[-12.5127,7.5441],[-12.5099,7.5404],[-12.5052,7.537],[-12.5021,7.5338],[-12.5,7.5258],[-12.5,7.5196]]],[[[-12.4807,7.6041],[-12.4823,7.6042],[-12.4842,7.6044],[-12.488,7.6051],[-12.491,7.6067],[-12.4958,7.6103],[-12.5003,7.6136],[-12.505,7.6169],[-12.5071,7.618],[-12.5076,7.6182],[-12.5076,7.6187],[-12.5054,7.6194],[-12.5029,7.6199],[-12.4986,7.6207],[-12.4943,7.6213],[-12.4901,7.6212],[-12.487,7.6204],[-12.4841,7.6172],[-12.4804,7.6122],[-12.4791,7.6098],[-12.4783,7.6077],[-12.4781,7.6059],[-12.4784,7.605],[-12.4789,7.6044],[-12.4807,7.6041]]],[[[-12.5016,7.6295],[-12.5012,7.6277],[-12.5019,7.6265],[-12.5022,7.626],[-12.5035,7.6258],[-12.5053,7.6269],[-12.5054,7.6277],[-12.5037,7.6307],[-12.5031,7.6315],[-12.5028,7.6313],[-12.5016,7.6295]]],[[[-12.5538,7.6303],[-12.5553,7.6298],[-12.558,7.6303],[-12.5593,7.6315],[-12.5607,7.6342],[-12.561,7.6354],[-12.5607,7.6358],[-12.5593,7.6355],[-12.5573,7.6356],[-12.5555,7.6341],[-12.5543,7.6317],[-12.5538,7.6303]]],[[[-12.9935,7.6332],[-13.0005,7.6322],[-13.004,7.6345],[-12.9957,7.641],[-12.9932,7.6427],[-12.9929,7.6406],[-12.9903,7.6383],[-12.9935,7.6332]]],[[[-13.047,7.6386],[-13.0461,7.63],[-13.0427,7.6267],[-13.0409,7.6233],[-13.042,7.6197],[-13.0449,7.6183],[-13.0519,7.619],[-13.0562,7.6186],[-13.0607,7.6188],[-13.0645,7.6181],[-13.065,7.6219],[-13.0657,7.6254],[-13.0675,7.6287],[-13.0727,7.6335],[-13.0707,7.6389],[-13.0642,7.6429],[-13.0584,7.6417],[-13.055,7.6391],[-13.0502,7.6425],[-13.0485,7.6449],[-13.0425,7.651],[-13.04,7.6532],[-13.0316,7.6583],[-13.0247,7.6608],[-13.0201,7.6572],[-13.0293,7.6544],[-13.0348,7.6521],[-13.0434,7.6453],[-13.0449,7.6406],[-13.047,7.6386]]],[[[-12.5233,7.625],[-12.5245,7.6245],[-12.5273,7.6243],[-12.532,7.6244],[-12.5346,7.625],[-12.5382,7.6273],[-12.5449,7.6353],[-12.5503,7.642],[-12.5536,7.6482],[-12.5543,7.651],[-12.5555,7.6545],[-12.5557,7.6559],[-12.5548,7.6567],[-12.5532,7.6572],[-12.551,7.6583],[-12.5494,7.6583],[-12.5466,7.658],[-12.5445,7.6565],[-12.5411,7.6492],[-12.5385,7.6464],[-12.5349,7.645],[-12.5252,7.6411],[-12.5226,7.6386],[-12.5221,7.6364],[-12.5222,7.6315],[-12.5213,7.6275],[-12.5233,7.625]]]]},"properties":{"code":null,"name":"Sierra Leone","level":"1","parentGraph":"","groups":["rvvPe8Z1Hyb","QJuHsfZjNBf"]}},{"type":"Feature","id":"yA18sXAwZJo","geometry":{"type":"Polygon","coordinates":[[[-12.5932,8.4897],[-12.5913,8.4882],[-12.5893,8.4891],[-12.5861,8.4857],[-12.5822,8.4819],[-12.5809,8.478],[-12.5807,8.4751],[-12.5796,8.4722],[-12.5798,8.4683],[-12.5775,8.4662],[-12.5757,8.4647],[-12.5704,8.4644],[-12.5695,8.461],[-12.5684,8.457],[-12.5664,8.4527],[-12.5661,8.4487],[-12.5654,8.445],[-12.5627,8.444],[-12.5615,8.4433],[-12.5599,8.4399],[-12.5546,8.4398],[-12.5533,8.4378],[-12.5512,8.4357],[-12.5489,8.4341],[-12.5456,8.4322],[-12.5443,8.4336],[-12.5417,8.4336],[-12.5385,8.4388],[-12.5379,8.4417],[-12.5364,8.4446],[-12.5353,8.4482],[-12.5351,8.4531],[-12.5323,8.454],[-12.5289,8.4539],[-12.5234,8.4549],[-12.5216,8.4555],[-12.5157,8.4565],[-12.5102,8.4576],[-12.5062,8.4589],[-12.5029,8.4605],[-12.4998,8.4613],[-12.487,8.4685],[-12.484,8.4701],[-12.4772,8.4732],[-12.4744,8.4753],[-12.4652,8.4793],[-12.4637,8.4799],[-12.462,8.4805],[-12.4584,8.4824],[-12.4542,8.4835],[-12.4515,8.4853],[-12.4482,8.4879],[-12.4458,8.4895],[-12.4416,8.4904],[-12.4367,8.4902],[-12.4318,8.4897],[-12.4241,8.4895],[-12.4178,8.49],[-12.4123,8.4908],[-12.4096,8.4925],[-12.3949,8.4965],[-12.3925,8.497],[-12.389,8.4993],[-12.3809,8.5025],[-12.3743,8.5056],[-12.3707,8.509],[-12.368,8.5122],[-12.3639,8.5162],[-12.3586,8.5205],[-12.3557,8.5244],[-12.3483,8.5309],[-12.3436,8.5353],[-12.3356,8.5429],[-12.3334,8.5442],[-12.3283,8.5437],[-12.3253,8.5411],[-12.3227,8.5411],[-12.3219,8.544],[-12.3198,8.5471],[-12.3138,8.5502],[-12.3097,8.5529],[-12.3072,8.5537],[-12.3048,8.5557],[-12.3018,8.5555],[-12.2997,8.5573],[-12.2971,8.5612],[-12.2955,8.5675],[-12.2948,8.5687],[-12.2945,8.5694],[-12.2948,8.5704],[-12.295,8.5708],[-12.2949,8.5714],[-12.2944,8.5717],[-12.2938,8.5717],[-12.2935,8.5716],[-12.293,8.5713],[-12.2921,8.5714],[-12.2913,8.5719],[-12.2911,8.5725],[-12.2907,8.5743],[-12.289,8.5754],[-12.3057,8.5869],[-12.3176,8.5907],[-12.3256,8.609],[-12.3298,8.6245],[-12.3296,8.6344],[-12.3479,8.6302],[-12.3576,8.6397],[-12.3812,8.645],[-12.3998,8.6537],[-12.3986,8.6685],[-12.3972,8.6687],[-12.3933,8.6686],[-12.3917,8.6682],[-12.3907,8.6682],[-12.3897,8.6685],[-12.3892,8.6691],[-12.3887,8.6701],[-12.3885,8.671],[-12.3887,8.6724],[-12.3894,8.675],[-12.3903,8.6769],[-12.3912,8.6787],[-12.3913,8.6798],[-12.3913,8.6808],[-12.3905,8.682],[-12.3889,8.684],[-12.3869,8.6863],[-12.3854,8.6886],[-12.3841,8.6918],[-12.3841,8.6948],[-12.3845,8.697],[-12.3855,8.6995],[-12.3855,8.7003],[-12.3846,8.7019],[-12.3832,8.7033],[-12.38,8.7057],[-12.3793,8.706],[-12.3787,8.7064],[-12.3781,8.7062],[-12.3777,8.7061],[-12.3775,8.7042],[-12.3778,8.703],[-12.3779,8.7016],[-12.3775,8.6997],[-12.3762,8.6981],[-12.3747,8.6968],[-12.3726,8.6955],[-12.3704,8.6948],[-12.3663,8.6931],[-12.3653,8.6929],[-12.3636,8.6929],[-12.3569,8.6955],[-12.3535,8.6967],[-12.3498,8.6978],[-12.3485,8.6988],[-12.3455,8.7018],[-12.3427,8.7042],[-12.3398,8.7061],[-12.3376,8.7078],[-12.3365,8.709],[-12.3359,8.7102],[-12.3354,8.7139],[-12.3356,8.7178],[-12.3353,8.7185],[-12.3346,8.719],[-12.3337,8.7191],[-12.3331,8.7188],[-12.3321,8.7182],[-12.3305,8.7158],[-12.3279,8.7129],[-12.3251,8.7102],[-12.3212,8.7075],[-12.3206,8.7073],[-12.3195,8.7074],[-12.3185,8.7079],[-12.3175,8.7091],[-12.3161,8.711],[-12.3147,8.7126],[-12.3142,8.7135],[-12.3138,8.7148],[-12.3141,8.7159],[-12.3147,8.7167],[-12.3162,8.7175],[-12.3196,8.7181],[-12.3213,8.7189],[-12.3229,8.7201],[-12.3237,8.721],[-12.3241,8.722],[-12.3243,8.7238],[-12.3239,8.7251],[-12.3231,8.7267],[-12.3222,8.7278],[-12.3209,8.7285],[-12.3182,8.7299],[-12.3162,8.731],[-12.3143,8.7329],[-12.3128,8.7347],[-12.3112,8.7373],[-12.3102,8.7395],[-12.3096,8.7423],[-12.3095,8.7488],[-12.309,8.7525],[-12.3077,8.7558],[-12.3068,8.7569],[-12.3052,8.7603],[-12.3044,8.7611],[-12.3033,8.7615],[-12.3024,8.7617],[-12.3011,8.7614],[-12.299,8.7608],[-12.2979,8.7602],[-12.2971,8.7594],[-12.296,8.757],[-12.2948,8.7534],[-12.2939,8.7494],[-12.2935,8.7478],[-12.2928,8.7468],[-12.2909,8.7451],[-12.2893,8.7442],[-12.288,8.7438],[-12.2868,8.7439],[-12.2856,8.7443],[-12.2834,8.7468],[-12.2811,8.7493],[-12.2766,8.7528],[-12.2746,8.7533],[-12.2735,8.7533],[-12.2721,8.753],[-12.2708,8.7521],[-12.2694,8.7508],[-12.268,8.75],[-12.267,8.7491],[-12.2666,8.7481],[-12.2666,8.747],[-12.2673,8.7453],[-12.2688,8.7431],[-12.271,8.7389],[-12.2716,8.737],[-12.2718,8.7342],[-12.2708,8.7265],[-12.2709,8.725],[-12.2713,8.7235],[-12.2721,8.7228],[-12.2751,8.7219],[-12.2776,8.7209],[-12.279,8.7199],[-12.2799,8.7189],[-12.2802,8.7173],[-12.2802,8.7158],[-12.28,8.7138],[-12.2802,8.7119],[-12.28,8.7111],[-12.279,8.7104],[-12.2779,8.7101],[-12.2764,8.7103],[-12.2739,8.7107],[-12.2709,8.7118],[-12.269,8.7126],[-12.2673,8.7139],[-12.266,8.7151],[-12.2647,8.7173],[-12.2628,8.7214],[-12.2622,8.7265],[-12.2627,8.7309],[-12.263,8.7381],[-12.2626,8.7403],[-12.2617,8.7432],[-12.2612,8.7443],[-12.2603,8.7451],[-12.2593,8.7454],[-12.2582,8.7454],[-12.2572,8.7449],[-12.2564,8.7442],[-12.2531,8.7399],[-12.2515,8.7375],[-12.2505,8.7352],[-12.2495,8.7309],[-12.2478,8.7219],[-12.2459,8.7193],[-12.2418,8.7154],[-12.2371,8.7094],[-12.2359,8.7077],[-12.2357,8.7063],[-12.2365,8.7046],[-12.2378,8.7037],[-12.2395,8.7035],[-12.2426,8.7042],[-12.2455,8.7055],[-12.2472,8.7065],[-12.2485,8.7077],[-12.2495,8.7081],[-12.2514,8.7075],[-12.253,8.7062],[-12.2534,8.7054],[-12.2533,8.7045],[-12.2525,8.7034],[-12.2506,8.703],[-12.2487,8.7032],[-12.2466,8.703],[-12.245,8.7024],[-12.2441,8.7016],[-12.2433,8.7001],[-12.2433,8.698],[-12.2449,8.6959],[-12.2476,8.6941],[-12.2494,8.6931],[-12.2508,8.6919],[-12.2517,8.6903],[-12.252,8.6888],[-12.2518,8.6866],[-12.2509,8.6849],[-12.2469,8.6798],[-12.2451,8.6777],[-12.2445,8.6769],[-12.2445,8.6757],[-12.2461,8.6751],[-12.25,8.6748],[-12.2571,8.6744],[-12.2587,8.6733],[-12.2598,8.6695],[-12.2606,8.6638],[-12.2604,8.6574],[-12.2608,8.6517],[-12.2554,8.6501],[-12.2521,8.6473],[-12.2509,8.6466],[-12.2432,8.6446],[-12.2439,8.6405],[-12.2428,8.6392],[-12.2388,8.6372],[-12.2372,8.6316],[-12.2337,8.6283],[-12.2319,8.6247],[-12.2327,8.621],[-12.2357,8.6182],[-12.2378,8.618],[-12.238,8.6172],[-12.239,8.6159],[-12.2427,8.6123],[-12.2435,8.6109],[-12.2436,8.6098],[-12.2427,8.6072],[-12.2411,8.6046],[-12.24,8.6011],[-12.2381,8.6008],[-12.2347,8.6006],[-12.2309,8.6016],[-12.2222,8.602],[-12.2185,8.6028],[-12.2119,8.6028],[-12.2088,8.6027],[-12.2064,8.6038],[-12.2039,8.6056],[-12.2023,8.6064],[-12.2005,8.6067],[-12.1994,8.6067],[-12.1988,8.6055],[-12.1988,8.604],[-12.1993,8.6019],[-12.1996,8.5986],[-12.1981,8.5957],[-12.1971,8.5951],[-12.1959,8.5953],[-12.1915,8.5975],[-12.1905,8.5983],[-12.1903,8.5993],[-12.1907,8.6025],[-12.1907,8.6048],[-12.1903,8.6063],[-12.1893,8.6076],[-12.1867,8.6091],[-12.1841,8.611],[-12.1824,8.6122],[-12.1807,8.6135],[-12.1803,8.6148],[-12.1806,8.6157],[-12.1827,8.6162],[-12.1848,8.6171],[-12.1854,8.6181],[-12.1856,8.6193],[-12.1856,8.621],[-12.1858,8.6221],[-12.1856,8.6229],[-12.1847,8.6235],[-12.1833,8.6233],[-12.1815,8.6212],[-12.18,8.6193],[-12.1782,8.6177],[-12.1767,8.6171],[-12.1745,8.6175],[-12.1729,8.6181],[-12.1716,8.6193],[-12.1689,8.6238],[-12.1674,8.6273],[-12.1664,8.6317],[-12.1655,8.6331],[-12.1619,8.6349],[-12.1563,8.6366],[-12.1522,8.6372],[-12.1489,8.6386],[-12.1387,8.6401],[-12.1278,8.6421],[-12.1253,8.6444],[-12.1242,8.649],[-12.1228,8.6573],[-12.1219,8.6593],[-12.1182,8.6617],[-12.1167,8.6625],[-12.1156,8.6628],[-12.1147,8.6639],[-12.1113,8.6635],[-12.1083,8.6643],[-12.1058,8.6682],[-12.1032,8.6742],[-12.0981,8.6754],[-12.0938,8.6754],[-12.0912,8.6776],[-12.0865,8.6797],[-12.081,8.6831],[-12.0771,8.6819],[-12.0729,8.681],[-12.0716,8.6844],[-12.0741,8.6874],[-12.0759,8.6925],[-12.0746,8.6989],[-12.0729,8.7041],[-12.0692,8.7046],[-12.067,8.7049],[-12.0635,8.7049],[-12.0601,8.7028],[-12.0618,8.6989],[-12.0626,8.6951],[-12.0618,8.6891],[-12.0601,8.6861],[-12.0583,8.6861],[-12.0558,8.6891],[-12.0528,8.6917],[-12.0442,8.6921],[-12.0404,8.6904],[-12.0396,8.6878],[-12.0413,8.6814],[-12.0383,8.6793],[-12.0344,8.6797],[-12.0323,8.6823],[-12.0302,8.6861],[-12.028,8.6891],[-12.0255,8.6883],[-12.025,8.6861],[-12.0255,8.6827],[-12.0216,8.6836],[-12.0191,8.6831],[-12.0148,8.6801],[-12.0109,8.6797],[-12.0084,8.6801],[-12.005,8.6814],[-12.0028,8.684],[-12.0008,8.6878],[-11.9998,8.6895],[-11.9996,8.6977],[-11.9975,8.7028],[-11.9962,8.7062],[-11.9898,8.7088],[-11.9847,8.7113],[-11.9808,8.7126],[-11.9753,8.716],[-11.971,8.719],[-11.9672,8.7207],[-11.9612,8.7237],[-11.9565,8.7258],[-11.9531,8.7271],[-11.9488,8.7301],[-11.9458,8.734],[-11.9407,8.737],[-11.9356,8.7387],[-11.9321,8.7417],[-11.927,8.7442],[-11.9223,8.7481],[-11.9185,8.7502],[-11.9159,8.7481],[-11.9133,8.7481],[-11.9112,8.7498],[-11.9099,8.7545],[-11.9078,8.7549],[-11.9052,8.7523],[-11.9027,8.7528],[-11.8984,8.7609],[-11.8963,8.7639],[-11.8903,8.7664],[-11.8877,8.7698],[-11.8864,8.775],[-11.8886,8.7788],[-11.8881,8.7813],[-11.8864,8.7813],[-11.883,8.7792],[-11.8809,8.7831],[-11.8792,8.7878],[-11.8813,8.7929],[-11.8847,8.7967],[-11.8839,8.8014],[-11.8822,8.8049],[-11.8841,8.81],[-11.8853,8.8181],[-11.8858,8.8211],[-11.8862,8.8275],[-11.8832,8.8331],[-11.8837,8.8386],[-11.8841,8.8424],[-11.8819,8.8463],[-11.8819,8.8506],[-11.8807,8.8557],[-11.8845,8.86],[-11.8824,8.8617],[-11.8751,8.8676],[-11.8713,8.8735],[-11.8713,8.8779],[-11.867,8.8792],[-11.867,8.883],[-11.8691,8.8916],[-11.8683,8.8971],[-11.8696,8.9001],[-11.8726,8.9048],[-11.8726,8.9126],[-11.8726,8.9138],[-11.8734,8.9189],[-11.8726,8.9262],[-11.8723,8.9313],[-11.8715,8.9373],[-11.8698,8.9445],[-11.8749,8.9471],[-11.8728,8.9492],[-11.8715,8.9526],[-11.8745,8.9552],[-11.8792,8.9556],[-11.8805,8.9578],[-11.88,8.9616],[-11.8822,8.9646],[-11.8852,8.9663],[-11.8873,8.9719],[-11.883,8.974],[-11.8787,8.9744],[-11.8706,8.9731],[-11.8676,8.9761],[-11.8651,8.9825],[-11.8711,8.9877],[-11.863,8.9948],[-11.8583,8.9969],[-11.8498,9.0016],[-11.8478,9.002],[-11.8428,9.0007],[-11.8394,8.9981],[-11.8364,8.9998],[-11.8304,9.0062],[-11.827,9.0122],[-11.8317,9.0195],[-11.8304,9.022],[-11.8279,9.0229],[-11.8274,9.0219],[-11.8242,9.0213],[-11.8203,9.017],[-11.819,9.02],[-11.8229,9.0277],[-11.8203,9.029],[-11.8182,9.0264],[-11.8139,9.0187],[-11.8107,9.0149],[-11.8057,9.0129],[-11.8002,9.0129],[-11.7984,9.015],[-11.7984,9.0201],[-11.792,9.0218],[-11.7891,9.0223],[-11.7867,9.0274],[-11.7846,9.0308],[-11.7803,9.0317],[-11.7803,9.0351],[-11.7794,9.0402],[-11.7743,9.0432],[-11.7688,9.0415],[-11.7675,9.0445],[-11.7679,9.0547],[-11.7624,9.0564],[-11.7641,9.0611],[-11.773,9.0654],[-11.7812,9.0688],[-11.7863,9.0731],[-11.7923,9.0727],[-11.7978,9.0744],[-11.8055,9.0778],[-11.8132,9.0829],[-11.8166,9.091],[-11.8162,9.1004],[-11.8196,9.106],[-11.8269,9.1064],[-11.8337,9.1081],[-11.8388,9.1145],[-11.8422,9.1213],[-11.8405,9.1312],[-11.838,9.1414],[-11.8382,9.1483],[-11.8343,9.1568],[-11.8334,9.1573],[-11.8249,9.1624],[-11.8181,9.17],[-11.8215,9.1858],[-11.8168,9.1931],[-11.8125,9.1999],[-11.8057,9.2025],[-11.7993,9.2072],[-11.7972,9.2102],[-11.7963,9.2162],[-11.7963,9.2311],[-11.7967,9.231],[-11.7971,9.2329],[-11.7964,9.2441],[-11.7867,9.2446],[-11.7817,9.2459],[-11.778,9.2444],[-11.7707,9.2451],[-11.7645,9.2439],[-11.7588,9.2446],[-11.7511,9.2451],[-11.749,9.2508],[-11.7483,9.2563],[-11.7463,9.2617],[-11.7426,9.2675],[-11.7378,9.2734],[-11.7319,9.2794],[-11.7239,9.2865],[-11.7177,9.291],[-11.7154,9.2862],[-11.7135,9.2826],[-11.7127,9.2759],[-11.7133,9.2684],[-11.713,9.2563],[-11.7091,9.2295],[-11.7091,9.2251],[-11.7095,9.2194],[-11.7096,9.2059],[-11.7081,9.2023],[-11.7099,9.1995],[-11.7097,9.1963],[-11.708,9.1954],[-11.7058,9.1933],[-11.7078,9.1899],[-11.7074,9.1851],[-11.7078,9.1803],[-11.708,9.1755],[-11.708,9.1721],[-11.7092,9.168],[-11.7081,9.1654],[-11.7087,9.1609],[-11.7084,9.1558],[-11.7096,9.1508],[-11.7077,9.1478],[-11.7104,9.144],[-11.7109,9.1393],[-11.7137,9.1345],[-11.7128,9.1291],[-11.7143,9.121],[-11.7173,9.1135],[-11.7052,9.1092],[-11.6881,9.1046],[-11.6833,9.1014],[-11.6754,9.0979],[-11.6692,9.0943],[-11.6527,9.079],[-11.6474,9.0675],[-11.6459,9.0538],[-11.6416,9.0591],[-11.64,9.0639],[-11.6347,9.068],[-11.6288,9.0717],[-11.6258,9.0748],[-11.6217,9.0799],[-11.613,9.086],[-11.6096,9.0907],[-11.6062,9.0938],[-11.6043,9.0975],[-11.6,9.1025],[-11.5928,9.109],[-11.5916,9.1106],[-11.5889,9.1144],[-11.5865,9.1161],[-11.582,9.117],[-11.5769,9.1204],[-11.579,9.1235],[-11.578,9.1259],[-11.5796,9.1302],[-11.5771,9.1326],[-11.5697,9.1367],[-11.5678,9.1427],[-11.5642,9.1504],[-11.5624,9.1515],[-11.5604,9.1506],[-11.5566,9.1477],[-11.5543,9.1494],[-11.5524,9.1491],[-11.5472,9.151],[-11.5424,9.1517],[-11.5422,9.1545],[-11.5369,9.1554],[-11.5339,9.1577],[-11.5305,9.1616],[-11.5273,9.1636],[-11.5242,9.16],[-11.5199,9.1639],[-11.5133,9.1648],[-11.5112,9.1657],[-11.5098,9.1686],[-11.5046,9.1743],[-11.5027,9.1787],[-11.5,9.1794],[-11.4987,9.1814],[-11.4947,9.1858],[-11.4918,9.1844],[-11.4907,9.1847],[-11.4902,9.1863],[-11.4879,9.1867],[-11.4844,9.1844],[-11.4833,9.1853],[-11.4815,9.1831],[-11.4792,9.1806],[-11.4751,9.1812],[-11.4712,9.1846],[-11.4678,9.1819],[-11.4641,9.1824],[-11.4625,9.1792],[-11.4627,9.176],[-11.4609,9.1735],[-11.4591,9.1744],[-11.4579,9.1764],[-11.4563,9.1727],[-11.4563,9.1709],[-11.4547,9.1684],[-11.4524,9.1673],[-11.4506,9.1654],[-11.4505,9.1653],[-11.4483,9.1636],[-11.447,9.1604],[-11.4469,9.1579],[-11.4451,9.1561],[-11.4442,9.1513],[-11.4456,9.1492],[-11.4438,9.1394],[-11.4436,9.1332],[-11.4441,9.1297],[-11.4423,9.1277],[-11.4414,9.1252],[-11.4439,9.1217],[-11.4434,9.1185],[-11.4445,9.1122],[-11.4436,9.1112],[-11.4439,9.1074],[-11.4441,9.1048],[-11.442,9.0993],[-11.4436,9.0971],[-11.4423,9.0947],[-11.4437,9.0876],[-11.4442,9.086],[-11.4417,9.0844],[-11.4424,9.081],[-11.4431,9.0785],[-11.4419,9.0739],[-11.4437,9.0712],[-11.446,9.0691],[-11.4463,9.0673],[-11.4446,9.0661],[-11.4444,9.0636],[-11.4451,9.0591],[-11.4462,9.0518],[-11.4451,9.0488],[-11.4486,9.0447],[-11.4483,9.043],[-11.4483,9.0396],[-11.45,9.0353],[-11.4477,9.0325],[-11.4462,9.0295],[-11.4427,9.028],[-11.4414,9.0254],[-11.4398,9.0253],[-11.44,9.0211],[-11.4406,9.0179],[-11.4395,9.0159],[-11.4363,9.014],[-11.4381,9.0099],[-11.4409,9.0065],[-11.4407,8.9991],[-11.4441,8.9959],[-11.4427,8.9952],[-11.4432,8.9927],[-11.4436,8.9863],[-11.4477,8.9861],[-11.4507,8.9868],[-11.4532,8.9897],[-11.4552,8.9843],[-11.4559,8.9785],[-11.4579,8.9735],[-11.4566,8.9715],[-11.4584,8.9687],[-11.457,8.9662],[-11.4602,8.9619],[-11.4604,8.9591],[-11.4632,8.9586],[-11.4657,8.9582],[-11.4666,8.9539],[-11.4684,8.9497],[-11.4673,8.947],[-11.4678,8.9433],[-11.4701,8.939],[-11.4701,8.9369],[-11.4724,8.9348],[-11.473,8.931],[-11.4719,8.9278],[-11.4739,8.9248],[-11.4758,8.9218],[-11.479,8.9248],[-11.4808,8.9255],[-11.4815,8.9298],[-11.4841,8.9316],[-11.4864,8.9294],[-11.4875,8.9241],[-11.4907,8.917],[-11.4892,8.9141],[-11.4914,8.9101],[-11.4917,8.9047],[-11.4939,8.9038],[-11.4951,8.9072],[-11.4981,8.9067],[-11.4997,8.9086],[-11.5004,8.9124],[-11.5083,8.9093],[-11.5114,8.9147],[-11.5079,8.9181],[-11.5095,8.9189],[-11.5162,8.9138],[-11.5186,8.9127],[-11.5203,8.9131],[-11.5191,8.9179],[-11.5205,8.9179],[-11.5239,8.9115],[-11.5278,8.9113],[-11.5292,8.9095],[-11.5299,8.903],[-11.534,8.899],[-11.5357,8.8942],[-11.5409,8.8944],[-11.5385,8.8902],[-11.5417,8.89],[-11.5409,8.8873],[-11.5432,8.8855],[-11.5435,8.8804],[-11.5432,8.8784],[-11.5469,8.8747],[-11.5515,8.869],[-11.5522,8.8658],[-11.5501,8.863],[-11.5515,8.8601],[-11.5545,8.8603],[-11.5584,8.8617],[-11.5595,8.8602],[-11.5584,8.8585],[-11.5584,8.8569],[-11.5584,8.8562],[-11.557,8.8536],[-11.5536,8.8493],[-11.5469,8.8489],[-11.5417,8.8497],[-11.5361,8.8479],[-11.5302,8.8459],[-11.5173,8.844],[-11.5027,8.8431],[-11.4947,8.8418],[-11.4839,8.8425],[-11.4749,8.8398],[-11.4678,8.8418],[-11.4659,8.8433],[-11.4611,8.8493],[-11.4557,8.8552],[-11.4477,8.8626],[-11.4465,8.8641],[-11.4446,8.8637],[-11.4423,8.8617],[-11.4374,8.8512],[-11.4327,8.8457],[-11.4317,8.8409],[-11.4315,8.8378],[-11.4297,8.8344],[-11.4287,8.8305],[-11.4261,8.8276],[-11.4239,8.82],[-11.422,8.8178],[-11.4211,8.8127],[-11.4188,8.8104],[-11.4181,8.8083],[-11.4172,8.8079],[-11.4152,8.8038],[-11.414,8.7962],[-11.411,8.7935],[-11.4083,8.7919],[-11.4085,8.7885],[-11.4065,8.7871],[-11.4061,8.782],[-11.4027,8.7757],[-11.3984,8.7722],[-11.3969,8.7672],[-11.3945,8.7592],[-11.3951,8.7557],[-11.3952,8.7548],[-11.3958,8.7519],[-11.3933,8.7493],[-11.3922,8.7438],[-11.3871,8.742],[-11.3876,8.7395],[-11.3848,8.7368],[-11.3858,8.7336],[-11.3843,8.7304],[-11.382,8.7274],[-11.3829,8.7223],[-11.3813,8.7169],[-11.3833,8.7116],[-11.3813,8.7095],[-11.3785,8.7043],[-11.3782,8.7],[-11.3746,8.6954],[-11.3767,8.6901],[-11.3719,8.6839],[-11.369,8.6771],[-11.3687,8.6746],[-11.3658,8.6698],[-11.3614,8.6636],[-11.3526,8.6606],[-11.3507,8.6595],[-11.3512,8.6555],[-11.3499,8.6521],[-11.3492,8.6473],[-11.3473,8.6455],[-11.3482,8.6416],[-11.3507,8.642],[-11.35,8.6368],[-11.3529,8.6318],[-11.3522,8.6306],[-11.3527,8.6272],[-11.3513,8.621],[-11.349,8.6197],[-11.3495,8.6141],[-11.3463,8.6073],[-11.3459,8.6038],[-11.3454,8.5991],[-11.3429,8.5995],[-11.3422,8.5963],[-11.3408,8.5945],[-11.3415,8.5911],[-11.3395,8.5855],[-11.3382,8.5833],[-11.3384,8.5782],[-11.3368,8.5746],[-11.3396,8.5723],[-11.3393,8.5647],[-11.3435,8.5595],[-11.3485,8.5553],[-11.3506,8.5541],[-11.3546,8.5497],[-11.3551,8.5479],[-11.3577,8.552],[-11.3601,8.5481],[-11.3624,8.548],[-11.3649,8.551],[-11.3665,8.5501],[-11.3663,8.5442],[-11.3716,8.5425],[-11.3727,8.5401],[-11.3716,8.5373],[-11.373,8.5357],[-11.3764,8.5354],[-11.3769,8.5334],[-11.3801,8.5314],[-11.3831,8.5327],[-11.3847,8.535],[-11.3877,8.5382],[-11.3856,8.5416],[-11.3881,8.5476],[-11.3996,8.5512],[-11.4023,8.5494],[-11.408,8.5528],[-11.411,8.551],[-11.414,8.5528],[-11.4204,8.5528],[-11.4299,8.5499],[-11.4351,8.5489],[-11.4423,8.549],[-11.4505,8.5494],[-11.4592,8.549],[-11.4645,8.5469],[-11.4693,8.5433],[-11.4754,8.5426],[-11.482,8.54],[-11.4923,8.5345],[-11.4993,8.5361],[-11.506,8.5355],[-11.511,8.537],[-11.5151,8.5371],[-11.5272,8.5387],[-11.5328,8.5387],[-11.5361,8.5352],[-11.5429,8.5298],[-11.5512,8.5258],[-11.5594,8.5236],[-11.5671,8.5231],[-11.5713,8.5238],[-11.5742,8.5236],[-11.5767,8.5243],[-11.5801,8.5272],[-11.5817,8.525],[-11.589,8.521],[-11.5899,8.5188],[-11.5894,8.5153],[-11.5879,8.5117],[-11.5863,8.5043],[-11.5872,8.5016],[-11.587,8.4977],[-11.5885,8.4929],[-11.5858,8.4934],[-11.5826,8.492],[-11.583,8.4895],[-11.5878,8.4886],[-11.5923,8.4888],[-11.5929,8.4888],[-11.6016,8.4851],[-11.6114,8.4801],[-11.6167,8.4781],[-11.6244,8.4755],[-11.6298,8.4749],[-11.6348,8.4753],[-11.6406,8.4742],[-11.6472,8.4742],[-11.6532,8.4733],[-11.6651,8.4735],[-11.6706,8.4732],[-11.6816,8.4714],[-11.6862,8.4712],[-11.7104,8.476],[-11.7198,8.4792],[-11.7262,8.4828],[-11.7288,8.4834],[-11.7307,8.4808],[-11.7326,8.4764],[-11.7328,8.4732],[-11.7309,8.4712],[-11.7303,8.4689],[-11.7289,8.4669],[-11.7298,8.4638],[-11.7286,8.4606],[-11.727,8.459],[-11.7268,8.452],[-11.7303,8.4502],[-11.7316,8.4485],[-11.7302,8.4465],[-11.7325,8.4419],[-11.733,8.4396],[-11.7376,8.4405],[-11.7389,8.4389],[-11.7385,8.4369],[-11.7369,8.4346],[-11.7392,8.4311],[-11.7394,8.428],[-11.741,8.4222],[-11.7466,8.4218],[-11.7503,8.4174],[-11.7541,8.4128],[-11.7533,8.4108],[-11.7571,8.4035],[-11.7589,8.4028],[-11.7594,8.406],[-11.7619,8.4048],[-11.7622,8.401],[-11.761,8.3991],[-11.7621,8.3966],[-11.7637,8.3969],[-11.7638,8.3994],[-11.766,8.3989],[-11.7665,8.3962],[-11.7653,8.3946],[-11.7667,8.3927],[-11.7702,8.3937],[-11.7729,8.3939],[-11.7768,8.3918],[-11.78,8.39],[-11.7816,8.3923],[-11.7844,8.3888],[-11.7867,8.3888],[-11.7903,8.3872],[-11.7964,8.3876],[-11.7993,8.3897],[-11.8023,8.3901],[-11.8057,8.3889],[-11.808,8.3869],[-11.809,8.3804],[-11.8102,8.377],[-11.8133,8.3751],[-11.8163,8.3719],[-11.8175,8.3664],[-11.8194,8.3661],[-11.8231,8.3628],[-11.8247,8.3584],[-11.8228,8.3559],[-11.8212,8.3468],[-11.8305,8.3562],[-11.8321,8.3561],[-11.8361,8.3573],[-11.8385,8.3592],[-11.8421,8.3609],[-11.8484,8.3605],[-11.8516,8.3596],[-11.8578,8.3532],[-11.8656,8.3504],[-11.8687,8.3506],[-11.8727,8.354],[-11.8775,8.3545],[-11.88,8.3557],[-11.8859,8.3548],[-11.8907,8.3554],[-11.8946,8.3575],[-11.8961,8.3589],[-11.9004,8.36],[-11.9027,8.3587],[-11.905,8.3586],[-11.9078,8.3587],[-11.9096,8.3586],[-11.9107,8.3602],[-11.9148,8.3605],[-11.9164,8.3582],[-11.9187,8.3577],[-11.9204,8.3568],[-11.9228,8.3561],[-11.9245,8.3515],[-11.9276,8.3502],[-11.9302,8.3509],[-11.9311,8.3488],[-11.935,8.3504],[-11.9366,8.352],[-11.9386,8.3508],[-11.9418,8.3516],[-11.9434,8.3557],[-11.945,8.3564],[-11.9483,8.3545],[-11.949,8.3582],[-11.9509,8.3563],[-11.953,8.3584],[-11.9554,8.3575],[-11.9566,8.36],[-11.9598,8.3584],[-11.9618,8.3612],[-11.9639,8.3621],[-11.9661,8.3616],[-11.9676,8.3612],[-11.9765,8.3639],[-11.982,8.3678],[-11.9879,8.3705],[-11.9909,8.3735],[-11.9936,8.374],[-11.9962,8.3762],[-11.9957,8.3788],[-11.9957,8.3875],[-11.9964,8.3914],[-11.9998,8.3887],[-11.9997,8.3877],[-12.0024,8.3842],[-12.0041,8.3817],[-12.008,8.3731],[-12.0128,8.3717],[-12.0203,8.3721],[-12.0224,8.3717],[-12.0244,8.3703],[-12.0262,8.3616],[-12.0279,8.3579],[-12.032,8.3575],[-12.0342,8.358],[-12.0358,8.3607],[-12.0361,8.3628],[-12.0345,8.3659],[-12.0345,8.3694],[-12.0361,8.3696],[-12.0395,8.3673],[-12.043,8.3644],[-12.0434,8.3625],[-12.0437,8.3593],[-12.0441,8.3515],[-12.0457,8.3476],[-12.0487,8.3444],[-12.0512,8.3413],[-12.0517,8.3381],[-12.0541,8.3346],[-12.0581,8.3303],[-12.0625,8.3261],[-12.0657,8.3218],[-12.0675,8.3189],[-12.0675,8.3159],[-12.0655,8.3131],[-12.0625,8.3117],[-12.0605,8.3092],[-12.0572,8.2999],[-12.054,8.2937],[-12.0501,8.2914],[-12.0453,8.2916],[-12.0424,8.2928],[-12.0412,8.2959],[-12.0383,8.2975],[-12.0353,8.2973],[-12.0344,8.2891],[-12.0397,8.2866],[-12.0397,8.2843],[-12.0377,8.2799],[-12.0366,8.277],[-12.0336,8.2724],[-12.0329,8.2687],[-12.0331,8.2648],[-12.0358,8.2557],[-12.0358,8.253],[-12.0345,8.2509],[-12.0318,8.2468],[-12.0292,8.2404],[-12.0295,8.2372],[-12.0319,8.2365],[-12.0341,8.2381],[-12.0342,8.2417],[-12.038,8.2488],[-12.0403,8.2502],[-12.0445,8.2505],[-12.047,8.2493],[-12.0513,8.2481],[-12.057,8.2488],[-12.0584,8.2504],[-12.0552,8.2523],[-12.0554,8.2541],[-12.0579,8.2553],[-12.0616,8.2589],[-12.0636,8.2609],[-12.0689,8.2601],[-12.0721,8.2614],[-12.0755,8.2628],[-12.0785,8.266],[-12.0803,8.2694],[-12.0792,8.272],[-12.0822,8.2767],[-12.088,8.2795],[-12.0899,8.2797],[-12.0928,8.2811],[-12.0992,8.2829],[-12.0992,8.2854],[-12.1026,8.2868],[-12.1049,8.2893],[-12.1079,8.2916],[-12.1104,8.2939],[-12.1143,8.2973],[-12.1169,8.2978],[-12.1216,8.2991],[-12.1207,8.3012],[-12.1233,8.3014],[-12.1237,8.303],[-12.1289,8.3037],[-12.1319,8.3049],[-12.1336,8.3072],[-12.136,8.3122],[-12.1343,8.3142],[-12.1339,8.32],[-12.1369,8.3221],[-12.1396,8.3241],[-12.1414,8.3255],[-12.1467,8.3275],[-12.1499,8.3282],[-12.1542,8.3287],[-12.1579,8.33],[-12.1606,8.3333],[-12.1632,8.336],[-12.1655,8.339],[-12.1682,8.3435],[-12.1696,8.3488],[-12.1691,8.3518],[-12.1664,8.3573],[-12.1671,8.3589],[-12.1695,8.3607],[-12.1747,8.3614],[-12.1791,8.3607],[-12.1825,8.3596],[-12.1859,8.3589],[-12.1926,8.3559],[-12.1997,8.3541],[-12.2035,8.3515],[-12.2056,8.3506],[-12.2141,8.3516],[-12.2156,8.3525],[-12.2189,8.3509],[-12.2193,8.3527],[-12.2194,8.3526],[-12.2221,8.3509],[-12.2236,8.3481],[-12.2265,8.3477],[-12.227,8.3451],[-12.2302,8.3442],[-12.2345,8.3451],[-12.237,8.3474],[-12.245,8.3495],[-12.2467,8.3541],[-12.2505,8.3522],[-12.2553,8.3524],[-12.2578,8.3522],[-12.2618,8.3506],[-12.2656,8.3499],[-12.2672,8.349],[-12.2702,8.3488],[-12.2755,8.3451],[-12.2779,8.3422],[-12.2799,8.3399],[-12.2808,8.3372],[-12.2825,8.3369],[-12.2854,8.3341],[-12.2857,8.331],[-12.2877,8.3287],[-12.2921,8.3269],[-12.2911,8.3237],[-12.292,8.3202],[-12.2941,8.3195],[-12.2953,8.322],[-12.2982,8.3223],[-12.2996,8.322],[-12.301,8.3278],[-12.303,8.3284],[-12.3062,8.3289],[-12.3126,8.3285],[-12.317,8.3289],[-12.3262,8.3316],[-12.3306,8.3351],[-12.3365,8.3412],[-12.3368,8.3417],[-12.3386,8.3447],[-12.342,8.3504],[-12.3445,8.352],[-12.3491,8.352],[-12.3498,8.3538],[-12.3521,8.3545],[-12.3581,8.3515],[-12.3603,8.3499],[-12.3629,8.35],[-12.3706,8.3531],[-12.3711,8.3499],[-12.3723,8.3474],[-12.3795,8.342],[-12.381,8.3397],[-12.3833,8.3368],[-12.384,8.336],[-12.3905,8.3327],[-12.3952,8.3192],[-12.416,8.3114],[-12.4307,8.3155],[-12.4423,8.308],[-12.4519,8.303],[-12.4566,8.2995],[-12.4602,8.2932],[-12.4647,8.2936],[-12.4796,8.3037],[-12.4938,8.2957],[-12.5108,8.297],[-12.5196,8.289],[-12.524,8.288],[-12.5338,8.2899],[-12.5418,8.2939],[-12.547,8.2945],[-12.551,8.2965],[-12.5535,8.2983],[-12.563,8.3037],[-12.5822,8.3069],[-12.5933,8.3109],[-12.595,8.317],[-12.5984,8.3222],[-12.5991,8.3284],[-12.603,8.3327],[-12.6042,8.341],[-12.6144,8.341],[-12.6194,8.3501],[-12.6326,8.3547],[-12.641,8.354],[-12.6479,8.358],[-12.6478,8.3641],[-12.6461,8.3671],[-12.6425,8.3699],[-12.6356,8.3722],[-12.6325,8.38],[-12.6315,8.3898],[-12.628,8.4059],[-12.6218,8.4264],[-12.6193,8.4367],[-12.6181,8.447],[-12.6089,8.4856],[-12.605,8.494],[-12.6016,8.4969],[-12.5984,8.4926],[-12.5955,8.4905],[-12.5932,8.4897]]]},"properties":{"code":"TON","name":"Tonkolili District","level":"2","parent":"Plmg8ikyfrK","parentGraph":"Plmg8ikyfrK","groups":["GASkCj8ce35","QJuHsfZjNBf","Y1fwmuWGmNr"]}},{"type":"Feature","id":"lrpQQlS8AMv","geometry":{"type":"Polygon","coordinates":[[[-12.5932,8.4897],[-12.5913,8.4882],[-12.5893,8.4891],[-12.5861,8.4857],[-12.5822,8.4819],[-12.5809,8.478],[-12.5807,8.4751],[-12.5796,8.4722],[-12.5798,8.4683],[-12.5775,8.4662],[-12.5757,8.4647],[-12.5704,8.4644],[-12.5695,8.461],[-12.5684,8.457],[-12.5664,8.4527],[-12.5661,8.4487],[-12.5654,8.445],[-12.5627,8.444],[-12.5615,8.4433],[-12.5599,8.4399],[-12.5546,8.4398],[-12.5533,8.4378],[-12.5512,8.4357],[-12.5489,8.4341],[-12.5456,8.4322],[-12.5443,8.4336],[-12.5417,8.4336],[-12.5385,8.4388],[-12.5379,8.4417],[-12.5364,8.4446],[-12.5353,8.4482],[-12.5351,8.4531],[-12.5323,8.454],[-12.5289,8.4539],[-12.5234,8.4549],[-12.5216,8.4555],[-12.5157,8.4565],[-12.5102,8.4576],[-12.5062,8.4589],[-12.5029,8.4605],[-12.4998,8.4613],[-12.487,8.4685],[-12.484,8.4701],[-12.4772,8.4732],[-12.4744,8.4753],[-12.4652,8.4793],[-12.4637,8.4799],[-12.462,8.4805],[-12.4584,8.4824],[-12.4542,8.4835],[-12.4515,8.4853],[-12.4482,8.4879],[-12.4458,8.4895],[-12.4416,8.4904],[-12.4367,8.4902],[-12.4318,8.4897],[-12.4241,8.4895],[-12.4178,8.49],[-12.4123,8.4908],[-12.4096,8.4925],[-12.3949,8.4965],[-12.3925,8.497],[-12.389,8.4993],[-12.3809,8.5025],[-12.3743,8.5056],[-12.3707,8.509],[-12.368,8.5122],[-12.3639,8.5162],[-12.3586,8.5205],[-12.3557,8.5244],[-12.3483,8.5309],[-12.3436,8.5353],[-12.3356,8.5429],[-12.3334,8.5442],[-12.3283,8.5437],[-12.3253,8.5411],[-12.3227,8.5411],[-12.3219,8.544],[-12.3198,8.5471],[-12.3138,8.5502],[-12.3097,8.5529],[-12.3072,8.5537],[-12.3048,8.5557],[-12.3018,8.5555],[-12.2997,8.5573],[-12.2971,8.5612],[-12.2955,8.5675],[-12.2948,8.5687],[-12.2945,8.5694],[-12.2948,8.5704],[-12.295,8.5708],[-12.2949,8.5714],[-12.2944,8.5717],[-12.2938,8.5717],[-12.2935,8.5716],[-12.293,8.5713],[-12.2921,8.5714],[-12.2913,8.5719],[-12.2911,8.5725],[-12.2907,8.5743],[-12.289,8.5754],[-12.3057,8.5869],[-12.3176,8.5907],[-12.3256,8.609],[-12.3298,8.6245],[-12.3296,8.6344],[-12.3479,8.6302],[-12.3576,8.6397],[-12.3812,8.645],[-12.3998,8.6537],[-12.3986,8.6685],[-12.3972,8.6687],[-12.3933,8.6686],[-12.3917,8.6682],[-12.3907,8.6682],[-12.3897,8.6685],[-12.3892,8.6691],[-12.3887,8.6701],[-12.3885,8.671],[-12.3887,8.6724],[-12.3894,8.675],[-12.3903,8.6769],[-12.3912,8.6787],[-12.3913,8.6798],[-12.3913,8.6808],[-12.3905,8.682],[-12.3889,8.684],[-12.3869,8.6863],[-12.3854,8.6886],[-12.3841,8.6918],[-12.3841,8.6948],[-12.3845,8.697],[-12.3855,8.6995],[-12.3855,8.7003],[-12.3846,8.7019],[-12.3832,8.7033],[-12.38,8.7057],[-12.3793,8.706],[-12.3787,8.7064],[-12.3781,8.7062],[-12.3777,8.7061],[-12.3775,8.7042],[-12.3778,8.703],[-12.3779,8.7016],[-12.3775,8.6997],[-12.3762,8.6981],[-12.3747,8.6968],[-12.3726,8.6955],[-12.3704,8.6948],[-12.3663,8.6931],[-12.3653,8.6929],[-12.3636,8.6929],[-12.3569,8.6955],[-12.3535,8.6967],[-12.3498,8.6978],[-12.3485,8.6988],[-12.3455,8.7018],[-12.3427,8.7042],[-12.3398,8.7061],[-12.3376,8.7078],[-12.3365,8.709],[-12.3359,8.7102],[-12.3354,8.7139],[-12.3356,8.7178],[-12.3353,8.7185],[-12.3346,8.719],[-12.3337,8.7191],[-12.3331,8.7188],[-12.3321,8.7182],[-12.3305,8.7158],[-12.3279,8.7129],[-12.3251,8.7102],[-12.3212,8.7075],[-12.3206,8.7073],[-12.3195,8.7074],[-12.3185,8.7079],[-12.3175,8.7091],[-12.3161,8.711],[-12.3147,8.7126],[-12.3142,8.7135],[-12.3138,8.7148],[-12.3141,8.7159],[-12.3147,8.7167],[-12.3162,8.7175],[-12.3196,8.7181],[-12.3213,8.7189],[-12.3229,8.7201],[-12.3237,8.721],[-12.3241,8.722],[-12.3243,8.7238],[-12.3239,8.7251],[-12.3231,8.7267],[-12.3222,8.7278],[-12.3209,8.7285],[-12.3182,8.7299],[-12.3162,8.731],[-12.3143,8.7329],[-12.3128,8.7347],[-12.3112,8.7373],[-12.3102,8.7395],[-12.3096,8.7423],[-12.3095,8.7488],[-12.309,8.7525],[-12.3077,8.7558],[-12.3068,8.7569],[-12.3052,8.7603],[-12.3044,8.7611],[-12.3033,8.7615],[-12.3024,8.7617],[-12.3011,8.7614],[-12.299,8.7608],[-12.2979,8.7602],[-12.2971,8.7594],[-12.296,8.757],[-12.2948,8.7534],[-12.2939,8.7494],[-12.2935,8.7478],[-12.2928,8.7468],[-12.2909,8.7451],[-12.2893,8.7442],[-12.288,8.7438],[-12.2868,8.7439],[-12.2856,8.7443],[-12.2834,8.7468],[-12.2811,8.7493],[-12.2766,8.7528],[-12.2746,8.7533],[-12.2735,8.7533],[-12.2721,8.753],[-12.2708,8.7521],[-12.2694,8.7508],[-12.268,8.75],[-12.267,8.7491],[-12.2666,8.7481],[-12.2666,8.747],[-12.2673,8.7453],[-12.2688,8.7431],[-12.271,8.7389],[-12.2716,8.737],[-12.2718,8.7342],[-12.2708,8.7265],[-12.2709,8.725],[-12.2713,8.7235],[-12.2721,8.7228],[-12.2751,8.7219],[-12.2776,8.7209],[-12.279,8.7199],[-12.2799,8.7189],[-12.2802,8.7173],[-12.2802,8.7158],[-12.28,8.7138],[-12.2802,8.7119],[-12.28,8.7111],[-12.279,8.7104],[-12.2779,8.7101],[-12.2764,8.7103],[-12.2739,8.7107],[-12.2709,8.7118],[-12.269,8.7126],[-12.2673,8.7139],[-12.266,8.7151],[-12.2647,8.7173],[-12.2628,8.7214],[-12.2622,8.7265],[-12.2627,8.7309],[-12.263,8.7381],[-12.2626,8.7403],[-12.2617,8.7432],[-12.2612,8.7443],[-12.2603,8.7451],[-12.2593,8.7454],[-12.2582,8.7454],[-12.2572,8.7449],[-12.2564,8.7442],[-12.2531,8.7399],[-12.2515,8.7375],[-12.2505,8.7352],[-12.2495,8.7309],[-12.2478,8.7219],[-12.2459,8.7193],[-12.2418,8.7154],[-12.2371,8.7094],[-12.2359,8.7077],[-12.2357,8.7063],[-12.2365,8.7046],[-12.2378,8.7037],[-12.2395,8.7035],[-12.2426,8.7042],[-12.2455,8.7055],[-12.2472,8.7065],[-12.2485,8.7077],[-12.2495,8.7081],[-12.2514,8.7075],[-12.253,8.7062],[-12.2534,8.7054],[-12.2533,8.7045],[-12.2525,8.7034],[-12.2506,8.703],[-12.2487,8.7032],[-12.2466,8.703],[-12.245,8.7024],[-12.2441,8.7016],[-12.2433,8.7001],[-12.2433,8.698],[-12.2449,8.6959],[-12.2476,8.6941],[-12.2494,8.6931],[-12.2508,8.6919],[-12.2517,8.6903],[-12.252,8.6888],[-12.2518,8.6866],[-12.2509,8.6849],[-12.2469,8.6798],[-12.2451,8.6777],[-12.2445,8.6769],[-12.2445,8.6757],[-12.2461,8.6751],[-12.25,8.6748],[-12.2571,8.6744],[-12.2587,8.6733],[-12.2598,8.6695],[-12.2606,8.6638],[-12.2604,8.6574],[-12.2608,8.6517],[-12.2554,8.6501],[-12.2521,8.6473],[-12.2509,8.6466],[-12.2432,8.6446],[-12.2439,8.6405],[-12.2428,8.6392],[-12.2388,8.6372],[-12.2372,8.6316],[-12.2337,8.6283],[-12.2319,8.6247],[-12.2327,8.621],[-12.2357,8.6182],[-12.2378,8.618],[-12.238,8.6172],[-12.239,8.6159],[-12.2427,8.6123],[-12.2435,8.6109],[-12.2436,8.6098],[-12.2427,8.6072],[-12.2411,8.6046],[-12.24,8.6011],[-12.2381,8.6008],[-12.2347,8.6006],[-12.2309,8.6016],[-12.2222,8.602],[-12.2185,8.6028],[-12.2119,8.6028],[-12.2088,8.6027],[-12.2064,8.6038],[-12.2039,8.6056],[-12.2023,8.6064],[-12.2005,8.6067],[-12.1994,8.6067],[-12.1988,8.6055],[-12.1988,8.604],[-12.1993,8.6019],[-12.1996,8.5986],[-12.1981,8.5957],[-12.1971,8.5951],[-12.1959,8.5953],[-12.1915,8.5975],[-12.1905,8.5983],[-12.1903,8.5993],[-12.1907,8.6025],[-12.1907,8.6048],[-12.1903,8.6063],[-12.1893,8.6076],[-12.1867,8.6091],[-12.1841,8.611],[-12.1824,8.6122],[-12.1807,8.6135],[-12.1803,8.6148],[-12.1806,8.6157],[-12.1827,8.6162],[-12.1848,8.6171],[-12.1854,8.6181],[-12.1856,8.6193],[-12.1856,8.621],[-12.1858,8.6221],[-12.1856,8.6229],[-12.1847,8.6235],[-12.1833,8.6233],[-12.1815,8.6212],[-12.18,8.6193],[-12.1782,8.6177],[-12.1767,8.6171],[-12.1745,8.6175],[-12.1729,8.6181],[-12.1716,8.6193],[-12.1689,8.6238],[-12.1674,8.6273],[-12.1664,8.6317],[-12.1655,8.6331],[-12.1619,8.6349],[-12.1563,8.6366],[-12.1522,8.6372],[-12.1489,8.6386],[-12.1387,8.6401],[-12.1278,8.6421],[-12.1253,8.6444],[-12.1242,8.649],[-12.1228,8.6573],[-12.1219,8.6593],[-12.1182,8.6617],[-12.1167,8.6625],[-12.1156,8.6628],[-12.1147,8.6639],[-12.1113,8.6635],[-12.1083,8.6643],[-12.1058,8.6682],[-12.1032,8.6742],[-12.0981,8.6754],[-12.0938,8.6754],[-12.0912,8.6776],[-12.0865,8.6797],[-12.081,8.6831],[-12.0771,8.6819],[-12.0729,8.681],[-12.0716,8.6844],[-12.0741,8.6874],[-12.0759,8.6925],[-12.0746,8.6989],[-12.0729,8.7041],[-12.0692,8.7046],[-12.067,8.7049],[-12.0635,8.7049],[-12.0601,8.7028],[-12.0618,8.6989],[-12.0626,8.6951],[-12.0618,8.6891],[-12.0601,8.6861],[-12.0583,8.6861],[-12.0558,8.6891],[-12.0528,8.6917],[-12.0442,8.6921],[-12.0404,8.6904],[-12.0396,8.6878],[-12.0413,8.6814],[-12.0383,8.6793],[-12.0344,8.6797],[-12.0323,8.6823],[-12.0302,8.6861],[-12.028,8.6891],[-12.0255,8.6883],[-12.025,8.6861],[-12.0255,8.6827],[-12.0216,8.6836],[-12.0191,8.6831],[-12.0148,8.6801],[-12.0109,8.6797],[-12.0084,8.6801],[-12.005,8.6814],[-12.0028,8.684],[-12.0008,8.6878],[-11.9998,8.6895],[-11.9996,8.6977],[-11.9975,8.7028],[-11.9962,8.7062],[-11.9898,8.7088],[-11.9847,8.7113],[-11.9808,8.7126],[-11.9753,8.716],[-11.971,8.719],[-11.9672,8.7207],[-11.9612,8.7237],[-11.9565,8.7258],[-11.9531,8.7271],[-11.9488,8.7301],[-11.9458,8.734],[-11.9407,8.737],[-11.9356,8.7387],[-11.9321,8.7417],[-11.927,8.7442],[-11.9223,8.7481],[-11.9185,8.7502],[-11.9159,8.7481],[-11.9133,8.7481],[-11.9112,8.7498],[-11.9099,8.7545],[-11.9078,8.7549],[-11.9052,8.7523],[-11.9027,8.7528],[-11.8984,8.7609],[-11.8963,8.7639],[-11.8903,8.7664],[-11.8877,8.7698],[-11.8864,8.775],[-11.8886,8.7788],[-11.8881,8.7813],[-11.8864,8.7813],[-11.883,8.7792],[-11.8809,8.7831],[-11.8792,8.7878],[-11.8813,8.7929],[-11.8847,8.7967],[-11.8839,8.8014],[-11.8822,8.8049],[-11.8841,8.81],[-11.8853,8.8181],[-11.8858,8.8211],[-11.8862,8.8275],[-11.8832,8.8331],[-11.8837,8.8386],[-11.8841,8.8424],[-11.8819,8.8463],[-11.8819,8.8506],[-11.8807,8.8557],[-11.8845,8.86],[-11.8824,8.8617],[-11.8751,8.8676],[-11.8713,8.8735],[-11.8713,8.8779],[-11.867,8.8792],[-11.867,8.883],[-11.8691,8.8916],[-11.8683,8.8971],[-11.8696,8.9001],[-11.8726,8.9048],[-11.8726,8.9126],[-11.8726,8.9138],[-11.8734,8.9189],[-11.8726,8.9262],[-11.8723,8.9313],[-11.8715,8.9373],[-11.8698,8.9445],[-11.8749,8.9471],[-11.8728,8.9492],[-11.8715,8.9526],[-11.8745,8.9552],[-11.8792,8.9556],[-11.8805,8.9578],[-11.88,8.9616],[-11.8822,8.9646],[-11.8852,8.9663],[-11.8873,8.9719],[-11.883,8.974],[-11.8787,8.9744],[-11.8706,8.9731],[-11.8676,8.9761],[-11.8651,8.9825],[-11.8711,8.9877],[-11.863,8.9948],[-11.8583,8.9969],[-11.8498,9.0016],[-11.8478,9.002],[-11.8428,9.0007],[-11.8394,8.9981],[-11.8364,8.9998],[-11.8304,9.0062],[-11.827,9.0122],[-11.8317,9.0195],[-11.8304,9.022],[-11.8279,9.0229],[-11.8274,9.0219],[-11.8242,9.0213],[-11.8203,9.017],[-11.819,9.02],[-11.8229,9.0277],[-11.8203,9.029],[-11.8182,9.0264],[-11.8139,9.0187],[-11.8107,9.0149],[-11.8057,9.0129],[-11.8002,9.0129],[-11.7984,9.015],[-11.7984,9.0201],[-11.792,9.0218],[-11.7891,9.0223],[-11.7867,9.0274],[-11.7846,9.0308],[-11.7803,9.0317],[-11.7803,9.0351],[-11.7794,9.0402],[-11.7743,9.0432],[-11.7688,9.0415],[-11.7675,9.0445],[-11.7679,9.0547],[-11.7624,9.0564],[-11.7641,9.0611],[-11.773,9.0654],[-11.7812,9.0688],[-11.7863,9.0731],[-11.7923,9.0727],[-11.7978,9.0744],[-11.8055,9.0778],[-11.8132,9.0829],[-11.8166,9.091],[-11.8162,9.1004],[-11.8196,9.106],[-11.8269,9.1064],[-11.8337,9.1081],[-11.8388,9.1145],[-11.8422,9.1213],[-11.8405,9.1312],[-11.838,9.1414],[-11.8382,9.1483],[-11.8343,9.1568],[-11.8334,9.1573],[-11.8249,9.1624],[-11.8181,9.17],[-11.8215,9.1858],[-11.8168,9.1931],[-11.8125,9.1999],[-11.8057,9.2025],[-11.7993,9.2072],[-11.7972,9.2102],[-11.7963,9.2162],[-11.7963,9.2311],[-11.7967,9.231],[-11.7971,9.2329],[-11.7964,9.2441],[-11.7867,9.2446],[-11.7817,9.2459],[-11.778,9.2444],[-11.7707,9.2451],[-11.7645,9.2439],[-11.7588,9.2446],[-11.7511,9.2451],[-11.749,9.2508],[-11.7483,9.2563],[-11.7463,9.2617],[-11.7426,9.2675],[-11.7378,9.2734],[-11.7319,9.2794],[-11.7239,9.2865],[-11.7177,9.291],[-11.7154,9.2862],[-11.7135,9.2826],[-11.7127,9.2759],[-11.7133,9.2684],[-11.713,9.2563],[-11.7091,9.2295],[-11.7091,9.2251],[-11.7095,9.2194],[-11.7096,9.2059],[-11.7081,9.2023],[-11.7099,9.1995],[-11.7097,9.1963],[-11.708,9.1954],[-11.7058,9.1933],[-11.7078,9.1899],[-11.7074,9.1851],[-11.7078,9.1803],[-11.708,9.1755],[-11.708,9.1721],[-11.7092,9.168],[-11.7081,9.1654],[-11.7087,9.1609],[-11.7084,9.1558],[-11.7096,9.1508],[-11.7077,9.1478],[-11.7104,9.144],[-11.7109,9.1393],[-11.7137,9.1345],[-11.7128,9.1291],[-11.7143,9.121],[-11.7173,9.1135],[-11.7052,9.1092],[-11.6881,9.1046],[-11.6833,9.1014],[-11.6754,9.0979],[-11.6692,9.0943],[-11.6527,9.079],[-11.6474,9.0675],[-11.6459,9.0538],[-11.6416,9.0591],[-11.64,9.0639],[-11.6347,9.068],[-11.6288,9.0717],[-11.6258,9.0748],[-11.6217,9.0799],[-11.613,9.086],[-11.6096,9.0907],[-11.6062,9.0938],[-11.6043,9.0975],[-11.6,9.1025],[-11.5928,9.109],[-11.5916,9.1106],[-11.5889,9.1144],[-11.5865,9.1161],[-11.582,9.117],[-11.5769,9.1204],[-11.579,9.1235],[-11.578,9.1259],[-11.5796,9.1302],[-11.5771,9.1326],[-11.5697,9.1367],[-11.5678,9.1427],[-11.5642,9.1504],[-11.5624,9.1515],[-11.5604,9.1506],[-11.5566,9.1477],[-11.5543,9.1494],[-11.5524,9.1491],[-11.5472,9.151],[-11.5424,9.1517],[-11.5422,9.1545],[-11.5369,9.1554],[-11.5339,9.1577],[-11.5305,9.1616],[-11.5273,9.1636],[-11.5242,9.16],[-11.5199,9.1639],[-11.5133,9.1648],[-11.5112,9.1657],[-11.5098,9.1686],[-11.5046,9.1743],[-11.5027,9.1787],[-11.5,9.1794],[-11.4987,9.1814],[-11.4947,9.1858],[-11.4918,9.1844],[-11.4907,9.1847],[-11.4902,9.1863],[-11.4879,9.1867],[-11.4844,9.1844],[-11.4833,9.1853],[-11.4815,9.1831],[-11.4792,9.1806],[-11.4751,9.1812],[-11.4712,9.1846],[-11.4678,9.1819],[-11.4641,9.1824],[-11.4625,9.1792],[-11.4627,9.176],[-11.4609,9.1735],[-11.4591,9.1744],[-11.4579,9.1764],[-11.4563,9.1727],[-11.4563,9.1709],[-11.4547,9.1684],[-11.4524,9.1673],[-11.4506,9.1654],[-11.4505,9.1653],[-11.4483,9.1636],[-11.447,9.1604],[-11.4469,9.1579],[-11.4451,9.1561],[-11.4442,9.1513],[-11.4456,9.1492],[-11.4438,9.1394],[-11.4436,9.1332],[-11.4441,9.1297],[-11.4423,9.1277],[-11.4414,9.1252],[-11.4439,9.1217],[-11.4434,9.1185],[-11.4445,9.1122],[-11.4436,9.1112],[-11.4439,9.1074],[-11.4441,9.1048],[-11.442,9.0993],[-11.4436,9.0971],[-11.4423,9.0947],[-11.4437,9.0876],[-11.4442,9.086],[-11.4417,9.0844],[-11.4424,9.081],[-11.4431,9.0785],[-11.4419,9.0739],[-11.4437,9.0712],[-11.446,9.0691],[-11.4463,9.0673],[-11.4446,9.0661],[-11.4444,9.0636],[-11.4451,9.0591],[-11.4462,9.0518],[-11.4451,9.0488],[-11.4486,9.0447],[-11.4483,9.043],[-11.4483,9.0396],[-11.45,9.0353],[-11.4477,9.0325],[-11.4462,9.0295],[-11.4427,9.028],[-11.4414,9.0254],[-11.4398,9.0253],[-11.44,9.0211],[-11.4406,9.0179],[-11.4395,9.0159],[-11.4363,9.014],[-11.4381,9.0099],[-11.4409,9.0065],[-11.4407,8.9991],[-11.4441,8.9959],[-11.4427,8.9952],[-11.4432,8.9927],[-11.4436,8.9863],[-11.4477,8.9861],[-11.4507,8.9868],[-11.4532,8.9897],[-11.4552,8.9843],[-11.4559,8.9785],[-11.4579,8.9735],[-11.4566,8.9715],[-11.4584,8.9687],[-11.457,8.9662],[-11.4602,8.9619],[-11.4604,8.9591],[-11.4632,8.9586],[-11.4657,8.9582],[-11.4666,8.9539],[-11.4684,8.9497],[-11.4673,8.947],[-11.4678,8.9433],[-11.4701,8.939],[-11.4701,8.9369],[-11.4724,8.9348],[-11.473,8.931],[-11.4719,8.9278],[-11.4739,8.9248],[-11.4758,8.9218],[-11.479,8.9248],[-11.4808,8.9255],[-11.4815,8.9298],[-11.4841,8.9316],[-11.4864,8.9294],[-11.4875,8.9241],[-11.4907,8.917],[-11.4892,8.9141],[-11.4914,8.9101],[-11.4917,8.9047],[-11.4939,8.9038],[-11.4951,8.9072],[-11.4981,8.9067],[-11.4997,8.9086],[-11.5004,8.9124],[-11.5083,8.9093],[-11.5114,8.9147],[-11.5079,8.9181],[-11.5095,8.9189],[-11.5162,8.9138],[-11.5186,8.9127],[-11.5203,8.9131],[-11.5191,8.9179],[-11.5205,8.9179],[-11.5239,8.9115],[-11.5278,8.9113],[-11.5292,8.9095],[-11.5299,8.903],[-11.534,8.899],[-11.5357,8.8942],[-11.5409,8.8944],[-11.5385,8.8902],[-11.5417,8.89],[-11.5409,8.8873],[-11.5432,8.8855],[-11.5435,8.8804],[-11.5432,8.8784],[-11.5469,8.8747],[-11.5515,8.869],[-11.5522,8.8658],[-11.5501,8.863],[-11.5515,8.8601],[-11.5545,8.8603],[-11.5584,8.8617],[-11.5595,8.8602],[-11.5584,8.8585],[-11.5584,8.8569],[-11.5584,8.8562],[-11.557,8.8536],[-11.5536,8.8493],[-11.5469,8.8489],[-11.5417,8.8497],[-11.5361,8.8479],[-11.5302,8.8459],[-11.5173,8.844],[-11.5027,8.8431],[-11.4947,8.8418],[-11.4839,8.8425],[-11.4749,8.8398],[-11.4678,8.8418],[-11.4659,8.8433],[-11.4611,8.8493],[-11.4557,8.8552],[-11.4477,8.8626],[-11.4465,8.8641],[-11.4446,8.8637],[-11.4423,8.8617],[-11.4374,8.8512],[-11.4327,8.8457],[-11.4317,8.8409],[-11.4315,8.8378],[-11.4297,8.8344],[-11.4287,8.8305],[-11.4261,8.8276],[-11.4239,8.82],[-11.422,8.8178],[-11.4211,8.8127],[-11.4188,8.8104],[-11.4181,8.8083],[-11.4172,8.8079],[-11.4152,8.8038],[-11.414,8.7962],[-11.411,8.7935],[-11.4083,8.7919],[-11.4085,8.7885],[-11.4065,8.7871],[-11.4061,8.782],[-11.4027,8.7757],[-11.3984,8.7722],[-11.3969,8.7672],[-11.3945,8.7592],[-11.3951,8.7557],[-11.3952,8.7548],[-11.3958,8.7519],[-11.3933,8.7493],[-11.3922,8.7438],[-11.3871,8.742],[-11.3876,8.7395],[-11.3848,8.7368],[-11.3858,8.7336],[-11.3843,8.7304],[-11.382,8.7274],[-11.3829,8.7223],[-11.3813,8.7169],[-11.3833,8.7116],[-11.3813,8.7095],[-11.3785,8.7043],[-11.3782,8.7],[-11.3746,8.6954],[-11.3767,8.6901],[-11.3719,8.6839],[-11.369,8.6771],[-11.3687,8.6746],[-11.3658,8.6698],[-11.3614,8.6636],[-11.3526,8.6606],[-11.3507,8.6595],[-11.3512,8.6555],[-11.3499,8.6521],[-11.3492,8.6473],[-11.3473,8.6455],[-11.3482,8.6416],[-11.3507,8.642],[-11.35,8.6368],[-11.3529,8.6318],[-11.3522,8.6306],[-11.3527,8.6272],[-11.3513,8.621],[-11.349,8.6197],[-11.3495,8.6141],[-11.3463,8.6073],[-11.3459,8.6038],[-11.3454,8.5991],[-11.3429,8.5995],[-11.3422,8.5963],[-11.3408,8.5945],[-11.3415,8.5911],[-11.3395,8.5855],[-11.3382,8.5833],[-11.3384,8.5782],[-11.3368,8.5746],[-11.3396,8.5723],[-11.3393,8.5647],[-11.3435,8.5595],[-11.3485,8.5553],[-11.3506,8.5541],[-11.3546,8.5497],[-11.3551,8.5479],[-11.3577,8.552],[-11.3601,8.5481],[-11.3624,8.548],[-11.3649,8.551],[-11.3665,8.5501],[-11.3663,8.5442],[-11.3716,8.5425],[-11.3727,8.5401],[-11.3716,8.5373],[-11.373,8.5357],[-11.3764,8.5354],[-11.3769,8.5334],[-11.3801,8.5314],[-11.3831,8.5327],[-11.3847,8.535],[-11.3877,8.5382],[-11.3856,8.5416],[-11.3881,8.5476],[-11.3996,8.5512],[-11.4023,8.5494],[-11.408,8.5528],[-11.411,8.551],[-11.414,8.5528],[-11.4204,8.5528],[-11.4299,8.5499],[-11.4351,8.5489],[-11.4423,8.549],[-11.4505,8.5494],[-11.4592,8.549],[-11.4645,8.5469],[-11.4693,8.5433],[-11.4754,8.5426],[-11.482,8.54],[-11.4923,8.5345],[-11.4993,8.5361],[-11.506,8.5355],[-11.511,8.537],[-11.5151,8.5371],[-11.5272,8.5387],[-11.5328,8.5387],[-11.5361,8.5352],[-11.5429,8.5298],[-11.5512,8.5258],[-11.5594,8.5236],[-11.5671,8.5231],[-11.5713,8.5238],[-11.5742,8.5236],[-11.5767,8.5243],[-11.5801,8.5272],[-11.5817,8.525],[-11.589,8.521],[-11.5899,8.5188],[-11.5894,8.5153],[-11.5879,8.5117],[-11.5863,8.5043],[-11.5872,8.5016],[-11.587,8.4977],[-11.5885,8.4929],[-11.5858,8.4934],[-11.5826,8.492],[-11.583,8.4895],[-11.5878,8.4886],[-11.5923,8.4888],[-11.5929,8.4888],[-11.6016,8.4851],[-11.6114,8.4801],[-11.6167,8.4781],[-11.6244,8.4755],[-11.6298,8.4749],[-11.6348,8.4753],[-11.6406,8.4742],[-11.6472,8.4742],[-11.6532,8.4733],[-11.6651,8.4735],[-11.6706,8.4732],[-11.6816,8.4714],[-11.6862,8.4712],[-11.7104,8.476],[-11.7198,8.4792],[-11.7262,8.4828],[-11.7288,8.4834],[-11.7307,8.4808],[-11.7326,8.4764],[-11.7328,8.4732],[-11.7309,8.4712],[-11.7303,8.4689],[-11.7289,8.4669],[-11.7298,8.4638],[-11.7286,8.4606],[-11.727,8.459],[-11.7268,8.452],[-11.7303,8.4502],[-11.7316,8.4485],[-11.7302,8.4465],[-11.7325,8.4419],[-11.733,8.4396],[-11.7376,8.4405],[-11.7389,8.4389],[-11.7385,8.4369],[-11.7369,8.4346],[-11.7392,8.4311],[-11.7394,8.428],[-11.741,8.4222],[-11.7466,8.4218],[-11.7503,8.4174],[-11.7541,8.4128],[-11.7533,8.4108],[-11.7571,8.4035],[-11.7589,8.4028],[-11.7594,8.406],[-11.7619,8.4048],[-11.7622,8.401],[-11.761,8.3991],[-11.7621,8.3966],[-11.7637,8.3969],[-11.7638,8.3994],[-11.766,8.3989],[-11.7665,8.3962],[-11.7653,8.3946],[-11.7667,8.3927],[-11.7702,8.3937],[-11.7729,8.3939],[-11.7768,8.3918],[-11.78,8.39],[-11.7816,8.3923],[-11.7844,8.3888],[-11.7867,8.3888],[-11.7903,8.3872],[-11.7964,8.3876],[-11.7993,8.3897],[-11.8023,8.3901],[-11.8057,8.3889],[-11.808,8.3869],[-11.809,8.3804],[-11.8102,8.377],[-11.8133,8.3751],[-11.8163,8.3719],[-11.8175,8.3664],[-11.8194,8.3661],[-11.8231,8.3628],[-11.8247,8.3584],[-11.8228,8.3559],[-11.8212,8.3468],[-11.8305,8.3562],[-11.8321,8.3561],[-11.8361,8.3573],[-11.8385,8.3592],[-11.8421,8.3609],[-11.8484,8.3605],[-11.8516,8.3596],[-11.8578,8.3532],[-11.8656,8.3504],[-11.8687,8.3506],[-11.8727,8.354],[-11.8775,8.3545],[-11.88,8.3557],[-11.8859,8.3548],[-11.8907,8.3554],[-11.8946,8.3575],[-11.8961,8.3589],[-11.9004,8.36],[-11.9027,8.3587],[-11.905,8.3586],[-11.9078,8.3587],[-11.9096,8.3586],[-11.9107,8.3602],[-11.9148,8.3605],[-11.9164,8.3582],[-11.9187,8.3577],[-11.9204,8.3568],[-11.9228,8.3561],[-11.9245,8.3515],[-11.9276,8.3502],[-11.9302,8.3509],[-11.9311,8.3488],[-11.935,8.3504],[-11.9366,8.352],[-11.9386,8.3508],[-11.9418,8.3516],[-11.9434,8.3557],[-11.945,8.3564],[-11.9483,8.3545],[-11.949,8.3582],[-11.9509,8.3563],[-11.953,8.3584],[-11.9554,8.3575],[-11.9566,8.36],[-11.9598,8.3584],[-11.9618,8.3612],[-11.9639,8.3621],[-11.9661,8.3616],[-11.9676,8.3612],[-11.9765,8.3639],[-11.982,8.3678],[-11.9879,8.3705],[-11.9909,8.3735],[-11.9936,8.374],[-11.9962,8.3762],[-11.9957,8.3788],[-11.9957,8.3875],[-11.9964,8.3914],[-11.9998,8.3887],[-11.9997,8.3877],[-12.0024,8.3842],[-12.0041,8.3817],[-12.008,8.3731],[-12.0128,8.3717],[-12.0203,8.3721],[-12.0224,8.3717],[-12.0244,8.3703],[-12.0262,8.3616],[-12.0279,8.3579],[-12.032,8.3575],[-12.0342,8.358],[-12.0358,8.3607],[-12.0361,8.3628],[-12.0345,8.3659],[-12.0345,8.3694],[-12.0361,8.3696],[-12.0395,8.3673],[-12.043,8.3644],[-12.0434,8.3625],[-12.0437,8.3593],[-12.0441,8.3515],[-12.0457,8.3476],[-12.0487,8.3444],[-12.0512,8.3413],[-12.0517,8.3381],[-12.0541,8.3346],[-12.0581,8.3303],[-12.0625,8.3261],[-12.0657,8.3218],[-12.0675,8.3189],[-12.0675,8.3159],[-12.0655,8.3131],[-12.0625,8.3117],[-12.0605,8.3092],[-12.0572,8.2999],[-12.054,8.2937],[-12.0501,8.2914],[-12.0453,8.2916],[-12.0424,8.2928],[-12.0412,8.2959],[-12.0383,8.2975],[-12.0353,8.2973],[-12.0344,8.2891],[-12.0397,8.2866],[-12.0397,8.2843],[-12.0377,8.2799],[-12.0366,8.277],[-12.0336,8.2724],[-12.0329,8.2687],[-12.0331,8.2648],[-12.0358,8.2557],[-12.0358,8.253],[-12.0345,8.2509],[-12.0318,8.2468],[-12.0292,8.2404],[-12.0295,8.2372],[-12.0319,8.2365],[-12.0341,8.2381],[-12.0342,8.2417],[-12.038,8.2488],[-12.0403,8.2502],[-12.0445,8.2505],[-12.047,8.2493],[-12.0513,8.2481],[-12.057,8.2488],[-12.0584,8.2504],[-12.0552,8.2523],[-12.0554,8.2541],[-12.0579,8.2553],[-12.0616,8.2589],[-12.0636,8.2609],[-12.0689,8.2601],[-12.0721,8.2614],[-12.0755,8.2628],[-12.0785,8.266],[-12.0803,8.2694],[-12.0792,8.272],[-12.0822,8.2767],[-12.088,8.2795],[-12.0899,8.2797],[-12.0928,8.2811],[-12.0992,8.2829],[-12.0992,8.2854],[-12.1026,8.2868],[-12.1049,8.2893],[-12.1079,8.2916],[-12.1104,8.2939],[-12.1143,8.2973],[-12.1169,8.2978],[-12.1216,8.2991],[-12.1207,8.3012],[-12.1233,8.3014],[-12.1237,8.303],[-12.1289,8.3037],[-12.1319,8.3049],[-12.1336,8.3072],[-12.136,8.3122],[-12.1343,8.3142],[-12.1339,8.32],[-12.1369,8.3221],[-12.1396,8.3241],[-12.1414,8.3255],[-12.1467,8.3275],[-12.1499,8.3282],[-12.1542,8.3287],[-12.1579,8.33],[-12.1606,8.3333],[-12.1632,8.336],[-12.1655,8.339],[-12.1682,8.3435],[-12.1696,8.3488],[-12.1691,8.3518],[-12.1664,8.3573],[-12.1671,8.3589],[-12.1695,8.3607],[-12.1747,8.3614],[-12.1791,8.3607],[-12.1825,8.3596],[-12.1859,8.3589],[-12.1926,8.3559],[-12.1997,8.3541],[-12.2035,8.3515],[-12.2056,8.3506],[-12.2141,8.3516],[-12.2156,8.3525],[-12.2189,8.3509],[-12.2193,8.3527],[-12.2194,8.3526],[-12.2221,8.3509],[-12.2236,8.3481],[-12.2265,8.3477],[-12.227,8.3451],[-12.2302,8.3442],[-12.2345,8.3451],[-12.237,8.3474],[-12.245,8.3495],[-12.2467,8.3541],[-12.2505,8.3522],[-12.2553,8.3524],[-12.2578,8.3522],[-12.2618,8.3506],[-12.2656,8.3499],[-12.2672,8.349],[-12.2702,8.3488],[-12.2755,8.3451],[-12.2779,8.3422],[-12.2799,8.3399],[-12.2808,8.3372],[-12.2825,8.3369],[-12.2854,8.3341],[-12.2857,8.331],[-12.2877,8.3287],[-12.2921,8.3269],[-12.2911,8.3237],[-12.292,8.3202],[-12.2941,8.3195],[-12.2953,8.322],[-12.2982,8.3223],[-12.2996,8.322],[-12.301,8.3278],[-12.303,8.3284],[-12.3062,8.3289],[-12.3126,8.3285],[-12.317,8.3289],[-12.3262,8.3316],[-12.3306,8.3351],[-12.3365,8.3412],[-12.3368,8.3417],[-12.3386,8.3447],[-12.342,8.3504],[-12.3445,8.352],[-12.3491,8.352],[-12.3498,8.3538],[-12.3521,8.3545],[-12.3581,8.3515],[-12.3603,8.3499],[-12.3629,8.35],[-12.3706,8.3531],[-12.3711,8.3499],[-12.3723,8.3474],[-12.3795,8.342],[-12.381,8.3397],[-12.3833,8.3368],[-12.384,8.336],[-12.3905,8.3327],[-12.3952,8.3192],[-12.416,8.3114],[-12.4307,8.3155],[-12.4423,8.308],[-12.4519,8.303],[-12.4566,8.2995],[-12.4602,8.2932],[-12.4647,8.2936],[-12.4796,8.3037],[-12.4938,8.2957],[-12.5108,8.297],[-12.5196,8.289],[-12.524,8.288],[-12.5338,8.2899],[-12.5418,8.2939],[-12.547,8.2945],[-12.551,8.2965],[-12.5535,8.2983],[-12.563,8.3037],[-12.5822,8.3069],[-12.5933,8.3109],[-12.595,8.317],[-12.5984,8.3222],[-12.5991,8.3284],[-12.603,8.3327],[-12.6042,8.341],[-12.6144,8.341],[-12.6194,8.3501],[-12.6326,8.3547],[-12.641,8.354],[-12.6479,8.358],[-12.6478,8.3641],[-12.6461,8.3671],[-12.6425,8.3699],[-12.6356,8.3722],[-12.6325,8.38],[-12.6315,8.3898],[-12.628,8.4059],[-12.6218,8.4264],[-12.6193,8.4367],[-12.6181,8.447],[-12.6089,8.4856],[-12.605,8.494],[-12.6016,8.4969],[-12.5984,8.4926],[-12.5955,8.4905],[-12.5932,8.4897]]]},"properties":{"code":"TON_TONDC","name":"Tonkolili District Council","level":"3","parent":"yA18sXAwZJo","parentGraph":"Plmg8ikyfrK/yA18sXAwZJo","groups":["aYjKY8GaXYQ","QJuHsfZjNBf"]}},{"type":"Feature","id":"knrO5gazmom","geometry":{"type":"MultiPolygon","coordinates":[[[[-13.2419,8.0955],[-13.2415,8.0949],[-13.2435,8.0932],[-13.2451,8.0929],[-13.2459,8.0931],[-13.2474,8.0932],[-13.2492,8.093],[-13.2503,8.0932],[-13.2504,8.0948],[-13.2496,8.0957],[-13.2448,8.0958],[-13.2439,8.0965],[-13.245,8.0982],[-13.245,8.1002],[-13.2441,8.1007],[-13.2423,8.0997],[-13.2408,8.0974],[-13.241,8.096],[-13.2419,8.0955]]],[[[-13.2191,8.111],[-13.2194,8.1095],[-13.22,8.1087],[-13.2202,8.1074],[-13.2196,8.1071],[-13.2189,8.1061],[-13.219,8.1047],[-13.2198,8.1039],[-13.2188,8.1017],[-13.2192,8.1014],[-13.222,8.1029],[-13.2235,8.1012],[-13.2253,8.1],[-13.2293,8.0991],[-13.2305,8.0986],[-13.2345,8.0992],[-13.2364,8.0984],[-13.2388,8.0978],[-13.24,8.098],[-13.2403,8.099],[-13.2408,8.0999],[-13.2404,8.1016],[-13.2394,8.102],[-13.2377,8.1017],[-13.2365,8.1021],[-13.2366,8.1035],[-13.2366,8.1044],[-13.2361,8.1056],[-13.2356,8.106],[-13.2341,8.1059],[-13.2326,8.107],[-13.2318,8.1086],[-13.231,8.1093],[-13.2286,8.1099],[-13.2272,8.1107],[-13.2261,8.111],[-13.2223,8.111],[-13.2217,8.1117],[-13.2212,8.1122],[-13.2207,8.1122],[-13.2201,8.1116],[-13.2192,8.1116],[-13.2191,8.111]]],[[[-13.1892,8.1385],[-13.1898,8.1383],[-13.1908,8.1368],[-13.1919,8.1355],[-13.1917,8.1349],[-13.1925,8.1329],[-13.1936,8.1322],[-13.1939,8.1308],[-13.1931,8.1298],[-13.1936,8.1292],[-13.1948,8.1294],[-13.1947,8.1289],[-13.1955,8.1278],[-13.1961,8.128],[-13.1977,8.1281],[-13.1984,8.1275],[-13.2001,8.1276],[-13.2016,8.1274],[-13.2022,8.1267],[-13.202,8.126],[-13.2024,8.1245],[-13.2015,8.1244],[-13.2011,8.1233],[-13.2016,8.1225],[-13.2028,8.1222],[-13.2036,8.1229],[-13.2067,8.124],[-13.2082,8.1203],[-13.2069,8.1172],[-13.2066,8.1143],[-13.206,8.1131],[-13.2064,8.1113],[-13.208,8.1105],[-13.2098,8.1115],[-13.2109,8.1112],[-13.2126,8.1111],[-13.2136,8.1115],[-13.2153,8.1112],[-13.2161,8.1118],[-13.2181,8.1118],[-13.2191,8.112],[-13.22,8.1136],[-13.2196,8.1146],[-13.2188,8.1158],[-13.2188,8.1166],[-13.2193,8.1168],[-13.2196,8.1178],[-13.2192,8.1182],[-13.2179,8.1194],[-13.2163,8.1201],[-13.2155,8.1203],[-13.2141,8.1202],[-13.2123,8.1213],[-13.2114,8.1223],[-13.2097,8.1234],[-13.2097,8.1239],[-13.2078,8.1246],[-13.2065,8.1255],[-13.2058,8.1274],[-13.2048,8.1281],[-13.2023,8.1286],[-13.2034,8.13],[-13.2022,8.1309],[-13.2016,8.131],[-13.2019,8.1318],[-13.2012,8.1325],[-13.2001,8.1324],[-13.1997,8.1334],[-13.1983,8.1341],[-13.1975,8.1351],[-13.1973,8.1366],[-13.1979,8.1367],[-13.1981,8.1376],[-13.1977,8.1383],[-13.1972,8.1383],[-13.1971,8.1377],[-13.1962,8.1377],[-13.1951,8.1377],[-13.1943,8.1397],[-13.1933,8.1405],[-13.1927,8.1406],[-13.1921,8.1403],[-13.1923,8.1409],[-13.1924,8.1417],[-13.1919,8.1421],[-13.191,8.1414],[-13.1908,8.1404],[-13.1893,8.1408],[-13.1894,8.1392],[-13.1892,8.1385]]],[[[-13.163,8.2021],[-13.1641,8.2022],[-13.1651,8.2025],[-13.1654,8.2029],[-13.1653,8.2035],[-13.1645,8.2035],[-13.164,8.2034],[-13.1634,8.2029],[-13.163,8.2021]]],[[[-13.2482,8.4379],[-13.2477,8.4378],[-13.2425,8.4395],[-13.2423,8.4411],[-13.2418,8.4415],[-13.2406,8.4418],[-13.2398,8.4433],[-13.2398,8.4468],[-13.2416,8.4472],[-13.2461,8.4516],[-13.246,8.4526],[-13.2463,8.4556],[-13.2455,8.4555],[-13.244,8.4547],[-13.2439,8.4553],[-13.2423,8.4548],[-13.2406,8.4557],[-13.2402,8.4563],[-13.2366,8.4579],[-13.2345,8.4555],[-13.2333,8.4557],[-13.231,8.4593],[-13.2259,8.4587],[-13.2256,8.4585],[-13.2245,8.4608],[-13.2247,8.4609],[-13.2239,8.4632],[-13.2239,8.4675],[-13.2238,8.4685],[-13.2233,8.4687],[-13.2229,8.4684],[-13.2224,8.468],[-13.2216,8.473],[-13.223,8.4763],[-13.2252,8.4791],[-13.2247,8.4801],[-13.2246,8.4805],[-13.2245,8.4809],[-13.2243,8.4816],[-13.2242,8.482],[-13.2237,8.4828],[-13.2229,8.4827],[-13.2226,8.4822],[-13.2225,8.4821],[-13.2223,8.4819],[-13.2222,8.4815],[-13.222,8.481],[-13.2216,8.4803],[-13.2213,8.4801],[-13.2211,8.4801],[-13.2208,8.4799],[-13.2202,8.4795],[-13.2198,8.4793],[-13.2196,8.4793],[-13.2192,8.479],[-13.218,8.4781],[-13.2172,8.4777],[-13.2158,8.476],[-13.2156,8.4755],[-13.2142,8.4744],[-13.214,8.4742],[-13.2142,8.4719],[-13.2142,8.4717],[-13.2138,8.4712],[-13.2136,8.471],[-13.2131,8.4703],[-13.2129,8.4701],[-13.2127,8.4699],[-13.2124,8.4695],[-13.2116,8.4689],[-13.2115,8.4685],[-13.2116,8.4682],[-13.2118,8.4679],[-13.2118,8.4677],[-13.2118,8.4675],[-13.2122,8.4674],[-13.2125,8.4672],[-13.2127,8.4671],[-13.2129,8.467],[-13.211,8.4633],[-13.2109,8.463],[-13.2094,8.459],[-13.2092,8.4588],[-13.2091,8.4588],[-13.2088,8.459],[-13.2086,8.4592],[-13.2075,8.4598],[-13.2051,8.4575],[-13.2028,8.4552],[-13.2004,8.4541],[-13.1986,8.4512],[-13.1963,8.4475],[-13.1943,8.445],[-13.1904,8.4398],[-13.1879,8.4377],[-13.1788,8.4267],[-13.1791,8.4261],[-13.1798,8.4242],[-13.1794,8.4186],[-13.1793,8.4162],[-13.1792,8.4141],[-13.1786,8.4136],[-13.1782,8.4133],[-13.178,8.4132],[-13.1776,8.4128],[-13.1755,8.4104],[-13.175,8.4104],[-13.1741,8.4098],[-13.1739,8.4094],[-13.1736,8.4092],[-13.1732,8.409],[-13.1729,8.4088],[-13.1726,8.4086],[-13.1718,8.4082],[-13.1714,8.408],[-13.1666,8.4062],[-13.1669,8.4054],[-13.167,8.4053],[-13.1667,8.4051],[-13.1663,8.405],[-13.1614,8.4031],[-13.1613,8.4028],[-13.1616,8.402],[-13.1619,8.4015],[-13.1597,8.4009],[-13.1593,8.4008],[-13.1589,8.4005],[-13.1584,8.4004],[-13.1541,8.3991],[-13.1533,8.3994],[-13.1529,8.3995],[-13.1526,8.3995],[-13.1495,8.3982],[-13.1455,8.3983],[-13.1449,8.3986],[-13.1445,8.399],[-13.1442,8.3992],[-13.1439,8.3992],[-13.1433,8.3992],[-13.1429,8.3992],[-13.1423,8.3994],[-13.1422,8.3994],[-13.1418,8.3995],[-13.1404,8.4006],[-13.1402,8.4012],[-13.1385,8.4043],[-13.1382,8.4045],[-13.1375,8.4067],[-13.1385,8.4074],[-13.1402,8.4094],[-13.1387,8.412],[-13.1372,8.4136],[-13.1369,8.4145],[-13.1355,8.415],[-13.1337,8.4127],[-13.1315,8.4141],[-13.1309,8.4148],[-13.1322,8.4166],[-13.1331,8.4177],[-13.1324,8.4184],[-13.1296,8.4183],[-13.1257,8.4145],[-13.1202,8.4146],[-13.1184,8.4152],[-13.1176,8.4139],[-13.1172,8.4137],[-13.1163,8.4132],[-13.1159,8.4127],[-13.1146,8.4122],[-13.1103,8.4113],[-13.1091,8.4108],[-13.1083,8.4103],[-13.1079,8.4098],[-13.1077,8.4094],[-13.1065,8.4094],[-13.1064,8.4099],[-13.1061,8.4103],[-13.1022,8.4108],[-13.1007,8.4113],[-13.0999,8.4117],[-13.0985,8.4116],[-13.0979,8.4119],[-13.0972,8.4127],[-13.0955,8.4144],[-13.0948,8.4146],[-13.0943,8.4145],[-13.0933,8.4135],[-13.0925,8.4124],[-13.0912,8.4089],[-13.0897,8.4045],[-13.0893,8.4029],[-13.0885,8.4014],[-13.0871,8.3993],[-13.0868,8.3985],[-13.0861,8.398],[-13.0849,8.3956],[-13.0848,8.395],[-13.0844,8.3942],[-13.0831,8.3927],[-13.0816,8.3885],[-13.0807,8.3869],[-13.0801,8.3836],[-13.0792,8.3829],[-13.0787,8.3826],[-13.0773,8.381],[-13.076,8.3799],[-13.0753,8.3795],[-13.0742,8.3792],[-13.0725,8.3782],[-13.0718,8.3775],[-13.071,8.3768],[-13.0687,8.3756],[-13.0643,8.375],[-13.0525,8.3757],[-13.0493,8.3762],[-13.0483,8.3761],[-13.0435,8.3766],[-13.0431,8.3765],[-13.0423,8.3768],[-13.0406,8.3744],[-13.0395,8.3722],[-13.0383,8.3712],[-13.0373,8.371],[-13.0366,8.3713],[-13.036,8.3724],[-13.036,8.3744],[-13.0355,8.3754],[-13.0346,8.3756],[-13.034,8.3752],[-13.0331,8.3741],[-13.0323,8.3735],[-13.0308,8.3734],[-13.0254,8.374],[-13.0243,8.3757],[-13.0239,8.3767],[-13.0238,8.3778],[-13.0239,8.379],[-13.0231,8.3805],[-13.023,8.3819],[-13.0228,8.3826],[-13.0223,8.3828],[-13.0216,8.3829],[-13.0208,8.3826],[-13.0196,8.3815],[-13.0181,8.3798],[-13.018,8.3792],[-13.0186,8.3782],[-13.0185,8.3776],[-13.018,8.3771],[-13.0175,8.3772],[-13.0167,8.378],[-13.0161,8.3782],[-13.0156,8.3781],[-13.0151,8.3778],[-13.0152,8.3773],[-13.0156,8.3767],[-13.0157,8.3763],[-13.0155,8.3759],[-13.015,8.3758],[-13.0144,8.3758],[-13.013,8.376],[-13.0126,8.3747],[-13.009,8.3694],[-13.0076,8.3677],[-13.0045,8.367],[-12.9996,8.3666],[-12.9946,8.3659],[-12.9881,8.3638],[-12.9856,8.3642],[-12.9794,8.369],[-12.9767,8.3699],[-12.9723,8.3711],[-12.9687,8.3708],[-12.9634,8.3712],[-12.9547,8.37],[-12.9482,8.3692],[-12.9418,8.3688],[-12.9292,8.3665],[-12.9209,8.3673],[-12.9202,8.3664],[-12.9169,8.3639],[-12.9174,8.354],[-12.9187,8.3517],[-12.9241,8.3494],[-12.9243,8.3434],[-12.927,8.3364],[-12.9259,8.3325],[-12.926,8.3295],[-12.9247,8.3279],[-12.9214,8.3258],[-12.9211,8.3218],[-12.9199,8.3186],[-12.9196,8.3148],[-12.9184,8.314],[-12.9183,8.3121],[-12.9171,8.3104],[-12.9161,8.3081],[-12.9159,8.3024],[-12.9137,8.3013],[-12.9138,8.2959],[-12.916,8.2945],[-12.9182,8.2906],[-12.9216,8.2851],[-12.9252,8.2815],[-12.9268,8.2791],[-12.9273,8.2791],[-12.9273,8.2787],[-12.927,8.2779],[-12.9272,8.2775],[-12.9279,8.2779],[-12.9281,8.2775],[-12.9271,8.2768],[-12.9274,8.2765],[-12.9281,8.2766],[-12.9281,8.2762],[-12.9278,8.2752],[-12.928,8.2744],[-12.9276,8.2738],[-12.9281,8.2731],[-12.928,8.2724],[-12.929,8.2714],[-12.9299,8.2716],[-12.9296,8.2706],[-12.9298,8.27],[-12.931,8.2698],[-12.9325,8.2686],[-12.9331,8.2686],[-12.9338,8.2675],[-12.9342,8.2668],[-12.9326,8.2668],[-12.9322,8.2657],[-12.9334,8.2641],[-12.9351,8.2634],[-12.936,8.2645],[-12.9385,8.2655],[-12.9405,8.2654],[-12.9444,8.2634],[-12.9486,8.2599],[-12.9493,8.2573],[-12.9493,8.2531],[-12.9509,8.25],[-12.9553,8.2495],[-12.9616,8.252],[-12.9649,8.2543],[-12.9652,8.257],[-12.9646,8.2622],[-12.9667,8.2648],[-12.9717,8.2657],[-12.975,8.2639],[-12.9759,8.2646],[-12.9816,8.2553],[-12.9843,8.2477],[-12.9888,8.2395],[-12.9901,8.2376],[-12.9917,8.2374],[-12.9986,8.2374],[-13.0013,8.2364],[-13.0044,8.2335],[-13.0069,8.2344],[-13.0121,8.2351],[-13.017,8.2384],[-13.0172,8.2398],[-13.0297,8.2358],[-13.0335,8.2355],[-13.0378,8.2363],[-13.0453,8.2395],[-13.0493,8.24],[-13.0532,8.2394],[-13.0539,8.2383],[-13.0623,8.2386],[-13.0653,8.2379],[-13.0677,8.2363],[-13.0692,8.2362],[-13.0742,8.2328],[-13.0795,8.23],[-13.0797,8.2282],[-13.0823,8.2264],[-13.0831,8.2198],[-13.086,8.2175],[-13.0912,8.2162],[-13.0955,8.2136],[-13.0984,8.2138],[-13.1005,8.2127],[-13.1032,8.2066],[-13.105,8.2059],[-13.1069,8.2037],[-13.1073,8.2014],[-13.1098,8.2018],[-13.1129,8.2008],[-13.1142,8.1992],[-13.1162,8.1997],[-13.1208,8.197],[-13.1268,8.197],[-13.1294,8.1964],[-13.1309,8.1942],[-13.1336,8.1924],[-13.1349,8.189],[-13.138,8.1884],[-13.1418,8.1833],[-13.1458,8.1791],[-13.1482,8.1784],[-13.1546,8.1736],[-13.1579,8.1704],[-13.1606,8.1696],[-13.1631,8.1717],[-13.1645,8.1732],[-13.165,8.1752],[-13.1641,8.1761],[-13.1638,8.1758],[-13.163,8.1762],[-13.162,8.1779],[-13.1613,8.1812],[-13.1617,8.1836],[-13.1625,8.1844],[-13.1623,8.185],[-13.1626,8.1868],[-13.1629,8.1876],[-13.1625,8.1891],[-13.1628,8.1911],[-13.1636,8.1925],[-13.1636,8.1932],[-13.1628,8.1946],[-13.1619,8.1949],[-13.1615,8.1952],[-13.1608,8.1967],[-13.1609,8.1978],[-13.1612,8.1983],[-13.1614,8.1996],[-13.1612,8.2008],[-13.1609,8.2014],[-13.1594,8.2022],[-13.1582,8.2047],[-13.1579,8.2064],[-13.1576,8.2069],[-13.1571,8.2069],[-13.1563,8.2086],[-13.1556,8.2094],[-13.1553,8.2104],[-13.1555,8.2148],[-13.1574,8.2228],[-13.1591,8.2304],[-13.1601,8.2334],[-13.1611,8.2356],[-13.1623,8.2366],[-13.1632,8.2371],[-13.1634,8.2377],[-13.1631,8.2382],[-13.1631,8.2401],[-13.163,8.241],[-13.1638,8.244],[-13.1644,8.2468],[-13.1656,8.2497],[-13.1657,8.2511],[-13.1668,8.2543],[-13.1673,8.2552],[-13.1696,8.2558],[-13.1709,8.2564],[-13.1728,8.2567],[-13.1742,8.2576],[-13.1745,8.2584],[-13.1734,8.2589],[-13.1741,8.2592],[-13.1742,8.26],[-13.1738,8.2606],[-13.1724,8.2607],[-13.173,8.2612],[-13.1724,8.2632],[-13.1727,8.2635],[-13.1722,8.2648],[-13.171,8.2642],[-13.1695,8.2657],[-13.1694,8.2667],[-13.1702,8.2669],[-13.169,8.2672],[-13.1689,8.2679],[-13.1692,8.2687],[-13.1689,8.2685],[-13.1683,8.268],[-13.1673,8.2699],[-13.1674,8.2716],[-13.1685,8.2753],[-13.1694,8.2763],[-13.1699,8.278],[-13.1711,8.2788],[-13.1712,8.2796],[-13.1702,8.2802],[-13.167,8.2813],[-13.1644,8.2824],[-13.1631,8.2835],[-13.1601,8.2849],[-13.1589,8.2857],[-13.1603,8.2858],[-13.1619,8.2862],[-13.1633,8.2863],[-13.1644,8.2859],[-13.1654,8.2862],[-13.1658,8.2869],[-13.1661,8.2866],[-13.1663,8.2859],[-13.1667,8.285],[-13.1674,8.2846],[-13.169,8.2842],[-13.1698,8.2844],[-13.1703,8.2849],[-13.1701,8.2855],[-13.1706,8.2855],[-13.1713,8.2853],[-13.1722,8.2844],[-13.1722,8.2834],[-13.1731,8.2829],[-13.1747,8.2834],[-13.1757,8.2812],[-13.1766,8.283],[-13.178,8.2832],[-13.1798,8.2829],[-13.1816,8.2832],[-13.1824,8.284],[-13.1836,8.2834],[-13.1844,8.2837],[-13.1841,8.2841],[-13.184,8.2846],[-13.1837,8.2846],[-13.1834,8.2856],[-13.1845,8.2868],[-13.1847,8.2884],[-13.1853,8.2888],[-13.1853,8.2896],[-13.1864,8.2916],[-13.1876,8.2916],[-13.188,8.2922],[-13.1878,8.2931],[-13.1889,8.2946],[-13.19,8.2958],[-13.1907,8.2963],[-13.1921,8.2958],[-13.1926,8.2963],[-13.1925,8.2974],[-13.1937,8.2983],[-13.1936,8.2988],[-13.1926,8.2995],[-13.1939,8.3001],[-13.1939,8.3006],[-13.1936,8.3009],[-13.1929,8.3004],[-13.1911,8.3016],[-13.1907,8.3032],[-13.1922,8.3064],[-13.195,8.3098],[-13.196,8.3118],[-13.1962,8.3161],[-13.1967,8.3187],[-13.1973,8.3215],[-13.1986,8.3246],[-13.2003,8.3276],[-13.2018,8.3293],[-13.2043,8.3333],[-13.2066,8.336],[-13.2095,8.3373],[-13.2131,8.3372],[-13.2154,8.34],[-13.2185,8.3422],[-13.22,8.3412],[-13.2215,8.3425],[-13.2268,8.3441],[-13.2295,8.3435],[-13.2308,8.3447],[-13.2329,8.3445],[-13.2341,8.3459],[-13.2353,8.3499],[-13.2395,8.3553],[-13.2445,8.3613],[-13.2483,8.3664],[-13.2516,8.3726],[-13.2581,8.3784],[-13.2598,8.3791],[-13.2606,8.3805],[-13.2604,8.3808],[-13.261,8.3811],[-13.2614,8.3817],[-13.2618,8.3818],[-13.2626,8.3824],[-13.2634,8.3833],[-13.2635,8.3841],[-13.264,8.3846],[-13.264,8.3849],[-13.2639,8.385],[-13.264,8.3852],[-13.2638,8.3855],[-13.2636,8.3855],[-13.2634,8.3855],[-13.2633,8.3855],[-13.2631,8.3854],[-13.2627,8.386],[-13.2626,8.3865],[-13.2625,8.3872],[-13.2627,8.3879],[-13.2632,8.3896],[-13.2641,8.3917],[-13.2656,8.3944],[-13.2665,8.3956],[-13.2674,8.3966],[-13.268,8.3971],[-13.2686,8.3975],[-13.2691,8.3977],[-13.2694,8.3977],[-13.2697,8.3976],[-13.2697,8.3974],[-13.2698,8.3971],[-13.27,8.3969],[-13.2704,8.397],[-13.2705,8.3971],[-13.2702,8.3977],[-13.2701,8.3978],[-13.2699,8.3977],[-13.2698,8.3978],[-13.2697,8.398],[-13.2699,8.3992],[-13.27,8.3996],[-13.2702,8.4005],[-13.2704,8.4026],[-13.2705,8.4028],[-13.2706,8.4028],[-13.2712,8.4041],[-13.2714,8.4047],[-13.2718,8.4055],[-13.2722,8.4057],[-13.2721,8.4059],[-13.272,8.406],[-13.2719,8.4063],[-13.2725,8.408],[-13.2735,8.4096],[-13.2757,8.4126],[-13.277,8.4143],[-13.2781,8.4161],[-13.2793,8.4177],[-13.2797,8.4179],[-13.28,8.4189],[-13.2804,8.4194],[-13.2806,8.42],[-13.2812,8.4207],[-13.2819,8.4212],[-13.2827,8.4216],[-13.2842,8.4215],[-13.285,8.4207],[-13.2855,8.42],[-13.2858,8.4195],[-13.2865,8.4194],[-13.2871,8.4191],[-13.2876,8.4191],[-13.2884,8.4195],[-13.2886,8.42],[-13.2888,8.4201],[-13.2891,8.42],[-13.2899,8.4203],[-13.2903,8.4201],[-13.2908,8.4202],[-13.2919,8.421],[-13.2921,8.4213],[-13.293,8.4221],[-13.2933,8.4224],[-13.2935,8.423],[-13.2933,8.4235],[-13.2926,8.4237],[-13.2921,8.4238],[-13.2918,8.4243],[-13.2914,8.4247],[-13.2913,8.4247],[-13.2911,8.4245],[-13.2909,8.4245],[-13.2906,8.425],[-13.2902,8.425],[-13.2897,8.4251],[-13.2891,8.4258],[-13.2889,8.4265],[-13.2889,8.4274],[-13.2891,8.4292],[-13.2903,8.4337],[-13.2925,8.4352],[-13.2929,8.4359],[-13.293,8.4363],[-13.2931,8.4368],[-13.2928,8.4371],[-13.2925,8.4371],[-13.292,8.437],[-13.2918,8.4369],[-13.291,8.4365],[-13.2905,8.4364],[-13.29,8.4357],[-13.2897,8.4354],[-13.2891,8.4353],[-13.2886,8.4354],[-13.2878,8.4351],[-13.2876,8.4348],[-13.2861,8.4362],[-13.2858,8.4362],[-13.2844,8.4357],[-13.2841,8.4358],[-13.283,8.4375],[-13.2826,8.4376],[-13.282,8.4373],[-13.2814,8.4378],[-13.2807,8.439],[-13.28,8.4406],[-13.2797,8.4423],[-13.2756,8.4422],[-13.2733,8.4411],[-13.2714,8.4409],[-13.271,8.4408],[-13.2686,8.4408],[-13.2667,8.4424],[-13.2638,8.4413],[-13.2631,8.4358],[-13.2589,8.4389],[-13.2577,8.4372],[-13.2549,8.4351],[-13.2503,8.4382],[-13.2482,8.4379]]]]},"properties":{"code":"WAR","name":"Western Area Rural District","level":"2","parent":"Plmg8ikyfrK","parentGraph":"Plmg8ikyfrK","groups":["GASkCj8ce35","QJuHsfZjNBf","Y1fwmuWGmNr"]}},{"type":"Feature","id":"zzgI1zvFUrL","geometry":{"type":"MultiPolygon","coordinates":[[[[-13.2419,8.0955],[-13.2415,8.0949],[-13.2435,8.0932],[-13.2451,8.0929],[-13.2459,8.0931],[-13.2474,8.0932],[-13.2492,8.093],[-13.2503,8.0932],[-13.2504,8.0948],[-13.2496,8.0957],[-13.2448,8.0958],[-13.2439,8.0965],[-13.245,8.0982],[-13.245,8.1002],[-13.2441,8.1007],[-13.2423,8.0997],[-13.2408,8.0974],[-13.241,8.096],[-13.2419,8.0955]]],[[[-13.2191,8.111],[-13.2194,8.1095],[-13.22,8.1087],[-13.2202,8.1074],[-13.2196,8.1071],[-13.2189,8.1061],[-13.219,8.1047],[-13.2198,8.1039],[-13.2188,8.1017],[-13.2192,8.1014],[-13.222,8.1029],[-13.2235,8.1012],[-13.2253,8.1],[-13.2293,8.0991],[-13.2305,8.0986],[-13.2345,8.0992],[-13.2364,8.0984],[-13.2388,8.0978],[-13.24,8.098],[-13.2403,8.099],[-13.2408,8.0999],[-13.2404,8.1016],[-13.2394,8.102],[-13.2377,8.1017],[-13.2365,8.1021],[-13.2366,8.1035],[-13.2366,8.1044],[-13.2361,8.1056],[-13.2356,8.106],[-13.2341,8.1059],[-13.2326,8.107],[-13.2318,8.1086],[-13.231,8.1093],[-13.2286,8.1099],[-13.2272,8.1107],[-13.2261,8.111],[-13.2223,8.111],[-13.2217,8.1117],[-13.2212,8.1122],[-13.2207,8.1122],[-13.2201,8.1116],[-13.2192,8.1116],[-13.2191,8.111]]],[[[-13.1892,8.1385],[-13.1898,8.1383],[-13.1908,8.1368],[-13.1919,8.1355],[-13.1917,8.1349],[-13.1925,8.1329],[-13.1936,8.1322],[-13.1939,8.1308],[-13.1931,8.1298],[-13.1936,8.1292],[-13.1948,8.1294],[-13.1947,8.1289],[-13.1955,8.1278],[-13.1961,8.128],[-13.1977,8.1281],[-13.1984,8.1275],[-13.2001,8.1276],[-13.2016,8.1274],[-13.2022,8.1267],[-13.202,8.126],[-13.2024,8.1245],[-13.2015,8.1244],[-13.2011,8.1233],[-13.2016,8.1225],[-13.2028,8.1222],[-13.2036,8.1229],[-13.2067,8.124],[-13.2082,8.1203],[-13.2069,8.1172],[-13.2066,8.1143],[-13.206,8.1131],[-13.2064,8.1113],[-13.208,8.1105],[-13.2098,8.1115],[-13.2109,8.1112],[-13.2126,8.1111],[-13.2136,8.1115],[-13.2153,8.1112],[-13.2161,8.1118],[-13.2181,8.1118],[-13.2191,8.112],[-13.22,8.1136],[-13.2196,8.1146],[-13.2188,8.1158],[-13.2188,8.1166],[-13.2193,8.1168],[-13.2196,8.1178],[-13.2192,8.1182],[-13.2179,8.1194],[-13.2163,8.1201],[-13.2155,8.1203],[-13.2141,8.1202],[-13.2123,8.1213],[-13.2114,8.1223],[-13.2097,8.1234],[-13.2097,8.1239],[-13.2078,8.1246],[-13.2065,8.1255],[-13.2058,8.1274],[-13.2048,8.1281],[-13.2023,8.1286],[-13.2034,8.13],[-13.2022,8.1309],[-13.2016,8.131],[-13.2019,8.1318],[-13.2012,8.1325],[-13.2001,8.1324],[-13.1997,8.1334],[-13.1983,8.1341],[-13.1975,8.1351],[-13.1973,8.1366],[-13.1979,8.1367],[-13.1981,8.1376],[-13.1977,8.1383],[-13.1972,8.1383],[-13.1971,8.1377],[-13.1962,8.1377],[-13.1951,8.1377],[-13.1943,8.1397],[-13.1933,8.1405],[-13.1927,8.1406],[-13.1921,8.1403],[-13.1923,8.1409],[-13.1924,8.1417],[-13.1919,8.1421],[-13.191,8.1414],[-13.1908,8.1404],[-13.1893,8.1408],[-13.1894,8.1392],[-13.1892,8.1385]]],[[[-13.163,8.2021],[-13.1641,8.2022],[-13.1651,8.2025],[-13.1654,8.2029],[-13.1653,8.2035],[-13.1645,8.2035],[-13.164,8.2034],[-13.1634,8.2029],[-13.163,8.2021]]],[[[-13.2482,8.4379],[-13.2477,8.4378],[-13.2425,8.4395],[-13.2423,8.4411],[-13.2418,8.4415],[-13.2406,8.4418],[-13.2398,8.4433],[-13.2398,8.4468],[-13.2416,8.4472],[-13.2461,8.4516],[-13.246,8.4526],[-13.2463,8.4556],[-13.2455,8.4555],[-13.244,8.4547],[-13.2439,8.4553],[-13.2423,8.4548],[-13.2406,8.4557],[-13.2402,8.4563],[-13.2366,8.4579],[-13.2345,8.4555],[-13.2333,8.4557],[-13.231,8.4593],[-13.2259,8.4587],[-13.2256,8.4585],[-13.2245,8.4608],[-13.2247,8.4609],[-13.2239,8.4632],[-13.2239,8.4675],[-13.2238,8.4685],[-13.2233,8.4687],[-13.2229,8.4684],[-13.2224,8.468],[-13.2216,8.473],[-13.223,8.4763],[-13.2252,8.4791],[-13.2247,8.4801],[-13.2246,8.4805],[-13.2245,8.4809],[-13.2243,8.4816],[-13.2242,8.482],[-13.2237,8.4828],[-13.2229,8.4827],[-13.2226,8.4822],[-13.2225,8.4821],[-13.2223,8.4819],[-13.2222,8.4815],[-13.222,8.481],[-13.2216,8.4803],[-13.2213,8.4801],[-13.2211,8.4801],[-13.2208,8.4799],[-13.2202,8.4795],[-13.2198,8.4793],[-13.2196,8.4793],[-13.2192,8.479],[-13.218,8.4781],[-13.2172,8.4777],[-13.2158,8.476],[-13.2156,8.4755],[-13.2142,8.4744],[-13.214,8.4742],[-13.2142,8.4719],[-13.2142,8.4717],[-13.2138,8.4712],[-13.2136,8.471],[-13.2131,8.4703],[-13.2129,8.4701],[-13.2127,8.4699],[-13.2124,8.4695],[-13.2116,8.4689],[-13.2115,8.4685],[-13.2116,8.4682],[-13.2118,8.4679],[-13.2118,8.4677],[-13.2118,8.4675],[-13.2122,8.4674],[-13.2125,8.4672],[-13.2127,8.4671],[-13.2129,8.467],[-13.211,8.4633],[-13.2109,8.463],[-13.2094,8.459],[-13.2092,8.4588],[-13.2091,8.4588],[-13.2088,8.459],[-13.2086,8.4592],[-13.2075,8.4598],[-13.2051,8.4575],[-13.2028,8.4552],[-13.2004,8.4541],[-13.1986,8.4512],[-13.1963,8.4475],[-13.1943,8.445],[-13.1904,8.4398],[-13.1879,8.4377],[-13.1788,8.4267],[-13.1791,8.4261],[-13.1798,8.4242],[-13.1794,8.4186],[-13.1793,8.4162],[-13.1792,8.4141],[-13.1786,8.4136],[-13.1782,8.4133],[-13.178,8.4132],[-13.1776,8.4128],[-13.1755,8.4104],[-13.175,8.4104],[-13.1741,8.4098],[-13.1739,8.4094],[-13.1736,8.4092],[-13.1732,8.409],[-13.1729,8.4088],[-13.1726,8.4086],[-13.1718,8.4082],[-13.1714,8.408],[-13.1666,8.4062],[-13.1669,8.4054],[-13.167,8.4053],[-13.1667,8.4051],[-13.1663,8.405],[-13.1614,8.4031],[-13.1613,8.4028],[-13.1616,8.402],[-13.1619,8.4015],[-13.1597,8.4009],[-13.1593,8.4008],[-13.1589,8.4005],[-13.1584,8.4004],[-13.1541,8.3991],[-13.1533,8.3994],[-13.1529,8.3995],[-13.1526,8.3995],[-13.1495,8.3982],[-13.1455,8.3983],[-13.1449,8.3986],[-13.1445,8.399],[-13.1442,8.3992],[-13.1439,8.3992],[-13.1433,8.3992],[-13.1429,8.3992],[-13.1423,8.3994],[-13.1422,8.3994],[-13.1418,8.3995],[-13.1404,8.4006],[-13.1402,8.4012],[-13.1385,8.4043],[-13.1382,8.4045],[-13.1375,8.4067],[-13.1385,8.4074],[-13.1402,8.4094],[-13.1387,8.412],[-13.1372,8.4136],[-13.1369,8.4145],[-13.1355,8.415],[-13.1337,8.4127],[-13.1315,8.4141],[-13.1309,8.4148],[-13.1322,8.4166],[-13.1331,8.4177],[-13.1324,8.4184],[-13.1296,8.4183],[-13.1257,8.4145],[-13.1202,8.4146],[-13.1184,8.4152],[-13.1176,8.4139],[-13.1172,8.4137],[-13.1163,8.4132],[-13.1159,8.4127],[-13.1146,8.4122],[-13.1103,8.4113],[-13.1091,8.4108],[-13.1083,8.4103],[-13.1079,8.4098],[-13.1077,8.4094],[-13.1065,8.4094],[-13.1064,8.4099],[-13.1061,8.4103],[-13.1022,8.4108],[-13.1007,8.4113],[-13.0999,8.4117],[-13.0985,8.4116],[-13.0979,8.4119],[-13.0972,8.4127],[-13.0955,8.4144],[-13.0948,8.4146],[-13.0943,8.4145],[-13.0933,8.4135],[-13.0925,8.4124],[-13.0912,8.4089],[-13.0897,8.4045],[-13.0893,8.4029],[-13.0885,8.4014],[-13.0871,8.3993],[-13.0868,8.3985],[-13.0861,8.398],[-13.0849,8.3956],[-13.0848,8.395],[-13.0844,8.3942],[-13.0831,8.3927],[-13.0816,8.3885],[-13.0807,8.3869],[-13.0801,8.3836],[-13.0792,8.3829],[-13.0787,8.3826],[-13.0773,8.381],[-13.076,8.3799],[-13.0753,8.3795],[-13.0742,8.3792],[-13.0725,8.3782],[-13.0718,8.3775],[-13.071,8.3768],[-13.0687,8.3756],[-13.0643,8.375],[-13.0525,8.3757],[-13.0493,8.3762],[-13.0483,8.3761],[-13.0435,8.3766],[-13.0431,8.3765],[-13.0423,8.3768],[-13.0406,8.3744],[-13.0395,8.3722],[-13.0383,8.3712],[-13.0373,8.371],[-13.0366,8.3713],[-13.036,8.3724],[-13.036,8.3744],[-13.0355,8.3754],[-13.0346,8.3756],[-13.034,8.3752],[-13.0331,8.3741],[-13.0323,8.3735],[-13.0308,8.3734],[-13.0254,8.374],[-13.0243,8.3757],[-13.0239,8.3767],[-13.0238,8.3778],[-13.0239,8.379],[-13.0231,8.3805],[-13.023,8.3819],[-13.0228,8.3826],[-13.0223,8.3828],[-13.0216,8.3829],[-13.0208,8.3826],[-13.0196,8.3815],[-13.0181,8.3798],[-13.018,8.3792],[-13.0186,8.3782],[-13.0185,8.3776],[-13.018,8.3771],[-13.0175,8.3772],[-13.0167,8.378],[-13.0161,8.3782],[-13.0156,8.3781],[-13.0151,8.3778],[-13.0152,8.3773],[-13.0156,8.3767],[-13.0157,8.3763],[-13.0155,8.3759],[-13.015,8.3758],[-13.0144,8.3758],[-13.013,8.376],[-13.0126,8.3747],[-13.009,8.3694],[-13.0076,8.3677],[-13.0045,8.367],[-12.9996,8.3666],[-12.9946,8.3659],[-12.9881,8.3638],[-12.9856,8.3642],[-12.9794,8.369],[-12.9767,8.3699],[-12.9723,8.3711],[-12.9687,8.3708],[-12.9634,8.3712],[-12.9547,8.37],[-12.9482,8.3692],[-12.9418,8.3688],[-12.9292,8.3665],[-12.9209,8.3673],[-12.9202,8.3664],[-12.9169,8.3639],[-12.9174,8.354],[-12.9187,8.3517],[-12.9241,8.3494],[-12.9243,8.3434],[-12.927,8.3364],[-12.9259,8.3325],[-12.926,8.3295],[-12.9247,8.3279],[-12.9214,8.3258],[-12.9211,8.3218],[-12.9199,8.3186],[-12.9196,8.3148],[-12.9184,8.314],[-12.9183,8.3121],[-12.9171,8.3104],[-12.9161,8.3081],[-12.9159,8.3024],[-12.9137,8.3013],[-12.9138,8.2959],[-12.916,8.2945],[-12.9182,8.2906],[-12.9216,8.2851],[-12.9252,8.2815],[-12.9268,8.2791],[-12.9273,8.2791],[-12.9273,8.2787],[-12.927,8.2779],[-12.9272,8.2775],[-12.9279,8.2779],[-12.9281,8.2775],[-12.9271,8.2768],[-12.9274,8.2765],[-12.9281,8.2766],[-12.9281,8.2762],[-12.9278,8.2752],[-12.928,8.2744],[-12.9276,8.2738],[-12.9281,8.2731],[-12.928,8.2724],[-12.929,8.2714],[-12.9299,8.2716],[-12.9296,8.2706],[-12.9298,8.27],[-12.931,8.2698],[-12.9325,8.2686],[-12.9331,8.2686],[-12.9338,8.2675],[-12.9342,8.2668],[-12.9326,8.2668],[-12.9322,8.2657],[-12.9334,8.2641],[-12.9351,8.2634],[-12.936,8.2645],[-12.9385,8.2655],[-12.9405,8.2654],[-12.9444,8.2634],[-12.9486,8.2599],[-12.9493,8.2573],[-12.9493,8.2531],[-12.9509,8.25],[-12.9553,8.2495],[-12.9616,8.252],[-12.9649,8.2543],[-12.9652,8.257],[-12.9646,8.2622],[-12.9667,8.2648],[-12.9717,8.2657],[-12.975,8.2639],[-12.9759,8.2646],[-12.9816,8.2553],[-12.9843,8.2477],[-12.9888,8.2395],[-12.9901,8.2376],[-12.9917,8.2374],[-12.9986,8.2374],[-13.0013,8.2364],[-13.0044,8.2335],[-13.0069,8.2344],[-13.0121,8.2351],[-13.017,8.2384],[-13.0172,8.2398],[-13.0297,8.2358],[-13.0335,8.2355],[-13.0378,8.2363],[-13.0453,8.2395],[-13.0493,8.24],[-13.0532,8.2394],[-13.0539,8.2383],[-13.0623,8.2386],[-13.0653,8.2379],[-13.0677,8.2363],[-13.0692,8.2362],[-13.0742,8.2328],[-13.0795,8.23],[-13.0797,8.2282],[-13.0823,8.2264],[-13.0831,8.2198],[-13.086,8.2175],[-13.0912,8.2162],[-13.0955,8.2136],[-13.0984,8.2138],[-13.1005,8.2127],[-13.1032,8.2066],[-13.105,8.2059],[-13.1069,8.2037],[-13.1073,8.2014],[-13.1098,8.2018],[-13.1129,8.2008],[-13.1142,8.1992],[-13.1162,8.1997],[-13.1208,8.197],[-13.1268,8.197],[-13.1294,8.1964],[-13.1309,8.1942],[-13.1336,8.1924],[-13.1349,8.189],[-13.138,8.1884],[-13.1418,8.1833],[-13.1458,8.1791],[-13.1482,8.1784],[-13.1546,8.1736],[-13.1579,8.1704],[-13.1606,8.1696],[-13.1631,8.1717],[-13.1645,8.1732],[-13.165,8.1752],[-13.1641,8.1761],[-13.1638,8.1758],[-13.163,8.1762],[-13.162,8.1779],[-13.1613,8.1812],[-13.1617,8.1836],[-13.1625,8.1844],[-13.1623,8.185],[-13.1626,8.1868],[-13.1629,8.1876],[-13.1625,8.1891],[-13.1628,8.1911],[-13.1636,8.1925],[-13.1636,8.1932],[-13.1628,8.1946],[-13.1619,8.1949],[-13.1615,8.1952],[-13.1608,8.1967],[-13.1609,8.1978],[-13.1612,8.1983],[-13.1614,8.1996],[-13.1612,8.2008],[-13.1609,8.2014],[-13.1594,8.2022],[-13.1582,8.2047],[-13.1579,8.2064],[-13.1576,8.2069],[-13.1571,8.2069],[-13.1563,8.2086],[-13.1556,8.2094],[-13.1553,8.2104],[-13.1555,8.2148],[-13.1574,8.2228],[-13.1591,8.2304],[-13.1601,8.2334],[-13.1611,8.2356],[-13.1623,8.2366],[-13.1632,8.2371],[-13.1634,8.2377],[-13.1631,8.2382],[-13.1631,8.2401],[-13.163,8.241],[-13.1638,8.244],[-13.1644,8.2468],[-13.1656,8.2497],[-13.1657,8.2511],[-13.1668,8.2543],[-13.1673,8.2552],[-13.1696,8.2558],[-13.1709,8.2564],[-13.1728,8.2567],[-13.1742,8.2576],[-13.1745,8.2584],[-13.1734,8.2589],[-13.1741,8.2592],[-13.1742,8.26],[-13.1738,8.2606],[-13.1724,8.2607],[-13.173,8.2612],[-13.1724,8.2632],[-13.1727,8.2635],[-13.1722,8.2648],[-13.171,8.2642],[-13.1695,8.2657],[-13.1694,8.2667],[-13.1702,8.2669],[-13.169,8.2672],[-13.1689,8.2679],[-13.1692,8.2687],[-13.1689,8.2685],[-13.1683,8.268],[-13.1673,8.2699],[-13.1674,8.2716],[-13.1685,8.2753],[-13.1694,8.2763],[-13.1699,8.278],[-13.1711,8.2788],[-13.1712,8.2796],[-13.1702,8.2802],[-13.167,8.2813],[-13.1644,8.2824],[-13.1631,8.2835],[-13.1601,8.2849],[-13.1589,8.2857],[-13.1603,8.2858],[-13.1619,8.2862],[-13.1633,8.2863],[-13.1644,8.2859],[-13.1654,8.2862],[-13.1658,8.2869],[-13.1661,8.2866],[-13.1663,8.2859],[-13.1667,8.285],[-13.1674,8.2846],[-13.169,8.2842],[-13.1698,8.2844],[-13.1703,8.2849],[-13.1701,8.2855],[-13.1706,8.2855],[-13.1713,8.2853],[-13.1722,8.2844],[-13.1722,8.2834],[-13.1731,8.2829],[-13.1747,8.2834],[-13.1757,8.2812],[-13.1766,8.283],[-13.178,8.2832],[-13.1798,8.2829],[-13.1816,8.2832],[-13.1824,8.284],[-13.1836,8.2834],[-13.1844,8.2837],[-13.1841,8.2841],[-13.184,8.2846],[-13.1837,8.2846],[-13.1834,8.2856],[-13.1845,8.2868],[-13.1847,8.2884],[-13.1853,8.2888],[-13.1853,8.2896],[-13.1864,8.2916],[-13.1876,8.2916],[-13.188,8.2922],[-13.1878,8.2931],[-13.1889,8.2946],[-13.19,8.2958],[-13.1907,8.2963],[-13.1921,8.2958],[-13.1926,8.2963],[-13.1925,8.2974],[-13.1937,8.2983],[-13.1936,8.2988],[-13.1926,8.2995],[-13.1939,8.3001],[-13.1939,8.3006],[-13.1936,8.3009],[-13.1929,8.3004],[-13.1911,8.3016],[-13.1907,8.3032],[-13.1922,8.3064],[-13.195,8.3098],[-13.196,8.3118],[-13.1962,8.3161],[-13.1967,8.3187],[-13.1973,8.3215],[-13.1986,8.3246],[-13.2003,8.3276],[-13.2018,8.3293],[-13.2043,8.3333],[-13.2066,8.336],[-13.2095,8.3373],[-13.2131,8.3372],[-13.2154,8.34],[-13.2185,8.3422],[-13.22,8.3412],[-13.2215,8.3425],[-13.2268,8.3441],[-13.2295,8.3435],[-13.2308,8.3447],[-13.2329,8.3445],[-13.2341,8.3459],[-13.2353,8.3499],[-13.2395,8.3553],[-13.2445,8.3613],[-13.2483,8.3664],[-13.2516,8.3726],[-13.2581,8.3784],[-13.2598,8.3791],[-13.2606,8.3805],[-13.2604,8.3808],[-13.261,8.3811],[-13.2614,8.3817],[-13.2618,8.3818],[-13.2626,8.3824],[-13.2634,8.3833],[-13.2635,8.3841],[-13.264,8.3846],[-13.264,8.3849],[-13.2639,8.385],[-13.264,8.3852],[-13.2638,8.3855],[-13.2636,8.3855],[-13.2634,8.3855],[-13.2633,8.3855],[-13.2631,8.3854],[-13.2627,8.386],[-13.2626,8.3865],[-13.2625,8.3872],[-13.2627,8.3879],[-13.2632,8.3896],[-13.2641,8.3917],[-13.2656,8.3944],[-13.2665,8.3956],[-13.2674,8.3966],[-13.268,8.3971],[-13.2686,8.3975],[-13.2691,8.3977],[-13.2694,8.3977],[-13.2697,8.3976],[-13.2697,8.3974],[-13.2698,8.3971],[-13.27,8.3969],[-13.2704,8.397],[-13.2705,8.3971],[-13.2702,8.3977],[-13.2701,8.3978],[-13.2699,8.3977],[-13.2698,8.3978],[-13.2697,8.398],[-13.2699,8.3992],[-13.27,8.3996],[-13.2702,8.4005],[-13.2704,8.4026],[-13.2705,8.4028],[-13.2706,8.4028],[-13.2712,8.4041],[-13.2714,8.4047],[-13.2718,8.4055],[-13.2722,8.4057],[-13.2721,8.4059],[-13.272,8.406],[-13.2719,8.4063],[-13.2725,8.408],[-13.2735,8.4096],[-13.2757,8.4126],[-13.277,8.4143],[-13.2781,8.4161],[-13.2793,8.4177],[-13.2797,8.4179],[-13.28,8.4189],[-13.2804,8.4194],[-13.2806,8.42],[-13.2812,8.4207],[-13.2819,8.4212],[-13.2827,8.4216],[-13.2842,8.4215],[-13.285,8.4207],[-13.2855,8.42],[-13.2858,8.4195],[-13.2865,8.4194],[-13.2871,8.4191],[-13.2876,8.4191],[-13.2884,8.4195],[-13.2886,8.42],[-13.2888,8.4201],[-13.2891,8.42],[-13.2899,8.4203],[-13.2903,8.4201],[-13.2908,8.4202],[-13.2919,8.421],[-13.2921,8.4213],[-13.293,8.4221],[-13.2933,8.4224],[-13.2935,8.423],[-13.2933,8.4235],[-13.2926,8.4237],[-13.2921,8.4238],[-13.2918,8.4243],[-13.2914,8.4247],[-13.2913,8.4247],[-13.2911,8.4245],[-13.2909,8.4245],[-13.2906,8.425],[-13.2902,8.425],[-13.2897,8.4251],[-13.2891,8.4258],[-13.2889,8.4265],[-13.2889,8.4274],[-13.2891,8.4292],[-13.2903,8.4337],[-13.2925,8.4352],[-13.2929,8.4359],[-13.293,8.4363],[-13.2931,8.4368],[-13.2928,8.4371],[-13.2925,8.4371],[-13.292,8.437],[-13.2918,8.4369],[-13.291,8.4365],[-13.2905,8.4364],[-13.29,8.4357],[-13.2897,8.4354],[-13.2891,8.4353],[-13.2886,8.4354],[-13.2878,8.4351],[-13.2876,8.4348],[-13.2861,8.4362],[-13.2858,8.4362],[-13.2844,8.4357],[-13.2841,8.4358],[-13.283,8.4375],[-13.2826,8.4376],[-13.282,8.4373],[-13.2814,8.4378],[-13.2807,8.439],[-13.28,8.4406],[-13.2797,8.4423],[-13.2756,8.4422],[-13.2733,8.4411],[-13.2714,8.4409],[-13.271,8.4408],[-13.2686,8.4408],[-13.2667,8.4424],[-13.2638,8.4413],[-13.2631,8.4358],[-13.2589,8.4389],[-13.2577,8.4372],[-13.2549,8.4351],[-13.2503,8.4382],[-13.2482,8.4379]]]]},"properties":{"code":"WAR_WARDC","name":"Western Area Rural District Council","level":"3","parent":"knrO5gazmom","parentGraph":"Plmg8ikyfrK/knrO5gazmom","groups":["aYjKY8GaXYQ","QJuHsfZjNBf"]}},{"type":"Feature","id":"PMLlCzM0mWT","geometry":{"type":"MultiPolygon","coordinates":[[[[-13.0796,8.5686],[-13.0745,8.5653],[-13.0717,8.5644],[-13.0708,8.5646],[-13.0701,8.5658],[-13.0681,8.5662],[-13.0658,8.5662],[-13.0652,8.566],[-13.0645,8.5652],[-13.0638,8.5647],[-13.0627,8.5646],[-13.0615,8.5649],[-13.0609,8.5647],[-13.0603,8.5633],[-13.0605,8.5622],[-13.061,8.5617],[-13.062,8.5607],[-13.0624,8.5601],[-13.0623,8.5583],[-13.0626,8.5566],[-13.0631,8.5561],[-13.0628,8.5547],[-13.062,8.553],[-13.0605,8.5522],[-13.0581,8.5505],[-13.0576,8.5495],[-13.0577,8.5479],[-13.0594,8.5476],[-13.0605,8.5458],[-13.068,8.5446],[-13.0722,8.5432],[-13.0756,8.541],[-13.0824,8.5377],[-13.0851,8.5376],[-13.0878,8.5392],[-13.0867,8.5405],[-13.0854,8.5489],[-13.0861,8.557],[-13.0887,8.5644],[-13.0878,8.5659],[-13.0844,8.5662],[-13.0817,8.5681],[-13.0796,8.5686]]],[[[-13.1296,8.4183],[-13.1324,8.4184],[-13.1331,8.4177],[-13.1322,8.4166],[-13.1309,8.4148],[-13.1315,8.4141],[-13.1337,8.4127],[-13.1355,8.415],[-13.1369,8.4145],[-13.1372,8.4136],[-13.1387,8.412],[-13.1402,8.4094],[-13.1385,8.4074],[-13.1375,8.4067],[-13.1382,8.4045],[-13.1385,8.4043],[-13.1402,8.4012],[-13.1404,8.4006],[-13.1418,8.3995],[-13.1422,8.3994],[-13.1423,8.3994],[-13.1429,8.3992],[-13.1433,8.3992],[-13.1439,8.3992],[-13.1442,8.3992],[-13.1445,8.399],[-13.1449,8.3986],[-13.1455,8.3983],[-13.1495,8.3982],[-13.1526,8.3995],[-13.1529,8.3995],[-13.1533,8.3994],[-13.1541,8.3991],[-13.1584,8.4004],[-13.1589,8.4005],[-13.1593,8.4008],[-13.1597,8.4009],[-13.1619,8.4015],[-13.1616,8.402],[-13.1613,8.4028],[-13.1614,8.4031],[-13.1663,8.405],[-13.1667,8.4051],[-13.167,8.4053],[-13.1669,8.4054],[-13.1666,8.4062],[-13.1714,8.408],[-13.1718,8.4082],[-13.1726,8.4086],[-13.1729,8.4088],[-13.1732,8.409],[-13.1736,8.4092],[-13.1739,8.4094],[-13.1741,8.4098],[-13.175,8.4104],[-13.1755,8.4104],[-13.1776,8.4128],[-13.178,8.4132],[-13.1782,8.4133],[-13.1786,8.4136],[-13.1792,8.4141],[-13.1793,8.4162],[-13.1794,8.4186],[-13.1798,8.4242],[-13.1791,8.4261],[-13.1788,8.4267],[-13.1879,8.4377],[-13.1904,8.4398],[-13.1943,8.445],[-13.1963,8.4475],[-13.1986,8.4512],[-13.2004,8.4541],[-13.2028,8.4552],[-13.2051,8.4575],[-13.2075,8.4598],[-13.2086,8.4592],[-13.2088,8.459],[-13.2091,8.4588],[-13.2092,8.4588],[-13.2094,8.459],[-13.2109,8.463],[-13.211,8.4633],[-13.2129,8.467],[-13.2127,8.4671],[-13.2125,8.4672],[-13.2122,8.4674],[-13.2118,8.4675],[-13.2118,8.4677],[-13.2118,8.4679],[-13.2116,8.4682],[-13.2115,8.4685],[-13.2116,8.4689],[-13.2124,8.4695],[-13.2127,8.4699],[-13.2129,8.4701],[-13.2131,8.4703],[-13.2136,8.471],[-13.2138,8.4712],[-13.2142,8.4717],[-13.2142,8.4719],[-13.214,8.4742],[-13.2142,8.4744],[-13.2156,8.4755],[-13.2158,8.476],[-13.2172,8.4777],[-13.218,8.4781],[-13.2192,8.479],[-13.2196,8.4793],[-13.2198,8.4793],[-13.2202,8.4795],[-13.2208,8.4799],[-13.2211,8.4801],[-13.2213,8.4801],[-13.2216,8.4803],[-13.222,8.481],[-13.2222,8.4815],[-13.2223,8.4819],[-13.2225,8.4821],[-13.2226,8.4822],[-13.2229,8.4827],[-13.2237,8.4828],[-13.2242,8.482],[-13.2243,8.4816],[-13.2245,8.4809],[-13.2246,8.4805],[-13.2247,8.4801],[-13.2252,8.4791],[-13.223,8.4763],[-13.2216,8.473],[-13.2224,8.468],[-13.2229,8.4684],[-13.2233,8.4687],[-13.2238,8.4685],[-13.2239,8.4675],[-13.2239,8.4632],[-13.2247,8.4609],[-13.2245,8.4608],[-13.2256,8.4585],[-13.2259,8.4587],[-13.231,8.4593],[-13.2333,8.4557],[-13.2345,8.4555],[-13.2366,8.4579],[-13.2402,8.4563],[-13.2406,8.4557],[-13.2423,8.4548],[-13.2439,8.4553],[-13.244,8.4547],[-13.2455,8.4555],[-13.2463,8.4556],[-13.246,8.4526],[-13.2461,8.4516],[-13.2416,8.4472],[-13.2398,8.4468],[-13.2398,8.4433],[-13.2406,8.4418],[-13.2418,8.4415],[-13.2423,8.4411],[-13.2425,8.4395],[-13.2477,8.4378],[-13.2482,8.4379],[-13.2503,8.4382],[-13.2549,8.4351],[-13.2577,8.4372],[-13.2589,8.4389],[-13.2631,8.4358],[-13.2638,8.4413],[-13.2667,8.4424],[-13.2686,8.4408],[-13.271,8.4408],[-13.2714,8.4409],[-13.2733,8.4411],[-13.2756,8.4422],[-13.2797,8.4423],[-13.2796,8.4442],[-13.2797,8.4476],[-13.28,8.451],[-13.2803,8.4516],[-13.2806,8.4521],[-13.2805,8.4529],[-13.2807,8.4531],[-13.2806,8.4531],[-13.2805,8.4531],[-13.2804,8.453],[-13.2803,8.4531],[-13.2802,8.4533],[-13.28,8.4532],[-13.2799,8.4531],[-13.2798,8.453],[-13.2794,8.4532],[-13.2792,8.4534],[-13.279,8.454],[-13.2789,8.4548],[-13.2788,8.4554],[-13.2787,8.4558],[-13.2787,8.4564],[-13.2788,8.4581],[-13.2789,8.4589],[-13.2791,8.4598],[-13.2796,8.4615],[-13.28,8.4629],[-13.2804,8.4649],[-13.2808,8.4664],[-13.2815,8.4681],[-13.2819,8.469],[-13.2823,8.4708],[-13.283,8.4725],[-13.2858,8.4793],[-13.2868,8.4818],[-13.2873,8.4831],[-13.2877,8.4839],[-13.2884,8.4853],[-13.2899,8.488],[-13.2908,8.4897],[-13.2916,8.4909],[-13.2928,8.4922],[-13.2934,8.4926],[-13.294,8.493],[-13.2945,8.4931],[-13.295,8.493],[-13.2951,8.4928],[-13.295,8.4927],[-13.295,8.4926],[-13.295,8.4924],[-13.2951,8.4924],[-13.2953,8.4924],[-13.2955,8.4925],[-13.2959,8.4924],[-13.2965,8.4926],[-13.2969,8.4929],[-13.297,8.4931],[-13.2976,8.4935],[-13.2982,8.4939],[-13.2985,8.4943],[-13.2985,8.4946],[-13.2983,8.4949],[-13.2981,8.4949],[-13.2979,8.4948],[-13.2978,8.4947],[-13.2977,8.4947],[-13.2978,8.4951],[-13.2979,8.4955],[-13.2978,8.4963],[-13.2977,8.4966],[-13.2973,8.4967],[-13.2971,8.4969],[-13.2971,8.4974],[-13.297,8.4976],[-13.297,8.4979],[-13.2969,8.4984],[-13.297,8.4988],[-13.2968,8.499],[-13.2965,8.4991],[-13.2962,8.4991],[-13.2959,8.4989],[-13.2956,8.4986],[-13.2957,8.4984],[-13.2959,8.4984],[-13.2957,8.4981],[-13.2954,8.4977],[-13.2952,8.4974],[-13.2949,8.4973],[-13.2946,8.4973],[-13.2943,8.4971],[-13.2941,8.4967],[-13.294,8.4967],[-13.2939,8.4965],[-13.2941,8.4964],[-13.2941,8.4962],[-13.294,8.496],[-13.2941,8.4959],[-13.2942,8.4957],[-13.2944,8.4957],[-13.2944,8.4954],[-13.2946,8.4953],[-13.2945,8.4948],[-13.2942,8.4945],[-13.2934,8.4941],[-13.2928,8.4941],[-13.2922,8.4941],[-13.2919,8.4942],[-13.2917,8.4943],[-13.2914,8.4946],[-13.2914,8.4947],[-13.2914,8.4949],[-13.2922,8.4957],[-13.2922,8.4964],[-13.292,8.4967],[-13.2917,8.497],[-13.2909,8.497],[-13.2908,8.497],[-13.2907,8.4971],[-13.2907,8.4975],[-13.2906,8.4979],[-13.2906,8.4982],[-13.2905,8.4984],[-13.2906,8.4985],[-13.2905,8.4988],[-13.2903,8.4991],[-13.2897,8.4994],[-13.2885,8.4995],[-13.2882,8.4996],[-13.288,8.4997],[-13.2865,8.4991],[-13.2858,8.4978],[-13.285,8.4965],[-13.2834,8.4948],[-13.2829,8.4948],[-13.2828,8.4952],[-13.2821,8.4961],[-13.2811,8.4963],[-13.2808,8.4954],[-13.2803,8.4951],[-13.2803,8.4946],[-13.2804,8.494],[-13.2797,8.4935],[-13.2791,8.4939],[-13.2787,8.4939],[-13.2783,8.4933],[-13.2779,8.4937],[-13.2773,8.494],[-13.2765,8.4935],[-13.276,8.4935],[-13.2758,8.494],[-13.2753,8.4939],[-13.275,8.4934],[-13.2744,8.4933],[-13.274,8.4934],[-13.2739,8.4931],[-13.2748,8.4926],[-13.2753,8.492],[-13.276,8.4919],[-13.2775,8.4923],[-13.2789,8.4921],[-13.2799,8.4921],[-13.2802,8.4915],[-13.2816,8.4903],[-13.2827,8.4883],[-13.2832,8.4875],[-13.2834,8.4866],[-13.2829,8.487],[-13.282,8.4874],[-13.2808,8.4872],[-13.2803,8.4867],[-13.2799,8.4853],[-13.2798,8.4846],[-13.2804,8.4831],[-13.2803,8.483],[-13.2799,8.4829],[-13.2797,8.482],[-13.2791,8.4801],[-13.2787,8.4795],[-13.2788,8.4791],[-13.2799,8.4787],[-13.2801,8.4785],[-13.2803,8.4778],[-13.2805,8.4766],[-13.2802,8.4761],[-13.2802,8.4754],[-13.2802,8.4747],[-13.2804,8.4742],[-13.2811,8.4734],[-13.2815,8.4728],[-13.2814,8.4724],[-13.281,8.4717],[-13.2806,8.4713],[-13.2801,8.4702],[-13.2798,8.4698],[-13.2783,8.4683],[-13.2778,8.468],[-13.2776,8.4681],[-13.2777,8.4683],[-13.2779,8.4687],[-13.2779,8.4688],[-13.2783,8.4694],[-13.2788,8.4696],[-13.2791,8.4699],[-13.2794,8.4714],[-13.2793,8.4729],[-13.2794,8.4733],[-13.2794,8.4739],[-13.2793,8.4741],[-13.2784,8.4754],[-13.2782,8.4758],[-13.2783,8.4759],[-13.2781,8.4762],[-13.2781,8.4764],[-13.2779,8.477],[-13.2776,8.4774],[-13.2775,8.4774],[-13.2774,8.4774],[-13.2769,8.4777],[-13.2765,8.4779],[-13.2767,8.4785],[-13.2766,8.4786],[-13.2763,8.4788],[-13.2762,8.4789],[-13.2774,8.4805],[-13.2773,8.4811],[-13.2772,8.4812],[-13.2769,8.4814],[-13.2771,8.4818],[-13.277,8.4821],[-13.2767,8.4821],[-13.2764,8.4826],[-13.2762,8.4828],[-13.2758,8.4829],[-13.275,8.4825],[-13.2752,8.4829],[-13.2752,8.4836],[-13.2751,8.4838],[-13.2744,8.4837],[-13.2743,8.4839],[-13.2749,8.4839],[-13.2749,8.4844],[-13.275,8.4852],[-13.2749,8.4855],[-13.2748,8.4862],[-13.2746,8.4864],[-13.2739,8.4865],[-13.2737,8.487],[-13.2737,8.4872],[-13.2739,8.4878],[-13.274,8.4884],[-13.2737,8.4884],[-13.2737,8.4886],[-13.2736,8.4888],[-13.2732,8.489],[-13.2731,8.4891],[-13.2729,8.4895],[-13.2724,8.49],[-13.2721,8.4905],[-13.2723,8.4913],[-13.2726,8.4916],[-13.2725,8.492],[-13.2725,8.4923],[-13.2729,8.4924],[-13.2729,8.4925],[-13.2727,8.4926],[-13.2724,8.4926],[-13.2721,8.4925],[-13.2717,8.4931],[-13.2711,8.4936],[-13.2711,8.4939],[-13.2714,8.4942],[-13.2712,8.4947],[-13.2709,8.4949],[-13.2708,8.4952],[-13.2707,8.4953],[-13.2703,8.4955],[-13.2701,8.4956],[-13.2697,8.496],[-13.269,8.4967],[-13.2683,8.4972],[-13.2681,8.4972],[-13.2675,8.4968],[-13.2672,8.4966],[-13.2668,8.4965],[-13.2663,8.4966],[-13.266,8.4965],[-13.265,8.4959],[-13.2646,8.4959],[-13.264,8.4956],[-13.2636,8.4952],[-13.2632,8.4947],[-13.2629,8.4946],[-13.2626,8.4941],[-13.2623,8.494],[-13.2616,8.4941],[-13.2614,8.4935],[-13.2609,8.4928],[-13.2605,8.4924],[-13.2604,8.4922],[-13.2605,8.492],[-13.2603,8.4916],[-13.26,8.4913],[-13.2594,8.4905],[-13.2592,8.4902],[-13.2592,8.4898],[-13.2599,8.4892],[-13.26,8.4889],[-13.2601,8.4883],[-13.2602,8.4881],[-13.2601,8.488],[-13.2594,8.4873],[-13.2596,8.4871],[-13.2594,8.487],[-13.2593,8.4869],[-13.259,8.4871],[-13.2591,8.4874],[-13.2589,8.4876],[-13.2581,8.4881],[-13.2578,8.4882],[-13.2574,8.4876],[-13.2577,8.4875],[-13.2577,8.4874],[-13.2578,8.4873],[-13.2577,8.4869],[-13.2579,8.4868],[-13.2577,8.4865],[-13.258,8.4864],[-13.2579,8.4862],[-13.2575,8.4859],[-13.2569,8.4856],[-13.2566,8.4855],[-13.2565,8.4854],[-13.2565,8.485],[-13.2564,8.4847],[-13.256,8.4845],[-13.2559,8.4844],[-13.2557,8.4844],[-13.2555,8.4844],[-13.255,8.4843],[-13.2544,8.4845],[-13.2534,8.4849],[-13.2529,8.4852],[-13.2528,8.4855],[-13.2524,8.4856],[-13.2522,8.4859],[-13.2527,8.4863],[-13.2528,8.4865],[-13.2526,8.4868],[-13.2532,8.4877],[-13.2533,8.4897],[-13.2514,8.4924],[-13.2499,8.4933],[-13.249,8.4934],[-13.2485,8.4934],[-13.2483,8.4933],[-13.2478,8.4937],[-13.2472,8.4936],[-13.2468,8.4933],[-13.2463,8.4931],[-13.2456,8.4928],[-13.2437,8.4909],[-13.2434,8.4904],[-13.2434,8.49],[-13.2431,8.4895],[-13.2421,8.4883],[-13.2411,8.489],[-13.2408,8.4889],[-13.2404,8.4889],[-13.2402,8.4887],[-13.2399,8.4886],[-13.2394,8.4885],[-13.2393,8.4886],[-13.2392,8.4889],[-13.239,8.4892],[-13.2386,8.4893],[-13.2384,8.4894],[-13.2383,8.4894],[-13.2375,8.4898],[-13.2375,8.4899],[-13.2375,8.4901],[-13.2374,8.4903],[-13.2375,8.4905],[-13.2374,8.4906],[-13.2368,8.4912],[-13.2364,8.4914],[-13.2362,8.4915],[-13.2363,8.4917],[-13.2362,8.4917],[-13.2363,8.4918],[-13.2362,8.4919],[-13.2358,8.4921],[-13.2356,8.4919],[-13.2352,8.4919],[-13.2349,8.4918],[-13.2344,8.4921],[-13.2343,8.4922],[-13.2339,8.4924],[-13.2332,8.4929],[-13.233,8.493],[-13.2325,8.4932],[-13.2323,8.4932],[-13.2322,8.493],[-13.2319,8.4925],[-13.2319,8.4922],[-13.2316,8.4917],[-13.2316,8.4915],[-13.2312,8.4911],[-13.2311,8.491],[-13.2307,8.4909],[-13.2306,8.4909],[-13.2302,8.4906],[-13.2296,8.4898],[-13.2293,8.4897],[-13.2291,8.4899],[-13.2289,8.49],[-13.2288,8.49],[-13.2286,8.4902],[-13.2286,8.4904],[-13.2285,8.4905],[-13.2283,8.4908],[-13.2282,8.4909],[-13.2282,8.4913],[-13.228,8.4915],[-13.2278,8.4915],[-13.2276,8.4915],[-13.2274,8.4915],[-13.2273,8.4916],[-13.2274,8.4917],[-13.2276,8.4916],[-13.2276,8.4917],[-13.2276,8.4919],[-13.2275,8.4919],[-13.2274,8.4918],[-13.2273,8.4919],[-13.2271,8.4919],[-13.227,8.4919],[-13.2267,8.4918],[-13.226,8.4913],[-13.226,8.4912],[-13.2259,8.4913],[-13.2258,8.4913],[-13.2257,8.4913],[-13.2256,8.4913],[-13.2255,8.4912],[-13.2254,8.4911],[-13.2254,8.491],[-13.2252,8.491],[-13.225,8.491],[-13.2248,8.491],[-13.2246,8.4909],[-13.2241,8.4909],[-13.224,8.4907],[-13.2238,8.4906],[-13.2237,8.4906],[-13.2233,8.4906],[-13.2229,8.4908],[-13.2227,8.4908],[-13.2223,8.4908],[-13.2223,8.4907],[-13.2222,8.4907],[-13.2222,8.4906],[-13.2221,8.4906],[-13.2218,8.4907],[-13.2216,8.4907],[-13.2214,8.4907],[-13.2213,8.4906],[-13.2212,8.4906],[-13.221,8.4907],[-13.2207,8.4908],[-13.2177,8.4915],[-13.2165,8.494],[-13.2101,8.4941],[-13.2068,8.4917],[-13.2058,8.4909],[-13.2051,8.4908],[-13.2047,8.4906],[-13.2039,8.4908],[-13.2033,8.4907],[-13.2031,8.4906],[-13.203,8.4902],[-13.2028,8.4898],[-13.2028,8.4897],[-13.2029,8.4896],[-13.2029,8.4893],[-13.2028,8.4891],[-13.2034,8.4885],[-13.2035,8.4881],[-13.2036,8.4879],[-13.2037,8.4878],[-13.204,8.4876],[-13.2041,8.4877],[-13.2043,8.4876],[-13.2045,8.4873],[-13.2047,8.4872],[-13.2053,8.4871],[-13.2054,8.4872],[-13.2055,8.4873],[-13.2056,8.4874],[-13.2058,8.4875],[-13.2058,8.4878],[-13.2059,8.4879],[-13.206,8.4879],[-13.2061,8.4879],[-13.2061,8.4878],[-13.2063,8.4878],[-13.2065,8.4876],[-13.2065,8.4875],[-13.2066,8.4875],[-13.2067,8.4874],[-13.2067,8.4873],[-13.2067,8.4872],[-13.2067,8.4871],[-13.2065,8.487],[-13.2064,8.487],[-13.2061,8.487],[-13.206,8.487],[-13.206,8.4869],[-13.206,8.4868],[-13.206,8.4867],[-13.2059,8.4865],[-13.2059,8.4864],[-13.2058,8.4862],[-13.2059,8.4859],[-13.2058,8.4859],[-13.2057,8.4859],[-13.2054,8.4859],[-13.2054,8.486],[-13.2053,8.486],[-13.205,8.486],[-13.205,8.4859],[-13.2049,8.4858],[-13.2048,8.4857],[-13.2046,8.4857],[-13.2045,8.4856],[-13.2043,8.4854],[-13.2042,8.4854],[-13.2036,8.4855],[-13.2035,8.4855],[-13.2031,8.4856],[-13.203,8.4856],[-13.2028,8.4856],[-13.2027,8.4856],[-13.2026,8.4856],[-13.2026,8.4855],[-13.2029,8.4854],[-13.2028,8.4852],[-13.2029,8.4849],[-13.2029,8.4848],[-13.2031,8.4847],[-13.2031,8.4845],[-13.2032,8.4845],[-13.2033,8.4844],[-13.2033,8.4842],[-13.2033,8.4838],[-13.2033,8.4836],[-13.2033,8.4834],[-13.2033,8.4832],[-13.2032,8.4829],[-13.2032,8.4828],[-13.2032,8.4827],[-13.2033,8.4825],[-13.2029,8.4821],[-13.2028,8.4819],[-13.2026,8.4815],[-13.2025,8.4813],[-13.2017,8.4809],[-13.2016,8.4809],[-13.2014,8.4809],[-13.2013,8.4809],[-13.2012,8.4809],[-13.2008,8.4813],[-13.2006,8.4814],[-13.2003,8.4814],[-13.1998,8.4817],[-13.1996,8.4818],[-13.1994,8.4817],[-13.199,8.4816],[-13.1986,8.4814],[-13.1984,8.4811],[-13.1981,8.481],[-13.1979,8.4809],[-13.1978,8.4808],[-13.1974,8.4807],[-13.1969,8.4805],[-13.1968,8.4805],[-13.1968,8.4806],[-13.1967,8.4807],[-13.1964,8.4808],[-13.1963,8.4809],[-13.1961,8.481],[-13.1957,8.4812],[-13.1956,8.4812],[-13.1955,8.4812],[-13.1954,8.4813],[-13.1955,8.4813],[-13.1956,8.4814],[-13.1956,8.4815],[-13.1956,8.4816],[-13.1956,8.4818],[-13.1956,8.4819],[-13.1954,8.4819],[-13.1953,8.482],[-13.1949,8.4821],[-13.1949,8.4822],[-13.1948,8.4823],[-13.1946,8.4824],[-13.1946,8.4823],[-13.1945,8.4823],[-13.194,8.4824],[-13.1941,8.483],[-13.194,8.483],[-13.1939,8.4824],[-13.1937,8.4823],[-13.1935,8.482],[-13.1932,8.4817],[-13.1929,8.4813],[-13.1927,8.4813],[-13.1918,8.4809],[-13.1916,8.481],[-13.1914,8.481],[-13.1911,8.481],[-13.1909,8.481],[-13.1906,8.481],[-13.1899,8.4811],[-13.1895,8.4811],[-13.1889,8.4815],[-13.1878,8.4823],[-13.1876,8.4824],[-13.1871,8.4823],[-13.1869,8.4822],[-13.1866,8.4819],[-13.1857,8.4814],[-13.1855,8.4812],[-13.1852,8.4808],[-13.1851,8.4805],[-13.1851,8.4803],[-13.1853,8.4792],[-13.1853,8.4789],[-13.1852,8.4788],[-13.185,8.4786],[-13.1848,8.4783],[-13.1847,8.4781],[-13.1843,8.4779],[-13.1841,8.478],[-13.184,8.4782],[-13.1838,8.4783],[-13.183,8.4782],[-13.1822,8.4779],[-13.182,8.4777],[-13.1819,8.4772],[-13.1817,8.4769],[-13.1815,8.4767],[-13.1811,8.476],[-13.1809,8.4749],[-13.1805,8.4745],[-13.18,8.4741],[-13.1797,8.4738],[-13.1793,8.4735],[-13.1791,8.4734],[-13.1784,8.4733],[-13.1781,8.473],[-13.1779,8.4726],[-13.1776,8.4722],[-13.1774,8.472],[-13.1772,8.4716],[-13.1767,8.4714],[-13.1762,8.4708],[-13.1756,8.4704],[-13.1746,8.47],[-13.1742,8.4698],[-13.174,8.4695],[-13.1738,8.4694],[-13.1736,8.4693],[-13.1735,8.4694],[-13.1733,8.4693],[-13.1734,8.4691],[-13.1731,8.4689],[-13.1731,8.4687],[-13.173,8.4684],[-13.1727,8.4681],[-13.1722,8.4678],[-13.172,8.4676],[-13.1717,8.4671],[-13.1716,8.467],[-13.171,8.4659],[-13.1709,8.4655],[-13.1709,8.4651],[-13.1709,8.4648],[-13.1708,8.4645],[-13.1708,8.4642],[-13.1709,8.464],[-13.1709,8.4638],[-13.1708,8.4636],[-13.1705,8.4634],[-13.1704,8.4632],[-13.17,8.4629],[-13.1695,8.4623],[-13.1694,8.4621],[-13.1693,8.4621],[-13.1692,8.4619],[-13.1693,8.4618],[-13.1692,8.4608],[-13.1691,8.4604],[-13.1689,8.4595],[-13.1689,8.4593],[-13.1685,8.4591],[-13.1681,8.4585],[-13.168,8.4581],[-13.1678,8.4576],[-13.1676,8.4574],[-13.1668,8.4564],[-13.1666,8.4559],[-13.1664,8.4557],[-13.1662,8.4556],[-13.1652,8.4557],[-13.1641,8.4555],[-13.1635,8.4553],[-13.1628,8.4551],[-13.1616,8.4545],[-13.161,8.4543],[-13.1597,8.4539],[-13.159,8.4533],[-13.1585,8.4524],[-13.1561,8.4495],[-13.1552,8.4477],[-13.1542,8.4454],[-13.1537,8.4449],[-13.1531,8.4425],[-13.1519,8.4408],[-13.1501,8.4374],[-13.1497,8.4369],[-13.149,8.4354],[-13.1478,8.4339],[-13.1468,8.4325],[-13.1442,8.4309],[-13.1424,8.4297],[-13.142,8.4287],[-13.142,8.4283],[-13.1424,8.4277],[-13.1424,8.4273],[-13.1423,8.4271],[-13.1418,8.4269],[-13.1411,8.4269],[-13.1405,8.4267],[-13.1402,8.4264],[-13.1399,8.426],[-13.1394,8.4258],[-13.1385,8.4257],[-13.1376,8.4255],[-13.1355,8.4247],[-13.135,8.4244],[-13.1346,8.4243],[-13.1333,8.4245],[-13.1325,8.4249],[-13.1321,8.4253],[-13.132,8.426],[-13.1313,8.427],[-13.1308,8.427],[-13.1301,8.4263],[-13.1296,8.4252],[-13.1289,8.4245],[-13.1278,8.4245],[-13.1253,8.4238],[-13.1206,8.4216],[-13.1198,8.4209],[-13.1193,8.4201],[-13.119,8.4193],[-13.1187,8.4182],[-13.1189,8.4165],[-13.1184,8.4152],[-13.1202,8.4146],[-13.1257,8.4145],[-13.1296,8.4183]],[[-13.2067,8.4871],[-13.2069,8.4872],[-13.2069,8.4871],[-13.2067,8.4871]],[[-13.2269,8.4906],[-13.2268,8.4902],[-13.2266,8.4898],[-13.2269,8.4906]]],[[[-13.2027,8.4856],[-13.2024,8.4859],[-13.2024,8.4858],[-13.2027,8.4856]]]]},"properties":{"code":"WAU","name":"Western Area Urban District","level":"2","parent":"Plmg8ikyfrK","parentGraph":"Plmg8ikyfrK","groups":["QJuHsfZjNBf","Y1fwmuWGmNr"]}}]}
