{"type":"FeatureCollection","features":[{"type":"Feature","id":"Fcc3l19zidt","geometry":{"type":"Polygon","coordinates":[[[44.2363,10.4734],[44.15,10.32],[44.04,10.17],[43.82,10.29],[43.76,10.3],[43.72,10.26],[43.53,9.99],[43.37,9.8],[43.31,9.69],[43.2896,9.6575],[43.2569,9.8426],[43.1499,9.8994],[43.1153,9.8888],[43.0859,9.9088],[43.0174,10.0808],[42.8811,10.2071],[42.8583,10.2341],[42.8326,10.2779],[42.8048,10.3518],[42.7919,10.4041],[42.7631,10.4567],[42.7467,10.5123],[42.6984,10.5462],[42.6832,10.5925],[42.693,10.6252],[42.7226,10.6512],[42.7665,10.722],[42.9859,11.0219],[43,11.0549],[43.2547,11.4696],[43.3151,11.465],[43.3312,11.4263],[43.3543,11.4137],[43.3909,11.3798],[43.4276,11.3789],[43.4795,11.329],[43.4934,11.2902],[43.4961,11.2436],[43.5161,11.1997],[43.556,11.1789],[43.565,11.1471],[43.5986,11.0823],[43.6922,10.9408],[43.7303,10.9025],[43.7891,10.8354],[43.8571,10.7674],[43.9567,10.6813],[43.995,10.6621],[44.0644,10.6087],[44.0819,10.5849],[44.1175,10.558],[44.1486,10.5476],[44.2017,10.5077],[44.2363,10.4734]]]},"properties":{"code":"11100","name":"Awdal Region","level":"3","parent":"d2FE2xzZNoV","parentGraph":"l2RjGNB0Rwe/d2FE2xzZNoV","groups":[]}},{"type":"Feature","id":"mCyhXb31mf8","geometry":{"type":"Polygon","coordinates":[[[46.9062,8.3164],[46.8087,8.0661],[46.7801,8.076],[46.743,8.0715],[46.733,8.0909],[46.6683,8.1136],[46.6547,8.1109],[46.6077,8.1153],[46.5952,8.1382],[46.5595,8.1505],[46.5033,8.1645],[46.464,8.181],[46.4386,8.1907],[46.3852,8.2089],[46.3224,8.2233],[46.2935,8.2402],[46.25,8.255],[46.2256,8.2633],[46.2104,8.2684],[46.1753,8.2793],[46.1431,8.2852],[46.1246,8.2969],[46.2848,8.7876],[46.7122,8.7955],[47.063,8.7223],[46.9062,8.3164]]]},"properties":{"code":"2800","name":"Ayn Region","level":"3","parent":"TrIU0uH6nKz","parentGraph":"l2RjGNB0Rwe/TrIU0uH6nKz","groups":[]}},{"type":"Feature","id":"KIMrWRQDWuM","geometry":{"type":"Polygon","coordinates":[[[43.12,3.67],[43.14,3.85],[43.1,3.93],[42.89,4.29],[42.8842,4.307],[42.9257,4.3481],[42.9692,4.4034],[43.0072,4.4677],[43.0261,4.5422],[43.0443,4.5721],[43.1225,4.6312],[43.2352,4.6963],[43.4349,4.7947],[43.6591,4.868],[43.8139,4.91],[44.0151,4.9604],[44.2432,4.9504],[44.5909,4.9348],[44.68,4.41],[44.75,4.07],[44.8,3.86],[44.77,3.7],[44.78,3.27],[44.66,3.25],[44.61,3.27],[44.41,3.26],[44.28,3.34],[44.31,3.39],[44.31,3.57],[44.29,3.61],[44.18,3.85],[43.95,3.92],[43.88,3.92],[43.79,3.88],[43.75,3.85],[43.68,3.72],[43.58,3.61],[43.41,3.57],[43.12,3.67]]]},"properties":{"code":"131000","name":"Bakool Region","level":"3","parent":"V6G1T7FdgFh","parentGraph":"l2RjGNB0Rwe/V6G1T7FdgFh","groups":[]}},{"type":"Feature","id":"RC4WQlQtlZm","geometry":{"type":"Polygon","coordinates":[[[50.324,11.6047],[50.3135,11.4552],[50.3809,11.431],[50.5165,11.3824],[50.7485,10.8978],[50.8273,10.7332],[50.7445,10.2378],[50.7481,10.1579],[50.5368,9.9862],[50.0631,9.9065],[50.0075,9.9702],[49.6633,10.1528],[49.4296,10.1299],[49.2461,10.4575],[49.0691,10.4364],[49.0725,10.3636],[48.8255,10.3379],[48.7892,10.5749],[48.9237,10.5959],[49.0469,10.6238],[49.0276,10.6431],[48.9898,10.9056],[48.8703,11.177],[48.9142,11.2416],[48.917,11.241],[48.9207,11.2407],[48.9243,11.24],[48.9274,11.2404],[48.9313,11.2407],[48.9326,11.2407],[48.9361,11.2411],[48.9408,11.2408],[48.9434,11.2406],[48.9457,11.2404],[48.9483,11.2403],[48.9517,11.2403],[48.9572,11.2402],[48.9596,11.2405],[48.9624,11.2408],[48.9656,11.2418],[48.9676,11.2423],[48.9697,11.2428],[48.9713,11.2431],[48.9726,11.2439],[48.9751,11.2437],[48.9781,11.2439],[48.9813,11.2446],[48.9848,11.2453],[48.9869,11.2457],[48.9891,11.2461],[48.9918,11.2471],[48.9943,11.248],[48.9976,11.2493],[49.0014,11.2509],[49.0038,11.2521],[49.0063,11.2532],[49.0087,11.2543],[49.0106,11.2548],[49.013,11.2552],[49.0164,11.2559],[49.0214,11.2569],[49.0241,11.2574],[49.0262,11.2578],[49.0297,11.2587],[49.0327,11.2593],[49.0366,11.2597],[49.0397,11.2608],[49.0429,11.2618],[49.0451,11.2625],[49.0493,11.2635],[49.0537,11.2646],[49.0563,11.2655],[49.0595,11.2665],[49.0625,11.2673],[49.0652,11.2678],[49.0679,11.2683],[49.0709,11.269],[49.074,11.2695],[49.0778,11.2703],[49.0794,11.2706],[49.0814,11.2711],[49.0835,11.2715],[49.0869,11.272],[49.0902,11.2727],[49.0927,11.273],[49.0956,11.2734],[49.0996,11.2742],[49.1025,11.2748],[49.1059,11.2757],[49.11,11.2766],[49.1142,11.277],[49.1175,11.2772],[49.1223,11.2777],[49.1265,11.2781],[49.13,11.2786],[49.1345,11.2794],[49.1398,11.2805],[49.1439,11.2816],[49.146,11.2821],[49.1483,11.2826],[49.1513,11.283],[49.1546,11.2837],[49.1579,11.2849],[49.16,11.285],[49.1623,11.2854],[49.1645,11.2856],[49.167,11.2865],[49.1699,11.2885],[49.1734,11.2892],[49.1746,11.2876],[49.1772,11.2875],[49.1805,11.289],[49.1808,11.2911],[49.184,11.2908],[49.1861,11.2908],[49.1883,11.2909],[49.1904,11.2913],[49.1937,11.2922],[49.1962,11.2927],[49.1999,11.2934],[49.203,11.2937],[49.205,11.2936],[49.2069,11.2938],[49.2092,11.2943],[49.2123,11.2959],[49.2142,11.2976],[49.217,11.2978],[49.2195,11.2981],[49.2219,11.298],[49.2247,11.2982],[49.2271,11.2984],[49.2288,11.2987],[49.2307,11.299],[49.233,11.2993],[49.2357,11.2999],[49.238,11.3005],[49.2413,11.301],[49.2457,11.3016],[49.2496,11.3025],[49.253,11.3035],[49.2578,11.3052],[49.2615,11.3069],[49.2646,11.3082],[49.2669,11.3086],[49.2693,11.3094],[49.2716,11.3107],[49.2746,11.3127],[49.2776,11.3144],[49.2792,11.3162],[49.2819,11.3181],[49.2846,11.3198],[49.2857,11.3215],[49.2891,11.3231],[49.2919,11.3248],[49.2936,11.3272],[49.2952,11.3286],[49.2966,11.3297],[49.2984,11.3332],[49.3005,11.3351],[49.3039,11.3358],[49.3082,11.3347],[49.3105,11.3343],[49.3143,11.3335],[49.3185,11.3327],[49.3216,11.3323],[49.3246,11.3319],[49.3274,11.3316],[49.3301,11.3313],[49.3329,11.3317],[49.3349,11.3319],[49.337,11.3318],[49.3408,11.332],[49.3457,11.3317],[49.3501,11.3318],[49.3532,11.332],[49.3556,11.3321],[49.3578,11.3321],[49.3604,11.3319],[49.3631,11.3316],[49.3661,11.3315],[49.3708,11.3312],[49.3746,11.3313],[49.3781,11.3313],[49.3809,11.3313],[49.3843,11.3311],[49.3873,11.3307],[49.391,11.3311],[49.3941,11.3314],[49.3971,11.332],[49.3998,11.3324],[49.403,11.3328],[49.4071,11.3329],[49.4101,11.3335],[49.4131,11.3339],[49.4151,11.3342],[49.4173,11.3345],[49.4215,11.3355],[49.4251,11.3366],[49.4277,11.3374],[49.4301,11.3383],[49.4332,11.3391],[49.4363,11.3405],[49.4383,11.3417],[49.4416,11.3435],[49.4449,11.3458],[49.4464,11.3481],[49.4466,11.3508],[49.4471,11.3542],[49.4488,11.3568],[49.4516,11.3581],[49.4548,11.3581],[49.4586,11.3589],[49.4621,11.3591],[49.4655,11.3601],[49.4688,11.3617],[49.4719,11.3638],[49.4735,11.3657],[49.4748,11.3686],[49.4749,11.3718],[49.4755,11.374],[49.4772,11.375],[49.4803,11.3753],[49.4839,11.3754],[49.4871,11.375],[49.4901,11.3753],[49.4937,11.3758],[49.4962,11.3765],[49.499,11.3775],[49.5024,11.3789],[49.5051,11.3802],[49.5078,11.3819],[49.51,11.3834],[49.5118,11.3849],[49.514,11.3869],[49.5155,11.3886],[49.5173,11.3902],[49.5199,11.3931],[49.5226,11.3964],[49.5248,11.3993],[49.5266,11.4018],[49.5279,11.4036],[49.5294,11.406],[49.5316,11.4096],[49.5338,11.4138],[49.5356,11.4175],[49.5384,11.4222],[49.5403,11.426],[49.5413,11.428],[49.5424,11.43],[49.5438,11.4325],[49.5449,11.4344],[49.5461,11.4368],[49.5484,11.4403],[49.5503,11.4427],[49.5513,11.4445],[49.5525,11.4464],[49.5551,11.4485],[49.5586,11.4498],[49.5626,11.4502],[49.567,11.4522],[49.5702,11.4532],[49.5727,11.4539],[49.5758,11.4542],[49.578,11.4542],[49.5812,11.4556],[49.5834,11.4555],[49.5852,11.4555],[49.5885,11.4553],[49.5916,11.4552],[49.595,11.4559],[49.5981,11.4555],[49.6015,11.4554],[49.6041,11.457],[49.6064,11.4583],[49.6084,11.4585],[49.6103,11.4585],[49.6121,11.4584],[49.6141,11.4578],[49.6171,11.457],[49.6196,11.4566],[49.6221,11.4564],[49.6239,11.4565],[49.6268,11.4572],[49.6296,11.4583],[49.632,11.459],[49.6346,11.4602],[49.6384,11.4598],[49.6424,11.4592],[49.6451,11.4591],[49.648,11.4591],[49.6518,11.4595],[49.6575,11.461],[49.6615,11.4626],[49.6638,11.4639],[49.6666,11.4655],[49.6707,11.468],[49.6738,11.4702],[49.6765,11.4722],[49.6785,11.4747],[49.6805,11.4773],[49.6842,11.4786],[49.6881,11.4784],[49.6899,11.4793],[49.6915,11.4787],[49.6939,11.4794],[49.6964,11.4787],[49.6987,11.4778],[49.7018,11.4761],[49.7037,11.4752],[49.706,11.4741],[49.7089,11.4728],[49.712,11.4714],[49.7164,11.4696],[49.7206,11.468],[49.7233,11.4678],[49.7259,11.4671],[49.7282,11.4668],[49.7318,11.4655],[49.7334,11.4648],[49.7361,11.4636],[49.7395,11.4623],[49.7436,11.4609],[49.7492,11.4595],[49.7531,11.4586],[49.7553,11.4586],[49.7578,11.4587],[49.761,11.4588],[49.7643,11.4593],[49.7677,11.4595],[49.771,11.4596],[49.7732,11.4594],[49.7757,11.4593],[49.7782,11.4596],[49.781,11.4595],[49.7841,11.4596],[49.787,11.4599],[49.7898,11.4601],[49.7925,11.4603],[49.796,11.4605],[49.8003,11.4605],[49.8044,11.4606],[49.8073,11.4603],[49.8107,11.46],[49.8137,11.4604],[49.8166,11.4606],[49.8206,11.4606],[49.8233,11.4604],[49.8267,11.4604],[49.8298,11.4609],[49.8331,11.4615],[49.8357,11.462],[49.8378,11.4626],[49.8398,11.4632],[49.842,11.4637],[49.8454,11.4649],[49.8483,11.4656],[49.8503,11.4663],[49.8528,11.467],[49.8551,11.4676],[49.8579,11.4686],[49.8601,11.4694],[49.8617,11.4705],[49.8638,11.4712],[49.8664,11.4723],[49.8686,11.4733],[49.8701,11.4744],[49.8721,11.475],[49.8749,11.4761],[49.8767,11.4768],[49.8786,11.4777],[49.881,11.4792],[49.8833,11.4803],[49.8854,11.4813],[49.8871,11.4827],[49.8889,11.4841],[49.8909,11.4852],[49.8934,11.487],[49.8961,11.489],[49.8993,11.4913],[49.9022,11.4932],[49.9053,11.4953],[49.9069,11.4968],[49.9097,11.4985],[49.9109,11.5001],[49.9138,11.5019],[49.9159,11.5034],[49.9181,11.5044],[49.921,11.5029],[49.9243,11.502],[49.9244,11.5047],[49.926,11.507],[49.9275,11.508],[49.9291,11.5087],[49.931,11.5089],[49.9326,11.5095],[49.9349,11.5103],[49.9358,11.5118],[49.9372,11.5128],[49.9393,11.5128],[49.9415,11.5136],[49.9435,11.5146],[49.9476,11.5154],[49.9504,11.5149],[49.9524,11.5141],[49.9542,11.5134],[49.9563,11.5126],[49.9601,11.5115],[49.9642,11.5104],[49.9685,11.5093],[49.9728,11.5084],[49.9789,11.5071],[49.9826,11.5064],[49.9876,11.5053],[49.9927,11.5044],[49.9994,11.5034],[50.0022,11.5032],[50.0053,11.5032],[50.0085,11.5031],[50.0115,11.5034],[50.0142,11.5035],[50.0171,11.5041],[50.0195,11.5042],[50.0247,11.5042],[50.0277,11.5042],[50.0304,11.5046],[50.0335,11.5053],[50.0364,11.5053],[50.0396,11.5054],[50.0426,11.5058],[50.0464,11.5069],[50.0506,11.5064],[50.056,11.506],[50.0585,11.506],[50.0602,11.5066],[50.0635,11.5073],[50.0672,11.507],[50.0702,11.507],[50.0731,11.5075],[50.0769,11.5089],[50.0798,11.5109],[50.083,11.5122],[50.0868,11.5141],[50.089,11.5155],[50.0923,11.5168],[50.0943,11.5185],[50.0968,11.5201],[50.0986,11.5212],[50.1013,11.5224],[50.1038,11.5226],[50.106,11.5237],[50.1076,11.5253],[50.1089,11.5267],[50.1109,11.528],[50.1128,11.529],[50.1153,11.5301],[50.1181,11.5323],[50.1209,11.5342],[50.1226,11.5369],[50.1244,11.539],[50.1264,11.5405],[50.1301,11.5403],[50.1327,11.5399],[50.1359,11.5401],[50.1383,11.5412],[50.1397,11.5427],[50.1423,11.5427],[50.1456,11.5445],[50.1475,11.5461],[50.1484,11.5486],[50.1503,11.5497],[50.1535,11.5505],[50.1559,11.5511],[50.1582,11.5517],[50.1606,11.5528],[50.163,11.5541],[50.1659,11.5548],[50.1695,11.5554],[50.1724,11.5558],[50.1745,11.5562],[50.1782,11.5565],[50.181,11.5569],[50.1846,11.5575],[50.1882,11.558],[50.1909,11.5594],[50.1933,11.5607],[50.196,11.5615],[50.1989,11.5623],[50.202,11.563],[50.2044,11.5635],[50.2081,11.5637],[50.2126,11.5642],[50.2157,11.5648],[50.2187,11.5659],[50.2213,11.5678],[50.2231,11.5704],[50.2253,11.572],[50.2268,11.5745],[50.2295,11.577],[50.2325,11.5777],[50.2343,11.5794],[50.2369,11.5784],[50.2403,11.5785],[50.2431,11.5783],[50.245,11.5787],[50.2471,11.5788],[50.249,11.5797],[50.2515,11.5811],[50.2542,11.5826],[50.2574,11.5833],[50.2616,11.5839],[50.2654,11.586],[50.2676,11.5868],[50.2706,11.5879],[50.2735,11.5895],[50.2753,11.5906],[50.2771,11.5916],[50.2801,11.594],[50.2828,11.5959],[50.2836,11.5985],[50.2856,11.6004],[50.2873,11.6033],[50.2887,11.6063],[50.2916,11.6083],[50.2932,11.6104],[50.2948,11.6118],[50.2969,11.6136],[50.297,11.6138],[50.324,11.6047]]]},"properties":{"code":"12100","name":"Bari Region","level":"3","parent":"TrIU0uH6nKz","parentGraph":"l2RjGNB0Rwe/TrIU0uH6nKz","groups":[]}},{"type":"Feature","id":"TudrpHW1cFF","geometry":{"type":"Polygon","coordinates":[[[43.12,3.67],[43.41,3.57],[43.58,3.61],[43.68,3.72],[43.75,3.85],[43.79,3.88],[43.88,3.92],[43.95,3.92],[44.18,3.85],[44.29,3.61],[44.31,3.57],[44.31,3.39],[44.28,3.34],[44.41,3.26],[44.61,3.27],[44.66,3.25],[44.69,3.05],[44.64,2.81],[44.66,2.75],[44.62,2.48],[44.65,2.22],[44.4568,2.1347],[43.88,1.88],[43.58,1.76],[43.31,1.625],[42.98,1.46],[42.9,1.52],[42.52,1.88],[42.4,1.95],[42.51,2.57],[42.5417,2.7494],[42.6,3.07],[42.93,3.04],[43.1,3.06],[43.1,3.23],[43.12,3.67]]]},"properties":{"code":"13300","name":"Bay Region","level":"3","parent":"V6G1T7FdgFh","parentGraph":"l2RjGNB0Rwe/V6G1T7FdgFh","groups":[]}},{"type":"Feature","id":"F2QLFnRZUR0","geometry":{"type":"Polygon","coordinates":[[[45.6162,2.1842],[45.5194,2.1254],[45.4528,2.0882],[45.3942,2.0474],[45.3312,2.0142],[45.2895,1.9988],[45.2601,1.9801],[45.39,2.15],[45.46,2.17],[45.6162,2.1842]]]},"properties":{"code":"13200","name":"Benadir Region","level":"3","parent":"nX7uywYCRRY","parentGraph":"l2RjGNB0Rwe/nX7uywYCRRY","groups":[]}},{"type":"Feature","id":"l2RjGNB0Rwe","geometry":{"type":"MultiPolygon","coordinates":[[[[43.462,11.424],[43.455,11.4206],[43.4548,11.4281],[43.4503,11.4319],[43.4541,11.4383],[43.4584,11.4455],[43.4627,11.4475],[43.4689,11.4481],[43.4727,11.4462],[43.474,11.4412],[43.472,11.4333],[43.4697,11.4301],[43.4679,11.4274],[43.4666,11.4265],[43.462,11.424]]],[[[44.4726,1.483],[44.4648,1.484],[44.4598,1.4846],[44.4594,1.4845],[44.4726,1.483],[44.4637,1.4769],[44.4374,1.4586],[44.4037,1.4353],[44.3701,1.409],[44.3572,1.3972],[44.3264,1.3741],[44.3024,1.3508],[44.2826,1.3378],[44.2514,1.3108],[44.2381,1.298],[44.2273,1.2875],[44.2205,1.278],[44.2171,1.2682],[44.1679,1.2338],[44.1358,1.2018],[44.1326,1.1923],[44.135,1.182],[44.1327,1.1777],[44.1204,1.1783],[44.1099,1.1725],[44.0512,1.1271],[44.037,1.1116],[44.0219,1.0848],[44.0179,1.0833],[44.0116,1.084],[44.0046,1.0801],[43.9784,1.0597],[43.9606,1.0487],[43.9371,1.0275],[43.9365,1.0224],[43.9422,1.0166],[43.9382,1.0124],[43.9247,1.0131],[43.9173,1.0089],[43.8989,0.9931],[43.8719,0.9742],[43.8463,0.9599],[43.8319,0.945],[43.8255,0.9415],[43.8108,0.9268],[43.7969,0.9204],[43.7821,0.9088],[43.7602,0.8872],[43.7517,0.8719],[43.7461,0.8659],[43.7144,0.8415],[43.6898,0.8266],[43.6554,0.799],[43.623,0.7689],[43.6097,0.7555],[43.5881,0.7336],[43.5754,0.7229],[43.5579,0.7082],[43.5476,0.697],[43.5321,0.6855],[43.5234,0.6778],[43.521,0.6811],[43.5233,0.6778],[43.5135,0.6692],[43.4965,0.6514],[43.4859,0.6437],[43.4338,0.588],[43.4,0.5582],[43.377,0.5338],[43.3489,0.5005],[43.2936,0.435],[43.2577,0.3996],[43.2405,0.3795],[43.208,0.3483],[43.1946,0.3325],[43.162,0.2939],[43.1221,0.2524],[43.0959,0.2197],[43.0892,0.2152],[43.0826,0.2078],[43.0739,0.1973],[43.0615,0.1823],[43.0398,0.1561],[43.0268,0.142],[42.9948,0.1077],[42.9841,0.0975],[42.9714,0.0855],[42.9348,0.0439],[42.9051,0.0103],[42.8861,-0.011],[42.8707,-0.0268],[42.8512,-0.0468],[42.8436,-0.0516],[42.8234,-0.0727],[42.8053,-0.0915],[42.7801,-0.1146],[42.7647,-0.1351],[42.7175,-0.1772],[42.7062,-0.1884],[42.6515,-0.2418],[42.6234,-0.2607],[42.6065,-0.2765],[42.5992,-0.2887],[42.5795,-0.3129],[42.57,-0.3324],[42.5656,-0.3506],[42.5581,-0.3524],[42.5561,-0.355],[42.557,-0.3576],[42.5618,-0.3569],[42.5642,-0.3613],[42.5619,-0.364],[42.5564,-0.3641],[42.5522,-0.3676],[42.5464,-0.3658],[42.539,-0.3657],[42.5258,-0.3703],[42.5181,-0.3778],[42.4948,-0.4139],[42.4777,-0.4304],[42.4746,-0.4356],[42.475,-0.4407],[42.4785,-0.4434],[42.4844,-0.4452],[42.4867,-0.4515],[42.4857,-0.455],[42.4791,-0.4612],[42.4776,-0.4687],[42.4743,-0.4691],[42.472,-0.465],[42.4735,-0.4552],[42.4723,-0.4508],[42.4699,-0.4508],[42.4656,-0.4547],[42.4571,-0.4588],[42.4551,-0.4636],[42.4451,-0.478],[42.4213,-0.495],[42.4135,-0.5027],[42.4051,-0.5176],[42.4012,-0.5205],[42.391,-0.5376],[42.3672,-0.5567],[42.359,-0.5666],[42.3528,-0.5771],[42.3418,-0.5863],[42.3372,-0.5938],[42.3242,-0.6089],[42.3177,-0.6202],[42.3146,-0.6305],[42.2965,-0.6465],[42.2881,-0.6633],[42.2601,-0.6917],[42.2552,-0.6987],[42.2543,-0.7033],[42.2553,-0.7119],[42.2535,-0.7154],[42.2422,-0.7157],[42.2374,-0.7186],[42.2357,-0.7239],[42.2343,-0.7287],[42.2264,-0.7356],[42.2213,-0.7463],[42.2138,-0.7559],[42.1981,-0.7684],[42.1876,-0.7812],[42.1801,-0.7931],[42.1648,-0.8086],[42.1482,-0.8229],[42.1451,-0.8235],[42.1395,-0.8188],[42.1371,-0.8185],[42.1304,-0.8248],[42.1133,-0.8347],[42.1067,-0.835],[42.095,-0.8326],[42.0873,-0.8323],[42.0791,-0.8332],[42.0667,-0.8355],[42.0591,-0.844],[42.0547,-0.8431],[42.0492,-0.8324],[42.048,-0.828],[42.0553,-0.8025],[42.0653,-0.781],[42.0682,-0.7715],[42.0825,-0.7489],[42.0819,-0.7409],[42.0777,-0.7412],[42.0741,-0.7456],[42.0724,-0.7563],[42.0596,-0.7702],[42.049,-0.7917],[42.0457,-0.7957],[42.035,-0.7953],[42.029,-0.7997],[42.0233,-0.8001],[42.0175,-0.7968],[42.0032,-0.7979],[41.9974,-0.7942],[41.9928,-0.7879],[41.9921,-0.7814],[41.9976,-0.757],[42.0022,-0.7382],[41.9991,-0.7258],[41.9953,-0.7233],[41.9926,-0.7243],[41.9909,-0.7273],[41.9883,-0.7336],[41.982,-0.7725],[41.9805,-0.7854],[41.9824,-0.7945],[41.9867,-0.8023],[41.9923,-0.8081],[41.9995,-0.8115],[42.008,-0.8117],[42.0235,-0.805],[42.0381,-0.8023],[42.0429,-0.8048],[42.0448,-0.8121],[42.0406,-0.8282],[42.0412,-0.8339],[42.0475,-0.8437],[42.0549,-0.8499],[42.0625,-0.848],[42.0718,-0.8431],[42.0813,-0.8412],[42.0861,-0.8438],[42.0886,-0.8477],[42.0889,-0.8503],[42.0893,-0.8532],[42.0848,-0.865],[42.0787,-0.8798],[42.0739,-0.8882],[42.073,-0.8931],[42.0715,-0.9006],[42.0617,-0.9023],[42.0545,-0.9093],[42.0505,-0.9135],[42.0423,-0.9265],[42.0374,-0.9318],[42.0298,-0.9594],[42.025,-0.9691],[42.0231,-0.971],[42.0168,-0.9782],[42.0074,-0.9816],[41.9919,-0.9956],[41.9825,-1.0062],[41.9791,-1.0076],[41.9757,-1.006],[41.9732,-1.0009],[41.973,-0.9983],[41.9723,-0.9965],[41.9789,-0.9809],[41.9799,-0.9768],[41.9766,-0.9691],[41.9686,-0.9579],[41.9664,-0.9508],[41.9752,-0.916],[41.9725,-0.9065],[41.9685,-0.8996],[41.9645,-0.8958],[41.9481,-0.8802],[41.9374,-0.8756],[41.927,-0.8752],[41.9207,-0.8726],[41.914,-0.8732],[41.9127,-0.8737],[41.9114,-0.8765],[41.9148,-0.8812],[41.9212,-0.8834],[41.9264,-0.8834],[41.9342,-0.8802],[41.9391,-0.8812],[41.9447,-0.8853],[41.9464,-0.8884],[41.9519,-0.8979],[41.9614,-0.9057],[41.9639,-0.9103],[41.9648,-0.9131],[41.9652,-0.9166],[41.9609,-0.9345],[41.9595,-0.9628],[41.9618,-0.9723],[41.9666,-0.9822],[41.9673,-0.9887],[41.9651,-1.0022],[41.9686,-1.0117],[41.978,-1.0155],[41.9803,-1.0211],[41.9784,-1.0266],[41.977,-1.0287],[41.962,-1.0502],[41.9603,-1.0546],[41.9603,-1.0573],[41.9597,-1.0702],[41.9509,-1.0869],[41.9416,-1.0944],[41.9323,-1.1155],[41.9294,-1.122],[41.9266,-1.1279],[41.9239,-1.1313],[41.9163,-1.1359],[41.903,-1.1497],[41.899,-1.1652],[41.8931,-1.1753],[41.8868,-1.1808],[41.8839,-1.1829],[41.8829,-1.1858],[41.8803,-1.1903],[41.8801,-1.196],[41.882,-1.1998],[41.8857,-1.2017],[41.9027,-1.1842],[41.9058,-1.1821],[41.9091,-1.1827],[41.9098,-1.1878],[41.9089,-1.1922],[41.8992,-1.2002],[41.8961,-1.204],[41.8938,-1.2076],[41.8902,-1.2107],[41.8853,-1.2141],[41.8752,-1.2192],[41.8742,-1.2171],[41.8767,-1.2123],[41.8735,-1.2082],[41.866,-1.2118],[41.8635,-1.2118],[41.8575,-1.2086],[41.8516,-1.203],[41.8455,-1.1895],[41.8461,-1.1791],[41.8419,-1.1718],[41.8383,-1.1695],[41.8322,-1.165],[41.8209,-1.1642],[41.8124,-1.1606],[41.8059,-1.1536],[41.8004,-1.1412],[41.7958,-1.1461],[41.7667,-1.1427],[41.7492,-1.1578],[41.7374,-1.1638],[41.721,-1.177],[41.7157,-1.1833],[41.7021,-1.1989],[41.6962,-1.2099],[41.6926,-1.2183],[41.6878,-1.2382],[41.6984,-1.2271],[41.7004,-1.2158],[41.7094,-1.1992],[41.7105,-1.1971],[41.7398,-1.1707],[41.7442,-1.1675],[41.7503,-1.1632],[41.773,-1.1507],[41.7804,-1.1493],[41.799,-1.1543],[41.8059,-1.1627],[41.8241,-1.1696],[41.8312,-1.1721],[41.8327,-1.1741],[41.8327,-1.1796],[41.831,-1.1859],[41.8394,-1.2044],[41.8436,-1.231],[41.8409,-1.2402],[41.8349,-1.2536],[41.8202,-1.2794],[41.8002,-1.3142],[41.7752,-1.3542],[41.7503,-1.3806],[41.7471,-1.3915],[41.7334,-1.4103],[41.7298,-1.4166],[41.7242,-1.4278],[41.7193,-1.4364],[41.712,-1.448],[41.7078,-1.454],[41.7044,-1.46],[41.6974,-1.4745],[41.6902,-1.4859],[41.678,-1.5061],[41.6624,-1.5318],[41.6534,-1.5451],[41.6313,-1.5782],[41.6296,-1.579],[41.6192,-1.5851],[41.6155,-1.5887],[41.6085,-1.6028],[41.599,-1.6152],[41.5927,-1.6283],[41.5935,-1.6296],[41.5986,-1.6298],[41.6011,-1.6355],[41.5976,-1.6432],[41.5919,-1.6483],[41.5902,-1.6472],[41.5866,-1.6388],[41.5822,-1.6393],[41.5758,-1.6456],[41.5691,-1.6597],[41.5672,-1.662],[41.5678,-1.5912],[41.5415,-1.5559],[41.5042,-1.5067],[41.4962,-1.493],[41.4922,-1.4905],[41.4899,-1.4874],[41.4852,-1.4816],[41.4814,-1.4737],[41.4695,-1.4608],[41.4606,-1.4492],[41.4518,-1.4376],[41.4354,-1.415],[41.421,-1.3949],[41.4079,-1.3769],[41.3987,-1.3639],[41.3931,-1.3583],[41.3896,-1.3511],[41.3483,-1.299],[41.3232,-1.2646],[41.2921,-1.2234],[41.2779,-1.2022],[41.2685,-1.1895],[41.2535,-1.1697],[41.2079,-1.1102],[41.1916,-1.0886],[41.1663,-1.0525],[41.1621,-1.0471],[41.1435,-1.023],[41.0925,-0.9567],[41.077,-0.9354],[41.0332,-0.873],[41.0287,-0.8688],[41.0256,-0.866],[41.0011,-0.8343],[40.9999,-0.7567],[40.9997,-0.7454],[40.9994,-0.703],[40.9988,-0.6544],[40.999,-0.5823],[40.9999,-0.5726],[40.9988,-0.5408],[41.0011,-0.4999],[41.0004,-0.4942],[40.998,-0.434],[40.9999,-0.4218],[40.9978,-0.4032],[40.9999,-0.3953],[40.9992,-0.3453],[40.9997,-0.327],[41.0003,-0.2928],[41.0009,-0.265],[41.0014,-0.2391],[41.0011,-0.2259],[40.9995,-0.1378],[41.0002,-0.1323],[41.0001,-0.1266],[40.999,-0.1102],[41.0007,-0.0885],[41.0005,-2.0E-4],[40.9888,0.0143],[40.9893,0.0933],[40.991,0.1072],[40.9895,0.1165],[40.9898,0.1664],[40.99,0.2069],[40.9895,0.2406],[40.9896,0.2488],[40.9895,0.2844],[40.9893,0.3335],[40.9893,0.3664],[40.9893,0.3929],[40.99,0.4972],[40.9906,0.5397],[40.9909,0.6795],[40.99,0.7274],[40.9904,0.7917],[40.9906,0.8265],[40.9908,0.8585],[40.9908,0.8909],[40.9914,0.9113],[40.9912,0.9211],[40.9914,0.9653],[40.9906,0.9977],[40.99,1.0312],[40.9904,1.0803],[40.9902,1.1321],[40.9904,1.1647],[40.9906,1.2309],[40.991,1.2309],[40.9909,1.2465],[40.991,1.2882],[40.9914,1.4907],[40.9915,1.5642],[40.992,1.5743],[40.9915,1.6633],[40.9915,1.6704],[40.9908,1.7294],[40.9908,1.7564],[40.9912,1.7673],[40.9914,1.7857],[40.9923,1.8048],[40.9941,1.823],[40.9914,1.8315],[40.9904,1.9354],[40.991,1.9908],[40.9919,2.0117],[40.9912,2.0517],[40.9902,2.0947],[40.9914,2.1086],[40.9914,2.1352],[40.9909,2.2442],[40.9908,2.2898],[40.991,2.2898],[40.9908,2.3081],[40.991,2.3201],[40.9918,2.3298],[40.9921,2.365],[40.9921,2.4596],[40.992,2.5639],[40.9919,2.8295],[41.0768,2.9123],[41.1324,2.9696],[41.1543,2.9907],[41.2106,3.0446],[41.2445,3.0774],[41.2585,3.0908],[41.2872,3.1169],[41.2914,3.1211],[41.3094,3.1395],[41.3299,3.12],[41.33,3.12],[41.33,3.12],[41.3094,3.1395],[41.3285,3.1592],[41.5933,3.5408],[41.6087,3.5612],[41.6148,3.57],[41.6244,3.5848],[41.6367,3.6025],[41.6511,3.6243],[41.6605,3.6377],[41.666,3.6453],[41.6953,3.6859],[41.7065,3.7013],[41.7482,3.7594],[41.7526,3.7649],[41.7598,3.7731],[41.7634,3.7782],[41.791,3.8201],[41.8299,3.874],[41.8335,3.8772],[41.844,3.8907],[41.8457,3.8932],[41.8594,3.9117],[41.8659,3.9235],[41.8736,3.9376],[41.899,3.9754],[41.907,3.9781],[41.9131,3.9908],[41.9212,3.9939],[41.926,4.0021],[41.9433,4.0163],[41.949,4.0278],[41.946,4.0436],[41.9461,4.055],[41.9513,4.0618],[41.9667,4.0799],[41.9736,4.0794],[41.9791,4.0952],[41.9999,4.0933],[42.0111,4.1041],[42.021,4.1157],[42.0357,4.1328],[42.0447,4.1442],[42.0503,4.1505],[42.0596,4.1603],[42.0688,4.1683],[42.0772,4.1734],[42.0878,4.1793],[42.0966,4.1797],[42.1139,4.1797],[42.1346,4.1797],[42.159,4.1795],[42.1622,4.179],[42.1988,4.1791],[42.2283,4.1806],[42.257,4.1821],[42.3372,4.1869],[42.3724,4.1896],[42.404,4.1934],[42.4031,4.19],[42.4044,4.1934],[42.4424,4.1989],[42.4725,4.2023],[42.4851,4.2035],[42.4956,4.2024],[42.5245,4.2027],[42.5517,4.2058],[42.5692,4.2107],[42.5886,4.2157],[42.5997,4.2209],[42.6357,4.2345],[42.6509,4.2413],[42.6608,4.2454],[42.6714,4.2503],[42.688,4.256],[42.6983,4.2591],[42.715,4.2625],[42.7428,4.2642],[42.7702,4.2648],[42.8176,4.265],[42.8213,4.2662],[42.8296,4.2688],[42.8425,4.2757],[42.8508,4.2808],[42.8728,4.2977],[42.8843,4.307],[42.8984,4.319],[42.91,4.3314],[42.9293,4.3524],[42.9402,4.3649],[42.9528,4.3809],[42.97,4.4043],[42.9911,4.4387],[42.9966,4.4503],[43.0021,4.4597],[43.0065,4.4664],[43.0089,4.4715],[43.0115,4.4795],[43.0213,4.5236],[43.0232,4.5339],[43.0265,4.5423],[43.0305,4.5497],[43.035,4.5602],[43.0442,4.5722],[43.0541,4.5806],[43.0662,4.5908],[43.0811,4.6033],[43.1146,4.6261],[43.1493,4.6476],[43.1867,4.6693],[43.2187,4.6874],[43.2416,4.6995],[43.3013,4.7298],[43.3284,4.7433],[43.3417,4.7498],[43.4112,4.7837],[43.4344,4.7945],[43.442,4.7975],[43.4776,4.8096],[43.5437,4.8313],[43.5808,4.8431],[43.6476,4.8644],[43.6526,4.8663],[43.7669,4.8971],[43.8471,4.9184],[43.9725,4.9502],[44.0156,4.9605],[44.1677,4.9539],[44.2958,4.948],[44.591,4.9348],[44.6312,4.9331],[44.6852,4.9306],[44.7549,4.9274],[44.8478,4.9232],[44.9818,4.9173],[45.3201,5.2646],[45.4718,5.4202],[45.4748,5.4231],[45.5022,5.4516],[45.5352,5.4853],[45.5423,5.4923],[45.5666,5.5173],[45.7695,5.7256],[45.8333,5.7912],[46.1228,6.0881],[46.1426,6.1084],[46.2619,6.2309],[46.3868,6.359],[46.4408,6.4146],[46.4963,6.4714],[46.4963,6.4712],[46.521,6.4967],[46.5297,6.5056],[46.5403,6.5165],[46.5401,6.5165],[46.8793,6.8643],[46.9673,6.9549],[47.0287,7.0173],[47.0822,7.0724],[47.1844,7.1772],[47.2113,7.2052],[47.2404,7.2348],[47.2938,7.2898],[47.3393,7.3363],[47.3392,7.3364],[47.5579,7.5608],[47.5577,7.5608],[47.5598,7.5627],[47.9864,8.0001],[47.9669,8],[47.95,8],[47.9356,7.9999],[47.92,7.9999],[47.9179,7.9999],[47.7886,8],[47.4765,7.9997],[47.1315,7.9999],[47.0504,8],[47.0201,8.0001],[47.0118,7.9999],[47.0118,7.9999],[46.99,7.9997],[46.9896,8.0032],[46.9216,8.0279],[46.8869,8.038],[46.8604,8.0471],[46.7619,8.0821],[46.75,8.085],[46.7434,8.0877],[46.632,8.1266],[46.6158,8.1314],[46.5886,8.1409],[46.5793,8.1463],[46.5255,8.1619],[46.4846,8.1763],[46.4812,8.1791],[46.4561,8.1855],[46.4494,8.1893],[46.3481,8.2218],[46.3296,8.2298],[46.2941,8.2401],[46.2552,8.2539],[46.2552,8.2539],[46.2127,8.2678],[46.1938,8.2718],[46.1892,8.275],[46.1752,8.2798],[46.1249,8.2963],[46.1121,8.3007],[46.0994,8.3074],[46.0893,8.3078],[46.0684,8.3152],[46.0606,8.319],[46.0524,8.3203],[46.0387,8.3245],[45.929,8.3593],[45.9125,8.3666],[45.8926,8.3716],[45.8831,8.3753],[45.8335,8.3938],[45.822,8.3974],[45.7982,8.4048],[45.7564,8.4183],[45.665,8.4499],[45.6562,8.4511],[45.6428,8.4562],[45.6083,8.469],[45.5285,8.4949],[45.5211,8.4963],[45.5111,8.4991],[45.4947,8.5054],[45.4817,8.508],[45.4746,8.5105],[45.4623,8.5143],[45.4128,8.5309],[45.2703,8.5779],[45.2677,8.579],[45.2542,8.583],[45.2347,8.588],[45.12,8.6265],[45.1,8.6346],[45.0507,8.6498],[45.0021,8.6653],[44.9923,8.67],[44.8657,8.7112],[44.8317,8.7195],[44.8046,8.7329],[44.793,8.735],[44.7819,8.7398],[44.7751,8.7423],[44.7047,8.7671],[44.69,8.7723],[44.6654,8.78],[44.6049,8.8],[44.5883,8.8052],[44.5261,8.8265],[44.5198,8.8306],[44.5046,8.834],[44.4593,8.8486],[44.3814,8.8756],[44.3192,8.8944],[44.2752,8.9098],[44.2703,8.9118],[44.2522,8.9161],[44.2334,8.9227],[44.1766,8.9391],[44.0384,8.9858],[44.0327,8.9864],[44.0043,8.9972],[43.9876,9.0117],[43.9812,9.0176],[43.9251,9.0731],[43.9251,9.0731],[43.9251,9.0731],[43.909,9.0889],[43.896,9.1017],[43.8755,9.1259],[43.8728,9.1291],[43.8597,9.1425],[43.7707,9.2338],[43.7655,9.2373],[43.753,9.2501],[43.7432,9.2601],[43.7374,9.2661],[43.7182,9.2858],[43.7182,9.2858],[43.7182,9.2858],[43.678,9.3269],[43.6727,9.3319],[43.6677,9.3375],[43.6653,9.341],[43.6636,9.341],[43.6569,9.3499],[43.6466,9.3583],[43.6303,9.3587],[43.6115,9.3588],[43.5991,9.3595],[43.5939,9.3606],[43.5781,9.3675],[43.5758,9.3682],[43.5652,9.3728],[43.534,9.3812],[43.521,9.3869],[43.5111,9.3916],[43.4911,9.4019],[43.4681,9.4193],[43.4511,9.4385],[43.4475,9.4427],[43.4461,9.4437],[43.4339,9.467],[43.4264,9.484],[43.4136,9.5127],[43.4101,9.5329],[43.4053,9.5453],[43.3988,9.5527],[43.3752,9.5689],[43.3718,9.5755],[43.3611,9.5859],[43.3424,9.5979],[43.34,9.6006],[43.3239,9.6061],[43.3076,9.6081],[43.2992,9.611],[43.2931,9.6398],[43.2858,9.6776],[43.2702,9.7678],[43.2686,9.7895],[43.2569,9.8424],[43.2241,9.8601],[43.1817,9.8828],[43.161,9.8912],[43.1496,9.8997],[43.1451,9.8988],[43.1441,9.8925],[43.1384,9.8863],[43.1278,9.8863],[43.1154,9.8889],[43.1072,9.8929],[43.0977,9.8982],[43.0897,9.9043],[43.086,9.9085],[43.0654,9.9612],[43.0625,9.9657],[43.0177,10.0798],[43.0162,10.0826],[43.0106,10.0914],[42.9995,10.1014],[42.9914,10.107],[42.9772,10.1182],[42.9393,10.155],[42.8864,10.202],[42.8661,10.2229],[42.8593,10.2325],[42.8327,10.2778],[42.8265,10.294],[42.8162,10.3219],[42.8161,10.3219],[42.8045,10.3523],[42.7918,10.4043],[42.7643,10.4541],[42.7579,10.4685],[42.7468,10.5115],[42.7399,10.5205],[42.7325,10.5261],[42.7172,10.5303],[42.704,10.5391],[42.6987,10.5452],[42.6945,10.561],[42.6832,10.5919],[42.6831,10.6071],[42.6838,10.6088],[42.6854,10.6142],[42.6931,10.6253],[42.7045,10.6372],[42.7228,10.6513],[42.7488,10.694],[42.7674,10.7234],[42.7878,10.7495],[42.7964,10.7633],[42.813,10.7833],[42.8409,10.8231],[42.8557,10.8379],[42.8647,10.8549],[42.8709,10.8624],[42.8775,10.8735],[42.9088,10.9122],[42.9315,10.9482],[42.9601,10.9825],[42.9614,10.9844],[42.9795,11.012],[42.986,11.0219],[42.9917,11.0331],[42.9967,11.0431],[42.9978,11.047],[42.9998,11.0548],[43.0991,11.2163],[43.1932,11.3695],[43.2181,11.41],[43.2545,11.4694],[43.2546,11.4694],[43.2595,11.4676],[43.2722,11.4688],[43.2876,11.4712],[43.2933,11.469],[43.2974,11.4633],[43.3012,11.4618],[43.3057,11.4622],[43.307,11.4658],[43.3067,11.4682],[43.3005,11.4803],[43.298,11.483],[43.2849,11.4867],[43.286,11.4896],[43.2911,11.4903],[43.3023,11.4851],[43.3074,11.4799],[43.3151,11.4648],[43.3205,11.4463],[43.3312,11.4263],[43.3344,11.4254],[43.3436,11.433],[43.3457,11.4312],[43.3543,11.4137],[43.3861,11.3841],[43.3872,11.3831],[43.3894,11.3811],[43.391,11.3798],[43.41,11.3834],[43.4275,11.3789],[43.4309,11.3756],[43.4318,11.3675],[43.4347,11.3659],[43.4385,11.3637],[43.4473,11.3598],[43.4552,11.3517],[43.4596,11.3513],[43.4782,11.3577],[43.4868,11.365],[43.4984,11.3713],[43.5033,11.3707],[43.5045,11.3675],[43.4921,11.3598],[43.4837,11.3493],[43.4829,11.3428],[43.4821,11.3369],[43.4795,11.329],[43.4804,11.3217],[43.4855,11.3121],[43.4866,11.3032],[43.4934,11.2902],[43.4937,11.2668],[43.4961,11.2436],[43.4998,11.2317],[43.5161,11.1997],[43.518,11.1901],[43.5214,11.183],[43.529,11.1776],[43.5327,11.1766],[43.54,11.1783],[43.5277,11.1838],[43.5248,11.1867],[43.528,11.1884],[43.5538,11.1811],[43.556,11.1789],[43.5651,11.1471],[43.5748,11.1266],[43.5842,11.1122],[43.5986,11.0823],[43.6163,11.058],[43.6257,11.0449],[43.647,11.007],[43.659,10.9918],[43.6692,10.9739],[43.6745,10.9646],[43.6922,10.9408],[43.7118,10.9211],[43.7134,10.9195],[43.7157,10.9172],[43.7169,10.916],[43.7168,10.9159],[43.7222,10.9106],[43.7302,10.9025],[43.7319,10.9006],[43.7432,10.8878],[43.7578,10.8711],[43.7662,10.8615],[43.7827,10.8427],[43.7891,10.8354],[43.7931,10.8314],[43.8047,10.8194],[43.8239,10.7996],[43.8384,10.7846],[43.8425,10.7809],[43.8549,10.7694],[43.8572,10.7673],[43.8603,10.7647],[43.8715,10.7552],[43.8927,10.7374],[43.9105,10.7223],[43.9271,10.7083],[43.9295,10.7063],[43.9324,10.7036],[43.9443,10.6928],[43.9567,10.6813],[43.9777,10.6721],[43.995,10.6621],[44.0468,10.6206],[44.0579,10.6136],[44.0644,10.6087],[44.0829,10.5835],[44.0961,10.5719],[44.1102,10.562],[44.1175,10.558],[44.1233,10.5571],[44.1308,10.556],[44.1404,10.5527],[44.1486,10.5476],[44.1843,10.5186],[44.2017,10.5077],[44.2072,10.502],[44.2093,10.4999],[44.2291,10.4803],[44.2358,10.4736],[44.2386,10.4713],[44.2583,10.4542],[44.2843,10.4343],[44.2882,10.4314],[44.3202,10.4177],[44.3666,10.4013],[44.4104,10.3918],[44.4476,10.401],[44.4815,10.399],[44.5098,10.3929],[44.5229,10.3883],[44.5412,10.387],[44.5546,10.381],[44.5646,10.3796],[44.5945,10.3833],[44.6156,10.3821],[44.6225,10.3852],[44.6383,10.3882],[44.6525,10.3991],[44.6587,10.4015],[44.6634,10.4025],[44.6877,10.4077],[44.6978,10.41],[44.7163,10.4112],[44.7258,10.4175],[44.7522,10.421],[44.7596,10.419],[44.762,10.417],[44.7683,10.4171],[44.7766,10.4173],[44.7832,10.4155],[44.7941,10.4162],[44.7982,10.4195],[44.8017,10.4197],[44.8085,10.4166],[44.8146,10.4175],[44.8212,10.4185],[44.8275,10.4176],[44.8434,10.4103],[44.8622,10.409],[44.8806,10.4063],[44.8816,10.4052],[44.8832,10.4064],[44.9199,10.4079],[44.9297,10.4091],[44.9435,10.4108],[44.961,10.4171],[44.9956,10.4335],[45.0018,10.4386],[45.0054,10.4456],[45.0042,10.4486],[45,10.4496],[44.9925,10.4486],[44.9861,10.4437],[44.9831,10.4432],[44.9824,10.4457],[44.9855,10.4508],[45.0051,10.4578],[45.0234,10.467],[45.0479,10.475],[45.0646,10.4861],[45.0708,10.4943],[45.0746,10.4993],[45.0824,10.5062],[45.0847,10.5064],[45.0881,10.5086],[45.0967,10.51],[45.1294,10.5157],[45.145,10.5211],[45.1632,10.5327],[45.1895,10.5427],[45.2112,10.5513],[45.2336,10.5622],[45.2426,10.5692],[45.2566,10.584],[45.2697,10.6025],[45.2973,10.6298],[45.3245,10.6602],[45.3394,10.6631],[45.3602,10.6614],[45.3957,10.6619],[45.4057,10.6604],[45.422,10.6628],[45.4402,10.6622],[45.4605,10.6639],[45.4667,10.6669],[45.48,10.6839],[45.4906,10.6884],[45.5144,10.6913],[45.5184,10.6934],[45.5331,10.7086],[45.5551,10.7152],[45.5647,10.7206],[45.5718,10.726],[45.5765,10.7364],[45.5836,10.7437],[45.5925,10.7605],[45.5971,10.765],[45.6181,10.7655],[45.6318,10.7704],[45.6594,10.7832],[45.6707,10.7867],[45.6824,10.793],[45.7156,10.8172],[45.7552,10.8302],[45.7584,10.8327],[45.7677,10.8503],[45.7738,10.8575],[45.7803,10.8608],[45.8018,10.8631],[45.8074,10.8675],[45.8102,10.8674],[45.8196,10.859],[45.8409,10.8452],[45.8546,10.8393],[45.8578,10.8348],[45.8593,10.8254],[45.8622,10.8199],[45.8659,10.8172],[45.8734,10.8174],[45.8839,10.811],[45.8853,10.8138],[45.8827,10.8185],[45.8684,10.8273],[45.8648,10.8324],[45.8656,10.8356],[45.8786,10.8358],[45.9118,10.8216],[45.9746,10.7812],[45.9952,10.7768],[46.0231,10.7755],[46.0303,10.7731],[46.0305,10.773],[46.0389,10.7708],[46.0481,10.768],[46.0971,10.7624],[46.1116,10.7636],[46.1528,10.7719],[46.1688,10.7753],[46.2059,10.7807],[46.2364,10.7803],[46.2453,10.777],[46.2616,10.7643],[46.2869,10.7503],[46.2921,10.7469],[46.298,10.7404],[46.3204,10.7107],[46.3447,10.6897],[46.3524,10.6877],[46.3824,10.6873],[46.3983,10.6816],[46.4074,10.6817],[46.4158,10.6801],[46.4497,10.6808],[46.4931,10.6967],[46.5192,10.7106],[46.5821,10.7263],[46.5885,10.7275],[46.6104,10.7273],[46.6194,10.7303],[46.6286,10.7343],[46.6406,10.7355],[46.6666,10.7449],[46.6898,10.7608],[46.7061,10.7659],[46.7168,10.7767],[46.7233,10.779],[46.7417,10.7858],[46.744,10.7869],[46.7438,10.7871],[46.7585,10.7943],[46.7585,10.7943],[46.7589,10.7945],[46.7708,10.7976],[46.7804,10.8072],[46.7806,10.8073],[46.781,10.8077],[46.807,10.8186],[46.8069,10.8185],[46.807,10.8185],[46.8071,10.8186],[46.8074,10.8187],[46.8093,10.8207],[46.8071,10.8186],[46.807,10.8186],[46.8098,10.8212],[46.814,10.8259],[46.8157,10.8278],[46.816,10.8279],[46.8165,10.8281],[46.817,10.8282],[46.8187,10.8287],[46.82,10.829],[46.8229,10.8298],[46.8257,10.8306],[46.8277,10.8312],[46.8345,10.8354],[46.8395,10.8443],[46.8457,10.8502],[46.8623,10.8543],[46.8645,10.8554],[46.8705,10.8585],[46.8804,10.8707],[46.8885,10.8759],[46.8979,10.8891],[46.9009,10.8921],[46.9102,10.8947],[46.9214,10.8955],[46.9264,10.8988],[46.9337,10.9121],[46.9377,10.914],[46.9558,10.9128],[46.9626,10.9147],[46.9722,10.9233],[46.9848,10.9266],[46.9928,10.9317],[46.9985,10.9376],[47.0081,10.9533],[47.0119,10.9576],[47.0173,10.9607],[47.0306,10.9606],[47.0503,10.9635],[47.0627,10.9728],[47.0829,10.9757],[47.0997,10.9837],[47.1075,10.9925],[47.1126,11.0141],[47.1186,11.0224],[47.1335,11.0342],[47.1422,11.041],[47.1447,11.0473],[47.146,11.0588],[47.1503,11.0625],[47.1732,11.0705],[47.2177,11.0862],[47.2387,11.0969],[47.2563,11.1144],[47.2759,11.1184],[47.2942,11.1282],[47.3095,11.132],[47.3342,11.1451],[47.3553,11.1531],[47.3783,11.1585],[47.3923,11.1683],[47.4033,11.1697],[47.4221,11.1754],[47.4456,11.1728],[47.4561,11.1782],[47.4609,11.1791],[47.474,11.1774],[47.4911,11.1807],[47.5063,11.1811],[47.5354,11.1778],[47.5479,11.1749],[47.5488,11.1747],[47.5574,11.1694],[47.5769,11.1505],[47.5963,11.1375],[47.6103,11.1303],[47.6186,11.1239],[47.6265,11.1177],[47.6419,11.1098],[47.6425,11.1094],[47.6664,11.0936],[47.6744,11.0902],[47.6844,11.0892],[47.6995,11.0896],[47.7205,11.0947],[47.7641,11.1119],[47.8022,11.1221],[47.8184,11.1169],[47.845,11.1139],[47.8593,11.1112],[47.8636,11.1104],[47.8676,11.1104],[47.8812,11.111],[47.9135,11.1218],[47.9256,11.123],[47.9406,11.1171],[47.9718,11.1124],[47.9869,11.1164],[48.0076,11.1142],[48.0246,11.115],[48.0417,11.1194],[48.0479,11.1212],[48.0583,11.1244],[48.0736,11.124],[48.0927,11.1287],[48.0997,11.1276],[48.1077,11.1239],[48.1223,11.1279],[48.1356,11.1249],[48.1535,11.1292],[48.1746,11.1458],[48.1853,11.1525],[48.1909,11.1604],[48.2028,11.1731],[48.208,11.1786],[48.2235,11.1867],[48.2346,11.2008],[48.2416,11.2045],[48.2623,11.2085],[48.2881,11.2134],[48.2988,11.2184],[48.3007,11.2192],[48.314,11.228],[48.3172,11.2301],[48.3184,11.2316],[48.3246,11.2389],[48.3344,11.2465],[48.3374,11.2488],[48.3464,11.2599],[48.355,11.2672],[48.3601,11.2698],[48.3862,11.2724],[48.3931,11.2791],[48.4041,11.2808],[48.4404,11.2805],[48.4621,11.2803],[48.4742,11.2826],[48.4872,11.2882],[48.5174,11.3058],[48.53,11.3097],[48.5433,11.3105],[48.575,11.306],[48.6041,11.307],[48.6194,11.3109],[48.646,11.3216],[48.662,11.3225],[48.7019,11.3075],[48.7162,11.3055],[48.7737,11.2907],[48.7936,11.2843],[48.8153,11.2748],[48.8187,11.2733],[48.8367,11.2628],[48.8579,11.2564],[48.8796,11.2465],[48.9178,11.2389],[48.9247,11.2377],[48.9553,11.2384],[48.984,11.2447],[48.9913,11.247],[48.9986,11.2494],[49.0064,11.2519],[49.0149,11.2546],[49.0168,11.2546],[49.0275,11.2544],[49.0319,11.2555],[49.0512,11.2638],[49.0806,11.268],[49.1097,11.275],[49.1439,11.2787],[49.1527,11.2806],[49.1734,11.286],[49.1835,11.2902],[49.1937,11.2898],[49.2161,11.2962],[49.2396,11.2985],[49.2729,11.3128],[49.2813,11.3176],[49.2906,11.3252],[49.296,11.3328],[49.2995,11.3342],[49.3095,11.3337],[49.32,11.3308],[49.3249,11.3302],[49.3345,11.3291],[49.3836,11.3278],[49.3862,11.3278],[49.4153,11.3325],[49.422,11.3336],[49.4353,11.3397],[49.4437,11.3478],[49.4456,11.354],[49.4647,11.3593],[49.4702,11.3641],[49.4742,11.3733],[49.4992,11.3761],[49.5094,11.3809],[49.5285,11.4027],[49.5469,11.4395],[49.5532,11.4455],[49.563,11.4479],[49.5758,11.4512],[49.5937,11.4519],[49.6026,11.4537],[49.6287,11.4537],[49.6401,11.4578],[49.6558,11.459],[49.6658,11.4656],[49.6739,11.4694],[49.6779,11.4713],[49.6815,11.4729],[49.6922,11.4773],[49.7243,11.4628],[49.7427,11.458],[49.7469,11.4576],[49.7621,11.4563],[49.7954,11.4579],[49.8054,11.4563],[49.8241,11.4574],[49.8319,11.4593],[49.8449,11.4624],[49.8614,11.4682],[49.8996,11.4892],[49.9118,11.4989],[49.9171,11.4986],[49.9255,11.4906],[49.9318,11.4873],[49.9395,11.4807],[49.9411,11.4841],[49.94,11.4887],[49.9251,11.4961],[49.9241,11.4979],[49.9272,11.5046],[49.9321,11.5076],[49.9395,11.5094],[49.9549,11.5092],[49.9694,11.5036],[49.9751,11.5026],[49.9799,11.5018],[50.0083,11.5024],[50.0143,11.502],[50.0299,11.501],[50.0425,11.502],[50.064,11.5037],[50.0784,11.5068],[50.0832,11.5086],[50.0892,11.5109],[50.1006,11.5194],[50.1119,11.5247],[50.1221,11.5375],[50.1375,11.537],[50.1473,11.5455],[50.1567,11.5506],[50.1672,11.554],[50.1698,11.5543],[50.184,11.556],[50.1935,11.5606],[50.2099,11.5598],[50.2157,11.5616],[50.2346,11.5747],[50.2605,11.5806],[50.2698,11.5843],[50.2762,11.5895],[50.2806,11.5985],[50.2893,11.6063],[50.3014,11.6136],[50.3189,11.6184],[50.3503,11.6335],[50.3503,11.6337],[50.3566,11.6366],[50.3783,11.6515],[50.3876,11.6563],[50.4175,11.6643],[50.4315,11.6704],[50.4496,11.6865],[50.4718,11.7064],[50.4809,11.7167],[50.4837,11.7199],[50.4874,11.7246],[50.4902,11.7282],[50.4928,11.7315],[50.5113,11.7639],[50.5131,11.7672],[50.5213,11.7843],[50.5276,11.7891],[50.5311,11.7949],[50.5365,11.8114],[50.5413,11.8336],[50.5467,11.8484],[50.5516,11.8598],[50.5529,11.8628],[50.5615,11.8777],[50.5624,11.8837],[50.5548,11.8748],[50.5453,11.857],[50.5414,11.8498],[50.5371,11.8399],[50.5258,11.7967],[50.5225,11.796],[50.5218,11.7997],[50.53,11.828],[50.5393,11.8601],[50.5525,11.8844],[50.5546,11.887],[50.5588,11.892],[50.5815,11.9121],[50.5899,11.9155],[50.6035,11.9244],[50.6232,11.9271],[50.6274,11.931],[50.6302,11.9388],[50.6325,11.9409],[50.6384,11.9408],[50.6734,11.9331],[50.707,11.9454],[50.7226,11.9523],[50.7265,11.954],[50.7363,11.956],[50.7532,11.9624],[50.766,11.9649],[50.7761,11.9722],[50.7878,11.9733],[50.7934,11.9778],[50.792,11.9799],[50.7857,11.9803],[50.7798,11.9807],[50.7719,11.9775],[50.7655,11.9704],[50.7632,11.9719],[50.763,11.972],[50.7667,11.9778],[50.7696,11.9821],[50.7738,11.9844],[50.7759,11.9845],[50.789,11.9851],[50.7916,11.9852],[50.7988,11.9836],[50.8058,11.9794],[50.8137,11.9715],[50.8199,11.9653],[50.8249,11.9619],[50.8314,11.9574],[50.8514,11.947],[50.8586,11.9437],[50.8842,11.94],[50.8929,11.9387],[50.9041,11.9398],[50.9202,11.9312],[50.9558,11.9218],[51.0008,11.9014],[51.0178,11.8903],[51.0543,11.8726],[51.0644,11.8716],[51.0849,11.8728],[51.1001,11.87],[51.1158,11.8704],[51.1403,11.8739],[51.1454,11.8722],[51.1614,11.8623],[51.1689,11.8555],[51.1822,11.8506],[51.215,11.8433],[51.2323,11.8354],[51.2458,11.8353],[51.247,11.8357],[51.2597,11.8402],[51.2631,11.8414],[51.2731,11.8418],[51.281,11.8381],[51.2848,11.8337],[51.2868,11.8238],[51.2846,11.8116],[51.2666,11.7756],[51.2586,11.7642],[51.2567,11.7566],[51.2582,11.741],[51.2556,11.7311],[51.2474,11.7194],[51.2445,11.7123],[51.2542,11.6946],[51.2554,11.6874],[51.2529,11.6767],[51.2406,11.6505],[51.2282,11.6446],[51.2254,11.6419],[51.2193,11.6254],[51.2157,11.6213],[51.2071,11.6172],[51.1871,11.5874],[51.1739,11.5762],[51.1648,11.5646],[51.1624,11.5606],[51.1575,11.5524],[51.1497,11.535],[51.1349,11.5156],[51.1248,11.5023],[51.1198,11.4917],[51.12,11.4869],[51.123,11.4784],[51.1232,11.468],[51.1254,11.4582],[51.125,11.4563],[51.1241,11.4496],[51.1206,11.4285],[51.1119,11.4051],[51.1128,11.4003],[51.1062,11.3914],[51.0953,11.3656],[51.084,11.3389],[51.0826,11.3317],[51.0799,11.3177],[51.0779,11.2962],[51.0802,11.2862],[51.0809,11.2833],[51.074,11.2624],[51.0757,11.2224],[51.0758,11.2198],[51.0772,11.2136],[51.0864,11.1869],[51.0941,11.1735],[51.0963,11.1695],[51.1002,11.1641],[51.1111,11.156],[51.136,11.151],[51.1483,11.1511],[51.1579,11.1465],[51.17,11.1494],[51.177,11.1471],[51.1793,11.144],[51.1798,11.1416],[51.1804,11.1388],[51.1785,11.1314],[51.1602,11.1065],[51.158,11.0957],[51.1527,11.0839],[51.1416,11.0593],[51.1323,11.0389],[51.1242,11.0053],[51.1239,11.0025],[51.1213,10.98],[51.1205,10.9733],[51.1166,10.9399],[51.1191,10.8966],[51.1205,10.8899],[51.1209,10.888],[51.1212,10.8867],[51.1216,10.8839],[51.1227,10.8771],[51.1234,10.8598],[51.1244,10.8341],[51.1248,10.8242],[51.1252,10.8137],[51.126,10.8032],[51.1271,10.7891],[51.1281,10.7769],[51.1291,10.7648],[51.1299,10.7541],[51.1288,10.7397],[51.1274,10.7228],[51.13,10.6899],[51.1313,10.6729],[51.1336,10.6692],[51.1422,10.666],[51.1454,10.6593],[51.1491,10.6293],[51.1509,10.6142],[51.1677,10.5797],[51.1693,10.5737],[51.1658,10.5663],[51.1604,10.5638],[51.1465,10.5603],[51.1239,10.5597],[51.1151,10.5563],[51.1053,10.5499],[51.1029,10.5447],[51.1041,10.5423],[51.1096,10.5389],[51.1103,10.5366],[51.1056,10.5338],[51.1047,10.5315],[51.1074,10.523],[51.1049,10.5184],[51.1102,10.5124],[51.1106,10.5051],[51.1082,10.4943],[51.1016,10.4821],[51.0927,10.4689],[51.0846,10.4616],[51.0571,10.4571],[51.0399,10.4568],[51.0322,10.4527],[51.0308,10.451],[51.0266,10.4463],[51.0259,10.4421],[51.0298,10.4384],[51.0312,10.4223],[51.0295,10.4152],[51.0221,10.4215],[51.0193,10.4217],[51.0172,10.4197],[51.0197,10.4141],[51.019,10.4077],[51.0218,10.4049],[51.0297,10.407],[51.0378,10.4037],[51.0427,10.4044],[51.0526,10.4123],[51.0559,10.4151],[51.0637,10.4187],[51.0816,10.4207],[51.0873,10.4213],[51.0998,10.4247],[51.1033,10.4256],[51.1201,10.4301],[51.1368,10.4293],[51.1449,10.43],[51.1679,10.432],[51.1833,10.4334],[51.189,10.4331],[51.1999,10.4324],[51.2097,10.4319],[51.216,10.4315],[51.2283,10.4308],[51.2337,10.4322],[51.234,10.4328],[51.2356,10.4361],[51.2335,10.4416],[51.2284,10.4451],[51.2273,10.452],[51.2238,10.4534],[51.2219,10.4479],[51.2168,10.4555],[51.2121,10.4626],[51.1966,10.474],[51.1938,10.4788],[51.1922,10.4857],[51.1946,10.4947],[51.1969,10.4981],[51.1995,10.502],[51.2005,10.5091],[51.1987,10.5202],[51.1971,10.5266],[51.1828,10.5416],[51.1755,10.5571],[51.1776,10.5605],[51.1815,10.5589],[51.1921,10.5381],[51.1992,10.5312],[51.2185,10.5235],[51.2367,10.5066],[51.2504,10.5014],[51.2597,10.4947],[51.2729,10.4916],[51.2914,10.4794],[51.2999,10.4756],[51.3097,10.4746],[51.3185,10.4707],[51.3294,10.4708],[51.3318,10.4719],[51.3513,10.4801],[51.3648,10.4809],[51.3745,10.4797],[51.388,10.4748],[51.3905,10.472],[51.392,10.4605],[51.398,10.4517],[51.3998,10.4507],[51.4124,10.4433],[51.413,10.4397],[51.4048,10.4245],[51.4017,10.4149],[51.3961,10.4104],[51.3928,10.3946],[51.3897,10.3898],[51.3834,10.385],[51.3752,10.3834],[51.3729,10.3816],[51.371,10.3775],[51.3751,10.3648],[51.374,10.3621],[51.3603,10.3688],[51.351,10.3663],[51.3482,10.3673],[51.3406,10.3742],[51.3362,10.3756],[51.3316,10.3759],[51.3208,10.3723],[51.3032,10.3733],[51.2892,10.3683],[51.2848,10.3695],[51.277,10.3751],[51.2684,10.3763],[51.2654,10.3796],[51.2638,10.3846],[51.2683,10.4028],[51.2668,10.4094],[51.2624,10.4131],[51.2448,10.4217],[51.2375,10.4221],[51.2233,10.4229],[51.2121,10.4236],[51.1774,10.4185],[51.1726,10.4182],[51.164,10.4178],[51.1617,10.4177],[51.1098,10.4053],[51.0847,10.4025],[51.0663,10.3969],[51.047,10.3958],[51.0158,10.3822],[50.9594,10.3472],[50.9496,10.3412],[50.9398,10.3368],[50.9364,10.3353],[50.8991,10.31],[50.897,10.3054],[50.894,10.2565],[50.8947,10.2426],[50.8957,10.2243],[50.9023,10.1909],[50.902,10.1829],[50.8939,10.135],[50.8925,10.1293],[50.8905,10.1219],[50.8837,10.1046],[50.8821,10.0957],[50.8861,10.0757],[50.8877,10.0527],[50.8959,10.0248],[50.8961,10.0198],[50.8963,10.0171],[50.8946,10.0101],[50.8983,9.992],[50.8922,9.9821],[50.8863,9.9647],[50.8852,9.9589],[50.8794,9.9269],[50.8764,9.9155],[50.8699,9.8903],[50.8695,9.8867],[50.8695,9.8865],[50.8694,9.8863],[50.8682,9.8761],[50.8654,9.8713],[50.8531,9.8585],[50.8514,9.8546],[50.843,9.8011],[50.8421,9.7959],[50.8394,9.7826],[50.8355,9.7638],[50.8338,9.7556],[50.8322,9.7476],[50.8349,9.7348],[50.8339,9.7201],[50.8294,9.7042],[50.8301,9.6923],[50.8284,9.6801],[50.8252,9.6749],[50.8207,9.6673],[50.8239,9.6574],[50.8175,9.6361],[50.807,9.6171],[50.8055,9.6024],[50.8006,9.5816],[50.7996,9.5706],[50.7986,9.5606],[50.8021,9.5507],[50.8013,9.5388],[50.8047,9.5261],[50.804,9.5133],[50.8049,9.508],[50.806,9.5015],[50.811,9.4935],[50.8161,9.4891],[50.8285,9.4819],[50.8381,9.4787],[50.8434,9.4738],[50.8466,9.4657],[50.8433,9.4559],[50.83,9.4293],[50.8271,9.4176],[50.82,9.4039],[50.8101,9.3847],[50.7965,9.3642],[50.7923,9.3579],[50.7907,9.3555],[50.7721,9.3352],[50.7635,9.3183],[50.757,9.3095],[50.7456,9.2945],[50.7382,9.2876],[50.7196,9.2806],[50.7052,9.268],[50.6878,9.2417],[50.6802,9.235],[50.6715,9.2273],[50.6616,9.2147],[50.6579,9.2084],[50.6563,9.2056],[50.6551,9.2035],[50.652,9.1897],[50.65,9.1844],[50.6457,9.1724],[50.6442,9.1585],[50.6451,9.1466],[50.6504,9.1332],[50.6512,9.119],[50.6472,9.0942],[50.6409,9.077],[50.6214,9.0514],[50.6038,9.0432],[50.5864,9.0276],[50.5748,9.0072],[50.5613,8.9951],[50.5583,8.9932],[50.546,8.9853],[50.5248,8.9678],[50.5024,8.9494],[50.4928,8.9407],[50.4714,8.9213],[50.464,8.912],[50.4547,8.9031],[50.4508,8.8994],[50.4472,8.8976],[50.4457,8.8968],[50.4434,8.8932],[50.4434,8.8867],[50.4399,8.8803],[50.4281,8.8662],[50.4227,8.8563],[50.4174,8.8531],[50.4144,8.8464],[50.4123,8.8343],[50.4093,8.8287],[50.4078,8.826],[50.405,8.7849],[50.4047,8.7808],[50.4008,8.7728],[50.3976,8.7661],[50.3972,8.7653],[50.3911,8.7543],[50.3878,8.7483],[50.385,8.7262],[50.3842,8.7196],[50.3825,8.7063],[50.3795,8.6962],[50.3742,8.6896],[50.3704,8.6866],[50.3677,8.6846],[50.3625,8.6795],[50.3559,8.6731],[50.3543,8.6715],[50.3386,8.6502],[50.3304,8.6296],[50.3257,8.5998],[50.328,8.5862],[50.3328,8.5786],[50.3339,8.5708],[50.333,8.555],[50.3318,8.5543],[50.332,8.5509],[50.3248,8.5342],[50.319,8.5256],[50.311,8.5138],[50.3061,8.5064],[50.298,8.4969],[50.2917,8.4895],[50.2816,8.4833],[50.2758,8.4736],[50.244,8.4458],[50.2351,8.4341],[50.2288,8.4237],[50.2246,8.4087],[50.2239,8.405],[50.2207,8.4005],[50.2127,8.3949],[50.2077,8.3904],[50.2024,8.3846],[50.1931,8.3694],[50.1911,8.3654],[50.1857,8.3503],[50.1851,8.3366],[50.1829,8.3319],[50.177,8.3293],[50.1749,8.3286],[50.1751,8.3285],[50.1745,8.3283],[50.1702,8.327],[50.1626,8.3203],[50.1566,8.31],[50.1538,8.2924],[50.1472,8.2836],[50.1456,8.2693],[50.1464,8.2569],[50.1432,8.2453],[50.1374,8.2358],[50.1294,8.1989],[50.1142,8.1831],[50.0879,8.1612],[50.0746,8.1498],[50.0624,8.1366],[50.0551,8.132],[50.0435,8.1259],[50.0181,8.1167],[49.9838,8.0953],[49.9374,8.0487],[49.9233,8.0325],[49.9025,8.0091],[49.8903,7.9981],[49.8858,7.9918],[49.8603,7.9598],[49.8554,7.9571],[49.8497,7.9576],[49.8395,7.964],[49.8395,7.9615],[49.8503,7.9532],[49.8485,7.9495],[49.8352,7.9349],[49.8269,7.9206],[49.8221,7.9094],[49.8151,7.8751],[49.8109,7.8412],[49.8098,7.8172],[49.8125,7.8121],[49.8178,7.8058],[49.8168,7.7967],[49.8191,7.7926],[49.8216,7.7898],[49.8289,7.7883],[49.8364,7.7898],[49.8392,7.7873],[49.838,7.7843],[49.8313,7.778],[49.8301,7.7724],[49.8311,7.77],[49.835,7.7679],[49.8363,7.7652],[49.8294,7.7536],[49.8254,7.7473],[49.8311,7.738],[49.8235,7.7253],[49.8209,7.722],[49.8028,7.6992],[49.7969,7.6886],[49.7872,7.6796],[49.7805,7.6706],[49.7728,7.6534],[49.7685,7.6377],[49.7672,7.6209],[49.766,7.615],[49.7604,7.5984],[49.7487,7.573],[49.7403,7.5562],[49.7328,7.5431],[49.7122,7.5052],[49.6977,7.4751],[49.6787,7.4406],[49.6499,7.3978],[49.6316,7.4188],[49.6497,7.398],[49.6297,7.3682],[49.6043,7.3301],[49.5766,7.2958],[49.546,7.2536],[49.5431,7.2501],[49.5296,7.2345],[49.5277,7.2317],[49.5218,7.2218],[49.5174,7.2157],[49.5124,7.2094],[49.5043,7.1982],[49.474,7.1578],[49.4586,7.1329],[49.4455,7.1125],[49.4263,7.0813],[49.3975,7.0495],[49.3962,7.047],[49.3773,7.0141],[49.3732,7.0057],[49.3621,6.9823],[49.3544,6.9697],[49.3364,6.9422],[49.325,6.929],[49.3195,6.9147],[49.3126,6.9081],[49.3068,6.893],[49.3021,6.8873],[49.3008,6.8846],[49.2971,6.8782],[49.2953,6.874],[49.2894,6.8631],[49.2866,6.8567],[49.2595,6.8131],[49.2586,6.8106],[49.2574,6.8041],[49.2513,6.8003],[49.2502,6.7983],[49.245,6.79],[49.2382,6.7766],[49.2269,6.7559],[49.2112,6.7339],[49.2087,6.7246],[49.2072,6.703],[49.2057,6.6998],[49.1984,6.6859],[49.1908,6.6661],[49.1788,6.6353],[49.1737,6.6218],[49.1713,6.6173],[49.1641,6.6014],[49.1533,6.578],[49.1459,6.5649],[49.1443,6.5511],[49.1327,6.53],[49.1263,6.5171],[49.1127,6.4853],[49.0897,6.4105],[49.0851,6.3899],[49.0804,6.3494],[49.0802,6.3375],[49.079,6.3237],[49.0808,6.3122],[49.085,6.2978],[49.0836,6.282],[49.0619,6.2136],[49.0544,6.1924],[49.0478,6.1811],[49.0341,6.1483],[49.0246,6.1284],[49.0089,6.0939],[48.9884,6.0505],[48.9652,6.0082],[48.9629,6.0054],[48.9477,5.985],[48.9395,5.9653],[48.9311,5.9525],[48.9195,5.9329],[48.9045,5.9041],[48.895,5.8908],[48.8887,5.879],[48.8796,5.8634],[48.8584,5.8318],[48.8472,5.8122],[48.8283,5.7791],[48.7876,5.7202],[48.7792,5.7071],[48.7307,5.6315],[48.7172,5.6091],[48.6989,5.5778],[48.6867,5.5569],[48.6768,5.5363],[48.6648,5.5133],[48.6519,5.4933],[48.6138,5.4435],[48.5702,5.3864],[48.5422,5.3562],[48.5369,5.3496],[48.5367,5.3443],[48.5374,5.3404],[48.5344,5.3348],[48.4518,5.2333],[48.4303,5.2066],[48.4067,5.1743],[48.3897,5.152],[48.3739,5.1277],[48.3625,5.1172],[48.3532,5.1021],[48.3253,5.0685],[48.3174,5.0593],[48.3155,5.0571],[48.2868,5.0163],[48.2575,4.9746],[48.2405,4.9451],[48.2228,4.9207],[48.1971,4.8837],[48.1785,4.845],[48.1747,4.8377],[48.1709,4.8286],[48.1638,4.8091],[48.1537,4.7896],[48.1482,4.7806],[48.1324,4.7538],[48.1206,4.7342],[48.1168,4.7269],[48.109,4.7085],[48.097,4.6889],[48.0852,4.6658],[48.057,4.6274],[48.0399,4.6009],[48.0191,4.5638],[48.0087,4.5403],[48.0079,4.5375],[47.9919,4.5153],[47.9868,4.5065],[47.9674,4.4743],[47.9401,4.4397],[47.9215,4.4207],[47.9068,4.4058],[47.8728,4.3757],[47.863,4.3657],[47.8426,4.3408],[47.8304,4.3286],[47.8302,4.3287],[47.8023,4.2907],[47.7922,4.2781],[47.769,4.2503],[47.7505,4.2254],[47.7397,4.2147],[47.7135,4.1921],[47.6886,4.1656],[47.6755,4.1452],[47.6594,4.1327],[47.6582,4.1302],[47.623,4.0947],[47.575,4.0367],[47.567,4.0283],[47.5381,3.9969],[47.5202,3.9762],[47.484,3.9341],[47.4282,3.8693],[47.4039,3.8487],[47.3767,3.8256],[47.3579,3.8074],[47.3143,3.7656],[47.2964,3.7483],[47.2853,3.7394],[47.2606,3.7131],[47.2478,3.6979],[47.2208,3.6731],[47.2099,3.6627],[47.2052,3.6575],[47.198,3.6465],[47.1831,3.6292],[47.1695,3.6153],[47.1391,3.5753],[47.1351,3.5709],[47.1001,3.5344],[47.0734,3.5041],[47.0369,3.471],[47.0367,3.4712],[47.0241,3.4599],[47.0155,3.4513],[47.004,3.4398],[46.9927,3.427],[46.9754,3.4066],[46.9695,3.4],[46.9486,3.3783],[46.9099,3.3375],[46.8719,3.293],[46.8578,3.2711],[46.8356,3.2375],[46.8212,3.2208],[46.81,3.2071],[46.7932,3.1906],[46.7514,3.1491],[46.743,3.1432],[46.7333,3.1323],[46.7334,3.1322],[46.6748,3.0651],[46.6707,3.0613],[46.6025,2.9995],[46.5757,2.9719],[46.5395,2.9452],[46.5355,2.9423],[46.5165,2.9243],[46.5144,2.9232],[46.4965,2.9123],[46.4847,2.9041],[46.4697,2.8926],[46.4601,2.886],[46.4542,2.8809],[46.4477,2.8754],[46.4064,2.8295],[46.3826,2.8114],[46.345,2.7863],[46.3423,2.784],[46.3379,2.7796],[46.3344,2.7734],[46.3326,2.7695],[46.3307,2.7585],[46.3271,2.7547],[46.3194,2.7529],[46.3103,2.7478],[46.3012,2.7385],[46.2976,2.7158],[46.2947,2.7113],[46.2911,2.7078],[46.281,2.6983],[46.2614,2.6861],[46.2498,2.6755],[46.2277,2.6614],[46.2159,2.6498],[46.1923,2.6227],[46.1753,2.5999],[46.1704,2.5951],[46.1672,2.586],[46.1662,2.5855],[46.1557,2.5801],[46.146,2.5712],[46.142,2.5678],[46.1257,2.5489],[46.1201,2.539],[46.117,2.53],[46.1074,2.5189],[46.103,2.5144],[46.0764,2.4962],[46.0655,2.4872],[46.0324,2.455],[46.0014,2.4229],[45.9795,2.4097],[45.9639,2.3993],[45.9368,2.3766],[45.9277,2.3732],[45.8991,2.3524],[45.8786,2.3399],[45.8354,2.317],[45.8337,2.3106],[45.831,2.3087],[45.8173,2.3068],[45.8118,2.3028],[45.8058,2.2961],[45.8019,2.2942],[45.7937,2.2929],[45.7554,2.2658],[45.7244,2.2489],[45.6899,2.2259],[45.6838,2.2245],[45.6751,2.2196],[45.6604,2.2074],[45.6524,2.2061],[45.6465,2.2013],[45.6389,2.2007],[45.6159,2.1842],[45.6141,2.183],[45.5965,2.1699],[45.5647,2.1554],[45.5449,2.1423],[45.5194,2.1255],[45.4962,2.113],[45.4758,2.0996],[45.4697,2.0964],[45.4601,2.0917],[45.4526,2.088],[45.4409,2.0783],[45.4394,2.0775],[45.429,2.072],[45.4247,2.069],[45.3942,2.0476],[45.3937,2.0473],[45.3797,2.0422],[45.3749,2.0399],[45.3475,2.0267],[45.3463,2.0258],[45.3311,2.0142],[45.3182,2.0079],[45.3037,2.0024],[45.2903,1.9988],[45.2892,1.9986],[45.2689,1.9856],[45.2578,1.9786],[45.2354,1.9685],[45.2266,1.9601],[45.2106,1.959],[45.208,1.9527],[45.2063,1.9516],[45.2032,1.9514],[45.1979,1.9533],[45.1933,1.9523],[45.1819,1.9458],[45.1596,1.9302],[45.1327,1.9236],[45.1202,1.914],[45.1168,1.912],[45.1041,1.9098],[45.0941,1.9045],[45.0935,1.9045],[45.0865,1.8977],[45.0741,1.8951],[45.0637,1.8892],[45.0565,1.8828],[45.0468,1.877],[45.0286,1.8662],[45.0084,1.8524],[44.9735,1.8284],[44.9598,1.8235],[44.9309,1.8045],[44.9177,1.7995],[44.896,1.7846],[44.8801,1.7737],[44.814,1.7359],[44.7796,1.7146],[44.7615,1.7034],[44.7565,1.6976],[44.7532,1.6881],[44.75,1.6856],[44.7428,1.6837],[44.7308,1.6736],[44.7161,1.6682],[44.691,1.6473],[44.6806,1.6416],[44.6699,1.64],[44.6592,1.6336],[44.6404,1.6183],[44.6218,1.5983],[44.6164,1.5957],[44.6079,1.5977],[44.6045,1.5965],[44.5943,1.5854],[44.5827,1.5726],[44.5684,1.5647],[44.5513,1.5483],[44.5406,1.5416],[44.525,1.5276],[44.5129,1.5213],[44.4924,1.5054],[44.4726,1.483]]]]},"properties":{"code":null,"name":"Federal Govt of Somalia","level":"1","parentGraph":"","groups":[]}},{"type":"Feature","id":"qtrUAh9NRZJ","geometry":{"type":"Polygon","coordinates":[[[45.5351,5.4851],[45.5562,5.5067],[46.5232,6.4989],[46.5404,6.5165],[47.6,6.28],[47.3507,5.7516],[47.47,5.57],[47.61,5.19],[47.5,4.49],[47.8336,4.3316],[47.751,4.226],[47.6907,4.1681],[47.6757,4.1454],[47.624,4.0961],[47.4285,3.8695],[47.378,3.8268],[47.2158,3.6687],[47.1377,3.5737],[47.0723,3.503],[47.0366,3.4711],[46.39,3.89],[46.4,4.23],[46.15,4.43],[46.11,4.74],[46.21,4.94],[46.23,5.08],[46.04,5.03],[45.71,5.11],[45.67,5.19],[45.5351,5.4851]]]},"properties":{"code":"13400","name":"Galgadud Region","level":"3","parent":"LivyEhgoFAH","parentGraph":"l2RjGNB0Rwe/LivyEhgoFAH","groups":[]}},{"type":"Feature","id":"TZ6OubFf2KD","geometry":{"type":"Polygon","coordinates":[[[42.4,1.95],[41.64,1.94],[41.42,1.26],[40.9907,1.2307],[40.9918,1.6192],[40.9903,1.942],[40.9918,2.0175],[40.9909,2.3196],[40.9921,2.5288],[40.9921,2.8296],[41.1335,2.9708],[41.3281,3.1586],[41.4644,3.3552],[41.6614,3.6392],[41.8298,3.8738],[41.8602,3.9127],[41.8991,3.9755],[41.9435,4.0167],[41.9462,4.0557],[41.979,4.0952],[42,4.0934],[42.0511,4.1515],[42.0877,4.1794],[42.1967,4.1789],[42.371,4.1895],[42.4858,4.2033],[42.5266,4.2029],[42.5879,4.2154],[42.6715,4.2505],[42.7099,4.2618],[42.8173,4.2649],[42.849,4.2796],[42.8842,4.307],[42.89,4.29],[43.1,3.93],[43.14,3.85],[43.12,3.67],[43.1,3.23],[43.1,3.06],[42.93,3.04],[42.6,3.07],[42.5417,2.7494],[42.51,2.57],[42.4,1.95]]]},"properties":{"code":"13500","name":"Gedo Region","level":"3","parent":"SkCh5O8W0No","parentGraph":"l2RjGNB0Rwe/SkCh5O8W0No","groups":[]}},{"type":"Feature","id":"spjbZBQ3MbS","geometry":{"type":"Polygon","coordinates":[[[45.5351,5.4851],[45.67,5.19],[45.71,5.11],[46.04,5.03],[46.23,5.08],[46.21,4.94],[46.11,4.74],[46.15,4.43],[46.4,4.23],[46.39,3.89],[46.08,3.57],[46.03,3.52],[45.94,3.25],[45.27,3.2],[45.15,3.21],[45.07,3.25],[44.78,3.27],[44.77,3.7],[44.8,3.86],[44.75,4.07],[44.68,4.41],[44.5909,4.9348],[44.9817,4.9173],[45.0624,5],[45.5351,5.4851]]]},"properties":{"code":"13600","name":"Hiiraan Region","level":"3","parent":"jLMzg2rqJyz","parentGraph":"l2RjGNB0Rwe/jLMzg2rqJyz","groups":[]}},{"type":"Feature","id":"lLO3qi9mphu","geometry":{"type":"Polygon","coordinates":[[[51.1376,10.5618],[51.1343,10.5612],[51.1317,10.5612],[51.1289,10.5609],[51.1256,10.5608],[51.1228,10.5598],[51.1202,10.559],[51.1162,10.5579],[51.1124,10.5561],[51.1099,10.5541],[51.1079,10.5515],[51.1061,10.5486],[51.1056,10.5451],[51.1071,10.5412],[51.1108,10.5401],[51.1088,10.5391],[51.1063,10.5392],[51.1065,10.5316],[51.1066,10.5288],[51.1068,10.5261],[51.1089,10.5209],[51.109,10.5181],[51.1092,10.5156],[51.1112,10.513],[51.1127,10.5097],[51.1128,10.5021],[51.1123,10.5004],[51.1099,10.4937],[51.1066,10.4878],[51.104,10.4834],[51.1027,10.4817],[51.101,10.48],[51.0986,10.4768],[51.0962,10.4737],[51.093,10.4716],[51.091,10.4696],[51.0888,10.4669],[51.0857,10.4648],[51.0824,10.4636],[51.0789,10.4633],[51.0778,10.4655],[51.0753,10.4626],[51.0715,10.462],[51.0676,10.4614],[51.0647,10.4614],[51.0617,10.4612],[51.0584,10.4618],[51.0552,10.4609],[51.0526,10.4606],[51.0495,10.4604],[51.0467,10.46],[51.0418,10.4585],[51.0388,10.4568],[51.0352,10.4556],[51.0333,10.4537],[51.033,10.4514],[51.0333,10.4484],[51.0347,10.4446],[51.0353,10.4412],[51.0366,10.4378],[51.0358,10.4354],[51.0352,10.4325],[51.0358,10.4298],[51.0379,10.4262],[51.0383,10.4214],[51.0397,10.4192],[51.0443,10.4149],[51.0438,10.4101],[51.0475,10.4079],[51.0499,10.4106],[51.0531,10.4129],[51.0563,10.415],[51.0653,10.4177],[51.0697,10.419],[51.0767,10.4205],[51.0815,10.4217],[51.087,10.423],[51.0925,10.4237],[51.0964,10.4245],[51.1016,10.4255],[51.1052,10.4266],[51.1077,10.4276],[51.1155,10.428],[51.1193,10.4287],[51.1248,10.4292],[51.1291,10.4296],[51.1334,10.4307],[51.1375,10.4314],[51.1397,10.4319],[51.1457,10.4316],[51.149,10.4316],[51.1521,10.4314],[51.1561,10.4313],[51.1593,10.4314],[51.1621,10.4314],[51.1669,10.4326],[51.1709,10.4322],[51.1738,10.4326],[51.1786,10.4327],[51.1839,10.4327],[51.1877,10.4329],[51.1921,10.4333],[51.1951,10.4333],[51.197,10.4331],[51.1991,10.4329],[51.2039,10.4331],[51.2064,10.4333],[51.2108,10.4331],[51.2136,10.4331],[51.2165,10.4329],[51.2196,10.4326],[51.2245,10.4324],[51.228,10.4322],[51.2336,10.4323],[51.2358,10.4328],[51.2369,10.4341],[51.2374,10.4367],[51.2369,10.4396],[51.2366,10.4433],[51.2347,10.4456],[51.2332,10.4464],[51.2312,10.4469],[51.2283,10.449],[51.2242,10.4526],[51.2229,10.4549],[51.2207,10.4574],[51.2175,10.4596],[51.2149,10.4621],[51.2123,10.4647],[51.2085,10.4685],[51.2059,10.4702],[51.2041,10.4715],[51.201,10.4732],[51.2003,10.4754],[51.1991,10.4778],[51.1976,10.4804],[51.1975,10.4828],[51.1978,10.4858],[51.1977,10.4889],[51.197,10.4921],[51.197,10.4962],[51.2003,10.4981],[51.2028,10.4995],[51.2021,10.502],[51.2018,10.5038],[51.2024,10.5063],[51.2048,10.5089],[51.2046,10.5121],[51.2037,10.5151],[51.2015,10.5175],[51.2021,10.5204],[51.202,10.5224],[51.2008,10.525],[51.2004,10.5285],[51.1998,10.5311],[51.2045,10.5293],[51.2075,10.5279],[51.2105,10.5273],[51.2155,10.527],[51.2182,10.5268],[51.2203,10.525],[51.2247,10.5204],[51.2276,10.517],[51.2295,10.5151],[51.2323,10.5132],[51.2343,10.5117],[51.2373,10.5093],[51.2391,10.5077],[51.2415,10.5063],[51.244,10.5048],[51.246,10.5042],[51.2491,10.5037],[51.2515,10.5018],[51.2535,10.5003],[51.2557,10.4996],[51.2577,10.4984],[51.2596,10.4969],[51.2623,10.4952],[51.2665,10.4951],[51.2695,10.4956],[51.2723,10.4946],[51.2742,10.4937],[51.2761,10.4928],[51.2782,10.4913],[51.2814,10.4895],[51.2852,10.4872],[51.2881,10.485],[51.2907,10.4828],[51.2934,10.4802],[51.2974,10.4788],[51.3007,10.4774],[51.304,10.4762],[51.3064,10.4765],[51.3088,10.4761],[51.3116,10.4755],[51.3152,10.4746],[51.3189,10.4734],[51.3224,10.4719],[51.3252,10.4717],[51.328,10.4711],[51.3312,10.4717],[51.3335,10.4726],[51.3408,10.4761],[51.3445,10.4773],[51.3468,10.48],[51.3493,10.4815],[51.3512,10.4822],[51.3542,10.4821],[51.3568,10.4821],[51.3589,10.4822],[51.3609,10.4825],[51.363,10.4826],[51.3655,10.4823],[51.3693,10.4819],[51.3718,10.4817],[51.3744,10.4815],[51.3774,10.4812],[51.3812,10.4796],[51.3839,10.4789],[51.3866,10.4791],[51.3897,10.4783],[51.3926,10.4767],[51.3935,10.4739],[51.3942,10.4719],[51.3942,10.4696],[51.3952,10.4663],[51.3979,10.4628],[51.3988,10.4599],[51.4001,10.4575],[51.402,10.4555],[51.4037,10.4529],[51.4061,10.4509],[51.4081,10.4495],[51.41,10.4484],[51.4116,10.447],[51.4146,10.4447],[51.4141,10.4415],[51.4117,10.4386],[51.4103,10.4353],[51.4103,10.4324],[51.4097,10.4291],[51.4088,10.4259],[51.4071,10.4232],[51.4057,10.4212],[51.4058,10.4187],[51.4053,10.4159],[51.4032,10.4139],[51.3993,10.4115],[51.3984,10.4087],[51.3983,10.4051],[51.3973,10.4035],[51.3966,10.4016],[51.3956,10.4],[51.3949,10.3983],[51.3942,10.3958],[51.3931,10.3936],[51.3911,10.3918],[51.3887,10.3903],[51.3865,10.3883],[51.3838,10.3869],[51.3789,10.3856],[51.3764,10.3846],[51.3745,10.3826],[51.3738,10.3797],[51.3737,10.3772],[51.3742,10.375],[51.3757,10.372],[51.3764,10.3684],[51.3756,10.365],[51.3738,10.3675],[51.372,10.3694],[51.3692,10.3701],[51.3675,10.3707],[51.3647,10.3707],[51.362,10.3711],[51.3591,10.3705],[51.357,10.3716],[51.3547,10.3698],[51.3516,10.3714],[51.3502,10.3742],[51.3465,10.3759],[51.3444,10.3767],[51.3423,10.3773],[51.3392,10.3774],[51.3369,10.3772],[51.3343,10.3769],[51.331,10.3757],[51.3267,10.3753],[51.3239,10.3753],[51.3213,10.3754],[51.3183,10.3759],[51.3158,10.3753],[51.3126,10.3756],[51.3102,10.375],[51.3076,10.3747],[51.3055,10.3747],[51.303,10.3739],[51.3002,10.3733],[51.2962,10.3733],[51.2941,10.373],[51.2918,10.3728],[51.2891,10.3743],[51.2866,10.3755],[51.2844,10.3773],[51.2797,10.3773],[51.278,10.3769],[51.276,10.3766],[51.2726,10.377],[51.2699,10.3797],[51.2678,10.3833],[51.2681,10.3858],[51.269,10.3879],[51.2689,10.3898],[51.2684,10.3929],[51.2685,10.3956],[51.268,10.3971],[51.2689,10.3998],[51.2698,10.4026],[51.2722,10.4047],[51.2724,10.4071],[51.2722,10.4098],[51.2705,10.4121],[51.2685,10.4139],[51.2661,10.4157],[51.2643,10.418],[51.2623,10.4197],[51.2594,10.4206],[51.256,10.4216],[51.2522,10.4227],[51.2495,10.4233],[51.2451,10.424],[51.2401,10.4243],[51.2378,10.4244],[51.2353,10.4246],[51.2328,10.4249],[51.2306,10.4249],[51.2279,10.4249],[51.2248,10.4246],[51.2212,10.4246],[51.2146,10.4244],[51.2104,10.4241],[51.2076,10.4239],[51.2021,10.4233],[51.1987,10.4231],[51.1953,10.4228],[51.1906,10.4224],[51.1857,10.422],[51.1817,10.4217],[51.1789,10.4212],[51.1762,10.4208],[51.1736,10.4205],[51.1709,10.4201],[51.1682,10.4198],[51.1655,10.4195],[51.1622,10.4191],[51.1584,10.4186],[51.1547,10.4181],[51.1505,10.4175],[51.1468,10.4171],[51.1439,10.4167],[51.1412,10.4164],[51.1386,10.4159],[51.136,10.4156],[51.1323,10.415],[51.1296,10.4145],[51.1268,10.414],[51.1232,10.4135],[51.1196,10.4128],[51.1164,10.4122],[51.1132,10.4116],[51.1094,10.4109],[51.1055,10.4101],[51.1024,10.4095],[51.0981,10.4087],[51.0945,10.4079],[51.0915,10.4072],[51.0884,10.4065],[51.0858,10.4059],[51.0828,10.4051],[51.0776,10.4039],[51.0743,10.4032],[51.0719,10.4026],[51.0692,10.4018],[51.0673,10.4012],[51.0654,10.4007],[51.0626,10.3999],[51.0599,10.3992],[51.0566,10.3982],[51.0527,10.3971],[51.0486,10.3957],[51.0445,10.3941],[51.0415,10.3931],[51.039,10.3922],[51.036,10.3912],[51.0324,10.3898],[51.0298,10.3887],[51.0276,10.3879],[51.025,10.3868],[51.0219,10.3855],[51.0185,10.3838],[51.0149,10.3822],[51.0121,10.3811],[51.01,10.3801],[51.0078,10.3791],[51.0053,10.3778],[51.002,10.3763],[50.9989,10.3747],[50.9952,10.3729],[50.9919,10.3713],[50.99,10.3706],[50.9882,10.3694],[50.9861,10.3684],[50.9843,10.3676],[50.9819,10.3665],[50.9786,10.3647],[50.9755,10.3629],[50.9727,10.3614],[50.9699,10.36],[50.9671,10.3585],[50.9646,10.3572],[50.9616,10.3558],[50.9592,10.3544],[50.957,10.3533],[50.9553,10.3524],[50.9536,10.3515],[50.9508,10.3501],[50.9479,10.3486],[50.9445,10.3467],[50.9416,10.3452],[50.9391,10.3438],[50.9359,10.3422],[50.9335,10.3408],[50.931,10.3393],[50.9285,10.3378],[50.9257,10.3362],[50.923,10.3343],[50.9207,10.3328],[50.9189,10.3316],[50.9174,10.3305],[50.9147,10.3285],[50.9121,10.3265],[50.91,10.3248],[50.9081,10.3231],[50.9055,10.3208],[50.9033,10.3186],[50.9018,10.3169],[50.9,10.3146],[50.8987,10.3116],[50.8984,10.3075],[50.8983,10.3043],[50.898,10.3005],[50.8975,10.2966],[50.8978,10.2928],[50.8976,10.2895],[50.8972,10.2858],[50.897,10.2828],[50.8969,10.2788],[50.8963,10.2751],[50.8959,10.2717],[50.8953,10.2677],[50.895,10.2646],[50.8949,10.2618],[50.8955,10.2589],[50.8952,10.2557],[50.8961,10.253],[50.8962,10.2507],[50.896,10.248],[50.8964,10.2448],[50.8967,10.2428],[50.8965,10.2406],[50.8967,10.2384],[50.8967,10.2348],[50.8974,10.2305],[50.898,10.2278],[50.8994,10.2252],[50.8993,10.2214],[50.8993,10.2195],[50.9002,10.2168],[50.9013,10.2127],[50.9014,10.2106],[50.902,10.2081],[50.9034,10.2041],[50.9044,10.2009],[50.9048,10.1984],[50.9045,10.1964],[50.9044,10.1936],[50.9048,10.191],[50.9048,10.1867],[50.9045,10.1843],[50.9044,10.1815],[50.9042,10.1792],[50.9038,10.1774],[50.9032,10.1758],[50.9023,10.1735],[50.901,10.1713],[50.9001,10.1688],[50.9003,10.1668],[50.901,10.1651],[50.9012,10.1634],[50.9002,10.1596],[50.899,10.1561],[50.8991,10.1531],[50.8987,10.1505],[50.8987,10.1501],[50.8979,10.1481],[50.8971,10.1456],[50.8965,10.1418],[50.8963,10.1377],[50.8951,10.1356],[50.8944,10.134],[50.8936,10.1314],[50.8923,10.129],[50.8917,10.1261],[50.8909,10.1226],[50.8896,10.1203],[50.8886,10.1174],[50.8877,10.1145],[50.8874,10.1123],[50.8871,10.1101],[50.887,10.1075],[50.887,10.1042],[50.8864,10.1002],[50.8858,10.0967],[50.8859,10.0935],[50.8865,10.0907],[50.8873,10.0882],[50.8876,10.085],[50.8874,10.0813],[50.8871,10.0787],[50.8877,10.076],[50.8889,10.0722],[50.8885,10.0696],[50.889,10.0678],[50.8895,10.066],[50.8893,10.063],[50.8896,10.0589],[50.8913,10.0555],[50.8926,10.051],[50.8924,10.0476],[50.8929,10.0421],[50.894,10.039],[50.8958,10.0377],[50.8968,10.0359],[50.8965,10.0331],[50.8968,10.0308],[50.8974,10.0282],[50.898,10.0259],[50.8969,10.0207],[50.8963,10.0179],[50.8965,10.0155],[50.8976,10.012],[50.899,10.0086],[50.8986,10.006],[50.8982,10.0035],[50.8982,9.9999],[50.9006,9.9982],[50.9003,9.9953],[50.8997,9.9921],[50.8977,9.9915],[50.8962,9.9902],[50.8955,9.9884],[50.8943,9.9858],[50.8934,9.9834],[50.8924,9.9809],[50.8907,9.9779],[50.8889,9.9753],[50.8878,9.9723],[50.8868,9.9698],[50.886,9.9668],[50.8848,9.9623],[50.8844,9.9567],[50.8842,9.9524],[50.8846,9.9495],[50.8852,9.9471],[50.8834,9.9459],[50.8827,9.9439],[50.8812,9.9411],[50.8799,9.9327],[50.8792,9.9288],[50.8795,9.924],[50.8784,9.9199],[50.8776,9.9168],[50.877,9.915],[50.8766,9.9138],[50.8754,9.9092],[50.8746,9.9047],[50.8733,9.9017],[50.8715,9.9001],[50.8701,9.8967],[50.8693,9.8932],[50.8686,9.8869],[50.8699,9.8822],[50.8678,9.8804],[50.866,9.8759],[50.864,9.8727],[50.8621,9.8704],[50.8616,9.8681],[50.8599,9.8665],[50.8575,9.8641],[50.8553,9.862],[50.8536,9.8599],[50.8523,9.8576],[50.852,9.8533],[50.853,9.8496],[50.8532,9.8479],[50.8526,9.8464],[50.8522,9.8424],[50.852,9.839],[50.8514,9.8371],[50.8499,9.8335],[50.8483,9.8305],[50.8477,9.8278],[50.8468,9.8215],[50.8462,9.8139],[50.8471,9.8118],[50.8469,9.808],[50.8459,9.8056],[50.8442,9.8015],[50.8431,9.7971],[50.8436,9.7945],[50.8432,9.7902],[50.8425,9.7865],[50.8423,9.7829],[50.8421,9.7792],[50.8405,9.7763],[50.8398,9.7721],[50.8381,9.7656],[50.8366,9.7634],[50.8353,9.7605],[50.8327,9.7553],[50.8324,9.7519],[50.8319,9.7474],[50.8324,9.7446],[50.8345,9.7431],[50.8365,9.7422],[50.8367,9.7379],[50.8358,9.7353],[50.8353,9.7331],[50.8337,9.73],[50.833,9.728],[50.8338,9.726],[50.8335,9.721],[50.8322,9.7161],[50.8316,9.713],[50.8301,9.7106],[50.8311,9.7081],[50.8308,9.7043],[50.8296,9.7019],[50.8306,9.6982],[50.8312,9.6937],[50.8305,9.6918],[50.8297,9.6895],[50.829,9.6859],[50.8286,9.6832],[50.8273,9.6806],[50.8256,9.6777],[50.8235,9.6765],[50.8232,9.6744],[50.8225,9.6701],[50.8235,9.6669],[50.8249,9.6644],[50.8247,9.6597],[50.8243,9.6552],[50.8236,9.6534],[50.8224,9.6496],[50.8207,9.6462],[50.8191,9.6433],[50.8185,9.6401],[50.8176,9.6383],[50.8165,9.6364],[50.8144,9.634],[50.8134,9.6312],[50.8126,9.6274],[50.8111,9.6247],[50.8094,9.6201],[50.8084,9.617],[50.807,9.6128],[50.8067,9.6109],[50.8072,9.6067],[50.808,9.6031],[50.807,9.5992],[50.8046,9.5955],[50.803,9.5923],[50.802,9.5893],[50.8017,9.5851],[50.8023,9.5789],[50.8023,9.5745],[50.8017,9.5682],[50.8012,9.5642],[50.8012,9.5611],[50.8008,9.5569],[50.8021,9.555],[50.8028,9.5517],[50.8031,9.5479],[50.8044,9.5456],[50.8041,9.5395],[50.8042,9.5362],[50.8045,9.5334],[50.8051,9.5313],[50.8051,9.5284],[50.8042,9.5254],[50.8042,9.5188],[50.8057,9.515],[50.8068,9.513],[50.808,9.5104],[50.8097,9.5063],[50.812,9.5021],[50.8127,9.4982],[50.8141,9.4952],[50.816,9.4916],[50.8185,9.4876],[50.8202,9.4858],[50.823,9.4842],[50.8275,9.4817],[50.8324,9.4805],[50.8352,9.4798],[50.8381,9.4781],[50.8448,9.4748],[50.846,9.472],[50.8462,9.4692],[50.8463,9.4635],[50.8463,9.4608],[50.8453,9.457],[50.8443,9.4536],[50.8432,9.4511],[50.8415,9.4483],[50.8402,9.446],[50.8391,9.4435],[50.8379,9.4407],[50.8373,9.4391],[50.8365,9.4376],[50.8352,9.4355],[50.8341,9.4336],[50.8332,9.4316],[50.832,9.4284],[50.8305,9.4244],[50.8295,9.4215],[50.8286,9.4185],[50.8273,9.4165],[50.8257,9.4135],[50.824,9.4109],[50.8225,9.4086],[50.8214,9.4067],[50.8196,9.4036],[50.8187,9.4018],[50.8179,9.4],[50.8163,9.3977],[50.8151,9.3954],[50.8135,9.3926],[50.8114,9.3893],[50.8096,9.3859],[50.808,9.3832],[50.8065,9.3804],[50.8051,9.3785],[50.8039,9.3767],[50.8025,9.3748],[50.8015,9.3731],[50.7997,9.3707],[50.798,9.3686],[50.7968,9.3669],[50.7956,9.3651],[50.7934,9.3622],[50.7919,9.3593],[50.7907,9.3579],[50.7893,9.3561],[50.7873,9.3532],[50.7855,9.351],[50.7839,9.3489],[50.7819,9.347],[50.7801,9.3462],[50.7786,9.344],[50.7781,9.3416],[50.7766,9.3398],[50.7754,9.3378],[50.7743,9.3354],[50.7732,9.3334],[50.7723,9.3315],[50.7709,9.3289],[50.7695,9.3265],[50.7673,9.3232],[50.7644,9.3189],[50.7625,9.3165],[50.7612,9.3151],[50.7591,9.3122],[50.7579,9.3105],[50.7563,9.3092],[50.7548,9.3068],[50.7545,9.3042],[50.7531,9.3026],[50.7514,9.3001],[50.7493,9.2973],[50.7479,9.2953],[50.7455,9.2931],[50.7433,9.2916],[50.7406,9.2897],[50.7383,9.2882],[50.7361,9.2871],[50.7334,9.2857],[50.7318,9.2846],[50.7295,9.2841],[50.7232,9.2812],[50.7196,9.2789],[50.7176,9.278],[50.7155,9.2767],[50.7133,9.274],[50.7107,9.2716],[50.7079,9.2696],[50.7054,9.2669],[50.7049,9.2652],[50.7036,9.263],[50.7012,9.2612],[50.6991,9.2591],[50.6981,9.2571],[50.6972,9.2555],[50.6957,9.2536],[50.6939,9.2521],[50.6928,9.2493],[50.6904,9.2457],[50.688,9.2437],[50.6867,9.2423],[50.6854,9.241],[50.6839,9.2392],[50.6816,9.2363],[50.6796,9.2341],[50.6766,9.2309],[50.6739,9.2278],[50.6719,9.2259],[50.6692,9.2236],[50.6664,9.22],[50.665,9.218],[50.6633,9.216],[50.6611,9.2132],[50.6596,9.2104],[50.6578,9.2083],[50.6563,9.2056],[50.6556,9.2032],[50.6545,9.1997],[50.6532,9.1965],[50.652,9.1948],[50.6515,9.1927],[50.6501,9.1891],[50.6477,9.1848],[50.6466,9.18],[50.646,9.1752],[50.6458,9.1708],[50.6457,9.1675],[50.6457,9.1644],[50.6458,9.1613],[50.6463,9.1585],[50.6472,9.1547],[50.6479,9.1515],[50.6487,9.1492],[50.6495,9.1458],[50.6506,9.1434],[50.6516,9.1416],[50.6526,9.1394],[50.6522,9.1361],[50.6515,9.1324],[50.6518,9.1304],[50.6517,9.1286],[50.6517,9.1257],[50.6517,9.1216],[50.6514,9.1188],[50.651,9.1168],[50.6507,9.1152],[50.6503,9.1132],[50.6502,9.1112],[50.6489,9.1071],[50.6492,9.1046],[50.6489,9.1014],[50.6483,9.0989],[50.6479,9.0973],[50.6474,9.094],[50.6467,9.0913],[50.6458,9.0891],[50.6436,9.0854],[50.6422,9.0823],[50.6412,9.0799],[50.64,9.0776],[50.6381,9.0753],[50.6362,9.0725],[50.6347,9.0699],[50.6326,9.0672],[50.6309,9.065],[50.6299,9.0636],[50.629,9.0625],[50.628,9.0611],[50.6266,9.0595],[50.625,9.0577],[50.6233,9.0555],[50.622,9.0542],[50.621,9.0531],[50.6192,9.052],[50.6169,9.0503],[50.6152,9.0494],[50.6089,9.0468],[50.6068,9.0447],[50.6055,9.0438],[50.6029,9.042],[50.5991,9.0402],[50.5957,9.0376],[50.5928,9.0356],[50.5897,9.0326],[50.5882,9.0303],[50.5871,9.0285],[50.5855,9.0256],[50.5831,9.0224],[50.5807,9.0194],[50.5793,9.0165],[50.5778,9.0141],[50.5754,9.0109],[50.5721,9.0087],[50.5686,9.0064],[50.5666,9.0046],[50.5646,9.0015],[50.5625,8.9994],[50.5611,8.9975],[50.5595,8.9963],[50.5575,8.9942],[50.5547,8.992],[50.5508,8.9898],[50.5482,8.988],[50.5466,8.9859],[50.545,8.9842],[50.5432,8.9823],[50.5395,8.9805],[50.5374,8.9788],[50.5345,8.977],[50.5314,8.9754],[50.5294,8.9742],[50.5272,8.9724],[50.5252,8.9707],[50.5229,8.9693],[50.5209,8.9677],[50.5189,8.9659],[50.5172,8.9642],[50.5152,8.9626],[50.5134,8.9611],[50.5098,8.9589],[50.5073,8.9561],[50.5051,8.9533],[50.5021,8.9509],[50.4994,8.9479],[50.4973,8.9457],[50.4952,8.944],[50.4928,8.9423],[50.4906,8.94],[50.4887,8.938],[50.4869,8.9364],[50.4837,8.9345],[50.4815,8.9321],[50.4797,8.9307],[50.4781,8.9292],[50.4763,8.9276],[50.4747,8.9256],[50.4727,8.9235],[50.4712,8.9213],[50.4696,8.9194],[50.4676,8.9167],[50.4649,8.9135],[49.8267,9.1539],[49.1913,9.0647],[48.9097,9.1514],[48.5753,9.4357],[48.9311,9.6484],[48.8255,10.3379],[49.0725,10.3636],[49.0691,10.4364],[49.2461,10.4575],[49.4296,10.1299],[49.6633,10.1528],[50.0075,9.9702],[50.0631,9.9065],[50.5368,9.9862],[50.7481,10.1579],[50.7445,10.2378],[50.8273,10.7332],[51.1301,10.7588],[51.1305,10.7551],[51.1306,10.7516],[51.1305,10.7491],[51.1304,10.7455],[51.1301,10.7419],[51.1298,10.7395],[51.1295,10.7369],[51.1289,10.7333],[51.1285,10.7308],[51.1283,10.7286],[51.128,10.7265],[51.128,10.7241],[51.1278,10.722],[51.1276,10.7197],[51.1275,10.7171],[51.1275,10.7145],[51.1275,10.7117],[51.1275,10.7087],[51.1277,10.706],[51.128,10.7034],[51.1285,10.7011],[51.129,10.6993],[51.1297,10.6977],[51.1298,10.6954],[51.13,10.6916],[51.1298,10.6873],[51.1303,10.6833],[51.1313,10.6795],[51.1328,10.676],[51.1339,10.6738],[51.1355,10.6716],[51.137,10.6697],[51.1382,10.6681],[51.1419,10.6664],[51.1436,10.665],[51.1463,10.6631],[51.1474,10.6553],[51.1481,10.652],[51.1483,10.6481],[51.1483,10.6447],[51.1485,10.6422],[51.1488,10.6398],[51.1492,10.6371],[51.1495,10.635],[51.15,10.6327],[51.1506,10.6294],[51.1511,10.6262],[51.152,10.622],[51.1529,10.6195],[51.1538,10.6166],[51.1547,10.614],[51.1554,10.6119],[51.1562,10.6095],[51.157,10.607],[51.1571,10.6067],[51.1579,10.604],[51.1591,10.6008],[51.1601,10.5984],[51.1615,10.5953],[51.1629,10.5928],[51.1644,10.5904],[51.166,10.5885],[51.1677,10.5862],[51.1698,10.5819],[51.1709,10.5785],[51.1717,10.5761],[51.1713,10.5737],[51.1707,10.5714],[51.1695,10.5697],[51.1675,10.5679],[51.1648,10.5666],[51.1626,10.5657],[51.1591,10.5645],[51.1557,10.5638],[51.1523,10.5637],[51.1497,10.5635],[51.1454,10.5632],[51.1416,10.5626],[51.1376,10.5618]]]},"properties":{"code":"12300","name":"Karkaar Region","level":"3","parent":"TrIU0uH6nKz","parentGraph":"l2RjGNB0Rwe/TrIU0uH6nKz","groups":[]}},{"type":"Feature","id":"j23zgWJ6vkr","geometry":{"type":"Polygon","coordinates":[[[43.1897,0.3267],[43.1223,0.2525],[43.0393,0.1556],[42.9716,0.0856],[42.8851,-0.012],[42.78,-0.1146],[42.7648,-0.135],[42.6513,-0.242],[42.6065,-0.2765],[42.5796,-0.3128],[42.5642,-0.3613],[42.518,-0.3779],[42.4698,-0.4508],[42.4136,-0.5027],[42.3909,-0.5376],[42.3672,-0.5567],[42.324,-0.6092],[42.3146,-0.6304],[42.2373,-0.7186],[42.2138,-0.7558],[42.1479,-0.823],[42.1133,-0.8346],[42.0669,-0.8356],[42.0483,-0.8271],[42.0489,-0.7922],[42.0044,-0.7977],[41.9921,-0.7811],[42.0021,-0.738],[41.9886,-0.7328],[41.9822,-0.7943],[42.0077,-0.8117],[42.0382,-0.8026],[42.0406,-0.8279],[42.0548,-0.85],[42.0893,-0.8533],[42.0716,-0.9006],[42.0372,-0.9318],[42.0251,-0.9694],[41.9827,-1.0062],[41.9622,-1.0498],[41.9599,-1.0698],[41.9268,-1.1279],[41.9033,-1.1493],[41.9083,-1.1927],[41.8753,-1.2195],[41.8394,-1.2047],[41.8436,-1.2311],[41.8347,-1.2537],[41.7753,-1.3541],[41.7502,-1.3808],[41.6973,-1.4745],[41.6315,-1.578],[41.6192,-1.585],[41.5936,-1.6297],[41.5757,-1.6457],[41.5679,-1.5912],[41.446,-1.4298],[41.3896,-1.3511],[41.3518,-1.3034],[41.1684,-1.0553],[41.0863,-0.9486],[41.0335,-0.8731],[41.001,-0.834],[40.9988,-0.6615],[41.0008,-0.5029],[40.9978,-0.4037],[41.0014,-0.2436],[40.9991,-0.112],[41.0005,0.0],[40.9886,0.014],[40.9901,0.1972],[40.9891,0.3582],[40.9914,0.6508],[40.99,0.7224],[40.9913,0.9631],[40.9901,1.0271],[40.9907,1.2307],[41.42,1.26],[42.138,1.306],[42.2,1.31],[42.43,1.32],[42.63,0.72],[42.73,0.31],[43.1897,0.3267]]]},"properties":{"code":"13700","name":"Lower Juba Region","level":"3","parent":"SkCh5O8W0No","parentGraph":"l2RjGNB0Rwe/SkCh5O8W0No","groups":[]}},{"type":"Feature","id":"D7G9msTT1lD","geometry":{"type":"Polygon","coordinates":[[[44.66,3.25],[44.78,3.27],[45.07,3.25],[45.12,3.04],[45.34,2.72],[45.33,2.18],[45.39,2.15],[45.2601,1.9801],[45.2268,1.9603],[45.193,1.9521],[45.1599,1.9304],[45.1318,1.923],[45.0741,1.8951],[44.9735,1.8283],[44.9178,1.7995],[44.8803,1.7738],[44.7615,1.7034],[44.7532,1.6882],[44.6698,1.6399],[44.6218,1.5983],[44.6045,1.5965],[44.525,1.5276],[44.4924,1.5054],[44.4725,1.4829],[44.4031,1.4348],[44.2824,1.3377],[44.2272,1.2874],[44.2171,1.2682],[44.168,1.2339],[44.1351,1.2],[44.1327,1.1777],[44.1097,1.1724],[44.0511,1.1269],[44.0219,1.0848],[44.0048,1.0802],[43.9606,1.0487],[43.9247,1.0131],[43.8465,0.9601],[43.7602,0.8872],[43.746,0.8659],[43.6553,0.7989],[43.5882,0.7338],[43.5194,0.6743],[43.35,0.92],[43.27,1.03],[42.98,1.46],[43.31,1.625],[43.58,1.76],[43.88,1.88],[44.4568,2.1347],[44.65,2.22],[44.62,2.48],[44.66,2.75],[44.64,2.81],[44.69,3.05],[44.66,3.25]]]},"properties":{"code":"13800","name":"Lower Shabelle Region","level":"3","parent":"V6G1T7FdgFh","parentGraph":"l2RjGNB0Rwe/V6G1T7FdgFh","groups":[]}},{"type":"Feature","id":"VGHHI9yn8J4","geometry":{"type":"Polygon","coordinates":[[[44.15,10.32],[44.23,10.28],[44.73,9.95],[44.8967,9.9402],[44.83,9.86],[44.69,9.31],[44.69,8.7721],[44.4444,8.8533],[44.2707,8.9115],[44.1796,8.9383],[44.0059,8.9966],[43.8973,9.1004],[43.8719,9.1302],[43.6467,9.3583],[43.6015,9.359],[43.5349,9.3811],[43.4914,9.4015],[43.4455,9.4449],[43.3982,9.5528],[43.3406,9.6003],[43.2992,9.6111],[43.2896,9.6575],[43.31,9.69],[43.37,9.8],[43.53,9.99],[43.72,10.26],[43.76,10.3],[43.82,10.29],[44.04,10.17],[44.15,10.32]]]},"properties":{"code":"11200","name":"Marodi-Jeh Region","level":"3","parent":"d2FE2xzZNoV","parentGraph":"l2RjGNB0Rwe/d2FE2xzZNoV","groups":[]}},{"type":"Feature","id":"DQCanTSl6wZ","geometry":{"type":"Polygon","coordinates":[[[42.4,1.95],[42.52,1.88],[42.9,1.52],[42.98,1.46],[43.27,1.03],[43.35,0.92],[43.5194,0.6743],[43.3765,0.5333],[43.2935,0.4349],[43.1897,0.3267],[42.73,0.31],[42.63,0.72],[42.43,1.32],[42.2,1.31],[42.138,1.306],[41.42,1.26],[41.64,1.94],[42.4,1.95]]]},"properties":{"code":"131100","name":"Middle Jubba Region","level":"3","parent":"SkCh5O8W0No","parentGraph":"l2RjGNB0Rwe/SkCh5O8W0No","groups":[]}},{"type":"Feature","id":"r6egyxMkMUD","geometry":{"type":"Polygon","coordinates":[[[46.39,3.89],[47.0366,3.4711],[47.0042,3.4399],[46.9114,3.3393],[46.8721,3.2932],[46.8366,3.2389],[46.8069,3.2042],[46.743,3.1432],[46.6743,3.0646],[46.5757,2.9718],[46.4465,2.8742],[46.4053,2.8285],[46.3452,2.7866],[46.3306,2.7582],[46.3014,2.7388],[46.2828,2.6996],[46.2282,2.6619],[46.1912,2.6215],[46.1673,2.5861],[46.1264,2.5499],[46.1041,2.5152],[46.0641,2.4859],[46.002,2.4232],[45.8781,2.3396],[45.7936,2.2928],[45.6604,2.2074],[45.6162,2.1842],[45.46,2.17],[45.39,2.15],[45.33,2.18],[45.34,2.72],[45.12,3.04],[45.07,3.25],[45.15,3.21],[45.27,3.2],[45.94,3.25],[46.03,3.52],[46.08,3.57],[46.39,3.89]]]},"properties":{"code":"13100","name":"Middle Shebelle Region","level":"3","parent":"jLMzg2rqJyz","parentGraph":"l2RjGNB0Rwe/jLMzg2rqJyz","groups":[]}},{"type":"Feature","id":"xrDQ2dZrdMU","geometry":{"type":"Polygon","coordinates":[[[47.558,7.5607],[48.5,7.41],[49.03,7.71],[49.19,7.7],[49.44,7.58],[49.5,7.57],[49.6497,7.3978],[49.6039,7.33],[49.4754,7.1599],[49.4263,7.0813],[49.3974,7.0495],[49.3612,6.9802],[49.3123,6.9078],[49.2857,6.8555],[49.2111,6.7336],[49.2071,6.7035],[49.1735,6.6213],[49.1464,6.5663],[49.1442,6.5511],[49.1133,6.4873],[49.0853,6.3913],[49.0792,6.3227],[49.0837,6.2825],[49.0618,6.213],[48.9871,6.0478],[48.9044,5.9039],[48.8289,5.78],[48.7259,5.6238],[48.6514,5.4927],[48.5718,5.3881],[48.5372,5.3497],[48.5343,5.3343],[48.4326,5.2098],[48.3739,5.1278],[48.3149,5.0563],[48.2574,4.9743],[48.1974,4.8836],[48.1537,4.7897],[48.1174,4.7283],[48.0863,4.6673],[48.0577,4.6283],[48.0191,4.5639],[48.0078,4.5371],[47.9685,4.4757],[47.9394,4.4389],[47.8742,4.3773],[47.8336,4.3316],[47.5,4.49],[47.61,5.19],[47.47,5.57],[47.3507,5.7516],[47.6,6.28],[46.5404,6.5165],[46.8975,6.883],[47.3612,7.3588],[47.558,7.5607]]]},"properties":{"code":"13900","name":"Mudug Region","level":"3","parent":"LivyEhgoFAH","parentGraph":"l2RjGNB0Rwe/LivyEhgoFAH","groups":[]}},{"type":"Feature","id":"tVljVwz4Ro1","geometry":{"type":"Polygon","coordinates":[[[49.0251,7.7304],[49.1952,7.5843],[49.2452,7.5962],[49.3058,7.5486],[49.6361,7.3859],[49.6328,7.3831],[49.628,7.3767],[49.6246,7.371],[49.62,7.3641],[49.6162,7.3584],[49.6114,7.3523],[49.6072,7.3469],[49.6032,7.3413],[49.5986,7.3345],[49.5944,7.3281],[49.5895,7.3203],[49.5864,7.3157],[49.5827,7.3108],[49.5789,7.306],[49.576,7.3014],[49.5737,7.2984],[49.5704,7.2939],[49.568,7.2908],[49.566,7.2882],[49.5633,7.2851],[49.5601,7.2811],[49.5581,7.2778],[49.5557,7.2753],[49.5538,7.2724],[49.5519,7.2702],[49.5498,7.2675],[49.5477,7.2643],[49.5445,7.2605],[49.5426,7.2581],[49.54,7.2544],[49.537,7.2508],[49.5341,7.2473],[49.5309,7.2433],[49.5282,7.2397],[49.5262,7.2368],[49.5243,7.2341],[49.5223,7.2317],[49.5206,7.2292],[49.5193,7.2277],[49.5171,7.2246],[49.5155,7.2228],[49.5141,7.2209],[49.5125,7.2184],[49.5107,7.2155],[49.5091,7.2128],[49.5072,7.2102],[49.5055,7.2081],[49.5041,7.206],[49.5018,7.2032],[49.4999,7.2006],[49.4981,7.198],[49.4967,7.1963],[49.4952,7.1946],[49.4934,7.1922],[49.4911,7.1891],[49.4885,7.1862],[49.4864,7.1839],[49.4845,7.1809],[49.4825,7.1785],[49.4805,7.1759],[49.4784,7.1738],[49.477,7.1718],[49.4741,7.1664],[49.4725,7.1631],[49.4691,7.1594],[49.4644,7.1512],[49.4582,7.1424],[49.4525,7.1329],[49.447,7.1244],[49.4425,7.1168],[49.4371,7.1091],[49.4313,7.1011],[49.4276,7.0938],[49.4256,7.0889],[49.4232,7.0849],[49.4212,7.081],[49.4192,7.077],[49.4162,7.0707],[49.4096,7.0647],[49.4039,7.0576],[49.3994,7.053],[49.3962,7.0503],[49.3919,7.045],[49.3901,7.0414],[49.3891,7.0385],[49.386,7.0348],[49.3854,7.0315],[49.3838,7.0285],[49.3815,7.0258],[49.3792,7.023],[49.3774,7.0201],[49.3752,7.0172],[49.3731,7.014],[49.3715,7.0118],[49.3701,7.0099],[49.3662,7.0053],[49.3655,7.0025],[49.3646,6.9999],[49.3626,6.9964],[49.3616,6.9949],[49.3601,6.9922],[49.3578,6.9881],[49.3567,6.9859],[49.3551,6.9836],[49.3532,6.9805],[49.3514,6.9784],[49.3489,6.9745],[49.3476,6.9721],[49.3456,6.9687],[49.3433,6.9646],[49.3416,6.9618],[49.3396,6.9587],[49.3376,6.9547],[49.3352,6.9515],[49.3335,6.9492],[49.332,6.947],[49.3302,6.9449],[49.3285,6.9424],[49.3271,6.9403],[49.3246,6.9397],[49.3226,6.9381],[49.3207,6.9359],[49.3188,6.9337],[49.3174,6.9299],[49.318,6.9264],[49.3166,6.9239],[49.3151,6.9213],[49.3141,6.9189],[49.3128,6.9167],[49.3095,6.9147],[49.3075,6.9127],[49.3056,6.9107],[49.3035,6.908],[49.3022,6.9058],[49.3016,6.9031],[49.3017,6.8994],[49.2991,6.8961],[49.2969,6.8933],[49.2962,6.8913],[49.2944,6.8891],[49.2921,6.8863],[49.2906,6.8834],[49.2892,6.8809],[49.287,6.8773],[49.2853,6.8746],[49.2838,6.8712],[49.2822,6.8692],[49.2816,6.8664],[49.2807,6.8649],[49.2794,6.8627],[49.2779,6.8599],[49.2768,6.8574],[49.2754,6.8552],[49.2742,6.8524],[49.2732,6.8487],[49.272,6.8467],[49.2706,6.8449],[49.269,6.8425],[49.2676,6.8406],[49.2661,6.8387],[49.2649,6.8361],[49.2626,6.8319],[49.2612,6.8286],[49.2599,6.8268],[49.258,6.8246],[49.2566,6.8221],[49.2545,6.8196],[49.2533,6.8173],[49.2514,6.8156],[49.2501,6.8133],[49.2488,6.8111],[49.2479,6.8087],[49.2474,6.8067],[49.2466,6.8048],[49.2438,6.8024],[49.242,6.7998],[49.2403,6.7961],[49.2389,6.7938],[49.2369,6.7904],[49.2337,6.7839],[49.2317,6.7806],[49.2283,6.774],[49.2262,6.7697],[49.2238,6.7659],[49.2217,6.7629],[49.2198,6.76],[49.2183,6.7576],[49.216,6.7537],[49.2141,6.7499],[49.2133,6.748],[49.2114,6.7452],[49.2098,6.7415],[49.2085,6.7379],[49.2076,6.7354],[49.2065,6.7327],[49.2056,6.7304],[49.2049,6.7277],[49.2043,6.7243],[49.2037,6.7219],[49.203,6.7193],[49.2025,6.7177],[49.2017,6.7151],[49.2012,6.7131],[49.2003,6.7107],[49.1995,6.7074],[49.1989,6.7046],[49.1971,6.7023],[49.1952,6.6994],[49.1938,6.6969],[49.1925,6.6948],[49.1915,6.6924],[49.1907,6.6899],[49.1892,6.6876],[49.187,6.6834],[49.1854,6.6792],[49.1845,6.6767],[49.1829,6.6736],[49.1824,6.6715],[49.1807,6.6669],[49.1792,6.6637],[49.1781,6.6608],[49.1764,6.6565],[49.1751,6.653],[49.1736,6.6504],[49.1735,6.6501],[49.1726,6.6474],[49.1724,6.6442],[49.1711,6.6418],[49.1706,6.6394],[49.1691,6.636],[49.1675,6.6332],[49.1653,6.6287],[49.1642,6.627],[49.1632,6.6241],[49.1616,6.6207],[49.1595,6.6164],[49.1574,6.6133],[49.1554,6.609],[49.1545,6.6056],[49.1521,6.6003],[49.1515,6.5986],[49.1505,6.5965],[49.1491,6.594],[49.1476,6.5907],[49.1464,6.5885],[49.1454,6.5867],[49.1441,6.584],[49.1426,6.5812],[49.1415,6.5775],[49.1409,6.5737],[49.1403,6.571],[49.1399,6.5689],[49.1398,6.5655],[49.1393,6.5614],[49.1388,6.5586],[49.1382,6.557],[49.137,6.5546],[49.1359,6.5522],[49.135,6.5501],[49.1338,6.5477],[49.1319,6.5442],[49.1298,6.5407],[49.1281,6.5374],[49.1268,6.5351],[49.1256,6.5323],[49.1243,6.5289],[49.1235,6.5262],[49.1226,6.5238],[49.1222,6.5207],[49.1208,6.5177],[49.1189,6.5133],[49.1168,6.5091],[49.1154,6.506],[49.1143,6.5035],[49.1128,6.5013],[49.1115,6.4978],[49.1105,6.4935],[49.109,6.4898],[49.1076,6.4875],[49.1066,6.4854],[49.106,6.4833],[49.1048,6.4799],[49.1042,6.4778],[49.103,6.4752],[49.102,6.4729],[49.1011,6.4702],[49.1,6.4666],[49.0991,6.4646],[49.0981,6.4618],[49.0969,6.458],[49.0959,6.4553],[48.471,6.6444],[47.8046,7.0097],[47.6531,6.8016],[47.4407,6.7658],[47.4387,6.7654],[47.4379,6.765],[47.4368,6.7648],[47.4347,6.7657],[47.4347,6.7657],[47.4335,6.7658],[47.4333,6.7657],[47.4331,6.7655],[47.433,6.7657],[47.4327,6.7659],[47.4322,6.7667],[47.4313,6.7666],[47.4312,6.767],[47.4311,6.7676],[47.4307,6.7676],[47.4294,6.7682],[47.428,6.7659],[47.4278,6.7655],[47.4258,6.7622],[47.4227,6.7579],[47.4015,6.7609],[47.3512,6.7528],[47.2495,6.8968],[47.0363,6.8166],[46.7488,6.7311],[46.73,6.7534],[46.8979,7.0902],[47.2298,7.4161],[47.2838,7.4634],[47.3568,7.5273],[47.517,7.5191],[47.575,7.5793],[47.7889,7.4962],[47.8784,7.4156],[48.0346,7.5899],[48.3837,7.8063],[48.6697,7.7738],[49.0251,7.7304]]]},"properties":{"code":"12400","name":"Mudug Region","level":"3","parent":"TrIU0uH6nKz","parentGraph":"l2RjGNB0Rwe/TrIU0uH6nKz","groups":[]}},{"type":"Feature","id":"OxKQXTmBylb","geometry":{"type":"Polygon","coordinates":[[[49.8267,9.1539],[50.4649,8.9135],[50.4619,8.9104],[50.4586,8.9076],[50.4564,8.9056],[50.4538,8.9039],[50.4505,8.9015],[50.4479,8.899],[50.4467,8.8961],[50.4469,8.8931],[50.446,8.8903],[50.445,8.8876],[50.4437,8.8853],[50.4416,8.8826],[50.4395,8.8807],[50.4375,8.8786],[50.4356,8.8754],[50.4337,8.8731],[50.4317,8.8703],[50.4303,8.8679],[50.429,8.8656],[50.4272,8.8626],[50.4259,8.8607],[50.4238,8.8584],[50.422,8.857],[50.4201,8.8553],[50.4195,8.853],[50.4184,8.8492],[50.4173,8.8474],[50.4158,8.8436],[50.4151,8.8398],[50.414,8.837],[50.4124,8.8343],[50.4112,8.8327],[50.411,8.8303],[50.4115,8.8276],[50.4115,8.8254],[50.411,8.8231],[50.4107,8.8199],[50.4104,8.8169],[50.4099,8.8149],[50.4099,8.8121],[50.4099,8.8099],[50.4092,8.806],[50.4091,8.8031],[50.4089,8.8012],[50.4089,8.7985],[50.4088,8.7959],[50.4085,8.7934],[50.4081,8.7895],[50.4076,8.7864],[50.4068,8.7837],[50.4058,8.7809],[50.4045,8.778],[50.4032,8.7753],[50.4017,8.7735],[50.4005,8.7709],[50.3993,8.7673],[50.3977,8.7641],[50.3961,8.7608],[50.3948,8.7585],[50.3937,8.7571],[50.3927,8.7557],[50.3923,8.7522],[50.3911,8.7483],[50.3905,8.7456],[50.39,8.7421],[50.3889,8.7387],[50.3882,8.735],[50.3875,8.7317],[50.3868,8.7282],[50.3865,8.7256],[50.387,8.7235],[50.3874,8.7208],[50.3869,8.7182],[50.386,8.7166],[50.3861,8.713],[50.3858,8.7096],[50.3851,8.7064],[50.3844,8.7038],[50.3836,8.7013],[50.3829,8.6995],[50.3816,8.6974],[50.3803,8.6958],[50.379,8.6939],[50.3769,8.6911],[50.3737,8.6888],[50.3712,8.6873],[50.3687,8.685],[50.3659,8.6834],[50.3632,8.6816],[50.3612,8.6793],[50.3598,8.6768],[50.3581,8.6754],[50.3565,8.6726],[50.3545,8.6706],[50.3523,8.6672],[50.3492,8.6639],[50.3473,8.661],[50.3456,8.6593],[50.3442,8.6574],[50.343,8.6551],[50.3421,8.6522],[50.3408,8.6501],[50.3395,8.6476],[50.3382,8.6449],[50.3372,8.6428],[50.336,8.6406],[50.3351,8.6369],[50.3339,8.6326],[50.3326,8.6293],[50.332,8.6276],[50.3315,8.626],[50.3307,8.6239],[50.33,8.6218],[50.3295,8.6187],[50.3292,8.6157],[50.3289,8.6128],[50.3286,8.6094],[50.3282,8.6066],[50.3271,8.6032],[50.3267,8.6005],[50.3273,8.5974],[50.3273,8.5947],[50.3276,8.5914],[50.3283,8.5886],[50.3295,8.5849],[50.3318,8.5831],[50.3333,8.5802],[50.3342,8.5769],[50.3347,8.5724],[50.334,8.569],[50.3337,8.5653],[50.334,8.5625],[50.3341,8.559],[50.3334,8.5568],[50.3326,8.5536],[50.3316,8.5497],[50.3303,8.5465],[50.3294,8.544],[50.3287,8.5422],[50.3276,8.5397],[50.3265,8.537],[50.3251,8.5345],[50.324,8.5321],[50.3223,8.528],[50.3203,8.5241],[50.3191,8.5208],[50.3174,8.5173],[50.3156,8.5144],[50.3138,8.5123],[50.3111,8.5095],[50.3089,8.5072],[50.3076,8.5052],[50.306,8.5036],[50.3041,8.5006],[50.3025,8.4977],[50.3009,8.4953],[50.2991,8.4929],[50.2969,8.4915],[50.2954,8.4902],[50.2935,8.4891],[50.2921,8.4877],[50.2898,8.486],[50.2881,8.4836],[50.2858,8.4813],[50.2835,8.4782],[50.2814,8.4762],[50.2792,8.4738],[50.2768,8.4713],[50.2739,8.4696],[50.272,8.4679],[50.2705,8.4654],[50.2687,8.464],[50.2665,8.4625],[50.2648,8.4607],[50.2625,8.4593],[50.2606,8.4583],[50.2589,8.457],[50.256,8.4545],[50.2533,8.452],[50.2515,8.45],[50.2487,8.4473],[50.2465,8.4446],[50.245,8.4422],[50.2432,8.4402],[50.2409,8.4383],[50.2386,8.4351],[50.2365,8.4321],[50.2349,8.4291],[50.2331,8.4251],[50.2314,8.4215],[50.2306,8.4193],[50.2304,8.4171],[50.2301,8.4125],[50.2291,8.4103],[50.2275,8.4077],[50.2264,8.4057],[50.2255,8.4036],[50.2238,8.4015],[50.2215,8.3996],[50.2194,8.398],[50.2174,8.3962],[50.2143,8.3937],[50.2113,8.3913],[50.2093,8.3894],[50.208,8.3876],[50.2064,8.3849],[50.2039,8.3821],[50.202,8.3786],[50.2002,8.3751],[50.1985,8.3724],[50.1971,8.3699],[50.1954,8.3668],[50.1932,8.3629],[50.1911,8.3597],[50.1899,8.3572],[50.1886,8.3543],[50.1873,8.3516],[50.1864,8.3478],[50.1858,8.3447],[50.186,8.3406],[50.1865,8.3384],[50.1859,8.3363],[50.1847,8.3346],[50.1828,8.3322],[50.18,8.3305],[50.1777,8.3289],[50.1753,8.3272],[50.1729,8.326],[50.1702,8.3243],[50.1678,8.3219],[50.1653,8.3193],[50.1633,8.3162],[50.1616,8.3125],[50.1602,8.3106],[50.1591,8.3082],[50.1576,8.3055],[50.1563,8.3009],[50.1561,8.2984],[50.1553,8.2954],[50.1541,8.2931],[50.1526,8.29],[50.151,8.2877],[50.1493,8.2857],[50.1484,8.2825],[50.1478,8.2783],[50.1479,8.2763],[50.1481,8.2744],[50.1486,8.2714],[50.1475,8.2672],[50.148,8.2648],[50.1473,8.2589],[50.1469,8.2557],[50.147,8.2535],[50.1463,8.2508],[50.1457,8.2474],[50.1442,8.2442],[50.1426,8.2419],[50.1413,8.2396],[50.1409,8.2374],[50.1398,8.2349],[50.1391,8.2329],[50.1383,8.2307],[50.1376,8.228],[50.1369,8.225],[50.1362,8.2211],[50.1358,8.2176],[50.1358,8.2145],[50.1355,8.2118],[50.1343,8.2087],[50.1335,8.2047],[50.1323,8.2013],[50.1307,8.1977],[50.1285,8.1943],[50.1263,8.1917],[50.1246,8.1899],[50.1221,8.1876],[50.1191,8.1852],[50.1165,8.1825],[50.1147,8.1803],[50.1124,8.1788],[50.1099,8.1771],[50.1078,8.1756],[50.1053,8.1738],[50.1032,8.1721],[50.1019,8.1702],[50.0996,8.1684],[50.0976,8.1661],[50.0947,8.165],[50.0922,8.163],[50.0895,8.1602],[50.0865,8.1572],[50.0844,8.1546],[50.0824,8.1524],[50.0806,8.1504],[50.0784,8.1482],[50.0772,8.1466],[50.0757,8.1454],[50.0734,8.1438],[50.0719,8.1416],[50.0701,8.1407],[50.0681,8.139],[50.0663,8.1381],[50.0637,8.1367],[50.0603,8.1354],[50.0562,8.1333],[50.0527,8.1319],[50.05,8.1312],[50.047,8.1299],[50.0439,8.1284],[50.041,8.1272],[50.0376,8.1256],[50.0352,8.1245],[50.0334,8.1236],[50.0309,8.1224],[50.029,8.1213],[50.0272,8.1204],[50.0244,8.1187],[50.0221,8.117],[50.0202,8.1152],[50.0166,8.1125],[50.0129,8.1102],[50.0096,8.1082],[50.0071,8.1072],[50.0041,8.1054],[50.001,8.1031],[49.9985,8.1014],[49.9952,8.0996],[49.9926,8.0972],[49.9913,8.0958],[49.9884,8.0945],[49.9843,8.0919],[49.981,8.0889],[49.9776,8.086],[49.9755,8.0841],[49.9722,8.0821],[49.9707,8.0801],[49.9692,8.0785],[49.9669,8.0756],[49.9645,8.0726],[49.9618,8.0701],[49.9587,8.0676],[49.9563,8.0659],[49.9541,8.0641],[49.9521,8.061],[49.9494,8.0578],[49.9465,8.0549],[49.9439,8.0527],[49.9412,8.0512],[49.9394,8.0487],[49.9378,8.0466],[49.9361,8.0446],[49.9341,8.0419],[49.9318,8.0404],[49.9297,8.0384],[49.9268,8.0362],[49.9245,8.0336],[49.9215,8.0312],[49.9199,8.0296],[49.9184,8.0276],[49.9162,8.0251],[49.9136,8.0217],[49.9113,8.0189],[49.9093,8.0167],[49.9072,8.0141],[49.9053,8.0115],[49.9035,8.0092],[49.9015,8.0065],[49.8986,8.0046],[49.8961,8.0024],[49.8919,8],[49.889,7.9979],[49.8872,7.9963],[49.8853,7.9941],[49.8835,7.9924],[49.8816,7.9908],[49.8792,7.9889],[49.8761,7.9865],[49.8728,7.9835],[49.87,7.9803],[49.8684,7.9785],[49.8658,7.9764],[49.8629,7.9744],[49.861,7.9729],[49.8579,7.9701],[49.8551,7.9675],[49.8532,7.9652],[49.8515,7.9625],[49.8483,7.959],[49.8452,7.9563],[49.8427,7.9537],[49.8404,7.951],[49.8379,7.9474],[49.836,7.9447],[49.8341,7.9426],[49.8323,7.9394],[49.8306,7.9369],[49.829,7.9343],[49.8268,7.9308],[49.8246,7.928],[49.8228,7.9258],[49.8213,7.9229],[49.8203,7.9193],[49.8198,7.917],[49.8186,7.9142],[49.8166,7.911],[49.8152,7.9083],[49.8147,7.9067],[49.8145,7.9041],[49.8136,7.901],[49.813,7.8974],[49.813,7.8943],[49.8119,7.8914],[49.8107,7.8891],[49.811,7.8867],[49.8096,7.8827],[49.8099,7.8792],[49.8095,7.8759],[49.8091,7.8725],[49.8084,7.8693],[49.8083,7.8667],[49.8078,7.8638],[49.8071,7.8609],[49.8071,7.8567],[49.805,7.8543],[49.8072,7.8521],[49.807,7.8492],[49.8067,7.8454],[49.8057,7.8415],[49.8058,7.8388],[49.8055,7.8367],[49.806,7.8349],[49.8061,7.8321],[49.8062,7.8299],[49.8066,7.825],[49.8078,7.8207],[49.8098,7.8173],[49.812,7.8159],[49.8137,7.8148],[49.8141,7.8116],[49.8139,7.8091],[49.8144,7.8069],[49.8155,7.8041],[49.8168,7.8019],[49.8175,7.7993],[49.8189,7.7974],[49.8225,7.7961],[49.8247,7.7963],[49.8271,7.7966],[49.8313,7.7966],[49.8354,7.7949],[49.8334,7.7924],[49.8307,7.7906],[49.8292,7.7888],[49.8274,7.7859],[49.8279,7.782],[49.8278,7.7798],[49.827,7.7778],[49.8275,7.7742],[49.831,7.7722],[49.8315,7.7694],[49.8297,7.7667],[49.8277,7.7644],[49.8254,7.7617],[49.8237,7.76],[49.8222,7.7578],[49.8211,7.7547],[49.8213,7.7505],[49.8245,7.7479],[49.8267,7.7452],[49.8254,7.7422],[49.8248,7.7394],[49.8243,7.7378],[49.8225,7.7354],[49.8207,7.7331],[49.819,7.7311],[49.8173,7.7292],[49.8156,7.7272],[49.8132,7.7247],[49.8109,7.7221],[49.8085,7.7188],[49.8064,7.7165],[49.8042,7.7137],[49.8029,7.7111],[49.8015,7.7088],[49.7993,7.7063],[49.7972,7.7036],[49.7954,7.7009],[49.7936,7.6987],[49.7921,7.6959],[49.7907,7.6934],[49.789,7.6903],[49.7866,7.6885],[49.7841,7.6875],[49.7816,7.6858],[49.7795,7.6827],[49.7782,7.6805],[49.7771,7.6777],[49.7757,7.6752],[49.774,7.6725],[49.7723,7.6703],[49.7708,7.668],[49.7697,7.6658],[49.7692,7.6635],[49.768,7.6597],[49.7675,7.6564],[49.7669,7.6531],[49.7663,7.6492],[49.7664,7.6467],[49.7663,7.6445],[49.7658,7.6407],[49.7652,7.6361],[49.764,7.6296],[49.763,7.6264],[49.7621,7.6238],[49.761,7.6197],[49.7599,7.6165],[49.7587,7.6134],[49.7573,7.6101],[49.756,7.6073],[49.7547,7.6048],[49.7537,7.6026],[49.7526,7.5996],[49.7511,7.5968],[49.75,7.5944],[49.7485,7.5912],[49.7469,7.5877],[49.7459,7.5855],[49.745,7.5829],[49.7431,7.5785],[49.7403,7.572],[49.738,7.5675],[49.7365,7.5641],[49.734,7.5598],[49.7318,7.5551],[49.7296,7.5505],[49.7263,7.5447],[49.7228,7.5377],[49.719,7.5301],[49.7164,7.5248],[49.7133,7.5186],[49.7099,7.5118],[49.708,7.508],[49.705,7.5019],[49.7028,7.4972],[49.7007,7.4931],[49.698,7.4876],[49.6962,7.4843],[49.6932,7.4783],[49.6903,7.4726],[49.6879,7.468],[49.684,7.4606],[49.6821,7.4575],[49.6796,7.4527],[49.6775,7.4499],[49.6755,7.4464],[49.6736,7.4429],[49.6714,7.4394],[49.6691,7.4361],[49.6671,7.4326],[49.6648,7.4287],[49.6627,7.4257],[49.6605,7.4222],[49.6585,7.4191],[49.6563,7.4156],[49.6533,7.4111],[49.6509,7.4076],[49.6488,7.4044],[49.6473,7.4025],[49.644,7.3972],[49.6392,7.3903],[49.6361,7.3859],[49.3058,7.5486],[49.2452,7.5962],[49.1952,7.5843],[49.0251,7.7304],[48.6697,7.7738],[48.3837,7.8063],[48.0346,7.5899],[47.8784,7.4156],[47.7889,7.4962],[47.575,7.5793],[47.517,7.5191],[47.3568,7.5273],[47.3993,7.5645],[47.57,7.8315],[47.6959,8],[47.8289,8.0481],[47.9979,8.057],[48.1456,8.1625],[48.4217,8.406],[48.484,8.5553],[48.6982,8.9811],[48.9097,9.1514],[49.1913,9.0647],[49.8267,9.1539]]]},"properties":{"code":"12500","name":"Nugaal Region","level":"3","parent":"TrIU0uH6nKz","parentGraph":"l2RjGNB0Rwe/TrIU0uH6nKz","groups":[]}},{"type":"Feature","id":"EO0Ac7v5kNO","geometry":{"type":"Polygon","coordinates":[[[50.8056,11.9796],[50.808,11.9788],[50.8099,11.978],[50.8126,11.9761],[50.8152,11.9744],[50.8179,11.9725],[50.8198,11.9716],[50.8219,11.9696],[50.826,11.9664],[50.832,11.9622],[50.8382,11.9576],[50.8426,11.9546],[50.8476,11.9519],[50.8504,11.9511],[50.8524,11.9504],[50.857,11.9479],[50.8598,11.9468],[50.8635,11.9457],[50.8674,11.9452],[50.8708,11.9452],[50.8745,11.9454],[50.8778,11.9454],[50.8811,11.945],[50.8844,11.9446],[50.8877,11.9436],[50.8909,11.9433],[50.8942,11.9428],[50.8973,11.9416],[50.9004,11.9403],[50.9074,11.9373],[50.9114,11.9357],[50.9139,11.9352],[50.9177,11.934],[50.923,11.9324],[50.9265,11.9316],[50.9321,11.9308],[50.9365,11.9304],[50.9407,11.9296],[50.9454,11.9284],[50.9523,11.9268],[50.9552,11.9264],[50.9579,11.9249],[50.9619,11.923],[50.9664,11.9215],[50.9689,11.9207],[50.9717,11.9198],[50.9746,11.9199],[50.9806,11.916],[50.9848,11.9131],[50.9894,11.9102],[50.9938,11.9077],[50.9977,11.9054],[51.0007,11.9034],[51.0038,11.9017],[51.0083,11.8992],[51.0166,11.8945],[51.0227,11.8908],[51.0267,11.8882],[51.0297,11.8864],[51.034,11.8843],[51.0363,11.8829],[51.0393,11.8809],[51.043,11.8786],[51.0491,11.8757],[51.0523,11.8746],[51.0545,11.8737],[51.0583,11.8723],[51.0624,11.8714],[51.0663,11.8712],[51.0701,11.8716],[51.0736,11.8738],[51.0764,11.8736],[51.0791,11.8728],[51.082,11.8718],[51.0841,11.872],[51.086,11.8716],[51.0886,11.871],[51.0921,11.8707],[51.0955,11.8712],[51.0977,11.8711],[51.1001,11.871],[51.1048,11.8709],[51.1081,11.8716],[51.1109,11.8712],[51.1149,11.8709],[51.1173,11.8709],[51.1195,11.8712],[51.1226,11.871],[51.1257,11.872],[51.1289,11.8727],[51.1328,11.8734],[51.1366,11.8732],[51.1408,11.8728],[51.1446,11.8724],[51.1474,11.8715],[51.1497,11.8705],[51.1521,11.869],[51.1548,11.8677],[51.1566,11.8668],[51.1583,11.8658],[51.1601,11.8647],[51.1627,11.863],[51.1651,11.8614],[51.1673,11.8602],[51.1692,11.8592],[51.1709,11.8582],[51.1731,11.857],[51.175,11.8562],[51.1772,11.8552],[51.1807,11.8535],[51.1841,11.8516],[51.1865,11.8504],[51.1887,11.8493],[51.1919,11.8491],[51.1946,11.8482],[51.1974,11.8482],[51.2003,11.8486],[51.2032,11.8479],[51.2064,11.8469],[51.2086,11.8462],[51.2106,11.8462],[51.2122,11.8466],[51.2154,11.8455],[51.2183,11.8439],[51.2207,11.8421],[51.2226,11.8406],[51.2262,11.8384],[51.2289,11.8384],[51.2321,11.8378],[51.2337,11.8371],[51.2362,11.8362],[51.2396,11.8347],[51.243,11.8352],[51.2475,11.8367],[51.2499,11.8368],[51.2526,11.8381],[51.2563,11.8403],[51.2597,11.8415],[51.2644,11.842],[51.2677,11.8421],[51.2704,11.8427],[51.2736,11.8425],[51.2769,11.8415],[51.2801,11.8397],[51.282,11.8384],[51.2842,11.8368],[51.2861,11.835],[51.2873,11.8341],[51.288,11.8322],[51.2884,11.8299],[51.2883,11.8269],[51.288,11.8224],[51.287,11.8186],[51.2862,11.8151],[51.2853,11.8126],[51.285,11.8108],[51.2844,11.8081],[51.2834,11.8061],[51.2826,11.8034],[51.2811,11.8005],[51.2799,11.7988],[51.2789,11.7972],[51.2788,11.7955],[51.2778,11.7936],[51.2766,11.7917],[51.2752,11.7891],[51.2736,11.7865],[51.2718,11.784],[51.27,11.781],[51.2682,11.7775],[51.2661,11.775],[51.2634,11.7715],[51.2613,11.7684],[51.2594,11.7651],[51.2583,11.7621],[51.2579,11.7601],[51.2576,11.7562],[51.2573,11.7508],[51.2589,11.7482],[51.2597,11.7466],[51.2589,11.7447],[51.2586,11.7423],[51.259,11.7394],[51.2589,11.7364],[51.2582,11.7335],[51.2562,11.7303],[51.2541,11.7274],[51.2529,11.7253],[51.2514,11.7236],[51.2496,11.721],[51.2484,11.7186],[51.2476,11.7163],[51.2471,11.7133],[51.2477,11.7105],[51.2485,11.7071],[51.2497,11.703],[51.252,11.7005],[51.2529,11.6976],[51.2543,11.6955],[51.2554,11.6928],[51.2556,11.6905],[51.2557,11.6884],[51.256,11.6858],[51.2564,11.6815],[51.2556,11.6776],[51.2537,11.6741],[51.2525,11.6708],[51.2501,11.6687],[51.2487,11.6656],[51.2475,11.6633],[51.2458,11.661],[51.2441,11.6585],[51.2433,11.6553],[51.2421,11.652],[51.2402,11.65],[51.2376,11.6486],[51.2356,11.647],[51.2335,11.6452],[51.2321,11.644],[51.2304,11.6425],[51.2285,11.6407],[51.227,11.6365],[51.2256,11.6342],[51.2247,11.6322],[51.2243,11.6291],[51.2227,11.6272],[51.2205,11.6253],[51.2176,11.6229],[51.2147,11.6204],[51.2118,11.6179],[51.208,11.6146],[51.2052,11.612],[51.203,11.6101],[51.2008,11.608],[51.1985,11.6057],[51.1965,11.6036],[51.1955,11.6009],[51.1949,11.5982],[51.1934,11.596],[51.1913,11.5938],[51.1892,11.5918],[51.1872,11.5898],[51.1846,11.5871],[51.1823,11.5845],[51.1801,11.5822],[51.1778,11.5797],[51.1758,11.5775],[51.1739,11.575],[51.1723,11.5729],[51.1701,11.5704],[51.1687,11.5684],[51.1672,11.5662],[51.1653,11.564],[51.1633,11.5612],[51.1614,11.5589],[51.1595,11.5561],[51.1574,11.5525],[51.1555,11.5487],[51.1542,11.5462],[51.1528,11.5433],[51.1511,11.5399],[51.1497,11.5373],[51.148,11.5352],[51.1465,11.5332],[51.1449,11.5304],[51.1433,11.5276],[51.1417,11.5251],[51.1405,11.523],[51.139,11.5202],[51.1372,11.5171],[51.136,11.5143],[51.1347,11.5124],[51.1335,11.5108],[51.1321,11.509],[51.1306,11.5076],[51.1289,11.5053],[51.1264,11.5018],[51.1244,11.4985],[51.1229,11.4949],[51.1223,11.4927],[51.1223,11.4894],[51.1229,11.4867],[51.1249,11.4857],[51.1251,11.4826],[51.1249,11.4786],[51.1261,11.4757],[51.1268,11.4728],[51.1272,11.4688],[51.1278,11.4665],[51.1278,11.4644],[51.1277,11.4621],[51.1273,11.46],[51.1274,11.4558],[51.1271,11.453],[51.126,11.4492],[51.1256,11.4459],[51.1255,11.4433],[51.1244,11.441],[51.1236,11.4372],[51.1225,11.4332],[51.1213,11.4297],[51.1203,11.4271],[51.1202,11.4267],[51.1196,11.423],[51.1191,11.4199],[51.1181,11.417],[51.1173,11.4137],[51.116,11.4117],[51.1152,11.4089],[51.115,11.4062],[51.1147,11.4038],[51.1138,11.4006],[51.1123,11.3983],[51.1109,11.3958],[51.1096,11.3936],[51.108,11.3911],[51.1067,11.3882],[51.1058,11.3865],[51.1051,11.3825],[51.1037,11.3794],[51.1023,11.3758],[51.1005,11.3725],[51.0984,11.3686],[51.0971,11.3663],[51.0957,11.3637],[51.0944,11.3606],[51.093,11.3566],[51.0921,11.3516],[51.0909,11.3481],[51.0895,11.345],[51.0884,11.3424],[51.0871,11.3395],[51.0859,11.3367],[51.0849,11.334],[51.0841,11.3313],[51.0832,11.3282],[51.0824,11.3244],[51.082,11.3211],[51.0816,11.3162],[51.0816,11.3124],[51.0815,11.3084],[51.0815,11.3043],[51.0813,11.3008],[51.0808,11.2967],[51.081,11.2929],[51.0807,11.2894],[51.0799,11.2864],[51.0796,11.2827],[51.0793,11.2799],[51.0783,11.2756],[51.0781,11.2717],[51.0776,11.2683],[51.0772,11.2648],[51.0773,11.26],[51.0771,11.257],[51.0771,11.2543],[51.0771,11.251],[51.0771,11.2485],[51.0771,11.2453],[51.0771,11.2431],[51.0771,11.2402],[51.0773,11.2361],[51.0776,11.2325],[51.0781,11.2292],[51.0785,11.2265],[51.0789,11.2237],[51.0794,11.2213],[51.0802,11.2176],[51.0812,11.213],[51.082,11.2095],[51.0831,11.2059],[51.0841,11.2032],[51.0851,11.2004],[51.0862,11.1977],[51.0873,11.1948],[51.0887,11.1916],[51.0898,11.1893],[51.0909,11.1871],[51.0919,11.1848],[51.0931,11.1825],[51.0944,11.1803],[51.0964,11.1771],[51.0983,11.1742],[51.1004,11.1712],[51.1026,11.1683],[51.104,11.1667],[51.1053,11.1653],[51.1079,11.1629],[51.1107,11.161],[51.1131,11.1599],[51.1163,11.1589],[51.1202,11.158],[51.1255,11.1573],[51.1287,11.1568],[51.1327,11.1561],[51.1359,11.1557],[51.1386,11.1552],[51.1403,11.1551],[51.1439,11.1546],[51.1483,11.1539],[51.151,11.1536],[51.154,11.1531],[51.1572,11.1524],[51.1599,11.152],[51.1621,11.1522],[51.1647,11.1534],[51.1671,11.1531],[51.1693,11.1524],[51.1735,11.1526],[51.1765,11.1535],[51.1778,11.1504],[51.1799,11.1476],[51.1822,11.1452],[51.1826,11.1421],[51.1808,11.1366],[51.1792,11.1344],[51.1778,11.1314],[51.1763,11.1285],[51.1745,11.1244],[51.1732,11.1222],[51.1715,11.1197],[51.1699,11.1174],[51.1681,11.1146],[51.1664,11.1123],[51.1653,11.1107],[51.1641,11.1087],[51.1628,11.1068],[51.1616,11.1026],[51.1602,11.0995],[51.1587,11.097],[51.1575,11.0952],[51.1564,11.0932],[51.1553,11.0913],[51.1545,11.0887],[51.1535,11.0861],[51.1517,11.0828],[51.1499,11.0795],[51.1486,11.0769],[51.1473,11.074],[51.146,11.0707],[51.1451,11.0682],[51.1443,11.0659],[51.1434,11.0633],[51.1425,11.0607],[51.1415,11.0578],[51.1405,11.0553],[51.1391,11.0517],[51.1381,11.0488],[51.1372,11.0464],[51.136,11.0433],[51.1349,11.0408],[51.134,11.0379],[51.133,11.0351],[51.1319,11.0315],[51.1308,11.028],[51.1301,11.0256],[51.1293,11.0227],[51.1284,11.0193],[51.1279,11.0169],[51.1275,11.0149],[51.1268,11.0126],[51.1262,11.0093],[51.1254,11.0052],[51.1252,11.0027],[51.1251,11.0003],[51.1244,10.9972],[51.1235,10.9937],[51.1226,10.99],[51.122,10.9867],[51.1215,10.983],[51.1209,10.9795],[51.1204,10.976],[51.12,10.9733],[51.1198,10.9709],[51.1195,10.9672],[51.1192,10.9648],[51.119,10.9603],[51.1187,10.9571],[51.1187,10.9545],[51.1187,10.9519],[51.1186,10.9482],[51.1185,10.9445],[51.1185,10.9415],[51.1186,10.9378],[51.1187,10.9345],[51.1187,10.9308],[51.1187,10.9234],[51.1187,10.9198],[51.1188,10.9165],[51.119,10.9129],[51.1192,10.9077],[51.1195,10.9049],[51.1198,10.9009],[51.1202,10.8969],[51.1209,10.8937],[51.122,10.8912],[51.123,10.8881],[51.1231,10.885],[51.1233,10.8831],[51.1236,10.8796],[51.1239,10.8749],[51.1239,10.8722],[51.124,10.8687],[51.124,10.8638],[51.1242,10.858],[51.1244,10.8538],[51.1247,10.8485],[51.125,10.8446],[51.1249,10.8419],[51.125,10.8395],[51.125,10.8391],[51.1252,10.8366],[51.1255,10.8327],[51.1261,10.8283],[51.1266,10.8248],[51.1269,10.82],[51.1267,10.8158],[51.1269,10.8122],[51.1269,10.8085],[51.1274,10.805],[51.1275,10.8006],[51.128,10.7962],[51.1286,10.7929],[51.1289,10.7897],[51.1294,10.7872],[51.13,10.7834],[51.1299,10.7803],[51.1299,10.7779],[51.1297,10.7762],[51.1296,10.7735],[51.1296,10.7709],[51.1296,10.7692],[51.1296,10.7671],[51.1299,10.7643],[51.1299,10.7612],[51.1301,10.7588],[50.8273,10.7332],[50.7485,10.8978],[50.5165,11.3824],[50.3809,11.431],[50.3135,11.4552],[50.324,11.6047],[50.297,11.6138],[50.2994,11.6162],[50.3024,11.617],[50.3059,11.6164],[50.3086,11.6173],[50.3116,11.618],[50.3144,11.6195],[50.3167,11.6206],[50.319,11.6215],[50.3208,11.6221],[50.3239,11.6227],[50.3257,11.6239],[50.3273,11.6247],[50.3296,11.6259],[50.3321,11.6275],[50.3351,11.6287],[50.3388,11.6302],[50.3415,11.6315],[50.3433,11.6325],[50.345,11.6333],[50.3466,11.634],[50.3482,11.6352],[50.3501,11.6365],[50.3525,11.6375],[50.356,11.6389],[50.3595,11.6408],[50.3622,11.6422],[50.3651,11.6436],[50.3693,11.6459],[50.3718,11.647],[50.3735,11.648],[50.3756,11.6494],[50.3779,11.6506],[50.3815,11.6526],[50.3844,11.6542],[50.3869,11.6558],[50.3888,11.6566],[50.3914,11.6571],[50.3949,11.6581],[50.3986,11.6593],[50.4026,11.6604],[50.4055,11.6613],[50.4093,11.6628],[50.412,11.664],[50.4153,11.6655],[50.4178,11.667],[50.4202,11.6684],[50.4232,11.6702],[50.4259,11.6718],[50.4301,11.6745],[50.433,11.676],[50.4359,11.6776],[50.4378,11.6791],[50.4406,11.6808],[50.4435,11.683],[50.447,11.6853],[50.4503,11.6882],[50.4527,11.6905],[50.4548,11.6925],[50.4568,11.6945],[50.459,11.6968],[50.4621,11.6992],[50.4644,11.7016],[50.4666,11.7038],[50.4684,11.7057],[50.4722,11.7095],[50.4766,11.7139],[50.4779,11.7155],[50.4803,11.7181],[50.4825,11.7203],[50.4852,11.7234],[50.4883,11.7271],[50.4898,11.7291],[50.4913,11.7311],[50.493,11.7335],[50.495,11.7363],[50.4968,11.7389],[50.498,11.741],[50.4993,11.7427],[50.5014,11.7457],[50.5043,11.75],[50.5061,11.753],[50.507,11.7554],[50.5088,11.7596],[50.5096,11.7614],[50.5103,11.7635],[50.5118,11.767],[50.5133,11.7702],[50.5156,11.7762],[50.5169,11.7795],[50.5178,11.7821],[50.5188,11.7851],[50.5199,11.7886],[50.5205,11.7907],[50.5211,11.7931],[50.5231,11.7941],[50.5249,11.7913],[50.5254,11.7939],[50.5262,11.7959],[50.5289,11.7975],[50.5303,11.8],[50.5307,11.803],[50.5318,11.8054],[50.5335,11.8078],[50.535,11.811],[50.5351,11.8139],[50.5354,11.8165],[50.5353,11.8198],[50.5378,11.8201],[50.539,11.8225],[50.5399,11.8272],[50.54,11.8331],[50.5403,11.8361],[50.5418,11.8419],[50.5421,11.8459],[50.5431,11.8501],[50.5452,11.856],[50.5469,11.8586],[50.5486,11.862],[50.5513,11.8656],[50.5535,11.8689],[50.5562,11.8749],[50.5583,11.8804],[50.5548,11.8798],[50.5529,11.8784],[50.5509,11.8758],[50.5465,11.8703],[50.5484,11.8768],[50.5556,11.8878],[50.5657,11.8996],[50.5708,11.9033],[50.5791,11.9105],[50.5854,11.9151],[50.5897,11.9179],[50.5989,11.9248],[50.6019,11.9263],[50.6065,11.9275],[50.6145,11.9282],[50.6219,11.93],[50.6241,11.9313],[50.6263,11.9327],[50.6273,11.9358],[50.6284,11.9376],[50.6301,11.9413],[50.6334,11.9428],[50.6371,11.9428],[50.6407,11.9423],[50.6444,11.9416],[50.6476,11.9413],[50.651,11.9406],[50.6537,11.9406],[50.6556,11.9403],[50.6594,11.9388],[50.6629,11.9379],[50.6674,11.937],[50.6721,11.9362],[50.6762,11.936],[50.6799,11.9362],[50.6836,11.9373],[50.6875,11.9386],[50.6903,11.9393],[50.693,11.9408],[50.697,11.9429],[50.7024,11.9469],[50.7063,11.9494],[50.7086,11.951],[50.7116,11.9524],[50.7157,11.9539],[50.7175,11.9545],[50.7198,11.9555],[50.7234,11.9575],[50.7276,11.959],[50.7326,11.9601],[50.7417,11.9619],[50.7483,11.9635],[50.753,11.9649],[50.7564,11.9674],[50.7599,11.97],[50.7638,11.971],[50.7616,11.9684],[50.7593,11.9661],[50.7612,11.9661],[50.7635,11.967],[50.7677,11.9681],[50.7674,11.9703],[50.7697,11.9726],[50.7726,11.9741],[50.7741,11.9755],[50.7771,11.9754],[50.78,11.9766],[50.7816,11.9782],[50.7833,11.9788],[50.7853,11.9796],[50.788,11.9803],[50.7903,11.979],[50.7928,11.9789],[50.7947,11.9814],[50.7961,11.9823],[50.7979,11.9832],[50.7952,11.9845],[50.7918,11.9856],[50.7888,11.9873],[50.7922,11.988],[50.7962,11.987],[50.799,11.9857],[50.8014,11.9844],[50.8047,11.9822],[50.8056,11.9796]]]},"properties":{"code":"12200","name":"Ras-Asayr  Region","level":"3","parent":"TrIU0uH6nKz","parentGraph":"l2RjGNB0Rwe/TrIU0uH6nKz","groups":[]}},{"type":"Feature","id":"yGeM3mt29pH","geometry":{"type":"Polygon","coordinates":[[[46.0304,10.7733],[46.01,10.08],[45.9065,10.0988],[45.83,10.03],[45.8,9.92],[45.85,9.78],[45.28,9.87],[44.8967,9.9402],[44.73,9.95],[44.23,10.28],[44.15,10.32],[44.2363,10.4734],[44.2882,10.4314],[44.3666,10.4013],[44.4104,10.3918],[44.4476,10.401],[44.4816,10.399],[44.5646,10.3796],[44.6156,10.3821],[44.6587,10.4015],[44.7258,10.4176],[44.8275,10.4177],[44.8806,10.4063],[44.9435,10.4108],[44.9956,10.4335],[45.0052,10.4578],[45.0479,10.475],[45.088,10.5085],[45.1294,10.5156],[45.2332,10.562],[45.3245,10.6601],[45.4606,10.6639],[45.4801,10.6838],[45.5144,10.6914],[45.5329,10.7084],[45.572,10.7262],[45.5972,10.7649],[45.6181,10.7654],[45.6815,10.7925],[45.7155,10.8171],[45.7556,10.8303],[45.7803,10.8607],[45.8102,10.8673],[45.8405,10.8454],[45.912,10.8215],[45.9746,10.7812],[46.0304,10.7733]]]},"properties":{"code":"11300","name":"Sahil Region","level":"3","parent":"d2FE2xzZNoV","parentGraph":"l2RjGNB0Rwe/d2FE2xzZNoV","groups":[]}},{"type":"Feature","id":"r24T8Ca1xvO","geometry":{"type":"Polygon","coordinates":[[[48.671,11.3207],[48.6756,11.3196],[48.6794,11.3182],[48.6826,11.3171],[48.686,11.316],[48.6898,11.3146],[48.6957,11.313],[48.699,11.3113],[48.7025,11.3105],[48.7063,11.3094],[48.7098,11.3084],[48.7126,11.3076],[48.7157,11.3069],[48.7182,11.3066],[48.7202,11.3058],[48.7232,11.3049],[48.7265,11.3038],[48.7289,11.3031],[48.7313,11.3024],[48.7341,11.3016],[48.7357,11.3012],[48.7379,11.3009],[48.7416,11.3002],[48.7449,11.2993],[48.7483,11.2986],[48.7515,11.2979],[48.755,11.2971],[48.7574,11.2964],[48.76,11.2959],[48.7632,11.2951],[48.7659,11.2943],[48.7681,11.2936],[48.7717,11.2923],[48.7756,11.291],[48.7785,11.2899],[48.782,11.2883],[48.7852,11.2869],[48.7875,11.2859],[48.7899,11.285],[48.7934,11.2839],[48.7969,11.2826],[48.7992,11.2814],[48.8017,11.2805],[48.8041,11.2798],[48.8061,11.2785],[48.8086,11.2777],[48.8118,11.2765],[48.8146,11.2755],[48.8172,11.2748],[48.8206,11.2731],[48.8237,11.2713],[48.8266,11.2699],[48.8293,11.2686],[48.8317,11.2678],[48.8343,11.2668],[48.8368,11.2658],[48.8403,11.2645],[48.8435,11.2629],[48.8471,11.2617],[48.8496,11.2611],[48.8519,11.2606],[48.8543,11.2598],[48.8561,11.2594],[48.8587,11.2582],[48.8622,11.2566],[48.8649,11.2553],[48.8676,11.2542],[48.87,11.2529],[48.8728,11.2516],[48.8751,11.2504],[48.8776,11.2494],[48.8798,11.2488],[48.882,11.2482],[48.8855,11.2474],[48.8879,11.2467],[48.8905,11.2464],[48.8937,11.2463],[48.8972,11.2457],[48.8996,11.2444],[48.9023,11.2436],[48.9047,11.2431],[48.9071,11.2426],[48.911,11.2416],[48.9142,11.2416],[48.8703,11.177],[48.9898,10.9056],[49.0276,10.6431],[49.0469,10.6238],[48.9237,10.5959],[48.7892,10.5749],[48.8255,10.3379],[48.9311,9.6484],[48.5753,9.4357],[47.9272,9.7207],[47.8476,10.4002],[47.7768,10.7832],[47.7667,10.9082],[47.7504,11.1087],[47.7529,11.1094],[47.7552,11.11],[47.7573,11.1111],[47.7607,11.1128],[47.7639,11.114],[47.767,11.1148],[47.7707,11.1155],[47.7743,11.1162],[47.7785,11.117],[47.7812,11.1175],[47.7845,11.1181],[47.7882,11.1185],[47.7931,11.1193],[47.7954,11.1215],[47.798,11.1213],[47.8001,11.1204],[47.8027,11.119],[47.8055,11.1181],[47.8072,11.1178],[47.8113,11.1178],[47.814,11.1175],[47.8188,11.1172],[47.8236,11.1168],[47.8264,11.1164],[47.8282,11.1163],[47.8312,11.1158],[47.8339,11.1155],[47.8369,11.1152],[47.84,11.115],[47.8434,11.1152],[47.8462,11.115],[47.8483,11.1149],[47.8516,11.1149],[47.8546,11.1148],[47.8579,11.1145],[47.8616,11.1139],[47.8649,11.1134],[47.8699,11.113],[47.8722,11.1129],[47.8771,11.113],[47.88,11.1131],[47.8819,11.1135],[47.8849,11.1138],[47.8885,11.114],[47.8929,11.1151],[47.8956,11.1158],[47.8978,11.1169],[47.8999,11.118],[47.9028,11.1199],[47.9068,11.1217],[47.9093,11.1224],[47.9123,11.1236],[47.9142,11.1254],[47.9161,11.1262],[47.9179,11.1268],[47.9203,11.1262],[47.9233,11.1248],[47.927,11.1234],[47.9296,11.1223],[47.9325,11.1213],[47.9352,11.1202],[47.938,11.1192],[47.9406,11.1182],[47.9436,11.1174],[47.9464,11.1165],[47.9491,11.1157],[47.9525,11.1152],[47.955,11.1156],[47.9577,11.1154],[47.9602,11.1149],[47.9676,11.1148],[47.9703,11.115],[47.9723,11.1154],[47.9746,11.1158],[47.9768,11.1162],[47.9791,11.1165],[47.9811,11.1167],[47.9834,11.117],[47.9857,11.118],[47.9891,11.1179],[47.9926,11.1177],[47.9956,11.1183],[47.9979,11.1183],[48.0004,11.1184],[48.0037,11.1183],[48.0059,11.1177],[48.0087,11.1174],[48.0123,11.1174],[48.0151,11.1177],[48.0187,11.1177],[48.0224,11.1177],[48.0257,11.1189],[48.0296,11.1188],[48.0324,11.119],[48.0364,11.1195],[48.0389,11.1207],[48.041,11.1223],[48.0437,11.1234],[48.0468,11.124],[48.0492,11.1252],[48.051,11.1268],[48.0535,11.1276],[48.0558,11.1273],[48.0582,11.1274],[48.0618,11.1274],[48.0661,11.1265],[48.0704,11.1258],[48.0757,11.1252],[48.0783,11.1255],[48.0806,11.1259],[48.0837,11.1267],[48.0857,11.1278],[48.0883,11.1285],[48.0918,11.1295],[48.0942,11.1307],[48.0969,11.1306],[48.1008,11.1297],[48.1047,11.1289],[48.1071,11.1284],[48.1092,11.128],[48.1118,11.1276],[48.1154,11.1272],[48.119,11.1274],[48.1233,11.127],[48.1271,11.1265],[48.1298,11.126],[48.1318,11.1258],[48.1345,11.1259],[48.1375,11.1261],[48.1377,11.1261],[48.1406,11.1264],[48.1427,11.1272],[48.1451,11.1279],[48.1473,11.1285],[48.1495,11.1289],[48.1518,11.13],[48.155,11.1315],[48.1576,11.133],[48.16,11.1347],[48.1622,11.1362],[48.1641,11.138],[48.1664,11.14],[48.1685,11.1416],[48.1707,11.1431],[48.1726,11.1449],[48.1746,11.1467],[48.1768,11.1486],[48.1792,11.1504],[48.1816,11.1523],[48.1836,11.1547],[48.185,11.1559],[48.1868,11.1575],[48.1889,11.1593],[48.1907,11.1611],[48.1926,11.1626],[48.1943,11.1641],[48.1962,11.1665],[48.1979,11.1685],[48.1996,11.1703],[48.2007,11.1723],[48.2029,11.1744],[48.2057,11.1772],[48.2086,11.1802],[48.2112,11.1828],[48.2136,11.1845],[48.2159,11.1862],[48.2182,11.1874],[48.221,11.1888],[48.2248,11.1908],[48.2273,11.1931],[48.2297,11.1955],[48.232,11.1972],[48.2336,11.2003],[48.2352,11.2024],[48.2371,11.2037],[48.2394,11.2054],[48.2423,11.2068],[48.2452,11.2072],[48.2479,11.2078],[48.2505,11.2084],[48.2542,11.209],[48.2563,11.2095],[48.2585,11.21],[48.262,11.2104],[48.2642,11.2104],[48.2669,11.2104],[48.2697,11.2109],[48.2723,11.2113],[48.2754,11.2122],[48.2786,11.213],[48.2813,11.2138],[48.2844,11.2149],[48.2877,11.2159],[48.2909,11.2168],[48.2931,11.2175],[48.2967,11.2187],[48.3001,11.22],[48.3025,11.2212],[48.3057,11.2227],[48.3083,11.2246],[48.3101,11.2259],[48.3124,11.2273],[48.3142,11.229],[48.3162,11.2305],[48.3179,11.2316],[48.3198,11.2337],[48.3222,11.2377],[48.3248,11.2403],[48.3276,11.2417],[48.33,11.2437],[48.3325,11.2458],[48.3354,11.2488],[48.3379,11.2517],[48.3399,11.2544],[48.342,11.257],[48.3441,11.2596],[48.3459,11.2615],[48.3478,11.2633],[48.3503,11.2664],[48.3534,11.2688],[48.3563,11.2702],[48.3602,11.2713],[48.3657,11.2718],[48.3693,11.2721],[48.3749,11.2725],[48.3787,11.273],[48.3811,11.2734],[48.3843,11.275],[48.3865,11.2767],[48.3882,11.2786],[48.3903,11.28],[48.3929,11.2816],[48.3965,11.2831],[48.3992,11.2837],[48.4024,11.2841],[48.4054,11.2847],[48.4102,11.2847],[48.4126,11.2844],[48.4147,11.2839],[48.4181,11.2835],[48.4215,11.283],[48.425,11.2827],[48.4283,11.2824],[48.4309,11.2822],[48.4333,11.282],[48.4367,11.282],[48.4404,11.2818],[48.4443,11.2822],[48.4473,11.2825],[48.4504,11.2827],[48.4544,11.2827],[48.4577,11.2827],[48.4609,11.2828],[48.4635,11.283],[48.4661,11.2833],[48.4697,11.2838],[48.4737,11.2848],[48.4761,11.2856],[48.4782,11.2865],[48.4809,11.2875],[48.4836,11.2887],[48.4863,11.2903],[48.4899,11.2926],[48.4925,11.2943],[48.4954,11.2957],[48.4977,11.2971],[48.5005,11.2985],[48.5039,11.3005],[48.5072,11.3024],[48.5093,11.3041],[48.5123,11.3063],[48.5162,11.3078],[48.5188,11.3086],[48.5226,11.3093],[48.5259,11.3099],[48.5292,11.3102],[48.5321,11.3104],[48.5353,11.3106],[48.5386,11.3108],[48.5415,11.311],[48.545,11.3106],[48.5486,11.3102],[48.5509,11.31],[48.5543,11.3098],[48.5564,11.3098],[48.5582,11.3098],[48.5629,11.3098],[48.5666,11.3095],[48.5695,11.309],[48.572,11.3087],[48.5765,11.3086],[48.5805,11.3088],[48.5843,11.3085],[48.5877,11.3085],[48.5911,11.3081],[48.5951,11.3078],[48.5979,11.3082],[48.6006,11.3087],[48.6035,11.3095],[48.6084,11.3107],[48.612,11.3117],[48.615,11.3122],[48.6172,11.3129],[48.6191,11.3137],[48.6218,11.3148],[48.6243,11.3156],[48.6268,11.3165],[48.6291,11.3179],[48.6309,11.3186],[48.6324,11.3193],[48.6338,11.3199],[48.6363,11.3201],[48.64,11.32],[48.6435,11.3199],[48.6462,11.3206],[48.6488,11.3221],[48.652,11.3231],[48.6556,11.324],[48.6588,11.325],[48.6615,11.3238],[48.6638,11.3225],[48.6673,11.3214],[48.671,11.3207]]]},"properties":{"code":"12600","name":"Sanaag Region","level":"3","parent":"TrIU0uH6nKz","parentGraph":"l2RjGNB0Rwe/TrIU0uH6nKz","groups":[]}},{"type":"Feature","id":"JF9IIRF7Qzx","geometry":{"type":"Polygon","coordinates":[[[46.0484,10.0494],[46.01,10.08],[46.0304,10.7733],[46.0969,10.7624],[46.206,10.7807],[46.2362,10.7804],[46.292,10.747],[46.3205,10.7106],[46.3447,10.6897],[46.398,10.6815],[46.4497,10.6807],[46.5188,10.7104],[46.5884,10.7275],[46.6102,10.7272],[46.6668,10.745],[46.7169,10.7768],[46.7711,10.7978],[46.781,10.8077],[46.8705,10.8585],[46.9009,10.8921],[46.9213,10.8955],[46.9377,10.914],[46.9848,10.9266],[47.0173,10.9607],[47.0503,10.9635],[47.1075,10.9925],[47.1127,11.0141],[47.1422,11.041],[47.1504,11.0625],[47.2179,11.0863],[47.2563,11.1144],[47.2761,11.1184],[47.3341,11.1451],[47.4221,11.1754],[47.4456,11.1728],[47.5063,11.1811],[47.5574,11.1694],[47.5769,11.1505],[47.6744,11.0902],[47.7205,11.0947],[47.8022,11.122],[47.8642,11.1102],[47.9135,11.1218],[47.9718,11.1124],[48.0246,11.115],[48.0927,11.1287],[48.1077,11.1239],[48.1535,11.1292],[48.1853,11.1525],[48.208,11.1786],[48.2416,11.2045],[48.2882,11.2134],[48.3172,11.2301],[48.3601,11.2698],[48.4041,11.2808],[48.4621,11.2803],[48.5174,11.3058],[48.5433,11.3105],[48.6041,11.307],[48.662,11.3225],[48.7019,11.3075],[48.7737,11.2907],[48.8796,11.2465],[48.9178,11.239],[49.03,10.78],[49.04,10.35],[49.06,9.57],[48.56,9.54],[48.06,9.5],[47.4909,9.4655],[47.0999,9.4418],[46.91,9.43],[46.84,9.42],[46.5305,9.6661],[46.2573,9.8833],[46.0484,10.0494]]]},"properties":{"code":"11400","name":"Sanag Region","level":"3","parent":"d2FE2xzZNoV","parentGraph":"l2RjGNB0Rwe/d2FE2xzZNoV","groups":[]}},{"type":"Feature","id":"CubyBZrSky9","geometry":{"type":"Polygon","coordinates":[[[49.06,9.57],[49.0801,9.1395],[48.73,8.78],[48.56,8.78],[48.05,8.24],[48.13,8.21],[47.92,8],[47.6,8],[47.4,8],[47.0118,8],[47.1,8.56],[47,8.75],[46.92,8.76],[46.92,8.7816],[46.19,8.82],[46.22,9],[46.15,9.44],[46.0484,10.0494],[46.2573,9.8833],[46.5305,9.6661],[46.84,9.42],[46.91,9.43],[47.0999,9.4418],[47.4909,9.4655],[48.06,9.5],[48.56,9.54],[49.06,9.57]]]},"properties":{"code":"11500","name":"Sool Region","level":"3","parent":"d2FE2xzZNoV","parentGraph":"l2RjGNB0Rwe/d2FE2xzZNoV","groups":[]}},{"type":"Feature","id":"jZ5IrVXWURG","geometry":{"type":"Polygon","coordinates":[[[47.8289,8.0481],[47.6959,8],[47.0467,8.0007],[47.0125,8.0007],[46.9931,8.0016],[46.8087,8.0661],[46.9854,8.5198],[47.063,8.7223],[47.3542,9.2616],[47.9272,9.7207],[48.5753,9.4357],[48.9097,9.1514],[48.6982,8.9811],[48.484,8.5553],[48.4217,8.406],[48.1456,8.1625],[47.9979,8.057],[47.8289,8.0481]]]},"properties":{"code":"2700","name":"Sool Region ","level":"3","parent":"TrIU0uH6nKz","parentGraph":"l2RjGNB0Rwe/TrIU0uH6nKz","groups":[]}},{"type":"Feature","id":"pB5bFWYLMzW","geometry":{"type":"Polygon","coordinates":[[[46.01,10.08],[46.0484,10.0494],[46.15,9.44],[46.22,9],[46.19,8.82],[46.92,8.7816],[46.92,8.76],[47,8.75],[47.1,8.56],[47.0118,8],[46.9897,8.0031],[46.7485,8.0857],[46.5791,8.1461],[46.3463,8.2224],[46.2394,8.2593],[45.9269,8.3601],[45.8289,8.3953],[45.5291,8.4947],[45.4817,8.508],[45.1011,8.634],[44.8669,8.7107],[44.69,8.7721],[44.69,9.31],[44.83,9.86],[44.8967,9.9402],[45.28,9.87],[45.85,9.78],[45.8,9.92],[45.83,10.03],[45.9065,10.0988],[46.01,10.08]]]},"properties":{"code":"11600","name":"Togdher Region","level":"3","parent":"d2FE2xzZNoV","parentGraph":"l2RjGNB0Rwe/d2FE2xzZNoV","groups":[]}}]}
